symbol,quarter_end,entry_date,promoter_chg_pp,stock_ret_12m,excess_vs_nifty500tri_12m,group
360ONE.NS,2021-12-31,2022-01-19,0.37,0.25979,0.26522,flat
360ONE.NS,2022-03-31,2022-04-18,-0.01,-0.01937,-0.01965,flat
360ONE.NS,2022-06-30,2022-07-13,0.07,0.36037,0.11883,flat
360ONE.NS,2022-09-30,2022-10-20,-0.02,0.20242,0.09302,flat
360ONE.NS,2022-12-31,2023-01-18,-1.16,0.40479,0.13919,sold
360ONE.NS,2023-03-03,2023-03-06,-0.01,0.60585,0.2736,flat
360ONE.NS,2023-03-31,2023-04-24,0.0,0.97535,0.57151,flat
360ONE.NS,2023-06-30,2023-07-19,-0.56,1.25406,0.8661,sold
360ONE.NS,2023-09-30,2023-10-20,-0.63,1.06432,0.74584,sold
360ONE.NS,2023-12-31,2024-01-18,-3.06,0.59785,0.52007,sold
360ONE.NS,2024-03-31,2024-04-19,-0.02,0.25323,0.16902,flat
360ONE.NS,2024-06-30,2024-07-22,-1.96,0.14362,0.128,sold
360ONE.NS,2024-09-30,2024-10-11,-0.08,0.11552,0.11753,flat
360ONE.NS,2024-10-29,2024-11-06,-0.93,0.0394,0.00533,sold
360ONE.NS,2024-12-31,2025-01-20,-0.02,-0.0742,-0.12053,flat
360ONE.NS,2025-03-31,2025-04-21,-0.56,0.1074,0.07287,sold
360ONE.NS,2025-05-27,2025-06-09,-7.12,0.07856,0.08803,sold
3MINDIA.NS,2021-12-31,2022-01-11,0.0,-0.07724,-0.06275,flat
3MINDIA.NS,2022-03-31,2022-04-12,0.0,0.09678,0.11676,flat
3MINDIA.NS,2022-06-30,2022-07-21,0.0,0.25481,0.06727,flat
3MINDIA.NS,2022-09-30,2022-10-12,0.0,0.33373,0.16421,flat
3MINDIA.NS,2022-12-31,2023-01-19,0.0,0.51757,0.23336,flat
3MINDIA.NS,2023-03-31,2023-04-17,0.0,0.30984,-0.09029,flat
3MINDIA.NS,2023-06-30,2023-07-21,0.0,0.43673,0.06078,flat
3MINDIA.NS,2023-09-30,2023-10-19,0.0,0.1567,-0.15752,flat
3MINDIA.NS,2023-12-31,2024-01-18,0.0,-0.12254,-0.20032,flat
3MINDIA.NS,2024-03-31,2024-04-22,0.0,0.02457,-0.05016,flat
3MINDIA.NS,2024-06-30,2024-07-22,0.0,-0.17495,-0.19058,flat
3MINDIA.NS,2024-09-30,2024-10-18,0.0,-0.11071,-0.1212,flat
3MINDIA.NS,2024-12-31,2025-01-22,0.0,0.21291,0.13167,flat
3MINDIA.NS,2025-03-31,2025-04-16,0.0,0.08076,0.0263,flat
AADHARHFC.NS,2024-06-30,2024-07-22,0.0,0.07308,0.05746,flat
AADHARHFC.NS,2024-09-30,2024-10-21,-0.59,0.1887,0.16387,sold
AADHARHFC.NS,2024-12-31,2025-01-09,-0.15,0.13031,0.06548,flat
AADHARHFC.NS,2025-03-31,2025-04-21,-0.13,0.02929,-0.00524,flat
AARTIDRUGS.NS,2021-12-31,2022-01-11,-0.13,-0.15227,-0.13777,flat
AARTIDRUGS.NS,2022-03-31,2022-04-13,-0.16,-0.16708,-0.14783,flat
AARTIDRUGS.NS,2022-06-30,2022-07-18,0.15,0.38349,0.17522,flat
AARTIDRUGS.NS,2022-09-30,2022-10-24,-0.21,0.02907,-0.07636,flat
AARTIDRUGS.NS,2022-12-31,2023-01-23,-0.11,0.22326,-0.06938,flat
AARTIDRUGS.NS,2023-03-31,2023-04-20,-0.08,0.18486,-0.22797,flat
AARTIDRUGS.NS,2023-06-30,2023-07-14,-0.88,0.05967,-0.32962,sold
AARTIDRUGS.NS,2023-09-30,2023-10-18,-0.14,-0.12458,-0.43887,flat
AARTIDRUGS.NS,2023-12-31,2024-01-23,-1.09,-0.23665,-0.34552,sold
AARTIDRUGS.NS,2024-03-31,2024-04-22,-0.34,-0.28726,-0.36199,flat
AARTIDRUGS.NS,2024-06-30,2024-07-19,-1.46,0.04427,0.01912,sold
AARTIDRUGS.NS,2024-09-30,2024-10-15,-0.03,0.02191,0.02274,flat
AARTIDRUGS.NS,2024-12-31,2025-01-21,-0.26,-0.09129,-0.16822,flat
AARTIDRUGS.NS,2025-03-31,2025-04-21,0.1,0.05485,0.02032,flat
AARTIIND.NS,2021-12-31,2022-01-17,0.0,-0.49575,-0.46829,flat
AARTIIND.NS,2022-03-31,2022-04-12,-0.02,-0.429,-0.40903,flat
AARTIIND.NS,2022-06-30,2022-07-15,0.0,-0.35964,-0.58262,flat
AARTIIND.NS,2022-09-30,2022-10-21,-0.03,-0.32195,-0.43766,flat
AARTIIND.NS,2022-12-31,2023-01-12,0.0,0.08997,-0.16703,flat
AARTIIND.NS,2023-03-31,2023-04-17,-0.09,0.35662,-0.0435,flat
AARTIIND.NS,2023-06-30,2023-07-17,-0.42,0.54946,0.16289,flat
AARTIIND.NS,2023-09-30,2023-10-09,-0.08,0.11184,-0.25675,flat
AARTIIND.NS,2023-12-31,2024-01-08,-0.02,-0.26616,-0.38445,flat
AARTIIND.NS,2024-03-31,2024-04-12,-0.12,-0.42103,-0.4856,flat
AARTIIND.NS,2024-06-30,2024-07-19,-0.19,-0.36305,-0.3882,flat
AARTIIND.NS,2024-09-30,2024-10-10,-0.63,-0.29255,-0.28319,sold
AARTIIND.NS,2024-12-31,2025-01-20,-0.26,-0.21834,-0.26466,flat
AARTIIND.NS,2025-03-31,2025-04-17,-0.11,0.2259,0.17333,flat
AAVAS.NS,2021-12-31,2022-01-17,-0.01,-0.35983,-0.33237,flat
AAVAS.NS,2022-03-31,2022-04-18,-0.01,-0.35419,-0.35447,flat
AAVAS.NS,2022-06-30,2022-07-18,-0.01,-0.18912,-0.39739,flat
AAVAS.NS,2022-09-30,2022-10-20,-0.03,-0.24879,-0.35819,flat
AAVAS.NS,2022-12-31,2023-01-18,-0.01,-0.17835,-0.44395,flat
AAVAS.NS,2023-03-31,2023-04-20,-0.01,-0.02638,-0.43921,flat
AAVAS.NS,2023-06-30,2023-07-19,-0.01,0.08643,-0.30153,flat
AAVAS.NS,2023-09-30,2023-10-19,-0.02,0.03178,-0.28244,flat
AAVAS.NS,2023-12-31,2024-01-18,-0.01,0.11421,0.03644,flat
AAVAS.NS,2024-03-31,2024-04-18,-12.63,0.33296,0.25801,sold
AAVAS.NS,2024-06-30,2024-07-18,0.0,0.07176,0.06699,flat
AAVAS.NS,2024-09-30,2024-10-11,0.0,-0.06472,-0.06271,flat
AAVAS.NS,2024-12-31,2025-01-20,0.0,-0.10834,-0.15466,flat
AAVAS.NS,2025-03-31,2025-04-15,0.0,-0.29604,-0.36801,flat
ABB.NS,2021-12-31,2022-01-18,0.0,0.24762,0.25853,flat
ABB.NS,2022-03-31,2022-04-12,0.0,0.44675,0.46672,flat
ABB.NS,2022-06-30,2022-07-14,0.0,0.66094,0.42728,flat
ABB.NS,2022-09-30,2022-10-20,0.0,0.28323,0.17382,flat
ABB.NS,2022-12-31,2023-01-16,0.0,0.65472,0.38765,flat
ABB.NS,2023-03-31,2023-04-17,0.0,0.99762,0.59749,flat
ABB.NS,2023-06-30,2023-07-17,0.0,0.81332,0.42675,flat
ABB.NS,2023-09-30,2023-10-19,0.0,0.82298,0.50876,flat
ABB.NS,2023-12-31,2024-01-17,0.0,0.2808,0.20776,flat
ABB.NS,2024-03-31,2024-04-18,0.0,-0.1324,-0.20736,flat
ABB.NS,2024-06-30,2024-07-18,0.0,-0.26544,-0.27022,flat
ABB.NS,2024-09-30,2024-10-17,0.0,-0.399,-0.41521,flat
ABB.NS,2024-12-31,2025-01-20,0.0,-0.27278,-0.3191,flat
ABB.NS,2025-03-31,2025-04-11,0.0,0.48696,0.37909,flat
ABCAPITAL.NS,2021-12-31,2022-01-19,0.34,0.1097,0.11512,flat
ABCAPITAL.NS,2022-03-31,2022-04-18,0.04,0.39686,0.39658,flat
ABCAPITAL.NS,2022-06-30,2022-07-22,0.0,0.88814,0.69825,flat
ABCAPITAL.NS,2022-09-30,2022-10-24,-0.01,0.50809,0.40266,flat
ABCAPITAL.NS,2022-12-31,2023-01-23,-0.01,0.23739,-0.05525,flat
ABCAPITAL.NS,2023-03-31,2023-04-19,-0.03,0.49194,0.07898,flat
ABCAPITAL.NS,2023-06-26,2023-07-04,0.85,0.16883,-0.23307,bought
ABCAPITAL.NS,2023-06-30,2023-07-24,-2.77,0.09108,-0.24555,sold
ABCAPITAL.NS,2023-06-30,2023-07-03,0.0,0.15227,-0.24509,flat
ABCAPITAL.NS,2023-09-30,2023-10-23,-0.11,0.19461,-0.1568,flat
ABCAPITAL.NS,2023-12-31,2024-01-23,-0.01,0.08367,-0.0252,flat
ABCAPITAL.NS,2024-03-31,2024-04-22,-0.02,-0.01475,-0.08948,flat
ABCAPITAL.NS,2024-06-30,2024-07-22,0.02,0.24552,0.22989,flat
ABCAPITAL.NS,2024-09-30,2024-10-22,-0.08,0.506,0.46225,flat
ABCAPITAL.NS,2024-12-31,2025-01-20,-0.04,0.95649,0.91016,flat
ABCAPITAL.NS,2025-03-31,2025-04-22,-0.01,0.7096,0.67401,flat
ABDL.NS,2024-06-30,2024-07-22,0.0,0.62099,0.60537,flat
ABDL.NS,2024-09-30,2024-10-21,0.0,0.93372,0.90889,flat
ABDL.NS,2024-12-31,2025-01-15,0.0,0.08187,0.02229,flat
ABDL.NS,2025-03-31,2025-04-22,0.0,0.68571,0.65013,flat
ABFRL.NS,2021-12-31,2022-01-24,-0.01,-0.12107,-0.13073,flat
ABFRL.NS,2022-03-31,2022-04-13,-0.03,-0.25374,-0.23449,flat
ABFRL.NS,2022-06-30,2022-07-20,0.0,-0.17275,-0.36724,flat
ABFRL.NS,2022-09-30,2022-10-21,-0.01,-0.34763,-0.46334,flat
ABFRL.NS,2022-12-31,2023-01-23,-0.61,-0.04845,-0.34109,sold
ABFRL.NS,2023-03-31,2023-04-21,0.0,0.20178,-0.21827,flat
ABFRL.NS,2023-06-30,2023-07-20,0.0,0.5764,0.19711,flat
ABFRL.NS,2023-09-30,2023-10-20,-0.02,0.34329,0.02481,flat
ABFRL.NS,2023-12-31,2024-01-19,0.0,0.19482,0.11122,flat
ABFRL.NS,2024-03-11,2024-03-20,-3.6,0.26772,0.17726,sold
ABFRL.NS,2024-03-31,2024-04-22,0.0,0.11402,0.03929,flat
ABFRL.NS,2024-06-30,2024-07-22,0.12,-0.75836,-0.77398,flat
ABFRL.NS,2024-09-05,2024-09-16,-2.71,-0.72185,-0.70176,sold
ABFRL.NS,2024-09-30,2024-10-18,-0.01,-0.75474,-0.76523,flat
ABFRL.NS,2024-12-31,2025-01-20,-0.01,-0.78111,-0.82743,flat
ABFRL.NS,2025-01-21,2025-01-31,-2.96,-0.72879,-0.82622,sold
ABFRL.NS,2025-02-24,2025-02-27,0.3,-0.74998,-0.83568,flat
ABFRL.NS,2025-03-31,2025-04-21,0.0,-0.76377,-0.7983,flat
ABREL.NS,2021-12-31,2022-01-14,0.0,-0.2889,-0.26915,flat
ABREL.NS,2022-03-31,2022-04-11,0.0,-0.26844,-0.23786,flat
ABREL.NS,2022-06-30,2022-07-20,0.0,0.29627,0.10178,flat
ABREL.NS,2022-09-30,2022-10-24,0.0,0.3019,0.19648,flat
ABREL.NS,2022-12-31,2023-01-18,0.0,0.98625,0.72065,flat
ABREL.NS,2023-03-31,2023-04-11,0.0,1.76562,1.38172,flat
ABREL.NS,2023-06-30,2023-07-17,0.0,1.45357,1.067,flat
ABREL.NS,2023-09-30,2023-10-17,0.0,1.30333,1.00665,flat
ABREL.NS,2023-12-31,2024-01-18,0.0,0.37356,0.29579,flat
ABREL.NS,2024-03-31,2024-04-15,0.0,0.15627,0.07038,flat
ABREL.NS,2024-06-30,2024-07-15,0.0,0.01107,0.00825,flat
ABREL.NS,2024-09-30,2024-10-22,0.0,-0.38041,-0.42416,flat
ABREL.NS,2024-12-31,2025-01-14,0.0,-0.31622,-0.38445,flat
ABREL.NS,2025-03-31,2025-04-21,0.0,-0.21063,-0.24516,flat
ABSLAMC.NS,2021-12-31,2022-01-12,0.0,-0.1579,-0.14055,flat
ABSLAMC.NS,2022-03-31,2022-04-08,0.0,-0.33395,-0.30492,flat
ABSLAMC.NS,2022-06-30,2022-07-15,0.0,-0.01905,-0.24203,flat
ABSLAMC.NS,2022-09-30,2022-10-21,0.0,0.06015,-0.05556,flat
ABSLAMC.NS,2022-12-31,2023-01-18,0.0,0.0809,-0.1847,flat
ABSLAMC.NS,2023-03-31,2023-04-18,0.0,0.63963,0.24073,flat
ABSLAMC.NS,2023-06-30,2023-07-11,-0.01,0.82468,0.45123,flat
ABSLAMC.NS,2023-09-30,2023-10-23,-0.01,0.89499,0.54358,flat
ABSLAMC.NS,2023-12-31,2024-01-10,-0.01,0.61853,0.50114,flat
ABSLAMC.NS,2024-03-31,2024-04-12,-11.16,0.36907,0.3045,sold
ABSLAMC.NS,2024-06-30,2024-07-10,-0.31,0.34456,0.32404,flat
ABSLAMC.NS,2024-09-30,2024-10-14,-0.05,0.27198,0.27742,flat
ABSLAMC.NS,2024-12-31,2025-01-08,-0.05,0.05564,-0.00054,flat
ABSLAMC.NS,2025-03-31,2025-04-08,0.0,0.75826,0.64181,flat
ACC.NS,2021-12-31,2022-01-07,0.0,0.06361,0.0681,flat
ACC.NS,2022-03-31,2022-04-06,0.0,-0.17616,-0.15178,flat
ACC.NS,2022-06-30,2022-07-05,0.0,-0.16259,-0.39876,flat
ACC.NS,2022-09-30,2022-10-21,2.15,-0.1595,-0.27521,bought
ACC.NS,2022-12-31,2023-01-09,0.01,-0.08169,-0.34302,flat
ACC.NS,2023-03-31,2023-04-12,0.0,0.40223,0.02,flat
ACC.NS,2023-06-30,2023-07-17,0.0,0.44175,0.05519,flat
ACC.NS,2023-09-30,2023-10-11,0.0,0.105,-0.20562,flat
ACC.NS,2023-12-31,2024-01-11,0.0,-0.12856,-0.22297,flat
ACC.NS,2024-03-31,2024-04-12,0.0,-0.15422,-0.21879,flat
ACC.NS,2024-06-30,2024-07-18,0.0,-0.26788,-0.27265,flat
ACC.NS,2024-09-30,2024-10-11,0.0,-0.19237,-0.19036,flat
ACC.NS,2024-12-31,2025-01-14,0.0,-0.12465,-0.19288,flat
ACC.NS,2025-03-31,2025-04-15,0.0,-0.30195,-0.37392,flat
ACE.NS,2021-12-31,2022-01-13,0.0,0.38181,0.39801,flat
ACE.NS,2022-03-31,2022-04-18,0.0,0.91915,0.91888,flat
ACE.NS,2022-06-30,2022-07-19,0.0,2.28799,2.07995,flat
ACE.NS,2022-09-30,2022-10-18,0.0,1.42773,1.31454,flat
ACE.NS,2022-12-31,2023-01-17,0.0,1.94316,1.66286,flat
ACE.NS,2023-03-31,2023-04-10,0.0,2.48925,2.11099,flat
ACE.NS,2023-06-30,2023-07-12,0.0,1.30968,0.93228,flat
ACE.NS,2023-09-30,2023-10-16,0.0,0.73933,0.44576,flat
ACE.NS,2023-12-31,2024-01-12,0.0,0.4169,0.33329,flat
ACE.NS,2024-03-31,2024-04-10,0.0,-0.14618,-0.19832,flat
ACE.NS,2024-06-30,2024-07-18,-1.35,-0.18778,-0.19255,sold
ACE.NS,2024-09-30,2024-10-16,0.0,-0.21081,-0.21445,flat
ACE.NS,2024-12-31,2025-01-13,0.0,-0.33077,-0.43105,flat
ACE.NS,2025-03-31,2025-04-21,0.0,-0.28388,-0.31841,flat
ACI.NS,2022-12-31,2023-01-18,0.0,0.02465,-0.24094,flat
ACI.NS,2023-03-31,2023-04-12,0.0,0.12951,-0.25272,flat
ACI.NS,2023-06-30,2023-07-17,0.0,0.46742,0.08086,flat
ACI.NS,2023-09-30,2023-10-13,0.0,-0.05869,-0.36906,flat
ACI.NS,2023-12-31,2024-01-11,-0.15,-0.03895,-0.13335,flat
ACI.NS,2024-03-31,2024-04-08,0.0,0.02309,-0.00502,flat
ACI.NS,2024-06-30,2024-07-15,0.0,-0.00231,-0.00513,flat
ACI.NS,2024-09-30,2024-10-16,0.0,-0.01256,-0.0162,flat
ACI.NS,2024-12-31,2025-01-08,-0.01,-0.20873,-0.2649,flat
ACI.NS,2025-03-31,2025-04-22,0.0,-0.01643,-0.05202,flat
ACMESOLAR.NS,2024-12-31,2025-01-09,0.0,-0.06769,-0.13252,flat
ACMESOLAR.NS,2025-03-31,2025-04-17,0.0,0.52176,0.46918,flat
ACUTAAS.NS,2021-12-31,2022-01-14,0.0,-0.1815,-0.16175,flat
ACUTAAS.NS,2022-03-31,2022-04-18,0.0,0.01781,0.01753,flat
ACUTAAS.NS,2022-06-30,2022-07-21,0.0,0.12113,-0.06641,flat
ACUTAAS.NS,2022-09-30,2022-10-14,-1.64,0.29096,0.12939,sold
ACUTAAS.NS,2022-12-31,2023-01-18,0.0,0.28298,0.01738,flat
ACUTAAS.NS,2023-03-31,2023-04-19,0.0,0.16567,-0.24729,flat
ACUTAAS.NS,2023-06-30,2023-07-21,0.0,0.14394,-0.232,flat
ACUTAAS.NS,2023-09-30,2023-10-20,-0.48,0.65352,0.33504,flat
ACUTAAS.NS,2023-12-31,2024-01-12,0.98,0.71143,0.62781,bought
ACUTAAS.NS,2024-03-31,2024-04-18,0.0,0.77896,0.70401,flat
ACUTAAS.NS,2024-05-31,2024-06-06,-0.84,0.82596,0.74726,sold
ACUTAAS.NS,2024-06-21,2024-06-25,-3.09,0.74911,0.69338,sold
ACUTAAS.NS,2024-06-30,2024-07-15,0.0,0.76114,0.75833,flat
ACUTAAS.NS,2024-09-30,2024-10-21,-0.01,1.20016,1.17532,flat
ACUTAAS.NS,2024-12-31,2025-01-20,-0.01,0.69955,0.65323,flat
ACUTAAS.NS,2025-03-31,2025-04-21,0.0,1.18023,1.1457,flat
ADANIENSOL.NS,2021-12-31,2022-01-18,0.0,0.37368,0.38459,flat
ADANIENSOL.NS,2022-03-31,2022-04-20,0.0,-0.63245,-0.64216,flat
ADANIENSOL.NS,2022-06-30,2022-07-21,-1.05,-0.7323,-0.91985,sold
ADANIENSOL.NS,2022-09-30,2022-10-24,0.0,-0.76559,-0.87102,flat
ADANIENSOL.NS,2022-12-31,2023-01-20,0.32,-0.61004,-0.89864,flat
ADANIENSOL.NS,2023-03-31,2023-04-11,-2.54,-0.00752,-0.39142,sold
ADANIENSOL.NS,2023-06-30,2023-07-24,-3.37,0.499,0.16237,sold
ADANIENSOL.NS,2023-09-30,2023-10-20,4.94,0.27716,-0.04131,bought
ADANIENSOL.NS,2023-12-31,2024-01-10,0.0,-0.30296,-0.42034,flat
ADANIENSOL.NS,2024-03-31,2024-04-12,0.0,-0.13032,-0.1949,flat
ADANIENSOL.NS,2024-06-30,2024-07-11,1.72,-0.12445,-0.14476,bought
ADANIENSOL.NS,2024-08-03,2024-08-13,-5.35,-0.23571,-0.24565,sold
ADANIENSOL.NS,2024-09-30,2024-10-11,0.35,-0.02954,-0.02753,flat
ADANIENSOL.NS,2024-12-31,2025-01-13,0.0,0.31891,0.21863,flat
ADANIENSOL.NS,2025-03-31,2025-04-11,0.0,0.61944,0.51156,flat
ADANIENT.NS,2018-09-30,2018-10-12,-0.08,0.36341,0.2686,flat
ADANIENT.NS,2021-09-30,2021-10-22,0.0,1.15468,1.16495,flat
ADANIENT.NS,2021-12-31,2022-01-18,0.0,0.86739,0.8783,flat
ADANIENT.NS,2022-03-31,2022-04-20,0.0,-0.15352,-0.16323,flat
ADANIENT.NS,2022-05-12,2022-05-13,-2.64,-0.04736,-0.19108,sold
ADANIENT.NS,2022-06-30,2022-07-21,0.0,-0.01247,-0.20001,flat
ADANIENT.NS,2022-09-30,2022-10-20,0.35,-0.32597,-0.43537,flat
ADANIENT.NS,2022-12-31,2023-01-23,0.0,-0.08072,-0.37336,flat
ADANIENT.NS,2023-03-31,2023-04-11,-3.4,0.69971,0.31581,sold
ADANIENT.NS,2023-06-30,2023-07-17,-1.58,0.28316,-0.1034,sold
ADANIENT.NS,2023-09-30,2023-10-19,4.96,0.23656,-0.07766,bought
ADANIENT.NS,2023-12-31,2024-01-15,0.0,-0.22773,-0.31083,flat
ADANIENT.NS,2024-03-31,2024-04-12,0.0,-0.23784,-0.30242,flat
ADANIENT.NS,2024-06-30,2024-07-12,2.11,-0.146,-0.16004,bought
ADANIENT.NS,2024-09-30,2024-10-11,0.17,-0.18435,-0.18234,flat
ADANIENT.NS,2024-12-31,2025-01-13,-0.92,-0.04022,-0.1405,sold
ADANIENT.NS,2025-03-31,2025-04-11,0.0,-0.02562,-0.13349,flat
ADANIGREEN.NS,2021-12-31,2022-01-21,1.13,-0.23173,-0.21157,bought
ADANIGREEN.NS,2022-03-31,2022-04-13,0.0,-0.68013,-0.66088,flat
ADANIGREEN.NS,2022-06-30,2022-07-22,-0.77,-0.4844,-0.6743,sold
ADANIGREEN.NS,2022-09-30,2022-10-24,0.25,-0.57023,-0.67566,flat
ADANIGREEN.NS,2022-12-31,2023-01-20,0.0,-0.15674,-0.44534,flat
ADANIGREEN.NS,2023-03-31,2023-04-10,-3.49,0.96858,0.59032,sold
ADANIGREEN.NS,2023-06-30,2023-07-24,-0.99,0.78815,0.45152,sold
ADANIGREEN.NS,2023-09-30,2023-10-19,-0.01,0.75155,0.43733,flat
ADANIGREEN.NS,2023-12-31,2024-01-15,0.11,-0.39211,-0.47521,flat
ADANIGREEN.NS,2024-03-31,2024-04-12,0.0,-0.49932,-0.5639,flat
ADANIGREEN.NS,2024-06-30,2024-07-18,1.15,-0.41993,-0.42471,bought
ADANIGREEN.NS,2024-09-30,2024-10-07,3.42,-0.39268,-0.39939,bought
ADANIGREEN.NS,2024-12-31,2025-01-13,0.0,0.02725,-0.07303,flat
ADANIGREEN.NS,2025-03-31,2025-04-11,0.0,0.34163,0.23376,flat
ADANIPORTS.NS,2021-12-31,2022-01-20,0.0,-0.02698,-0.01467,flat
ADANIPORTS.NS,2022-02-21,2022-03-03,1.21,0.01455,-0.04105,bought
ADANIPORTS.NS,2022-03-31,2022-04-19,0.51,-0.17478,-0.19034,bought
ADANIPORTS.NS,2022-06-30,2022-07-22,0.47,0.03822,-0.15167,flat
ADANIPORTS.NS,2022-09-30,2022-10-24,0.0,-0.01921,-0.12464,flat
ADANIPORTS.NS,2022-10-19,2022-11-01,-1.46,-0.0462,-0.15242,sold
ADANIPORTS.NS,2022-12-31,2023-01-23,0.57,0.6513,0.35866,bought
ADANIPORTS.NS,2023-03-31,2023-04-11,-4.1,1.03377,0.64986,sold
ADANIPORTS.NS,2023-06-30,2023-07-24,1.86,1.05405,0.71742,bought
ADANIPORTS.NS,2023-09-30,2023-10-11,2.64,0.67969,0.36907,bought
ADANIPORTS.NS,2023-12-31,2024-01-10,0.36,-0.05,-0.16739,flat
ADANIPORTS.NS,2024-03-31,2024-04-12,0.0,-0.07864,-0.14322,flat
ADANIPORTS.NS,2024-06-30,2024-07-15,0.0,-0.03005,-0.03287,flat
ADANIPORTS.NS,2024-09-30,2024-10-11,0.0,0.05571,0.05772,flat
ADANIPORTS.NS,2024-12-31,2025-01-13,0.0,0.32173,0.22145,flat
ADANIPORTS.NS,2025-03-31,2025-04-11,0.0,0.37077,0.2629,flat
ADANIPOWER.NS,2021-12-31,2022-01-21,0.0,1.25512,1.27528,flat
ADANIPOWER.NS,2022-03-31,2022-04-20,0.0,-0.10083,-0.11053,flat
ADANIPOWER.NS,2022-06-30,2022-07-21,0.0,-0.12058,-0.30812,flat
ADANIPOWER.NS,2022-09-30,2022-10-21,0.0,0.07751,-0.0382,flat
ADANIPOWER.NS,2022-12-31,2023-01-13,0.0,0.86563,0.59814,flat
ADANIPOWER.NS,2023-03-31,2023-04-12,0.0,2.13042,1.74819,flat
ADANIPOWER.NS,2023-06-30,2023-07-24,0.0,1.90273,1.5661,flat
ADANIPOWER.NS,2023-09-30,2023-10-20,-4.95,0.752,0.43352,sold
ADANIPOWER.NS,2023-12-31,2024-01-15,1.73,-0.03576,-0.11886,bought
ADANIPOWER.NS,2024-03-31,2024-04-12,0.0,-0.03671,-0.10129,flat
ADANIPOWER.NS,2024-06-30,2024-07-18,0.96,-0.15575,-0.16053,bought
ADANIPOWER.NS,2024-09-30,2024-10-10,2.25,0.22025,0.22961,bought
ADANIPOWER.NS,2024-12-31,2025-01-13,0.0,0.56212,0.46184,flat
ADANIPOWER.NS,2025-03-31,2025-04-11,0.0,1.08056,0.97269,flat
ADVENZYMES.NS,2021-12-31,2022-01-12,0.16,-0.09021,-0.07287,flat
ADVENZYMES.NS,2022-03-31,2022-04-12,-0.01,-0.18047,-0.16049,flat
ADVENZYMES.NS,2022-06-30,2022-07-13,0.0,0.11631,-0.12523,flat
ADVENZYMES.NS,2022-09-30,2022-10-20,-2.83,0.10272,-0.00668,sold
ADVENZYMES.NS,2022-12-31,2023-01-17,0.0,0.27822,-0.00207,flat
ADVENZYMES.NS,2023-03-31,2023-04-17,0.0,0.52962,0.1295,flat
ADVENZYMES.NS,2023-06-30,2023-07-19,-3.35,0.41564,0.02768,sold
ADVENZYMES.NS,2023-09-30,2023-10-10,-0.6,0.41652,0.07208,sold
ADVENZYMES.NS,2023-12-31,2024-01-11,-2.3,-0.06696,-0.16136,sold
ADVENZYMES.NS,2024-03-31,2024-04-16,-0.13,-0.15971,-0.24577,flat
ADVENZYMES.NS,2024-06-30,2024-07-15,-0.47,-0.12715,-0.12997,flat
ADVENZYMES.NS,2024-09-30,2024-10-15,-0.07,-0.34161,-0.34079,flat
ADVENZYMES.NS,2024-12-31,2025-01-15,-0.02,-0.1831,-0.24268,flat
ADVENZYMES.NS,2025-03-31,2025-04-21,0.15,0.15326,0.11873,flat
AEGISLOG.NS,2021-09-30,2021-10-21,-4.86,0.45261,0.46833,sold
AEGISLOG.NS,2021-12-31,2022-01-14,0.0,0.55679,0.57654,flat
AEGISLOG.NS,2022-03-31,2022-04-20,0.0,0.70902,0.69932,flat
AEGISLOG.NS,2022-06-30,2022-07-19,0.0,0.83043,0.62238,flat
AEGISLOG.NS,2022-09-30,2022-10-20,0.0,0.00922,-0.10019,flat
AEGISLOG.NS,2022-12-31,2023-01-20,0.0,0.133,-0.1556,flat
AEGISLOG.NS,2023-03-31,2023-04-20,0.0,0.80139,0.38855,flat
AEGISLOG.NS,2023-06-30,2023-07-14,0.0,1.57985,1.19057,flat
AEGISLOG.NS,2023-09-30,2023-10-18,0.03,1.46107,1.14678,flat
AEGISLOG.NS,2023-12-31,2024-01-17,0.0,0.77427,0.70124,flat
AEGISLOG.NS,2024-03-31,2024-04-19,0.0,0.58556,0.50134,flat
AEGISLOG.NS,2024-06-30,2024-07-22,0.0,-0.10147,-0.11709,flat
AEGISLOG.NS,2024-09-30,2024-10-15,0.0,0.11425,0.11507,flat
AEGISLOG.NS,2024-12-31,2025-01-20,0.0,-0.14981,-0.19614,flat
AEGISLOG.NS,2025-03-31,2025-04-17,0.0,-0.07228,-0.12485,flat
AETHER.NS,2022-06-30,2022-07-05,0.0,0.36904,0.13287,flat
AETHER.NS,2022-09-30,2022-10-12,0.0,-0.04132,-0.21085,flat
AETHER.NS,2022-12-31,2023-01-17,-0.02,-0.02524,-0.30554,flat
AETHER.NS,2023-03-31,2023-04-10,0.0,-0.08057,-0.45882,flat
AETHER.NS,2023-06-22,2023-06-27,-5.26,-0.16417,-0.5913,sold
AETHER.NS,2023-06-30,2023-07-10,0.0,-0.15145,-0.5374,flat
AETHER.NS,2023-09-30,2023-10-06,0.0,-0.03878,-0.39055,flat
AETHER.NS,2023-12-31,2024-01-11,-0.02,-0.04203,-0.13644,flat
AETHER.NS,2024-03-31,2024-04-09,0.0,-0.00511,-0.04796,flat
AETHER.NS,2024-06-30,2024-07-09,0.0,-0.1347,-0.14518,flat
AETHER.NS,2024-09-30,2024-10-07,0.0,-0.18288,-0.18959,flat
AETHER.NS,2024-12-31,2025-01-14,-0.02,0.16321,0.09498,flat
AETHER.NS,2025-03-31,2025-04-15,0.0,0.42397,0.35201,flat
AFCONS.NS,2024-12-31,2025-01-21,0.0,-0.33023,-0.40717,flat
AFCONS.NS,2025-03-31,2025-04-22,0.0,-0.25688,-0.29246,flat
AFFLE.NS,2021-12-31,2022-01-10,0.0,-0.2164,-0.20676,flat
AFFLE.NS,2022-03-31,2022-04-18,0.0,-0.26471,-0.26499,flat
AFFLE.NS,2022-06-30,2022-07-18,0.0,-0.03082,-0.23909,flat
AFFLE.NS,2022-09-30,2022-10-12,0.0,-0.12024,-0.28977,flat
AFFLE.NS,2022-12-31,2023-01-05,0.0,0.25767,-0.03476,flat
AFFLE.NS,2023-03-31,2023-04-05,0.0,0.11415,-0.27428,flat
AFFLE.NS,2023-06-30,2023-07-07,0.0,0.29832,-0.08132,flat
AFFLE.NS,2023-09-30,2023-10-06,0.0,0.44705,0.09528,flat
AFFLE.NS,2023-11-22,2023-11-24,-2.96,0.61697,0.29762,sold
AFFLE.NS,2023-12-31,2024-01-05,0.0,0.22582,0.12574,flat
AFFLE.NS,2024-03-31,2024-04-05,-0.01,0.40639,0.37915,flat
AFFLE.NS,2024-06-30,2024-07-08,-1.78,0.4525,0.43894,sold
AFFLE.NS,2024-09-30,2024-10-10,-0.05,0.18871,0.19806,flat
AFFLE.NS,2024-12-31,2025-01-08,-0.06,0.02997,-0.0262,flat
AFFLE.NS,2025-03-31,2025-04-11,-0.01,-0.03673,-0.1446,flat
AGARWALEYE.NS,2025-03-31,2025-04-21,0.0,0.09634,0.06181,flat
AIAENG.NS,2021-12-31,2022-01-07,0.0,0.3794,0.38389,flat
AIAENG.NS,2022-03-31,2022-04-18,0.0,0.55855,0.55828,flat
AIAENG.NS,2022-06-30,2022-07-18,0.0,0.4842,0.27594,flat
AIAENG.NS,2022-09-30,2022-10-18,0.0,0.3223,0.20911,flat
AIAENG.NS,2022-12-31,2023-01-17,0.0,0.64366,0.36336,flat
AIAENG.NS,2023-03-31,2023-04-19,0.0,0.37949,-0.03347,flat
AIAENG.NS,2023-06-30,2023-07-13,0.0,0.27042,-0.10815,flat
AIAENG.NS,2023-09-30,2023-10-16,0.0,0.1278,-0.16577,flat
AIAENG.NS,2023-12-31,2024-01-15,0.0,-0.01202,-0.09512,flat
AIAENG.NS,2024-03-31,2024-04-15,0.0,-0.1745,-0.26038,flat
AIAENG.NS,2024-06-30,2024-07-15,0.0,-0.19721,-0.20002,flat
AIAENG.NS,2024-09-30,2024-10-17,0.03,-0.20635,-0.22256,flat
AIAENG.NS,2024-12-31,2025-01-21,0.0,0.09069,0.01376,flat
AIAENG.NS,2025-03-31,2025-04-16,0.0,0.26673,0.21227,flat
AIIL.NS,2024-06-30,2024-07-15,0.23,1.55533,1.55251,flat
AIIL.NS,2024-09-30,2024-10-14,0.0,0.77809,0.78353,flat
AIIL.NS,2024-12-31,2025-01-13,0.0,0.78931,0.68903,flat
AIIL.NS,2025-03-31,2025-04-16,0.0,0.41391,0.35945,flat
AJANTPHARM.NS,2021-12-31,2022-01-13,0.0,-0.22291,-0.20671,flat
AJANTPHARM.NS,2022-03-31,2022-04-13,0.14,0.13676,0.15601,flat
AJANTPHARM.NS,2022-06-30,2022-07-15,0.0,0.18754,-0.03545,flat
AJANTPHARM.NS,2022-09-30,2022-10-11,0.0,0.42369,0.23718,flat
AJANTPHARM.NS,2022-12-31,2023-01-17,-4.37,0.88982,0.60952,sold
AJANTPHARM.NS,2023-03-31,2023-04-13,0.0,0.74545,0.35918,flat
AJANTPHARM.NS,2023-04-19,2023-04-27,0.1,0.87069,0.49723,flat
AJANTPHARM.NS,2023-06-30,2023-07-10,0.0,0.67464,0.28869,flat
AJANTPHARM.NS,2023-09-30,2023-10-11,0.0,0.72203,0.41141,flat
AJANTPHARM.NS,2023-12-31,2024-01-15,0.0,0.31268,0.22958,flat
AJANTPHARM.NS,2024-03-31,2024-04-15,0.0,0.28123,0.19534,flat
AJANTPHARM.NS,2024-06-30,2024-07-15,0.06,0.23741,0.2346,flat
AJANTPHARM.NS,2024-09-30,2024-10-11,-0.01,-0.25852,-0.25651,flat
AJANTPHARM.NS,2024-12-31,2025-01-08,0.0,-0.0689,-0.12507,flat
AJANTPHARM.NS,2025-03-31,2025-04-11,0.0,0.09549,-0.01238,flat
AKUMS.NS,2024-09-30,2024-10-17,0.0,-0.4933,-0.50951,flat
AKUMS.NS,2024-12-31,2025-01-13,0.0,-0.28215,-0.38243,flat
AKUMS.NS,2025-03-31,2025-04-11,0.0,0.21888,0.11101,flat
ALIVUS.NS,2021-09-30,2021-10-21,0.0,-0.31196,-0.29624,flat
ALIVUS.NS,2021-12-31,2022-01-21,0.01,-0.32815,-0.30799,flat
ALIVUS.NS,2022-03-31,2022-04-20,0.0,0.02353,0.01383,flat
ALIVUS.NS,2022-06-30,2022-07-20,0.0,0.50104,0.30655,flat
ALIVUS.NS,2022-09-30,2022-10-24,0.0,0.61636,0.51093,flat
ALIVUS.NS,2022-12-31,2023-01-16,0.0,1.22773,0.96066,flat
ALIVUS.NS,2023-03-31,2023-04-17,0.0,0.84876,0.44863,flat
ALIVUS.NS,2023-06-30,2023-07-20,0.0,0.45714,0.07785,flat
ALIVUS.NS,2023-09-30,2023-10-19,0.0,0.64814,0.33392,flat
ALIVUS.NS,2023-12-31,2024-01-15,0.0,0.57792,0.49482,flat
ALIVUS.NS,2024-03-31,2024-04-22,0.0,0.29915,0.22442,flat
ALIVUS.NS,2024-06-30,2024-07-18,0.0,0.23204,0.22727,flat
ALIVUS.NS,2024-09-30,2024-10-15,-7.85,-0.23048,-0.22966,sold
ALIVUS.NS,2024-12-31,2025-01-17,0.0,-0.18089,-0.22821,flat
ALIVUS.NS,2025-03-31,2025-04-15,-0.01,0.07624,0.00427,flat
ALKEM.NS,2021-12-31,2022-01-20,-1.71,-0.13513,-0.12282,sold
ALKEM.NS,2022-03-31,2022-04-21,0.0,0.02288,0.02147,flat
ALKEM.NS,2022-06-30,2022-07-21,0.01,0.25968,0.07214,flat
ALKEM.NS,2022-09-30,2022-10-21,0.02,0.20975,0.09404,flat
ALKEM.NS,2022-12-31,2023-01-17,0.0,0.66346,0.38317,flat
ALKEM.NS,2023-03-31,2023-04-17,0.0,0.4739,0.07378,flat
ALKEM.NS,2023-06-30,2023-07-18,0.0,0.43825,0.04891,flat
ALKEM.NS,2023-09-30,2023-10-09,-0.42,0.73977,0.37118,flat
ALKEM.NS,2023-12-31,2024-01-16,0.0,-3e-05,-0.07524,flat
ALKEM.NS,2024-03-31,2024-04-19,0.0,0.09826,0.01405,flat
ALKEM.NS,2024-06-30,2024-07-15,-0.36,-0.06339,-0.0662,flat
ALKEM.NS,2024-09-30,2024-10-17,-0.72,-0.07241,-0.08861,sold
ALKEM.NS,2024-12-31,2025-01-17,0.0,0.10457,0.05725,flat
ALKEM.NS,2025-03-31,2025-04-21,-0.53,0.09415,0.05962,sold
ALKYLAMINE.NS,2021-12-31,2022-01-17,0.0,-0.27647,-0.24901,flat
ALKYLAMINE.NS,2022-03-31,2022-04-18,0.0,-0.24606,-0.24634,flat
ALKYLAMINE.NS,2022-06-30,2022-07-18,-0.03,-0.0723,-0.28057,flat
ALKYLAMINE.NS,2022-09-30,2022-10-21,-0.01,-0.27016,-0.38587,flat
ALKYLAMINE.NS,2022-12-31,2023-01-12,0.0,-0.16433,-0.42133,flat
ALKYLAMINE.NS,2023-03-31,2023-04-17,0.0,-0.13052,-0.53065,flat
ALKYLAMINE.NS,2023-06-30,2023-07-17,-0.02,-0.17175,-0.55831,flat
ALKYLAMINE.NS,2023-09-30,2023-10-13,-0.01,-0.07826,-0.38863,flat
ALKYLAMINE.NS,2023-12-31,2024-01-12,0.0,-0.29434,-0.37795,flat
ALKYLAMINE.NS,2024-03-31,2024-04-12,0.0,-0.11801,-0.18258,flat
ALKYLAMINE.NS,2024-06-30,2024-07-12,0.01,0.12483,0.11079,flat
ALKYLAMINE.NS,2024-09-30,2024-10-14,-0.01,-0.17247,-0.16704,flat
ALKYLAMINE.NS,2024-12-31,2025-01-15,0.04,-0.08303,-0.1426,flat
ALKYLAMINE.NS,2025-03-31,2025-04-15,0.04,-0.1347,-0.20667,flat
ALLCARGO.NS,2021-12-31,2022-01-18,-0.03,0.19992,0.21082,flat
ALLCARGO.NS,2022-03-31,2022-04-22,0.0,-0.25926,-0.28106,flat
ALLCARGO.NS,2022-06-30,2022-07-15,0.0,0.0448,-0.17819,flat
ALLCARGO.NS,2022-09-30,2022-10-21,0.0,-0.38712,-0.50283,flat
ALLCARGO.NS,2022-12-31,2023-01-19,0.0,-0.22582,-0.51003,flat
ALLCARGO.NS,2023-03-31,2023-04-18,0.0,0.08419,-0.31471,flat
ALLCARGO.NS,2023-06-30,2023-07-19,0.0,-0.12132,-0.50928,flat
ALLCARGO.NS,2023-09-30,2023-10-18,0.0,-0.15695,-0.47124,flat
ALLCARGO.NS,2023-12-31,2024-01-18,0.0,-0.46813,-0.5459,flat
ALLCARGO.NS,2024-01-04,2024-01-08,0.0,-0.49057,-0.60886,flat
ALLCARGO.NS,2024-03-31,2024-04-16,0.0,-0.55395,-0.64001,flat
ALLCARGO.NS,2024-06-30,2024-07-19,-6.26,-0.41754,-0.4427,sold
ALLCARGO.NS,2024-09-30,2024-10-18,-0.29,-0.44207,-0.45256,flat
ALLCARGO.NS,2024-12-31,2025-01-22,-0.09,-0.75711,-0.83835,flat
ALLCARGO.NS,2025-03-31,2025-04-22,0.0,-0.69258,-0.72816,flat
ALOKINDS.NS,2021-12-31,2022-01-13,0.0,-0.48,-0.4638,flat
ALOKINDS.NS,2022-03-31,2022-04-20,0.0,-0.51731,-0.52702,flat
ALOKINDS.NS,2022-06-30,2022-07-18,0.0,-0.28673,-0.495,flat
ALOKINDS.NS,2022-09-30,2022-10-24,0.0,0.04505,-0.06038,flat
ALOKINDS.NS,2022-12-31,2023-01-17,0.0,1.13667,0.85637,flat
ALOKINDS.NS,2023-03-31,2023-04-20,0.0,1.28452,0.87168,flat
ALOKINDS.NS,2023-06-30,2023-07-24,0.0,0.67181,0.33518,flat
ALOKINDS.NS,2023-09-30,2023-10-19,0.0,0.109,-0.20522,flat
ALOKINDS.NS,2023-12-31,2024-01-23,0.0,-0.39203,-0.5009,flat
ALOKINDS.NS,2024-03-31,2024-04-19,0.0,-0.37878,-0.46299,flat
ALOKINDS.NS,2024-06-30,2024-07-22,0.0,-0.20452,-0.22014,flat
ALOKINDS.NS,2024-09-30,2024-10-21,0.0,-0.22866,-0.25349,flat
ALOKINDS.NS,2024-12-31,2025-01-21,0.0,-0.24279,-0.31972,flat
ALOKINDS.NS,2025-03-31,2025-04-21,0.0,-0.15604,-0.19057,flat
AMBER.NS,2021-12-31,2022-01-10,0.0,-0.46595,-0.4563,flat
AMBER.NS,2022-03-31,2022-04-11,0.0,-0.4934,-0.46283,flat
AMBER.NS,2022-06-30,2022-07-12,0.04,-0.09424,-0.32463,flat
AMBER.NS,2022-09-30,2022-10-18,0.0,0.32611,0.21291,flat
AMBER.NS,2022-12-31,2023-01-13,0.0,1.0427,0.77521,flat
AMBER.NS,2023-03-31,2023-04-13,0.0,1.03117,0.6449,flat
AMBER.NS,2023-06-30,2023-07-17,0.01,0.98289,0.59633,flat
AMBER.NS,2023-09-30,2023-10-11,-0.01,0.9678,0.65718,flat
AMBER.NS,2023-12-31,2024-01-16,0.0,0.8102,0.73499,flat
AMBER.NS,2024-03-31,2024-04-12,0.0,0.79608,0.73151,flat
AMBER.NS,2024-06-30,2024-07-15,-0.44,0.61871,0.6159,flat
AMBER.NS,2024-09-30,2024-10-10,-0.08,0.59241,0.60176,flat
AMBER.NS,2024-12-31,2025-01-17,-0.07,-0.1764,-0.22372,flat
AMBER.NS,2025-03-31,2025-04-21,0.0,0.21463,0.18011,flat
AMBUJACEM.NS,2021-12-31,2022-01-14,-0.05,0.31685,0.3366,flat
AMBUJACEM.NS,2022-03-31,2022-04-12,-0.02,0.05853,0.07851,flat
AMBUJACEM.NS,2022-06-30,2022-07-08,0.01,0.13727,-0.08284,flat
AMBUJACEM.NS,2022-09-30,2022-10-20,0.02,-0.18933,-0.29874,flat
AMBUJACEM.NS,2022-12-31,2023-01-09,0.0,-0.00222,-0.26355,flat
AMBUJACEM.NS,2023-03-31,2023-04-10,0.0,0.59543,0.21717,flat
AMBUJACEM.NS,2023-06-30,2023-07-19,-0.02,0.62653,0.23857,flat
AMBUJACEM.NS,2023-09-30,2023-10-20,-0.01,0.35152,0.03304,flat
AMBUJACEM.NS,2023-12-31,2024-01-15,0.0,0.03576,-0.04734,flat
AMBUJACEM.NS,2024-03-28,2024-04-01,3.55,-0.1524,-0.13352,bought
AMBUJACEM.NS,2024-03-31,2024-04-18,0.0,-0.10548,-0.18043,flat
AMBUJACEM.NS,2024-04-17,2024-04-24,3.59,-0.17752,-0.23904,bought
AMBUJACEM.NS,2024-06-30,2024-07-18,0.0,-0.09769,-0.10246,flat
AMBUJACEM.NS,2024-09-30,2024-10-14,-2.76,-0.03946,-0.03402,sold
AMBUJACEM.NS,2024-12-31,2025-01-13,0.0,0.12362,0.02334,flat
AMBUJACEM.NS,2025-03-31,2025-04-16,0.0,-0.19956,-0.25402,flat
ANANDRATHI.NS,2021-12-31,2022-01-20,0.0,0.40892,0.42123,flat
ANANDRATHI.NS,2022-03-31,2022-04-18,0.0,0.24282,0.24255,flat
ANANDRATHI.NS,2022-06-30,2022-07-15,0.0,0.69977,0.47679,flat
ANANDRATHI.NS,2022-09-30,2022-10-18,-0.08,1.63226,1.51906,flat
ANANDRATHI.NS,2022-12-31,2023-01-23,0.0,2.99367,2.70103,flat
ANANDRATHI.NS,2023-03-31,2023-04-20,0.0,3.69602,3.28318,flat
ANANDRATHI.NS,2023-06-30,2023-07-24,0.0,2.40823,2.0716,flat
ANANDRATHI.NS,2023-09-30,2023-10-11,-0.05,1.12682,0.8162,flat
ANANDRATHI.NS,2023-12-31,2024-01-09,-0.49,0.433,0.31888,flat
ANANDRATHI.NS,2024-03-31,2024-04-22,-0.17,-0.15056,-0.22529,flat
ANANDRATHI.NS,2024-06-30,2024-07-16,0.06,0.35149,0.34398,flat
ANANDRATHI.NS,2024-09-30,2024-10-16,-0.1,0.5571,0.55347,flat
ANANDRATHI.NS,2024-12-31,2025-01-21,0.0,0.51188,0.43494,flat
ANANDRATHI.NS,2025-03-06,2025-03-10,-0.72,0.71349,0.63203,sold
ANANDRATHI.NS,2025-03-31,2025-04-21,0.02,1.06126,1.02673,flat
ANANTRAJ.NS,2021-12-31,2022-01-19,0.0,0.50002,0.50545,flat
ANANTRAJ.NS,2022-03-31,2022-04-18,-0.05,1.23144,1.23116,flat
ANANTRAJ.NS,2022-06-30,2022-07-20,0.12,1.84991,1.65542,flat
ANANTRAJ.NS,2022-08-03,2022-08-16,-1.35,1.96622,1.85989,sold
ANANTRAJ.NS,2022-09-30,2022-10-24,-0.73,1.24959,1.14416,sold
ANANTRAJ.NS,2022-12-31,2023-01-23,0.0,1.73698,1.44434,flat
ANANTRAJ.NS,2023-03-31,2023-04-17,0.19,1.52969,1.12957,flat
ANANTRAJ.NS,2023-06-30,2023-07-12,0.0,1.83767,1.46027,flat
ANANTRAJ.NS,2023-09-30,2023-10-11,0.09,2.02388,1.71326,flat
ANANTRAJ.NS,2023-12-31,2024-01-12,-0.01,1.5547,1.47109,flat
ANANTRAJ.NS,2024-01-18,2024-01-24,-3.14,0.90424,0.79474,sold
ANANTRAJ.NS,2024-03-31,2024-04-10,-0.16,0.43093,0.37879,flat
ANANTRAJ.NS,2024-06-30,2024-07-10,0.0,0.20448,0.18396,flat
ANANTRAJ.NS,2024-09-30,2024-10-16,0.0,-0.17251,-0.17614,flat
ANANTRAJ.NS,2024-12-31,2025-01-13,0.0,-0.34194,-0.44222,flat
ANANTRAJ.NS,2025-03-31,2025-04-15,0.16,0.07223,0.00026,flat
ANGELONE.NS,2021-12-31,2022-01-14,-0.09,-0.0143,0.00545,flat
ANGELONE.NS,2022-03-31,2022-04-13,0.32,-0.25265,-0.2334,flat
ANGELONE.NS,2022-06-30,2022-07-21,-0.17,0.15358,-0.03397,flat
ANGELONE.NS,2022-09-30,2022-10-21,-0.12,0.64039,0.52468,flat
ANGELONE.NS,2022-12-31,2023-01-17,-0.03,1.36034,1.08004,flat
ANGELONE.NS,2023-03-31,2023-04-24,-5.2,1.24168,0.83784,sold
ANGELONE.NS,2023-06-30,2023-07-13,-0.18,0.23987,-0.1387,flat
ANGELONE.NS,2023-09-30,2023-10-19,-0.04,0.38959,0.07537,flat
ANGELONE.NS,2023-12-31,2024-01-11,-0.02,-0.32789,-0.42229,flat
ANGELONE.NS,2024-03-31,2024-04-18,-0.03,-0.15855,-0.2335,flat
ANGELONE.NS,2024-04-02,2024-05-02,-2.49,-0.15454,-0.18262,sold
ANGELONE.NS,2024-06-30,2024-07-22,-0.09,0.34288,0.32726,flat
ANGELONE.NS,2024-09-30,2024-10-15,-0.02,-0.21079,-0.20997,flat
ANGELONE.NS,2024-12-31,2025-01-17,-0.04,0.05242,0.0051,flat
ANGELONE.NS,2025-03-31,2025-04-11,-0.02,0.48705,0.37918,flat
ANURAS.NS,2021-12-31,2022-01-19,0.0,-0.39379,-0.38836,flat
ANURAS.NS,2022-03-31,2022-04-19,-0.22,0.33231,0.31675,flat
ANURAS.NS,2022-06-30,2022-07-22,-0.01,0.23401,0.04412,flat
ANURAS.NS,2022-09-30,2022-10-19,-0.01,0.09165,-0.00702,flat
ANURAS.NS,2022-12-31,2023-01-16,-4.2,0.43565,0.16859,sold
ANURAS.NS,2023-03-31,2023-04-21,-0.15,-0.20992,-0.62997,flat
ANURAS.NS,2023-06-30,2023-07-19,-0.04,-0.2089,-0.59687,flat
ANURAS.NS,2023-09-30,2023-10-20,-0.04,-0.13713,-0.45561,flat
ANURAS.NS,2023-12-31,2024-01-23,0.68,-0.28406,-0.39293,bought
ANURAS.NS,2024-03-31,2024-04-15,-0.15,-0.05678,-0.14266,flat
ANURAS.NS,2024-06-30,2024-07-15,-0.03,0.5269,0.52409,flat
ANURAS.NS,2024-09-30,2024-10-16,0.0,0.50612,0.50249,flat
ANURAS.NS,2024-12-31,2025-01-21,-0.05,0.75152,0.67459,flat
ANURAS.NS,2025-03-31,2025-04-21,0.0,0.63601,0.60148,flat
APARINDS.NS,2021-12-31,2022-01-17,0.0,1.18047,1.20792,flat
APARINDS.NS,2022-03-31,2022-04-18,0.11,3.15851,3.15824,flat
APARINDS.NS,2022-06-30,2022-07-21,0.07,2.96777,2.78023,flat
APARINDS.NS,2022-09-30,2022-10-19,0.0,2.4072,2.30852,flat
APARINDS.NS,2022-12-31,2023-01-23,0.0,3.07981,2.78717,flat
APARINDS.NS,2023-03-31,2023-04-19,0.0,1.98465,1.57169,flat
APARINDS.NS,2023-06-30,2023-07-21,0.0,1.36024,0.9843,flat
APARINDS.NS,2023-09-30,2023-10-23,0.0,0.95015,0.59874,flat
APARINDS.NS,2023-11-30,2023-12-11,-2.87,0.89219,0.68005,sold
APARINDS.NS,2023-12-31,2024-01-23,0.0,0.3969,0.28803,flat
APARINDS.NS,2024-03-31,2024-04-22,0.0,-0.231,-0.30573,flat
APARINDS.NS,2024-06-30,2024-07-22,0.0,0.12382,0.10819,flat
APARINDS.NS,2024-09-30,2024-10-17,0.0,-0.15892,-0.17513,flat
APARINDS.NS,2024-12-31,2025-01-21,0.0,-0.26696,-0.34389,flat
APARINDS.NS,2025-03-31,2025-04-21,0.0,1.39747,1.36294,flat
APLAPOLLO.NS,2021-12-31,2022-01-12,-2.3,0.25807,0.27541,sold
APLAPOLLO.NS,2022-03-31,2022-04-20,-0.02,0.16579,0.15608,flat
APLAPOLLO.NS,2022-06-30,2022-07-11,0.0,0.51971,0.30474,flat
APLAPOLLO.NS,2022-09-30,2022-10-24,0.0,0.42771,0.32229,flat
APLAPOLLO.NS,2022-11-09,2022-11-21,-3.35,0.51341,0.36536,sold
APLAPOLLO.NS,2022-12-31,2023-01-17,-0.02,0.34485,0.06455,flat
APLAPOLLO.NS,2023-03-31,2023-04-17,0.0,0.30612,-0.09401,flat
APLAPOLLO.NS,2023-06-30,2023-07-17,-0.53,0.09632,-0.29025,sold
APLAPOLLO.NS,2023-09-30,2023-10-13,-0.95,-0.12532,-0.4357,sold
APLAPOLLO.NS,2023-12-31,2024-01-18,-0.1,-0.00785,-0.08563,flat
APLAPOLLO.NS,2024-03-31,2024-04-12,-0.13,0.05218,-0.01239,flat
APLAPOLLO.NS,2024-06-30,2024-07-15,-1.11,0.07905,0.07624,sold
APLAPOLLO.NS,2024-09-30,2024-10-07,-0.01,0.11627,0.10955,flat
APLAPOLLO.NS,2024-12-31,2025-01-07,-0.01,0.19979,0.14748,flat
APLAPOLLO.NS,2025-03-31,2025-04-15,0.0,0.29727,0.2253,flat
APLLTD.NS,2021-12-31,2022-01-10,0.0,-0.31553,-0.30588,flat
APLLTD.NS,2022-03-31,2022-04-08,0.13,-0.29352,-0.26449,flat
APLLTD.NS,2022-06-30,2022-07-08,0.0,-0.08273,-0.30284,flat
APLLTD.NS,2022-09-30,2022-10-12,0.0,0.41496,0.24543,flat
APLLTD.NS,2022-12-31,2023-01-19,0.0,0.73909,0.45488,flat
APLLTD.NS,2023-03-31,2023-04-10,0.0,0.8573,0.47905,flat
APLLTD.NS,2023-06-30,2023-07-10,0.0,0.76658,0.38063,flat
APLLTD.NS,2023-09-30,2023-10-11,0.0,0.36072,0.0501,flat
APLLTD.NS,2023-12-31,2024-01-11,0.0,0.24514,0.15074,flat
APLLTD.NS,2024-03-31,2024-04-12,0.0,-0.11922,-0.1838,flat
APLLTD.NS,2024-06-30,2024-07-11,0.0,0.03779,0.01748,flat
APLLTD.NS,2024-09-30,2024-10-11,0.0,-0.19452,-0.19251,flat
APLLTD.NS,2024-12-31,2025-01-21,0.0,-0.25026,-0.3272,flat
APLLTD.NS,2025-03-31,2025-04-21,0.06,-0.09628,-0.13081,flat
APOLLOHOSP.NS,2021-12-31,2022-01-10,-0.49,-0.14172,-0.13207,flat
APOLLOHOSP.NS,2022-03-31,2022-04-08,0.0,-0.05422,-0.02519,flat
APOLLOHOSP.NS,2022-06-30,2022-07-07,0.0,0.32634,0.10842,flat
APOLLOHOSP.NS,2022-09-30,2022-10-13,0.0,0.1751,-7e-05,flat
APOLLOHOSP.NS,2022-12-31,2023-01-06,0.0,0.35008,0.05179,flat
APOLLOHOSP.NS,2023-03-31,2023-04-11,0.0,0.46459,0.08068,flat
APOLLOHOSP.NS,2023-06-30,2023-07-11,0.0,0.22145,-0.152,flat
APOLLOHOSP.NS,2023-09-30,2023-10-06,0.0,0.38459,0.03282,flat
APOLLOHOSP.NS,2023-12-31,2024-01-08,0.0,0.19786,0.07957,flat
APOLLOHOSP.NS,2024-03-31,2024-04-09,0.0,0.0906,0.04775,flat
APOLLOHOSP.NS,2024-06-30,2024-07-10,0.0,0.15787,0.13735,flat
APOLLOHOSP.NS,2024-09-30,2024-10-10,0.0,0.12826,0.13762,flat
APOLLOHOSP.NS,2024-12-31,2025-01-17,0.0,-0.00099,-0.04831,flat
APOLLOHOSP.NS,2025-03-31,2025-04-11,0.01,0.13288,0.02501,flat
APOLLOTYRE.NS,2021-09-30,2021-10-19,-4.41,0.23458,0.27006,sold
APOLLOTYRE.NS,2021-12-31,2022-01-20,0.0,0.44985,0.46216,flat
APOLLOTYRE.NS,2022-03-31,2022-04-20,0.0,0.7531,0.74339,flat
APOLLOTYRE.NS,2022-06-30,2022-07-20,0.0,0.9974,0.80291,flat
APOLLOTYRE.NS,2022-09-30,2022-10-19,0.0,0.30588,0.20721,flat
APOLLOTYRE.NS,2022-12-31,2023-01-23,0.0,0.72539,0.43275,flat
APOLLOTYRE.NS,2023-03-31,2023-04-20,0.0,0.54038,0.12754,flat
APOLLOTYRE.NS,2023-06-30,2023-07-19,0.0,0.33781,-0.05015,flat
APOLLOTYRE.NS,2023-09-30,2023-10-18,0.0,0.31865,0.00436,flat
APOLLOTYRE.NS,2023-12-31,2024-01-17,0.0,-0.10044,-0.17348,flat
APOLLOTYRE.NS,2024-03-31,2024-04-18,0.02,-0.01374,-0.0887,flat
APOLLOTYRE.NS,2024-06-30,2024-07-10,0.0,-0.12027,-0.14079,flat
APOLLOTYRE.NS,2024-09-30,2024-10-22,0.0,0.02575,-0.018,flat
APOLLOTYRE.NS,2024-12-31,2025-01-20,0.0,0.13533,0.08901,flat
APOLLOTYRE.NS,2025-03-31,2025-04-21,0.0,-0.06431,-0.09884,flat
APTUS.NS,2021-12-31,2022-01-13,-0.16,-0.16979,-0.15359,flat
APTUS.NS,2022-03-31,2022-04-19,0.0,-0.27276,-0.28831,flat
APTUS.NS,2022-06-30,2022-07-20,0.0,-0.02256,-0.21705,flat
APTUS.NS,2022-09-30,2022-10-19,-0.14,-0.10685,-0.20552,flat
APTUS.NS,2022-12-31,2023-01-09,0.0,0.12552,-0.13581,flat
APTUS.NS,2023-03-31,2023-04-20,-0.01,0.29907,-0.11377,flat
APTUS.NS,2023-06-30,2023-07-21,0.0,0.17889,-0.19706,flat
APTUS.NS,2023-09-30,2023-10-23,-0.08,0.25093,-0.10048,flat
APTUS.NS,2023-12-31,2024-01-19,-0.03,-0.20239,-0.286,flat
APTUS.NS,2024-03-31,2024-04-22,-1.0,0.04091,-0.03382,sold
APTUS.NS,2024-06-30,2024-07-12,-7.12,0.06508,0.05104,sold
APTUS.NS,2024-09-30,2024-10-18,-0.06,-0.134,-0.14449,flat
APTUS.NS,2024-12-31,2025-01-21,-0.93,-0.04091,-0.11785,sold
APTUS.NS,2025-03-31,2025-04-17,0.0,-0.18203,-0.2346,flat
ARVINDFASN.NS,2021-12-31,2022-01-19,-0.03,0.00646,0.01188,flat
ARVINDFASN.NS,2022-01-21,2022-01-31,0.0,-0.0052,-0.00794,flat
ARVINDFASN.NS,2022-03-31,2022-04-22,-0.01,-0.02791,-0.04971,flat
ARVINDFASN.NS,2022-06-30,2022-07-20,-0.04,0.1325,-0.06199,flat
ARVINDFASN.NS,2022-08-29,2022-09-06,-0.03,0.18041,0.02757,flat
ARVINDFASN.NS,2022-09-30,2022-10-21,-0.01,-0.00876,-0.12447,flat
ARVINDFASN.NS,2022-12-31,2023-01-23,-0.01,0.57312,0.28048,flat
ARVINDFASN.NS,2023-03-31,2023-04-20,-0.01,0.63941,0.22658,flat
ARVINDFASN.NS,2023-06-30,2023-07-20,0.0,0.56042,0.18113,flat
ARVINDFASN.NS,2023-09-30,2023-10-19,-0.02,0.55001,0.23579,flat
ARVINDFASN.NS,2023-12-31,2024-01-18,-0.02,-0.0195,-0.09727,flat
ARVINDFASN.NS,2024-03-31,2024-04-18,0.0,-0.07127,-0.14622,flat
ARVINDFASN.NS,2024-06-30,2024-07-16,-1.57,-0.01818,-0.02569,sold
ARVINDFASN.NS,2024-09-30,2024-10-11,-0.01,-0.15153,-0.14952,flat
ARVINDFASN.NS,2024-12-31,2025-01-13,-0.01,-0.08497,-0.18525,flat
ARVINDFASN.NS,2025-03-31,2025-04-22,0.0,0.0081,-0.02748,flat
ASAHIINDIA.NS,2021-12-31,2022-01-21,0.0,-0.14542,-0.12527,flat
ASAHIINDIA.NS,2022-03-31,2022-04-22,0.0,0.05083,0.02903,flat
ASAHIINDIA.NS,2022-06-30,2022-07-22,0.0,-0.01693,-0.20682,flat
ASAHIINDIA.NS,2022-09-30,2022-10-24,0.0,-0.08375,-0.18918,flat
ASAHIINDIA.NS,2022-12-31,2023-01-23,0.0,0.03022,-0.26242,flat
ASAHIINDIA.NS,2023-03-31,2023-04-24,0.0,0.33144,-0.07241,flat
ASAHIINDIA.NS,2023-06-30,2023-07-24,0.0,0.08346,-0.25317,flat
ASAHIINDIA.NS,2023-09-30,2023-10-23,0.0,0.35616,0.00475,flat
ASAHIINDIA.NS,2023-12-31,2024-01-23,-0.01,0.16679,0.05792,flat
ASAHIINDIA.NS,2024-03-31,2024-04-22,0.0,0.29131,0.21658,flat
ASAHIINDIA.NS,2024-06-30,2024-07-19,0.0,0.38723,0.36208,flat
ASAHIINDIA.NS,2024-09-30,2024-10-21,0.0,0.3539,0.32907,flat
ASAHIINDIA.NS,2024-12-31,2025-01-21,0.0,0.51958,0.44265,flat
ASAHIINDIA.NS,2025-03-31,2025-04-21,-0.03,0.29402,0.25949,flat
ASHOKA.NS,2021-12-31,2022-01-18,0.0,-0.12917,-0.11827,flat
ASHOKA.NS,2022-03-31,2022-04-11,0.0,-0.09367,-0.06309,flat
ASHOKA.NS,2022-06-30,2022-07-14,0.0,0.2448,0.01115,flat
ASHOKA.NS,2022-09-30,2022-10-21,0.0,0.77485,0.65914,flat
ASHOKA.NS,2022-12-31,2023-01-10,0.0,0.77355,0.5067,flat
ASHOKA.NS,2023-03-31,2023-04-17,0.0,1.00685,0.60672,flat
ASHOKA.NS,2023-06-30,2023-07-14,0.0,1.84695,1.45766,flat
ASHOKA.NS,2023-09-30,2023-10-18,0.0,0.64743,0.33314,flat
ASHOKA.NS,2023-12-31,2024-01-17,0.0,0.57801,0.50497,flat
ASHOKA.NS,2024-03-31,2024-04-22,0.0,0.10317,0.02844,flat
ASHOKA.NS,2024-06-30,2024-07-15,0.0,-0.12025,-0.12306,flat
ASHOKA.NS,2024-09-30,2024-10-21,0.0,-0.1903,-0.21513,flat
ASHOKA.NS,2024-12-31,2025-01-17,0.0,-0.49716,-0.54448,flat
ASHOKA.NS,2025-03-31,2025-04-16,0.0,-0.31513,-0.36959,flat
ASHOKLEY.NS,2021-12-31,2022-01-18,0.0,0.09551,0.10642,flat
ASHOKLEY.NS,2022-03-31,2022-04-18,0.0,0.07688,0.07661,flat
ASHOKLEY.NS,2022-06-30,2022-07-20,0.0,0.2445,0.05001,flat
ASHOKLEY.NS,2022-09-30,2022-10-20,0.0,0.18023,0.07082,flat
ASHOKLEY.NS,2022-12-31,2023-01-18,-0.01,0.19003,-0.07557,flat
ASHOKLEY.NS,2023-03-31,2023-04-19,0.0,0.40702,-0.00594,flat
ASHOKLEY.NS,2023-06-30,2023-07-18,0.0,0.50422,0.11488,flat
ASHOKLEY.NS,2023-09-30,2023-10-18,0.0,0.21957,-0.09472,flat
ASHOKLEY.NS,2023-12-31,2024-01-18,0.0,0.22482,0.14705,flat
ASHOKLEY.NS,2024-03-31,2024-04-18,-0.01,0.33826,0.2633,flat
ASHOKLEY.NS,2024-06-30,2024-07-18,0.0,0.11548,0.11071,flat
ASHOKLEY.NS,2024-09-30,2024-10-17,0.0,0.28961,0.2734,flat
ASHOKLEY.NS,2024-12-31,2025-01-20,0.0,0.8903,0.84398,flat
ASHOKLEY.NS,2025-03-31,2025-04-17,0.0,0.58427,0.5317,flat
ASIANPAINT.NS,2021-12-31,2022-01-19,-0.16,-0.13703,-0.13161,flat
ASIANPAINT.NS,2022-03-31,2022-04-22,0.0,-0.0762,-0.098,flat
ASIANPAINT.NS,2022-06-30,2022-07-22,0.0,0.10998,-0.07991,flat
ASIANPAINT.NS,2022-09-30,2022-10-24,0.0,-0.03256,-0.13799,flat
ASIANPAINT.NS,2022-12-31,2023-01-20,0.0,0.05962,-0.22898,flat
ASIANPAINT.NS,2023-03-31,2023-04-19,0.0,0.02941,-0.38355,flat
ASIANPAINT.NS,2023-06-30,2023-07-20,0.0,-0.11095,-0.49024,flat
ASIANPAINT.NS,2023-09-30,2023-10-23,0.0,-0.03207,-0.38348,flat
ASIANPAINT.NS,2023-12-31,2024-01-17,0.0,-0.29766,-0.3707,flat
ASIANPAINT.NS,2024-03-31,2024-04-19,0.0,-0.11692,-0.20113,flat
ASIANPAINT.NS,2024-06-30,2024-07-16,0.0,-0.19265,-0.20016,flat
ASIANPAINT.NS,2024-09-30,2024-10-21,0.0,-0.1649,-0.18973,flat
ASIANPAINT.NS,2024-12-31,2025-01-16,0.0,0.23353,0.17393,flat
ASIANPAINT.NS,2025-03-31,2025-04-21,0.0,0.01808,-0.01645,flat
ASTERDM.NS,2021-12-31,2022-01-07,0.0,0.19424,0.19874,flat
ASTERDM.NS,2022-03-31,2022-04-19,0.0,0.38916,0.37361,flat
ASTERDM.NS,2022-06-30,2022-07-13,0.0,0.6,0.35846,flat
ASTERDM.NS,2022-09-30,2022-10-17,0.0,0.36225,0.22925,flat
ASTERDM.NS,2022-12-31,2023-01-20,0.0,0.96409,0.67549,flat
ASTERDM.NS,2023-03-31,2023-04-20,4.0,0.77418,0.36135,bought
ASTERDM.NS,2023-06-30,2023-07-14,0.0,0.36186,-0.02742,flat
ASTERDM.NS,2023-09-30,2023-10-17,0.0,0.73463,0.43795,flat
ASTERDM.NS,2023-12-31,2024-01-18,0.0,0.42392,0.34615,flat
ASTERDM.NS,2024-03-31,2024-04-22,0.0,0.31238,0.23765,flat
ASTERDM.NS,2024-06-30,2024-07-22,0.0,0.83909,0.82347,flat
ASTERDM.NS,2024-09-30,2024-10-22,0.0,0.7458,0.70205,flat
ASTERDM.NS,2024-12-31,2025-01-22,0.0,0.09389,0.01265,flat
ASTERDM.NS,2025-03-31,2025-04-21,0.01,0.4104,0.37587,flat
ASTERDM.NS,2025-04-29,2025-04-30,-1.51,0.47915,0.42987,sold
ASTRAL.NS,2021-09-30,2021-10-21,-0.01,-0.09465,-0.07894,flat
ASTRAL.NS,2021-12-31,2022-01-20,0.0,-0.18925,-0.17693,flat
ASTRAL.NS,2022-03-31,2022-04-18,0.0,-0.114,-0.11427,flat
ASTRAL.NS,2022-06-30,2022-07-20,0.0,0.43982,0.24533,flat
ASTRAL.NS,2022-09-30,2022-10-21,0.12,0.21735,0.10164,flat
ASTRAL.NS,2022-12-31,2023-01-16,0.0,0.21716,-0.04991,flat
ASTRAL.NS,2023-03-15,2023-03-23,0.0,0.54643,0.11174,flat
ASTRAL.NS,2023-03-31,2023-04-17,0.0,0.38523,-0.01489,flat
ASTRAL.NS,2023-06-30,2023-07-20,0.0,0.15057,-0.22872,flat
ASTRAL.NS,2023-09-30,2023-10-20,0.0,-0.03721,-0.35569,flat
ASTRAL.NS,2023-12-31,2024-01-18,-1.75,-0.17704,-0.25481,sold
ASTRAL.NS,2024-03-31,2024-04-18,0.0,-0.32255,-0.39751,flat
ASTRAL.NS,2024-06-30,2024-07-16,0.0,-0.33647,-0.34398,flat
ASTRAL.NS,2024-09-30,2024-10-17,0.0,-0.21642,-0.23263,flat
ASTRAL.NS,2024-12-31,2025-01-21,0.0,-0.00531,-0.08224,flat
ASTRAL.NS,2025-03-31,2025-04-21,0.0,0.16188,0.12735,flat
ASTRAZEN.NS,2021-12-31,2022-01-21,0.0,0.12885,0.149,flat
ASTRAZEN.NS,2022-03-31,2022-04-21,0.0,0.15439,0.15299,flat
ASTRAZEN.NS,2022-06-30,2022-07-21,0.0,0.30361,0.11607,flat
ASTRAZEN.NS,2022-09-30,2022-10-19,0.0,0.48909,0.39042,flat
ASTRAZEN.NS,2022-12-31,2023-01-16,0.0,0.8378,0.57074,flat
ASTRAZEN.NS,2023-03-31,2023-04-18,0.0,0.70487,0.30597,flat
ASTRAZEN.NS,2023-06-30,2023-07-20,0.0,0.83258,0.45329,flat
ASTRAZEN.NS,2023-09-30,2023-10-18,0.0,0.55267,0.23838,flat
ASTRAZEN.NS,2023-12-31,2024-01-17,0.0,0.11409,0.04105,flat
ASTRAZEN.NS,2024-03-31,2024-04-16,0.0,0.70248,0.61642,flat
ASTRAZEN.NS,2024-06-30,2024-07-19,0.0,0.41246,0.38731,flat
ASTRAZEN.NS,2024-09-30,2024-10-21,0.0,0.26395,0.23912,flat
ASTRAZEN.NS,2024-12-31,2025-01-21,0.0,0.25639,0.17946,flat
ASTRAZEN.NS,2025-03-31,2025-04-21,0.0,-0.0267,-0.06123,flat
ATGL.NS,2021-12-31,2022-01-24,0.0,0.31523,0.30556,flat
ATGL.NS,2022-03-31,2022-04-22,0.0,-0.60833,-0.63014,flat
ATGL.NS,2022-06-30,2022-07-22,0.0,-0.76899,-0.95889,flat
ATGL.NS,2022-09-30,2022-10-24,0.0,-0.82722,-0.93265,flat
ATGL.NS,2022-12-31,2023-01-23,0.0,-0.74376,-1.0364,flat
ATGL.NS,2023-03-31,2023-04-11,0.0,-0.03421,-0.41811,flat
ATGL.NS,2023-06-30,2023-07-24,0.0,0.35838,0.02176,flat
ATGL.NS,2023-09-30,2023-10-23,0.0,0.2617,-0.08971,flat
ATGL.NS,2023-12-31,2024-01-15,0.0,-0.37797,-0.46107,flat
ATGL.NS,2024-03-31,2024-04-08,0.0,-0.37096,-0.39907,flat
ATGL.NS,2024-06-30,2024-07-15,0.0,-0.27011,-0.27292,flat
ATGL.NS,2024-09-30,2024-10-10,0.0,-0.18264,-0.17329,flat
ATGL.NS,2024-12-31,2025-01-16,0.0,-0.18586,-0.24546,flat
ATGL.NS,2025-03-31,2025-04-11,0.0,0.06297,-0.0449,flat
ATUL.NS,2021-12-31,2022-01-07,0.0,-0.17194,-0.16745,flat
ATUL.NS,2022-03-31,2022-04-18,0.0,-0.28271,-0.28298,flat
ATUL.NS,2022-06-30,2022-07-13,0.11,-0.21217,-0.45371,flat
ATUL.NS,2022-12-31,2023-01-11,0.01,-0.14104,-0.42239,flat
ATUL.NS,2023-03-31,2023-04-12,0.0,-0.15955,-0.54178,flat
ATUL.NS,2023-06-30,2023-07-14,0.0,0.15412,-0.23517,flat
ATUL.NS,2023-09-30,2023-10-13,0.0,0.10497,-0.2054,flat
ATUL.NS,2023-12-31,2024-01-12,0.01,-0.00936,-0.09297,flat
ATUL.NS,2024-03-31,2024-04-18,0.1,0.09363,0.01867,flat
ATUL.NS,2024-06-30,2024-07-15,0.0,-0.01206,-0.01488,flat
ATUL.NS,2024-09-30,2024-10-11,0.0,-0.25876,-0.25675,flat
ATUL.NS,2024-12-31,2025-01-20,0.0,-0.12941,-0.17573,flat
ATUL.NS,2025-03-31,2025-04-15,0.01,0.19948,0.12751,flat
AUBANK.NS,2021-12-31,2022-01-21,-0.06,-0.03801,-0.01785,flat
AUBANK.NS,2022-03-31,2022-04-20,-0.1,-0.09318,-0.10289,flat
AUBANK.NS,2022-06-12,2022-06-14,-0.02,0.27409,0.06408,flat
AUBANK.NS,2022-06-30,2022-07-12,0.0,0.33627,0.10588,flat
AUBANK.NS,2022-08-09,2022-08-10,-1.46,0.08396,-0.03725,sold
AUBANK.NS,2022-09-30,2022-10-21,-1.17,0.15099,0.03528,sold
AUBANK.NS,2022-12-31,2023-01-23,-0.03,-0.01728,-0.30992,flat
AUBANK.NS,2023-03-31,2023-04-24,-0.01,-0.02719,-0.43103,flat
AUBANK.NS,2023-06-30,2023-07-19,-0.01,-0.15894,-0.5469,flat
AUBANK.NS,2023-09-30,2023-10-18,-0.04,-0.11636,-0.43065,flat
AUBANK.NS,2023-12-31,2024-01-19,-0.03,-0.18295,-0.26656,flat
AUBANK.NS,2024-03-31,2024-04-04,-0.01,-0.10141,-0.10568,flat
AUBANK.NS,2024-04-01,2024-04-04,-2.52,-0.10141,-0.10568,sold
AUBANK.NS,2024-06-30,2024-07-19,-0.01,0.16414,0.13899,flat
AUBANK.NS,2024-09-30,2024-10-21,-0.02,0.30145,0.27661,flat
AUBANK.NS,2024-12-31,2025-01-20,-0.02,0.59198,0.54565,flat
AUBANK.NS,2025-03-31,2025-04-21,-0.01,0.64218,0.60765,flat
AUROPHARMA.NS,2021-12-31,2022-01-18,0.0,-0.32613,-0.31523,flat
AUROPHARMA.NS,2022-03-31,2022-04-18,0.0,-0.11169,-0.11196,flat
AUROPHARMA.NS,2022-06-30,2022-07-19,0.0,0.42637,0.21832,flat
AUROPHARMA.NS,2022-09-30,2022-10-21,0.0,0.65272,0.53701,flat
AUROPHARMA.NS,2022-12-31,2023-01-18,0.0,1.62792,1.36232,flat
AUROPHARMA.NS,2023-03-31,2023-04-17,0.0,0.98423,0.58411,flat
AUROPHARMA.NS,2023-06-30,2023-07-20,0.0,0.86281,0.48352,flat
AUROPHARMA.NS,2023-09-30,2023-10-17,0.0,0.58656,0.28988,flat
AUROPHARMA.NS,2023-12-31,2024-01-09,0.0,0.05399,-0.06013,flat
AUROPHARMA.NS,2024-03-31,2024-04-08,0.0,0.01174,-0.01637,flat
AUROPHARMA.NS,2024-06-30,2024-07-10,-0.03,-0.13843,-0.15895,flat
AUROPHARMA.NS,2024-09-30,2024-10-15,0.02,-0.2544,-0.25357,flat
AUROPHARMA.NS,2024-12-31,2025-01-14,0.0,-0.02428,-0.09251,flat
AUROPHARMA.NS,2025-03-31,2025-04-16,0.0,0.25208,0.19762,flat
AVANTIFEED.NS,2021-12-31,2022-01-12,0.0,-0.34553,-0.32818,flat
AVANTIFEED.NS,2022-03-31,2022-04-11,0.0,-0.22096,-0.19038,flat
AVANTIFEED.NS,2022-06-30,2022-07-11,0.0,-0.08762,-0.30258,flat
AVANTIFEED.NS,2022-09-30,2022-10-20,-0.4,-0.11128,-0.22069,flat
AVANTIFEED.NS,2022-12-31,2023-01-23,0.0,0.43935,0.14671,flat
AVANTIFEED.NS,2023-03-31,2023-04-18,0.0,0.46674,0.06784,flat
AVANTIFEED.NS,2023-06-30,2023-07-21,0.0,0.78132,0.40537,flat
AVANTIFEED.NS,2023-09-30,2023-10-16,0.0,0.29459,0.00102,flat
AVANTIFEED.NS,2023-12-31,2024-01-09,0.0,0.52554,0.41142,flat
AVANTIFEED.NS,2024-03-31,2024-04-22,-0.03,0.75453,0.67981,flat
AVANTIFEED.NS,2024-06-30,2024-07-19,-0.02,0.24605,0.2209,flat
AVANTIFEED.NS,2024-09-30,2024-10-15,0.0,0.10237,0.10319,flat
AVANTIFEED.NS,2024-12-31,2025-01-13,0.0,0.36675,0.26646,flat
AVANTIFEED.NS,2025-03-31,2025-04-09,0.0,0.9532,0.82128,flat
AWL.NS,2022-03-31,2022-04-18,0.0,-0.4016,-0.40188,flat
AWL.NS,2022-06-30,2022-07-11,0.0,-0.34259,-0.55755,flat
AWL.NS,2022-09-30,2022-10-20,0.0,-0.52213,-0.63154,flat
AWL.NS,2022-12-31,2023-01-13,0.0,-0.39002,-0.65751,flat
AWL.NS,2023-03-31,2023-04-11,0.0,-0.18709,-0.57099,flat
AWL.NS,2023-06-30,2023-07-17,0.0,-0.14406,-0.53063,flat
AWL.NS,2023-09-30,2023-10-17,0.0,-0.051,-0.34768,flat
AWL.NS,2023-12-31,2024-01-12,-0.07,-0.27271,-0.35633,flat
AWL.NS,2024-03-31,2024-04-12,0.0,-0.17809,-0.24267,flat
AWL.NS,2024-06-30,2024-07-12,0.0,-0.17111,-0.18515,flat
AWL.NS,2024-09-30,2024-10-11,0.0,-0.21129,-0.20928,flat
AWL.NS,2024-12-31,2025-01-14,0.0,-0.21333,-0.28156,flat
AWL.NS,2025-01-13,2025-02-28,-13.51,-0.27276,-0.3966,sold
AWL.NS,2025-02-14,2025-03-03,0.0,-0.26088,-0.3687,flat
AWL.NS,2025-03-31,2025-04-15,0.0,-0.29606,-0.36803,flat
AXISBANK.NS,2021-12-31,2022-01-19,-1.93,0.24943,0.25486,sold
AXISBANK.NS,2022-03-31,2022-04-11,-0.01,0.11282,0.14339,flat
AXISBANK.NS,2022-06-30,2022-07-18,0.0,0.40757,0.1993,flat
AXISBANK.NS,2022-09-30,2022-10-21,-0.01,0.09974,-0.01597,flat
AXISBANK.NS,2022-12-31,2023-01-19,-1.5,0.1509,-0.13331,sold
AXISBANK.NS,2023-03-31,2023-04-11,-0.03,0.23641,-0.1475,flat
AXISBANK.NS,2023-06-30,2023-07-20,0.03,0.19972,-0.17957,flat
AXISBANK.NS,2023-09-30,2023-10-18,0.03,0.19632,-0.11797,flat
AXISBANK.NS,2023-12-31,2024-01-23,-0.02,-0.09529,-0.20416,flat
AXISBANK.NS,2024-03-31,2024-04-12,0.02,0.13442,0.06984,flat
AXISBANK.NS,2024-06-30,2024-07-15,0.09,-0.15848,-0.1613,flat
AXISBANK.NS,2024-09-30,2024-10-11,-0.02,0.02121,0.02322,flat
AXISBANK.NS,2024-12-31,2025-01-13,-0.06,0.24713,0.14685,flat
AXISBANK.NS,2025-03-31,2025-04-11,-0.05,0.29172,0.18384,flat
BAJAJ-AUTO.NS,2021-12-31,2022-01-19,0.03,0.11294,0.11837,flat
BAJAJ-AUTO.NS,2022-03-31,2022-04-22,0.04,0.26243,0.24063,flat
BAJAJ-AUTO.NS,2022-06-30,2022-07-22,0.0,0.25349,0.06359,flat
BAJAJ-AUTO.NS,2022-09-30,2022-10-24,1.07,0.48025,0.37482,bought
BAJAJ-AUTO.NS,2022-12-31,2023-01-23,0.14,1.20086,0.90822,flat
BAJAJ-AUTO.NS,2023-03-31,2023-04-24,0.0,1.16619,0.76235,flat
BAJAJ-AUTO.NS,2023-06-30,2023-07-24,0.01,0.95835,0.62172,flat
BAJAJ-AUTO.NS,2023-09-30,2023-10-23,-0.01,0.8419,0.49049,flat
BAJAJ-AUTO.NS,2023-12-31,2024-01-08,-0.04,0.23881,0.12053,flat
BAJAJ-AUTO.NS,2024-03-31,2024-04-22,0.12,-0.07408,-0.14881,flat
BAJAJ-AUTO.NS,2024-06-30,2024-07-18,0.0,-0.11645,-0.12123,flat
BAJAJ-AUTO.NS,2024-09-30,2024-10-22,-0.02,-0.10429,-0.14804,flat
BAJAJ-AUTO.NS,2024-12-31,2025-01-22,0.0,0.15273,0.07149,flat
BAJAJ-AUTO.NS,2025-03-31,2025-04-22,0.0,0.20199,0.1664,flat
BAJAJCON.NS,2021-09-30,2021-10-21,0.0,-0.3251,-0.30938,flat
BAJAJCON.NS,2021-12-31,2022-01-21,0.0,-0.04216,-0.022,flat
BAJAJCON.NS,2022-03-31,2022-04-11,0.0,-0.11523,-0.08466,flat
BAJAJCON.NS,2022-06-30,2022-07-19,0.0,0.34349,0.13545,flat
BAJAJCON.NS,2022-09-30,2022-10-21,0.0,0.65282,0.53711,flat
BAJAJCON.NS,2022-12-31,2023-01-11,0.0,0.30243,0.02108,flat
BAJAJCON.NS,2023-03-31,2023-04-19,1.12,0.59195,0.17899,bought
BAJAJCON.NS,2023-04-18,2023-04-24,0.19,0.71046,0.30662,flat
BAJAJCON.NS,2023-06-30,2023-07-21,0.0,0.28712,-0.08883,flat
BAJAJCON.NS,2023-09-30,2023-10-12,0.0,-0.04884,-0.36006,flat
BAJAJCON.NS,2023-12-31,2024-01-19,0.0,-0.14062,-0.22422,flat
BAJAJCON.NS,2024-03-31,2024-04-16,-0.05,-0.23497,-0.32103,flat
BAJAJCON.NS,2024-06-30,2024-07-19,0.0,-0.10083,-0.12599,flat
BAJAJCON.NS,2024-09-30,2024-10-11,1.65,0.15262,0.15462,bought
BAJAJCON.NS,2024-12-31,2025-01-10,0.0,0.47218,0.39482,flat
BAJAJCON.NS,2025-03-31,2025-04-21,0.0,1.66014,1.62561,flat
BAJAJELEC.NS,2021-12-31,2022-01-20,-0.04,-0.06927,-0.05696,flat
BAJAJELEC.NS,2022-03-31,2022-04-20,-0.03,0.02722,0.01752,flat
BAJAJELEC.NS,2022-06-30,2022-07-19,-0.02,0.12569,-0.08236,flat
BAJAJELEC.NS,2022-09-30,2022-10-24,-0.05,-0.06499,-0.17042,flat
BAJAJELEC.NS,2022-12-31,2023-01-18,-0.02,-0.02308,-0.28868,flat
BAJAJELEC.NS,2023-03-31,2023-04-13,-0.03,-0.04106,-0.42733,flat
BAJAJELEC.NS,2023-06-30,2023-07-21,-0.01,-0.15421,-0.53016,flat
BAJAJELEC.NS,2023-09-30,2023-10-19,0.0,-0.20955,-0.52377,flat
BAJAJELEC.NS,2023-12-31,2024-01-19,0.0,-0.33945,-0.42305,flat
BAJAJELEC.NS,2024-03-31,2024-04-18,-0.05,-0.40953,-0.48449,flat
BAJAJELEC.NS,2024-06-30,2024-07-19,-0.02,-0.33739,-0.36254,flat
BAJAJELEC.NS,2024-09-30,2024-10-16,-0.03,-0.38373,-0.38737,flat
BAJAJELEC.NS,2024-12-31,2025-01-17,-0.03,-0.45288,-0.5002,flat
BAJAJELEC.NS,2025-03-31,2025-04-21,0.0,-0.27018,-0.30471,flat
BAJAJFINSV.NS,2021-09-30,2021-10-21,0.0,-0.12187,-0.10615,flat
BAJAJFINSV.NS,2021-12-31,2022-01-20,0.0,-0.23818,-0.22587,flat
BAJAJFINSV.NS,2022-03-31,2022-04-22,0.0,-0.12313,-0.14493,flat
BAJAJFINSV.NS,2022-06-30,2022-07-22,0.0,0.25381,0.06392,flat
BAJAJFINSV.NS,2022-09-30,2022-10-24,-0.05,-0.07723,-0.18265,flat
BAJAJFINSV.NS,2022-12-31,2023-01-23,0.0,0.23982,-0.05282,flat
BAJAJFINSV.NS,2023-03-31,2023-04-24,0.04,0.23369,-0.17015,flat
BAJAJFINSV.NS,2023-06-30,2023-07-21,0.0,-0.00513,-0.38108,flat
BAJAJFINSV.NS,2023-09-30,2023-10-23,-0.1,0.08843,-0.26298,flat
BAJAJFINSV.NS,2023-12-31,2024-01-23,0.0,0.10351,-0.00536,flat
BAJAJFINSV.NS,2024-03-31,2024-04-19,0.0,0.26683,0.18262,flat
BAJAJFINSV.NS,2024-06-30,2024-07-22,-0.05,0.24654,0.23091,flat
BAJAJFINSV.NS,2024-09-30,2024-10-18,0.0,0.18718,0.17669,flat
BAJAJFINSV.NS,2024-12-31,2025-01-21,0.0,0.1306,0.05367,flat
BAJAJFINSV.NS,2025-03-31,2025-04-21,0.0,-0.15385,-0.18838,flat
BAJAJHFL.NS,2024-09-30,2024-10-21,0.0,-0.19593,-0.22076,flat
BAJAJHFL.NS,2024-12-31,2025-01-20,0.0,-0.22411,-0.27043,flat
BAJAJHFL.NS,2025-03-31,2025-04-21,0.0,-0.31632,-0.35085,flat
BAJAJHLDNG.NS,2021-12-31,2022-01-21,0.41,0.1277,0.14786,flat
BAJAJHLDNG.NS,2022-03-31,2022-04-22,0.61,0.32157,0.29977,bought
BAJAJHLDNG.NS,2022-06-30,2022-07-20,0.11,0.59943,0.40494,flat
BAJAJHLDNG.NS,2022-09-30,2022-10-21,0.0,0.07428,-0.04143,flat
BAJAJHLDNG.NS,2022-12-31,2023-01-19,0.16,0.5059,0.22169,flat
BAJAJHLDNG.NS,2023-03-31,2023-04-21,0.1,0.2965,-0.12355,flat
BAJAJHLDNG.NS,2023-06-30,2023-07-20,0.0,0.28266,-0.09663,flat
BAJAJHLDNG.NS,2023-09-30,2023-10-20,0.0,0.46512,0.14664,flat
BAJAJHLDNG.NS,2023-12-31,2024-01-18,0.0,0.39055,0.31277,flat
BAJAJHLDNG.NS,2024-03-31,2024-04-18,0.0,0.55326,0.47831,flat
BAJAJHLDNG.NS,2024-06-30,2024-07-22,0.0,0.43093,0.41531,flat
BAJAJHLDNG.NS,2024-09-30,2024-10-17,0.0,0.27233,0.25612,flat
BAJAJHLDNG.NS,2024-12-31,2025-01-21,0.0,-0.00169,-0.07863,flat
BAJAJHLDNG.NS,2025-03-31,2025-04-21,0.0,-0.15475,-0.18928,flat
BAJFINANCE.NS,2021-12-31,2022-01-20,0.0,-0.22752,-0.2152,flat
BAJFINANCE.NS,2022-03-31,2022-04-21,-0.17,-0.12825,-0.12965,flat
BAJFINANCE.NS,2022-06-30,2022-07-20,0.0,0.20424,0.00975,flat
BAJFINANCE.NS,2022-09-30,2022-10-21,0.0,0.04757,-0.06814,flat
BAJFINANCE.NS,2022-12-31,2023-01-19,0.05,0.1463,-0.13791,flat
BAJFINANCE.NS,2023-03-31,2023-04-18,0.0,0.1427,-0.2562,flat
BAJFINANCE.NS,2023-06-30,2023-07-21,-0.04,-0.10855,-0.4845,flat
BAJFINANCE.NS,2023-09-30,2023-10-23,0.0,-0.10778,-0.45919,flat
BAJFINANCE.NS,2023-11-09,2023-11-15,-1.09,-0.07933,-0.36802,sold
BAJFINANCE.NS,2023-12-31,2024-01-23,0.0,0.12313,0.01426,flat
BAJFINANCE.NS,2024-03-31,2024-04-22,-0.09,0.25321,0.17848,flat
BAJFINANCE.NS,2024-06-30,2024-07-16,0.01,0.35188,0.34437,flat
BAJFINANCE.NS,2024-09-30,2024-10-21,0.0,0.60907,0.58423,flat
BAJFINANCE.NS,2024-12-31,2025-01-16,0.0,0.30675,0.24715,flat
BAJFINANCE.NS,2025-03-31,2025-04-17,0.03,0.01227,-0.04031,flat
BALAMINES.NS,2021-12-31,2022-01-11,0.0,-0.30485,-0.29036,flat
BALAMINES.NS,2022-03-31,2022-04-18,0.0,-0.31875,-0.31902,flat
BALAMINES.NS,2022-06-30,2022-07-18,0.0,-0.27384,-0.48211,flat
BALAMINES.NS,2022-09-30,2022-10-24,0.0,-0.33449,-0.43992,flat
BALAMINES.NS,2022-12-31,2023-01-17,0.0,-0.05515,-0.33545,flat
BALAMINES.NS,2023-03-31,2023-04-24,0.0,-0.01274,-0.41658,flat
BALAMINES.NS,2023-06-30,2023-07-17,0.0,0.09482,-0.29175,flat
BALAMINES.NS,2023-09-30,2023-10-23,0.0,0.02953,-0.32188,flat
BALAMINES.NS,2023-12-31,2024-01-11,0.0,-0.30183,-0.39623,flat
BALAMINES.NS,2024-03-31,2024-04-19,0.0,-0.4053,-0.48951,flat
BALAMINES.NS,2024-06-30,2024-07-22,0.0,-0.23597,-0.2516,flat
BALAMINES.NS,2024-09-30,2024-10-21,0.0,-0.34055,-0.36538,flat
BALAMINES.NS,2024-12-31,2025-01-20,0.0,-0.34031,-0.38664,flat
BALAMINES.NS,2025-03-31,2025-04-21,0.92,-0.00038,-0.03491,bought
BALKRISIND.NS,2021-12-31,2022-01-10,-0.01,-0.05862,-0.04898,flat
BALKRISIND.NS,2022-03-31,2022-04-18,0.0,-0.00807,-0.00835,flat
BALKRISIND.NS,2022-06-30,2022-07-19,0.0,0.10014,-0.1079,flat
BALKRISIND.NS,2022-09-30,2022-10-24,0.0,0.32125,0.21582,flat
BALKRISIND.NS,2022-12-31,2023-01-13,0.0,0.22397,-0.04352,flat
BALKRISIND.NS,2023-03-31,2023-04-17,0.0,0.15509,-0.24504,flat
BALKRISIND.NS,2023-06-30,2023-07-17,0.0,0.37452,-0.01205,flat
BALKRISIND.NS,2023-09-30,2023-10-11,0.0,0.1499,-0.16072,flat
BALKRISIND.NS,2023-12-31,2024-01-18,0.0,0.06215,-0.01562,flat
BALKRISIND.NS,2024-03-31,2024-04-15,0.0,0.0854,-0.00048,flat
BALKRISIND.NS,2024-06-30,2024-07-18,0.0,-0.12523,-0.13001,flat
BALKRISIND.NS,2024-09-30,2024-10-15,0.0,-0.24169,-0.24086,flat
BALKRISIND.NS,2024-12-31,2025-01-20,0.0,-0.10597,-0.15229,flat
BALKRISIND.NS,2025-03-31,2025-04-21,0.0,-0.12796,-0.16249,flat
BALMLAWRIE.NS,2021-12-31,2022-01-20,0.0,-0.03117,-0.01886,flat
BALMLAWRIE.NS,2022-03-31,2022-04-20,0.0,-0.03152,-0.04122,flat
BALMLAWRIE.NS,2022-06-30,2022-07-20,0.0,0.41303,0.21854,flat
BALMLAWRIE.NS,2022-09-30,2022-10-19,0.0,0.27818,0.17951,flat
BALMLAWRIE.NS,2022-12-31,2023-01-18,0.0,1.39928,1.13368,flat
BALMLAWRIE.NS,2023-03-31,2023-04-19,0.0,1.48542,1.07246,flat
BALMLAWRIE.NS,2023-06-30,2023-07-24,0.0,1.02617,0.68954,flat
BALMLAWRIE.NS,2023-09-30,2023-10-18,0.0,0.53104,0.21675,flat
BALMLAWRIE.NS,2023-12-31,2024-01-17,0.0,-0.24554,-0.31857,flat
BALMLAWRIE.NS,2024-03-31,2024-04-18,0.0,-0.20621,-0.28117,flat
BALMLAWRIE.NS,2024-06-30,2024-07-18,0.0,-0.18743,-0.1922,flat
BALMLAWRIE.NS,2024-09-30,2024-10-21,0.0,-0.16415,-0.18898,flat
BALMLAWRIE.NS,2024-12-31,2025-01-21,0.0,-0.15398,-0.23091,flat
BALMLAWRIE.NS,2025-03-31,2025-04-21,0.0,-0.0022,-0.03673,flat
BALRAMCHIN.NS,2021-10-26,2021-11-08,1.02,0.03153,0.02315,bought
BALRAMCHIN.NS,2021-12-31,2022-01-17,0.0,-0.11563,-0.08817,flat
BALRAMCHIN.NS,2022-03-31,2022-04-19,0.0,-0.12515,-0.14071,flat
BALRAMCHIN.NS,2022-06-30,2022-07-21,0.0,0.03032,-0.15723,flat
BALRAMCHIN.NS,2022-09-30,2022-10-24,0.0,0.23842,0.13299,flat
BALRAMCHIN.NS,2022-12-31,2023-01-18,0.01,-0.00568,-0.27128,flat
BALRAMCHIN.NS,2023-03-31,2023-04-20,0.47,-0.04398,-0.45681,flat
BALRAMCHIN.NS,2023-06-30,2023-07-21,0.0,0.23825,-0.13769,flat
BALRAMCHIN.NS,2023-09-30,2023-10-18,0.0,0.5274,0.21311,flat
BALRAMCHIN.NS,2023-12-31,2024-01-15,0.0,0.24556,0.16245,flat
BALRAMCHIN.NS,2024-03-31,2024-04-22,0.0,0.51966,0.44493,flat
BALRAMCHIN.NS,2024-06-30,2024-07-22,0.0,0.34608,0.33045,flat
BALRAMCHIN.NS,2024-09-30,2024-10-22,0.0,-0.21719,-0.26094,flat
BALRAMCHIN.NS,2024-12-31,2025-01-22,-0.03,-0.15513,-0.23637,flat
BALRAMCHIN.NS,2025-03-31,2025-04-22,0.0,-0.13106,-0.16664,flat
BANDHANBNK.NS,2021-12-31,2022-01-17,0.0,-0.21265,-0.18519,flat
BANDHANBNK.NS,2022-03-31,2022-04-18,0.0,-0.31845,-0.31873,flat
BANDHANBNK.NS,2022-06-30,2022-07-08,0.0,-0.20798,-0.4281,flat
BANDHANBNK.NS,2022-09-30,2022-10-21,0.0,-0.20271,-0.31842,flat
BANDHANBNK.NS,2022-12-31,2023-01-12,0.0,-0.05882,-0.31582,flat
BANDHANBNK.NS,2023-03-31,2023-04-17,0.0,-0.10102,-0.50115,flat
BANDHANBNK.NS,2023-06-30,2023-07-12,0.0,-0.14596,-0.52336,flat
BANDHANBNK.NS,2023-09-30,2023-10-16,-0.01,-0.30561,-0.59918,flat
BANDHANBNK.NS,2023-12-31,2024-01-16,0.0,-0.34724,-0.42246,flat
BANDHANBNK.NS,2024-03-31,2024-04-16,0.0,-0.01041,-0.09648,flat
BANDHANBNK.NS,2024-06-30,2024-07-19,0.0,-0.05003,-0.07518,flat
BANDHANBNK.NS,2024-09-30,2024-10-18,0.0,-0.10631,-0.1168,flat
BANDHANBNK.NS,2024-12-31,2025-01-16,0.0,-0.04901,-0.10861,flat
BANDHANBNK.NS,2025-03-31,2025-04-22,0.0,0.18732,0.15174,flat
BANKBARODA.NS,2021-12-31,2022-01-06,0.0,1.15598,1.15524,flat
BANKBARODA.NS,2022-03-31,2022-04-07,0.0,0.52399,0.54353,flat
BANKBARODA.NS,2022-06-30,2022-07-07,0.0,0.94585,0.72793,flat
BANKBARODA.NS,2022-09-30,2022-10-17,0.0,0.47645,0.34345,flat
BANKBARODA.NS,2022-12-31,2023-01-17,0.0,0.32691,0.04662,flat
BANKBARODA.NS,2023-03-31,2023-04-12,0.0,0.57221,0.18998,flat
BANKBARODA.NS,2023-06-30,2023-07-12,0.0,0.25012,-0.12728,flat
BANKBARODA.NS,2023-09-30,2023-10-11,0.0,0.15913,-0.15149,flat
BANKBARODA.NS,2023-12-31,2024-01-16,0.0,0.00107,-0.07415,flat
BANKBARODA.NS,2024-03-31,2024-04-15,0.0,-0.01113,-0.09702,flat
BANKBARODA.NS,2024-06-30,2024-07-16,0.0,-0.02487,-0.03238,flat
BANKBARODA.NS,2024-09-30,2024-10-15,0.0,0.15174,0.15256,flat
BANKBARODA.NS,2024-12-31,2025-01-10,0.0,0.4147,0.33734,flat
BANKBARODA.NS,2025-03-31,2025-04-11,0.0,0.25813,0.15026,flat
BANKINDIA.NS,2021-12-31,2022-01-04,0.0,0.87944,0.87087,flat
BANKINDIA.NS,2022-03-31,2022-04-06,0.0,0.54513,0.56951,flat
BANKINDIA.NS,2022-06-30,2022-07-20,0.0,0.8139,0.61941,flat
BANKINDIA.NS,2022-09-30,2022-10-19,0.0,0.90973,0.81106,flat
BANKINDIA.NS,2022-12-31,2023-01-11,0.0,0.46438,0.18303,flat
BANKINDIA.NS,2023-03-31,2023-04-13,0.0,0.92601,0.53974,flat
BANKINDIA.NS,2023-06-30,2023-07-18,0.0,0.62276,0.23343,flat
BANKINDIA.NS,2023-09-30,2023-10-17,0.0,-0.03374,-0.33042,flat
BANKINDIA.NS,2023-12-11,2023-12-13,-8.03,-0.06587,-0.2611,sold
BANKINDIA.NS,2023-12-31,2024-01-18,0.0,-0.16633,-0.2441,flat
BANKINDIA.NS,2024-03-31,2024-04-15,0.0,-0.13181,-0.21769,flat
BANKINDIA.NS,2024-06-30,2024-07-16,0.0,-0.03414,-0.04164,flat
BANKINDIA.NS,2024-09-30,2024-10-09,0.0,0.22234,0.23994,flat
BANKINDIA.NS,2024-12-31,2025-01-20,0.0,0.66312,0.6168,flat
BANKINDIA.NS,2025-03-31,2025-04-16,0.0,0.32308,0.26862,flat
BASF.NS,2021-12-31,2022-01-06,0.0,-0.06232,-0.06305,flat
BASF.NS,2022-03-31,2022-04-11,0.0,-0.17611,-0.14554,flat
BASF.NS,2022-06-30,2022-07-14,0.0,-0.04358,-0.27724,flat
BASF.NS,2022-09-30,2022-10-11,0.0,-0.08041,-0.26692,flat
BASF.NS,2022-12-31,2023-01-10,0.0,0.0768,-0.19005,flat
BASF.NS,2023-03-31,2023-04-12,0.0,0.52798,0.14575,flat
BASF.NS,2023-06-30,2023-07-13,0.0,1.39551,1.01694,flat
BASF.NS,2023-09-30,2023-10-10,0.0,2.04064,1.6962,flat
BASF.NS,2023-12-31,2024-01-10,0.0,0.61689,0.4995,flat
BASF.NS,2024-03-31,2024-04-10,0.0,0.23496,0.18282,flat
BASF.NS,2024-06-30,2024-07-12,0.0,-0.08908,-0.10312,flat
BASF.NS,2024-09-30,2024-10-15,0.0,-0.47298,-0.47215,flat
BASF.NS,2024-12-31,2025-01-07,0.0,-0.31535,-0.36766,flat
BASF.NS,2025-03-31,2025-04-09,0.0,-0.15505,-0.28697,flat
BATAINDIA.NS,2021-12-31,2022-01-14,0.0,-0.18502,-0.16527,flat
BATAINDIA.NS,2022-03-31,2022-04-18,0.0,-0.22667,-0.22695,flat
BATAINDIA.NS,2022-06-30,2022-07-21,-2.8,-0.03436,-0.2219,sold
BATAINDIA.NS,2022-09-30,2022-10-21,0.0,-0.12656,-0.24227,flat
BATAINDIA.NS,2022-12-31,2023-01-23,0.0,-0.06851,-0.36115,flat
BATAINDIA.NS,2023-03-31,2023-04-21,0.0,-0.07869,-0.49874,flat
BATAINDIA.NS,2023-06-30,2023-07-21,0.0,-0.02353,-0.39948,flat
BATAINDIA.NS,2023-09-30,2023-10-20,0.0,-0.1445,-0.46297,flat
BATAINDIA.NS,2023-12-31,2024-01-12,0.0,-0.17824,-0.26185,flat
BATAINDIA.NS,2024-03-31,2024-04-18,0.0,-0.08542,-0.16038,flat
BATAINDIA.NS,2024-06-30,2024-07-22,0.0,-0.20185,-0.21747,flat
BATAINDIA.NS,2024-09-30,2024-10-17,0.0,-0.18015,-0.19636,flat
BATAINDIA.NS,2024-12-31,2025-01-21,0.0,-0.33215,-0.40909,flat
BATAINDIA.NS,2025-03-31,2025-04-16,0.0,-0.39803,-0.45249,flat
BBTC.NS,2016-03-31,2016-04-22,0.0,1.3506,1.11126,flat
BBTC.NS,2016-06-30,2016-07-21,0.0,1.20992,0.99274,flat
BBTC.NS,2016-09-30,2016-10-19,0.0,1.49063,1.28319,flat
BBTC.NS,2016-12-31,2017-01-20,0.0,1.79134,1.42936,flat
BBTC.NS,2017-03-31,2017-04-20,0.0,0.68807,0.52848,flat
BBTC.NS,2017-06-30,2017-07-20,0.0,0.67329,0.57967,flat
BBTC.NS,2017-09-30,2017-10-18,0.0,-0.3113,-0.25441,flat
BBTC.NS,2017-12-31,2018-01-22,0.0,-0.24769,-0.15549,flat
BBTC.NS,2018-03-31,2018-04-23,0.0,-0.2274,-0.24437,flat
BBTC.NS,2018-06-30,2018-07-20,0.0,-0.45564,-0.41879,flat
BBTC.NS,2018-09-30,2018-10-19,0.0,0.00041,-0.12594,flat
BBTC.NS,2018-12-31,2019-01-17,0.02,-0.08026,-0.16296,flat
BBTC.NS,2019-03-31,2019-04-18,0.0,-0.34984,-0.12991,flat
BBTC.NS,2019-06-30,2019-07-22,0.0,0.43393,0.45685,flat
BBTC.NS,2019-09-30,2019-10-22,-0.21,0.01367,-0.02148,flat
BBTC.NS,2019-12-31,2020-01-22,0.21,0.09161,-0.08902,flat
BBTC.NS,2020-03-31,2020-05-12,0.01,0.42743,-0.2309,flat
BBTC.NS,2020-06-30,2020-07-22,0.0,-0.01127,-0.5229,flat
BBTC.NS,2020-09-30,2020-10-19,0.0,-0.10705,-0.6864,flat
BBTC.NS,2020-12-31,2021-01-22,0.0,-0.12321,-0.38193,flat
BBTC.NS,2021-03-31,2021-04-20,0.0,-0.11578,-0.3516,flat
BBTC.NS,2021-06-30,2021-07-20,0.0,-0.25257,-0.31066,flat
BBTC.NS,2021-09-30,2021-10-19,0.0,-0.22198,-0.1865,flat
BBTC.NS,2021-12-31,2022-01-20,0.0,-0.18166,-0.16935,flat
BBTC.NS,2022-03-31,2022-04-20,0.0,0.13485,0.12515,flat
BBTC.NS,2022-06-30,2022-07-18,0.0,0.19913,-0.00914,flat
BBTC.NS,2022-09-30,2022-10-21,0.0,0.59311,0.4774,flat
BBTC.NS,2022-12-31,2023-01-17,0.0,0.80787,0.52758,flat
BBTC.NS,2023-03-31,2023-04-20,0.0,0.70743,0.2946,flat
BBTC.NS,2023-06-30,2023-07-19,0.0,1.05728,0.66932,flat
BBTC.NS,2023-09-30,2023-10-20,0.0,0.95243,0.63395,flat
BBTC.NS,2023-12-31,2024-01-23,0.0,0.37087,0.262,flat
BBTC.NS,2024-03-31,2024-04-22,0.0,0.25679,0.18206,flat
BBTC.NS,2024-06-30,2024-07-19,0.0,-0.05908,-0.08423,flat
BBTC.NS,2024-09-30,2024-10-17,0.0,-0.19811,-0.21432,flat
BBTC.NS,2024-12-31,2025-01-22,0.0,-0.22442,-0.30566,flat
BBTC.NS,2025-03-31,2025-04-22,0.0,-0.22722,-0.26281,flat
BCG.NS,2016-03-31,2016-04-20,-0.21,-0.6123,-0.85127,flat
BCG.NS,2016-06-30,2016-07-22,-1.54,-0.50799,-0.72464,sold
BCG.NS,2016-09-30,2016-10-21,-3.47,-0.29218,-0.49939,sold
BCG.NS,2016-12-31,2017-01-23,-0.35,-0.17308,-0.52888,flat
BCG.NS,2017-03-31,2017-04-20,-1.39,-0.4094,-0.56899,sold
BCG.NS,2017-06-30,2017-07-18,-0.37,-0.51948,-0.60054,flat
BCG.NS,2017-09-30,2017-10-18,-2.51,-0.42857,-0.37168,sold
BCG.NS,2017-12-31,2018-01-22,-2.64,-0.58571,-0.49351,sold
BCG.NS,2018-03-31,2018-04-18,-2.1,0.40625,0.36837,sold
BCG.NS,2018-06-30,2018-07-20,-0.76,-0.17568,-0.13883,sold
BCG.NS,2018-09-30,2018-10-15,-0.04,-0.3908,-0.48562,flat
BCG.NS,2018-12-31,2019-01-21,-0.7,0.63492,0.58083,sold
BCG.NS,2019-03-31,2019-04-22,-0.19,-0.06481,0.15152,flat
BCG.NS,2019-06-30,2019-07-22,-0.35,0.80597,0.8289,flat
BCG.NS,2019-09-30,2019-10-22,-0.49,0.75,0.71485,flat
BCG.NS,2019-12-31,2020-01-22,-2.34,0.28093,0.1003,sold
BCG.NS,2020-03-31,2020-04-27,-1.17,0.53527,-0.11292,sold
BCG.NS,2020-05-27,2020-06-08,-2.24,0.49035,-0.11903,sold
BCG.NS,2020-06-30,2020-07-02,0.19,1.92876,1.35776,flat
BCG.NS,2020-09-30,2020-10-09,-0.83,16.64628,16.02895,sold
BCG.NS,2020-12-31,2021-01-05,-0.77,26.14603,25.82619,sold
BCG.NS,2021-03-31,2021-04-19,-3.07,21.79945,21.58444,sold
BCG.NS,2021-06-30,2021-07-09,-0.2,2.06416,2.05124,flat
BCG.NS,2021-07-01,2021-07-12,-0.44,1.77641,1.75861,flat
BCG.NS,2021-07-23,2021-07-27,-0.66,0.94052,0.86298,sold
BCG.NS,2021-07-28,2021-08-02,-1.16,0.85502,0.77458,sold
BCG.NS,2021-07-30,2021-08-11,-0.48,1.24291,1.13463,flat
BCG.NS,2021-08-24,2021-09-03,-0.06,0.9301,0.88212,flat
BCG.NS,2021-09-30,2021-10-19,-0.06,-0.22101,-0.18553,flat
BCG.NS,2021-12-31,2022-01-05,-0.07,-0.7022,-0.69758,flat
BCG.NS,2022-01-25,2022-02-11,-0.5,-0.72934,-0.74227,sold
BCG.NS,2022-03-31,2022-04-22,14.85,-0.89227,-0.91407,bought
BCG.NS,2022-06-30,2022-07-22,0.0,-0.54618,-0.73607,flat
BCG.NS,2022-09-30,2022-10-24,0.0,-0.54484,-0.65026,flat
BCG.NS,2022-12-31,2023-01-23,0.0,-0.2821,-0.57474,flat
BCG.NS,2023-03-31,2023-05-02,0.0,0.30612,-0.03166,flat
BCG.NS,2023-06-30,2023-07-24,-0.03,-0.72724,-1.06387,flat
BCG.NS,2023-09-30,2023-10-23,-0.06,-0.48797,-0.83938,flat
BCG.NS,2023-12-31,2024-01-29,0.0,-0.44444,-0.53023,flat
BCG.NS,2024-03-31,2024-05-30,0.0,-0.11255,-0.20267,flat
BCG.NS,2024-06-30,2024-10-21,0.0,0.56221,0.53738,flat
BCG.NS,2024-09-30,2024-10-18,0.0,0.49052,0.48003,flat
BCG.NS,2024-12-31,2025-02-03,0.0,0.38439,0.27317,flat
BCG.NS,2025-03-31,2025-04-22,0.0,-0.06634,-0.10192,flat
BDL.NS,2021-12-31,2022-01-10,0.0,1.35568,1.36532,flat
BDL.NS,2022-03-31,2022-04-13,0.0,0.35278,0.37203,flat
BDL.NS,2022-06-30,2022-07-07,0.0,0.72215,0.50422,flat
BDL.NS,2022-09-30,2022-10-19,0.0,0.05752,-0.04116,flat
BDL.NS,2022-12-31,2023-01-11,0.0,0.87754,0.59619,flat
BDL.NS,2023-03-31,2023-04-12,0.0,0.93766,0.55543,flat
BDL.NS,2023-06-30,2023-07-12,0.0,1.33843,0.96102,flat
BDL.NS,2023-09-30,2023-10-13,0.0,1.10964,0.79927,flat
BDL.NS,2023-12-31,2024-01-11,0.0,0.48148,0.38707,flat
BDL.NS,2024-03-31,2024-04-16,0.0,0.55458,0.46852,flat
BDL.NS,2024-06-30,2024-07-11,0.0,0.08596,0.06565,flat
BDL.NS,2024-09-30,2024-10-16,0.0,0.2939,0.29026,flat
BDL.NS,2024-12-31,2025-01-13,0.0,0.3554,0.25512,flat
BDL.NS,2025-03-31,2025-04-09,0.0,0.07361,-0.05831,flat
BEL.NS,2021-12-31,2022-01-12,0.0,0.4958,0.51314,flat
BEL.NS,2022-03-31,2022-04-20,0.0,0.2261,0.2164,flat
BEL.NS,2022-06-30,2022-07-21,0.0,0.47989,0.29235,flat
BEL.NS,2022-09-19,2022-09-26,0.0,0.40658,0.23486,flat
BEL.NS,2022-09-30,2022-10-21,0.0,0.29663,0.18092,flat
BEL.NS,2022-12-31,2023-01-23,0.0,0.84973,0.55709,flat
BEL.NS,2023-03-31,2023-04-17,0.0,1.37134,0.97121,flat
BEL.NS,2023-06-30,2023-07-11,0.0,1.39459,1.02113,flat
BEL.NS,2023-09-30,2023-10-12,0.0,0.96358,0.65236,flat
BEL.NS,2023-12-31,2024-01-23,0.0,0.50491,0.39604,flat
BEL.NS,2024-03-31,2024-04-15,0.0,0.31532,0.22943,flat
BEL.NS,2024-06-30,2024-07-12,0.0,0.22348,0.20944,flat
BEL.NS,2024-09-30,2024-10-11,0.0,0.4517,0.45371,flat
BEL.NS,2024-12-31,2025-01-20,0.0,0.46684,0.42052,flat
BEL.NS,2025-03-31,2025-04-11,0.0,0.58476,0.47688,flat
BEML.NS,2021-12-31,2022-01-11,0.0,-0.04126,-0.02677,flat
BEML.NS,2022-03-31,2022-04-11,0.0,-0.20835,-0.17777,flat
BEML.NS,2022-06-30,2022-07-11,0.0,0.43805,0.22309,flat
BEML.NS,2022-09-30,2022-10-21,0.0,0.27186,0.15615,flat
BEML.NS,2022-12-31,2023-01-11,0.0,1.13494,0.85359,flat
BEML.NS,2023-03-31,2023-04-19,0.0,1.81704,1.40408,flat
BEML.NS,2023-06-30,2023-07-19,0.0,1.84457,1.45661,flat
BEML.NS,2023-09-30,2023-10-19,0.0,0.70869,0.39447,flat
BEML.NS,2023-12-31,2024-01-18,0.0,0.07217,-0.0056,flat
BEML.NS,2024-03-31,2024-04-16,0.0,-0.08291,-0.16897,flat
BEML.NS,2024-06-30,2024-07-18,0.0,-0.09014,-0.09492,flat
BEML.NS,2024-09-30,2024-10-18,0.0,0.10587,0.09538,flat
BEML.NS,2024-12-31,2025-01-21,0.0,-0.00317,-0.0801,flat
BEML.NS,2025-03-31,2025-04-21,0.0,0.18391,0.14939,flat
BERGEPAINT.NS,2021-12-31,2022-01-12,0.0,-0.27721,-0.25987,flat
BERGEPAINT.NS,2022-03-31,2022-04-18,0.0,-0.17175,-0.17203,flat
BERGEPAINT.NS,2022-06-30,2022-07-18,0.0,0.17852,-0.02975,flat
BERGEPAINT.NS,2022-09-30,2022-10-14,0.0,0.15011,-0.01146,flat
BERGEPAINT.NS,2022-12-31,2023-01-19,0.01,0.20873,-0.07548,flat
BERGEPAINT.NS,2023-03-31,2023-04-19,-0.01,0.05621,-0.35675,flat
BERGEPAINT.NS,2023-06-30,2023-07-20,0.0,-0.02607,-0.40536,flat
BERGEPAINT.NS,2023-09-30,2023-10-17,0.0,-0.05453,-0.35121,flat
BERGEPAINT.NS,2023-12-31,2024-01-18,0.0,-0.1745,-0.25227,flat
BERGEPAINT.NS,2024-03-31,2024-04-18,0.0,0.0778,0.00284,flat
BERGEPAINT.NS,2024-06-30,2024-07-18,0.0,0.10149,0.09671,flat
BERGEPAINT.NS,2024-09-30,2024-10-18,0.0,-0.01265,-0.02314,flat
BERGEPAINT.NS,2024-12-31,2025-01-17,0.0,0.08337,0.03605,flat
BERGEPAINT.NS,2025-03-31,2025-04-17,-0.01,-0.14144,-0.19402,flat
BHARATFORG.NS,2016-03-31,2016-04-20,0.0,0.36787,0.1289,flat
BHARATFORG.NS,2016-06-30,2016-07-15,0.0,0.55673,0.34706,flat
BHARATFORG.NS,2016-09-30,2016-10-18,0.0,0.4178,0.22059,flat
BHARATFORG.NS,2016-12-31,2017-01-18,-1.0,0.60619,0.24738,sold
BHARATFORG.NS,2017-03-31,2017-04-18,0.0,0.47759,0.30637,flat
BHARATFORG.NS,2017-06-30,2017-07-17,0.0,0.02661,-0.04,flat
BHARATFORG.NS,2017-09-30,2017-10-04,0.0,-0.05668,-0.06147,flat
BHARATFORG.NS,2017-12-31,2018-01-19,0.0,-0.3339,-0.24674,flat
BHARATFORG.NS,2018-03-31,2018-04-16,0.0,-0.34179,-0.37589,flat
BHARATFORG.NS,2018-06-30,2018-07-17,0.0,-0.31875,-0.28534,flat
BHARATFORG.NS,2018-09-30,2018-10-22,0.01,-0.1527,-0.28295,flat
BHARATFORG.NS,2018-12-31,2019-01-18,0.0,0.0321,-0.04682,flat
BHARATFORG.NS,2019-03-31,2019-04-18,0.0,-0.45357,-0.23364,flat
BHARATFORG.NS,2019-06-30,2019-07-22,0.0,-0.11566,-0.09273,flat
BHARATFORG.NS,2019-09-30,2019-10-22,0.0,0.11672,0.08157,flat
BHARATFORG.NS,2019-12-31,2020-01-20,0.0,0.19851,-1e-05,flat
BHARATFORG.NS,2020-03-31,2020-05-14,0.0,1.45621,0.74764,flat
BHARATFORG.NS,2020-06-30,2020-07-13,0.0,1.20052,0.65413,flat
BHARATFORG.NS,2020-09-30,2020-10-21,0.0,0.71205,0.12499,flat
BHARATFORG.NS,2020-12-31,2021-01-20,0.0,0.16199,-0.05338,flat
BHARATFORG.NS,2021-03-31,2021-04-19,0.0,0.2565,0.04149,flat
BHARATFORG.NS,2021-06-30,2021-07-22,-1.0,-0.11182,-0.14629,sold
BHARATFORG.NS,2021-09-30,2021-10-14,0.0,-0.0044,0.03727,flat
BHARATFORG.NS,2021-12-31,2022-01-20,0.0,0.16195,0.17426,flat
BHARATFORG.NS,2022-03-31,2022-04-21,0.0,0.08195,0.08055,flat
BHARATFORG.NS,2022-06-30,2022-07-21,0.0,0.32284,0.13529,flat
BHARATFORG.NS,2022-09-30,2022-10-24,0.0,0.30702,0.20159,flat
BHARATFORG.NS,2022-12-31,2023-01-18,0.0,0.39413,0.12853,flat
BHARATFORG.NS,2023-03-31,2023-04-21,0.0,0.64207,0.22202,flat
BHARATFORG.NS,2023-06-30,2023-07-17,0.0,1.01736,0.6308,flat
BHARATFORG.NS,2023-09-30,2023-10-18,0.0,0.25832,-0.05597,flat
BHARATFORG.NS,2023-12-31,2024-01-19,0.0,-0.0236,-0.1072,flat
BHARATFORG.NS,2024-03-31,2024-04-19,0.0,-0.05787,-0.14208,flat
BHARATFORG.NS,2024-06-30,2024-07-16,0.0,-0.25648,-0.26398,flat
BHARATFORG.NS,2024-09-30,2024-10-16,0.0,-0.15114,-0.15478,flat
BHARATFORG.NS,2024-12-31,2025-01-20,-1.18,0.1735,0.12718,sold
BHARATFORG.NS,2025-03-31,2025-04-22,0.0,0.73872,0.70313,flat
BHARATRAS.NS,2021-12-31,2022-01-13,0.0,-0.25395,-0.23775,flat
BHARATRAS.NS,2022-03-31,2022-04-11,-0.06,-0.27372,-0.24314,flat
BHARATRAS.NS,2022-06-30,2022-07-08,0.0,-0.21448,-0.4346,flat
BHARATRAS.NS,2022-09-30,2022-10-19,0.0,-0.18128,-0.27995,flat
BHARATRAS.NS,2022-12-31,2023-01-16,0.0,-0.0326,-0.29966,flat
BHARATRAS.NS,2023-03-31,2023-04-13,0.0,0.02646,-0.35981,flat
BHARATRAS.NS,2023-06-30,2023-07-07,0.0,0.14053,-0.23911,flat
BHARATRAS.NS,2023-09-30,2023-10-10,0.0,0.23774,-0.10669,flat
BHARATRAS.NS,2023-12-31,2024-01-09,0.0,0.09664,-0.01747,flat
BHARATRAS.NS,2024-03-31,2024-04-12,0.0,0.07464,0.01007,flat
BHARATRAS.NS,2024-06-30,2024-07-16,0.0,0.01079,0.00328,flat
BHARATRAS.NS,2024-09-30,2024-10-15,0.0,-0.09389,-0.09306,flat
BHARATRAS.NS,2024-12-31,2025-01-10,0.0,-0.10598,-0.18334,flat
BHARATRAS.NS,2025-03-31,2025-04-11,0.0,-0.38927,-0.49715,flat
BHARTIARTL.NS,2021-09-30,2021-10-22,-0.37,0.1814,0.19166,flat
BHARTIARTL.NS,2021-10-27,2021-11-08,0.07,0.16439,0.15601,flat
BHARTIARTL.NS,2021-12-31,2022-01-24,0.0,0.12136,0.11169,flat
BHARTIARTL.NS,2022-03-31,2022-04-22,0.0,0.08677,0.06497,flat
BHARTIARTL.NS,2022-06-30,2022-07-22,0.0,0.31672,0.12683,flat
BHARTIARTL.NS,2022-09-30,2022-10-24,-0.8,0.14524,0.03982,sold
BHARTIARTL.NS,2022-12-31,2023-01-23,-0.01,0.49616,0.20352,flat
BHARTIARTL.NS,2023-03-31,2023-04-19,-0.1,0.75057,0.33761,flat
BHARTIARTL.NS,2023-06-30,2023-07-21,-0.05,0.69375,0.3178,flat
BHARTIARTL.NS,2023-09-30,2023-10-23,-0.22,0.7305,0.37909,flat
BHARTIARTL.NS,2023-12-31,2024-01-17,-0.18,0.48494,0.4119,flat
BHARTIARTL.NS,2024-03-31,2024-04-22,-1.08,0.41341,0.33868,sold
BHARTIARTL.NS,2024-06-30,2024-07-16,-0.32,0.32007,0.31257,flat
BHARTIARTL.NS,2024-09-30,2024-10-21,-0.03,0.23925,0.21442,flat
BHARTIARTL.NS,2024-12-31,2025-01-20,-0.03,0.2125,0.16618,flat
BHARTIARTL.NS,2025-03-31,2025-04-21,-0.69,-0.01284,-0.04737,sold
BHARTIHEXA.NS,2024-06-30,2024-07-22,0.0,0.6489,0.63328,flat
BHARTIHEXA.NS,2024-09-30,2024-10-14,0.0,0.23991,0.24535,flat
BHARTIHEXA.NS,2024-12-31,2025-01-15,0.0,0.21994,0.16036,flat
BHARTIHEXA.NS,2025-03-31,2025-04-21,0.0,-0.07664,-0.11117,flat
BHEL.NS,2021-12-31,2022-01-10,0.0,0.29633,0.30597,flat
BHEL.NS,2022-03-31,2022-04-11,0.0,0.34065,0.37123,flat
BHEL.NS,2022-06-30,2022-07-11,0.0,0.98658,0.77161,flat
BHEL.NS,2022-09-30,2022-10-18,0.0,0.71214,0.59895,flat
BHEL.NS,2022-12-31,2023-01-13,0.0,1.61145,1.34396,flat
BHEL.NS,2023-03-31,2023-04-11,0.0,2.61909,2.23518,flat
BHEL.NS,2023-06-30,2023-07-13,0.0,2.40744,2.02887,flat
BHEL.NS,2023-09-30,2023-10-09,0.0,1.0092,0.64062,flat
BHEL.NS,2023-12-31,2024-01-11,0.0,0.06056,-0.03384,flat
BHEL.NS,2024-03-31,2024-04-08,0.0,-0.118,-0.14611,flat
BHEL.NS,2024-06-30,2024-07-10,0.0,-0.21416,-0.23468,flat
BHEL.NS,2024-09-30,2024-10-10,0.0,-0.12919,-0.11983,flat
BHEL.NS,2024-12-31,2025-01-09,0.0,0.23862,0.17379,flat
BHEL.NS,2025-03-31,2025-04-07,0.0,0.52843,0.39098,flat
BIKAJI.NS,2022-12-31,2023-01-16,0.0,0.3637,0.09663,flat
BIKAJI.NS,2023-03-31,2023-04-13,0.0,0.4705,0.08423,flat
BIKAJI.NS,2023-06-30,2023-07-06,-0.6,0.69333,0.30309,sold
BIKAJI.NS,2023-09-30,2023-10-10,-0.16,0.89365,0.54921,flat
BIKAJI.NS,2023-12-31,2024-01-08,-0.03,0.22977,0.11149,flat
BIKAJI.NS,2024-03-31,2024-04-08,-0.08,0.32211,0.294,flat
BIKAJI.NS,2024-06-30,2024-07-09,0.0,0.04883,0.03835,flat
BIKAJI.NS,2024-09-30,2024-10-10,-0.12,-0.14021,-0.13085,flat
BIKAJI.NS,2024-12-31,2025-01-09,0.0,-0.0329,-0.09773,flat
BIKAJI.NS,2025-03-31,2025-04-08,-0.06,-0.0416,-0.15805,flat
BIOCON.NS,2021-12-31,2022-01-12,0.0,-0.31547,-0.29812,flat
BIOCON.NS,2022-03-31,2022-04-18,0.0,-0.34145,-0.34173,flat
BIOCON.NS,2022-06-30,2022-07-14,0.0,-0.20011,-0.43376,flat
BIOCON.NS,2022-09-30,2022-10-24,0.0,-0.18205,-0.28748,flat
BIOCON.NS,2022-12-31,2023-01-19,0.0,0.08331,-0.2009,flat
BIOCON.NS,2023-03-31,2023-04-20,0.0,0.30843,-0.1044,flat
BIOCON.NS,2023-06-30,2023-07-18,0.0,0.35268,-0.03666,flat
BIOCON.NS,2023-09-30,2023-10-18,0.0,0.37211,0.05782,flat
BIOCON.NS,2023-12-31,2024-01-18,0.0,0.28576,0.20799,flat
BIOCON.NS,2024-03-31,2024-04-18,0.0,0.16872,0.09376,flat
BIOCON.NS,2024-06-30,2024-07-19,0.0,0.1858,0.16065,flat
BIOCON.NS,2024-09-30,2024-10-21,0.0,0.06975,0.04491,flat
BIOCON.NS,2024-12-31,2025-01-21,0.0,-0.05007,-0.127,flat
BIOCON.NS,2025-03-31,2025-04-16,0.0,0.06431,0.00985,flat
BIRLACORPN.NS,2021-12-31,2022-01-17,0.0,-0.39512,-0.36767,flat
BIRLACORPN.NS,2022-03-31,2022-04-21,0.0,-0.21196,-0.21336,flat
BIRLACORPN.NS,2022-06-30,2022-07-21,0.0,0.27686,0.08931,flat
BIRLACORPN.NS,2022-09-30,2022-10-21,0.0,0.36573,0.25002,flat
BIRLACORPN.NS,2022-12-31,2023-01-20,0.0,0.70419,0.41559,flat
BIRLACORPN.NS,2023-03-31,2023-04-19,0.0,0.59678,0.18382,flat
BIRLACORPN.NS,2023-06-30,2023-07-19,0.0,0.26542,-0.12254,flat
BIRLACORPN.NS,2023-09-30,2023-10-16,0.0,-0.1162,-0.40977,flat
BIRLACORPN.NS,2023-12-31,2024-01-16,0.0,-0.17979,-0.25501,flat
BIRLACORPN.NS,2024-03-31,2024-04-18,0.0,-0.25899,-0.33395,flat
BIRLACORPN.NS,2024-06-30,2024-07-19,0.0,-0.02139,-0.04654,flat
BIRLACORPN.NS,2024-09-30,2024-10-17,0.0,-0.01538,-0.03158,flat
BIRLACORPN.NS,2024-12-31,2025-01-20,0.0,-0.13348,-0.17981,flat
BIRLACORPN.NS,2025-03-31,2025-04-21,0.0,-0.15925,-0.19378,flat
BLISSGVS.NS,2021-12-31,2022-01-14,-0.05,-0.26009,-0.24034,flat
BLISSGVS.NS,2022-03-31,2022-04-21,0.0,-0.06948,-0.07088,flat
BLISSGVS.NS,2022-06-30,2022-07-21,1.37,0.26594,0.07839,bought
BLISSGVS.NS,2022-09-30,2022-10-24,0.04,0.13612,0.0307,flat
BLISSGVS.NS,2022-12-31,2023-01-23,-0.09,0.69678,0.40414,flat
BLISSGVS.NS,2023-03-31,2023-04-19,0.58,0.63644,0.22348,bought
BLISSGVS.NS,2023-06-30,2023-07-24,0.08,0.15929,-0.17733,flat
BLISSGVS.NS,2023-09-30,2023-10-18,-0.06,0.39547,0.08118,flat
BLISSGVS.NS,2023-12-31,2024-01-23,-0.09,0.28027,0.17139,flat
BLISSGVS.NS,2024-03-31,2024-04-18,0.0,0.10525,0.0303,flat
BLISSGVS.NS,2024-06-30,2024-07-22,-0.07,0.40685,0.39123,flat
BLISSGVS.NS,2024-09-30,2024-10-22,-0.08,0.22403,0.18028,flat
BLISSGVS.NS,2024-12-31,2025-01-20,0.28,-0.03352,-0.07985,flat
BLISSGVS.NS,2025-03-31,2025-04-17,0.19,1.20398,1.1514,flat
BLS.NS,2021-12-31,2022-01-17,0.0,2.2911,2.31856,flat
BLS.NS,2022-03-31,2022-04-18,0.0,1.20647,1.20619,flat
BLS.NS,2022-05-18,2022-05-26,0.0,0.96667,0.81816,flat
BLS.NS,2022-06-30,2022-07-21,0.0,0.70199,0.51444,flat
BLS.NS,2022-09-30,2022-10-20,-0.19,0.49241,0.38301,flat
BLS.NS,2022-12-12,2022-12-21,0.0,0.67829,0.42702,flat
BLS.NS,2022-12-31,2023-01-16,0.0,1.36198,1.09492,flat
BLS.NS,2023-03-31,2023-04-17,0.01,0.99585,0.59572,flat
BLS.NS,2023-06-30,2023-07-18,-2.73,0.63368,0.24434,sold
BLS.NS,2023-09-30,2023-10-16,-0.16,0.43077,0.1372,flat
BLS.NS,2023-12-31,2024-01-18,0.0,0.0668,-0.01097,flat
BLS.NS,2024-03-31,2024-04-10,0.0,0.191,0.13886,flat
BLS.NS,2024-06-30,2024-07-16,0.0,0.04171,0.0342,flat
BLS.NS,2024-09-30,2024-10-17,-1.14,-0.14034,-0.15655,sold
BLS.NS,2024-12-31,2025-01-15,0.0,-0.339,-0.39858,flat
BLS.NS,2025-03-31,2025-04-17,0.0,-0.26319,-0.31576,flat
BLUEDART.NS,2021-12-31,2022-01-12,0.0,-0.03862,-0.02128,flat
BLUEDART.NS,2022-03-31,2022-04-11,0.0,-0.0714,-0.04083,flat
BLUEDART.NS,2022-06-30,2022-07-11,0.0,-0.08928,-0.30424,flat
BLUEDART.NS,2022-09-30,2022-10-19,0.0,-0.23378,-0.33245,flat
BLUEDART.NS,2022-12-31,2023-01-13,0.0,-0.03586,-0.30335,flat
BLUEDART.NS,2023-03-31,2023-04-13,0.0,0.02997,-0.3563,flat
BLUEDART.NS,2023-06-30,2023-07-17,0.0,0.0469,-0.33966,flat
BLUEDART.NS,2023-09-30,2023-10-12,0.0,0.19406,-0.11717,flat
BLUEDART.NS,2023-12-31,2024-01-15,0.0,-0.09308,-0.17618,flat
BLUEDART.NS,2024-03-31,2024-04-19,0.0,0.0337,-0.05051,flat
BLUEDART.NS,2024-06-30,2024-07-08,0.0,-0.20692,-0.22048,flat
BLUEDART.NS,2024-09-30,2024-10-15,0.0,-0.34555,-0.34473,flat
BLUEDART.NS,2024-12-31,2025-01-20,0.0,-0.18721,-0.23354,flat
BLUEDART.NS,2025-03-31,2025-04-21,0.0,-0.16191,-0.19644,flat
BLUEJET.NS,2023-12-31,2024-01-17,0.0,0.5724,0.49936,flat
BLUEJET.NS,2024-03-31,2024-04-18,0.0,0.84476,0.76981,flat
BLUEJET.NS,2024-06-30,2024-07-22,0.0,0.94666,0.93104,flat
BLUEJET.NS,2024-09-30,2024-10-09,0.0,0.3348,0.35241,flat
BLUEJET.NS,2024-12-31,2025-01-07,0.0,-0.15927,-0.21159,flat
BLUEJET.NS,2025-03-31,2025-04-08,0.0,-0.40526,-0.52171,flat
BLUESTARCO.NS,2021-12-31,2022-01-14,0.0,0.21034,0.23009,flat
BLUESTARCO.NS,2022-03-31,2022-04-19,0.02,0.30767,0.29212,flat
BLUESTARCO.NS,2022-06-30,2022-07-20,0.0,0.57004,0.37555,flat
BLUESTARCO.NS,2022-09-30,2022-10-24,0.0,0.46752,0.36209,flat
BLUESTARCO.NS,2022-12-31,2023-01-17,0.0,0.75473,0.47443,flat
BLUESTARCO.NS,2023-03-31,2023-04-17,0.0,0.97061,0.57048,flat
BLUESTARCO.NS,2023-06-21,2023-06-26,0.13,1.12117,0.69138,flat
BLUESTARCO.NS,2023-06-30,2023-07-17,0.0,1.225,0.83844,flat
BLUESTARCO.NS,2023-09-22,2023-09-29,-2.45,1.31681,0.95141,sold
BLUESTARCO.NS,2023-09-30,2023-10-16,0.03,1.08772,0.79415,flat
BLUESTARCO.NS,2023-12-31,2024-01-17,0.0,0.69648,0.62344,flat
BLUESTARCO.NS,2024-03-31,2024-04-12,0.0,0.48204,0.41746,flat
BLUESTARCO.NS,2024-06-30,2024-07-18,0.03,0.04979,0.04501,flat
BLUESTARCO.NS,2024-09-30,2024-10-21,-0.06,-0.01424,-0.03907,flat
BLUESTARCO.NS,2024-12-31,2025-01-17,0.0,-0.11287,-0.16019,flat
BLUESTARCO.NS,2025-03-31,2025-04-16,0.01,-0.11015,-0.16461,flat
BOMDYEING.NS,2021-12-31,2022-01-19,-0.09,-0.34956,-0.34414,flat
BOMDYEING.NS,2022-03-31,2022-04-19,0.09,-0.14596,-0.16151,flat
BOMDYEING.NS,2022-06-30,2022-07-20,0.0,0.0998,-0.09469,flat
BOMDYEING.NS,2022-09-30,2022-10-21,0.0,0.61354,0.49783,flat
BOMDYEING.NS,2022-12-31,2023-01-19,0.0,1.4164,1.13219,flat
BOMDYEING.NS,2023-03-31,2023-04-18,-0.07,0.9911,0.59221,flat
BOMDYEING.NS,2023-06-30,2023-07-18,0.0,1.03293,0.6436,flat
BOMDYEING.NS,2023-09-30,2023-10-18,0.0,0.44086,0.12657,flat
BOMDYEING.NS,2023-12-31,2024-01-10,-0.01,0.10309,-0.0143,flat
BOMDYEING.NS,2024-03-31,2024-04-15,0.0,-0.14999,-0.23588,flat
BOMDYEING.NS,2024-06-30,2024-07-19,0.0,-0.08022,-0.10537,flat
BOMDYEING.NS,2024-09-30,2024-10-21,-0.01,-0.29544,-0.32028,flat
BOMDYEING.NS,2024-12-31,2025-01-21,0.01,-0.31073,-0.38767,flat
BOMDYEING.NS,2025-03-31,2025-04-17,0.0,-0.1412,-0.19377,flat
BORORENEW.NS,2021-12-31,2022-01-20,-0.01,-0.28107,-0.26875,flat
BORORENEW.NS,2022-03-31,2022-04-18,-0.04,-0.21156,-0.21184,flat
BORORENEW.NS,2022-06-30,2022-07-18,-0.04,-0.24152,-0.44979,flat
BORORENEW.NS,2022-09-30,2022-10-24,0.0,-0.28993,-0.39536,flat
BORORENEW.NS,2022-12-31,2023-01-23,-0.01,0.31556,0.02292,flat
BORORENEW.NS,2023-03-31,2023-04-21,-0.02,0.03753,-0.38251,flat
BORORENEW.NS,2023-06-30,2023-07-21,-0.01,0.09992,-0.27603,flat
BORORENEW.NS,2023-09-30,2023-10-23,-0.01,0.12659,-0.22482,flat
BORORENEW.NS,2023-12-31,2024-01-23,0.0,-0.10626,-0.21513,flat
BORORENEW.NS,2024-03-31,2024-04-22,0.0,-0.03988,-0.11461,flat
BORORENEW.NS,2024-06-30,2024-07-15,0.0,0.15286,0.15005,flat
BORORENEW.NS,2024-09-30,2024-10-21,0.0,0.50308,0.47825,flat
BORORENEW.NS,2024-12-31,2025-01-21,-0.01,-0.03321,-0.11014,flat
BORORENEW.NS,2025-02-14,2025-02-24,0.61,-0.19579,-0.3047,bought
BORORENEW.NS,2025-03-31,2025-04-21,0.0,-0.00301,-0.03754,flat
BOSCH-HCIL.NS,2021-12-31,2022-01-12,0.0,-0.43343,-0.41608,flat
BOSCH-HCIL.NS,2022-03-31,2022-04-13,0.0,-0.46468,-0.44542,flat
BOSCH-HCIL.NS,2022-06-30,2022-07-14,0.0,-0.34764,-0.58129,flat
BOSCH-HCIL.NS,2022-09-30,2022-10-12,0.0,-0.12888,-0.29841,flat
BOSCH-HCIL.NS,2022-12-31,2023-01-13,0.0,0.0097,-0.25779,flat
BOSCH-HCIL.NS,2023-03-31,2023-04-17,0.0,0.02352,-0.3766,flat
BOSCH-HCIL.NS,2023-06-30,2023-07-17,0.0,1.07709,0.69052,flat
BOSCH-HCIL.NS,2023-09-30,2023-10-12,0.0,0.94694,0.63572,flat
BOSCH-HCIL.NS,2023-12-31,2024-01-11,0.0,0.36531,0.27091,flat
BOSCH-HCIL.NS,2024-03-31,2024-04-09,0.0,0.4944,0.45155,flat
BOSCH-HCIL.NS,2024-06-30,2024-07-10,0.0,-0.05378,-0.0743,flat
BOSCH-HCIL.NS,2024-09-30,2024-10-10,0.0,-0.29404,-0.28468,flat
BOSCH-HCIL.NS,2024-12-31,2025-01-13,0.0,-0.15692,-0.2572,flat
BOSCH-HCIL.NS,2025-03-31,2025-04-11,0.0,-0.18365,-0.29153,flat
BOSCHLTD.NS,2021-12-31,2022-01-18,0.0,-0.00255,0.00836,flat
BOSCHLTD.NS,2022-03-31,2022-04-22,0.0,0.36805,0.34625,flat
BOSCHLTD.NS,2022-06-30,2022-07-20,0.0,0.18243,-0.01206,flat
BOSCHLTD.NS,2022-09-30,2022-10-19,0.0,0.2859,0.18722,flat
BOSCHLTD.NS,2022-12-31,2023-01-16,0.0,0.36758,0.10052,flat
BOSCHLTD.NS,2023-03-31,2023-04-17,0.0,0.56436,0.16423,flat
BOSCHLTD.NS,2023-06-30,2023-07-20,0.0,0.82536,0.44607,flat
BOSCHLTD.NS,2023-09-30,2023-10-11,0.0,0.85316,0.54253,flat
BOSCHLTD.NS,2023-12-31,2024-01-23,0.0,0.27031,0.16143,flat
BOSCHLTD.NS,2024-03-31,2024-04-12,0.0,-0.05673,-0.1213,flat
BOSCHLTD.NS,2024-06-30,2024-07-19,0.0,0.11466,0.0895,flat
BOSCHLTD.NS,2024-09-30,2024-10-18,0.0,0.06271,0.05222,flat
BOSCHLTD.NS,2024-12-31,2025-01-17,0.0,0.13834,0.09102,flat
BOSCHLTD.NS,2025-03-31,2025-04-21,0.0,0.36067,0.32614,flat
BPCL.NS,2021-12-31,2022-01-18,0.0,-0.09432,-0.08341,flat
BPCL.NS,2022-03-31,2022-04-20,0.0,-0.08927,-0.09897,flat
BPCL.NS,2022-06-30,2022-07-20,0.0,0.21704,0.02255,flat
BPCL.NS,2022-09-30,2022-10-24,0.0,0.17422,0.06879,flat
BPCL.NS,2022-12-31,2023-01-16,0.0,0.43961,0.17255,flat
BPCL.NS,2023-03-31,2023-04-20,0.0,0.87122,0.45838,flat
BPCL.NS,2023-06-30,2023-07-24,0.0,0.8577,0.52108,flat
BPCL.NS,2023-09-30,2023-10-17,0.0,0.89161,0.59493,flat
BPCL.NS,2023-12-31,2024-01-16,0.0,0.15153,0.07631,flat
BPCL.NS,2024-03-31,2024-04-18,0.0,0.05564,-0.01932,flat
BPCL.NS,2024-06-24,2024-07-04,0.0,0.21046,0.18239,flat
BPCL.NS,2024-06-30,2024-07-18,0.0,0.12586,0.12108,flat
BPCL.NS,2024-09-30,2024-10-14,0.0,0.02023,0.02567,flat
BPCL.NS,2024-12-31,2025-01-16,0.0,0.40207,0.34247,flat
BPCL.NS,2025-03-31,2025-04-17,0.0,0.11647,0.0639,flat
BRIGADE.NS,2021-12-31,2022-01-12,-0.05,-0.0115,0.00585,flat
BRIGADE.NS,2022-03-31,2022-04-19,-0.03,0.02228,0.00672,flat
BRIGADE.NS,2022-06-30,2022-07-18,-0.03,0.21041,0.00214,flat
BRIGADE.NS,2022-09-30,2022-10-19,-0.03,0.22068,0.12201,flat
BRIGADE.NS,2022-12-31,2023-01-18,-0.01,1.17096,0.90536,flat
BRIGADE.NS,2023-03-31,2023-04-19,-0.02,1.04082,0.62786,flat
BRIGADE.NS,2023-06-30,2023-07-19,-0.01,1.14006,0.7521,flat
BRIGADE.NS,2023-09-30,2023-10-16,-0.01,0.93583,0.64226,flat
BRIGADE.NS,2023-12-31,2024-01-09,-0.02,0.20068,0.08656,flat
BRIGADE.NS,2024-03-31,2024-04-18,-0.03,-0.00553,-0.08048,flat
BRIGADE.NS,2024-06-30,2024-07-19,0.0,-0.17237,-0.19752,flat
BRIGADE.NS,2024-09-05,2024-09-17,-2.34,-0.3156,-0.29106,sold
BRIGADE.NS,2024-09-30,2024-10-17,-0.01,-0.22005,-0.23626,flat
BRIGADE.NS,2024-12-31,2025-01-21,0.0,-0.33731,-0.41424,flat
BRIGADE.NS,2025-03-31,2025-04-15,-0.23,-0.1909,-0.26287,flat
BRITANNIA.NS,2021-12-31,2022-01-18,0.0,0.21833,0.22924,flat
BRITANNIA.NS,2022-03-31,2022-04-20,0.0,0.3794,0.36969,flat
BRITANNIA.NS,2022-06-30,2022-07-13,0.0,0.37928,0.13773,flat
BRITANNIA.NS,2022-09-30,2022-10-24,0.0,0.18712,0.08169,flat
BRITANNIA.NS,2022-12-31,2023-01-20,0.0,0.21253,-0.07607,flat
BRITANNIA.NS,2023-03-31,2023-04-20,0.0,0.12206,-0.29077,flat
BRITANNIA.NS,2023-06-30,2023-07-20,0.0,0.13411,-0.24518,flat
BRITANNIA.NS,2023-09-30,2023-10-23,0.0,0.27293,-0.07848,flat
BRITANNIA.NS,2023-12-31,2024-01-23,0.0,0.01848,-0.09039,flat
BRITANNIA.NS,2024-03-31,2024-04-22,0.0,0.1654,0.09067,flat
BRITANNIA.NS,2024-06-30,2024-07-22,0.0,-0.02395,-0.03957,flat
BRITANNIA.NS,2024-09-30,2024-10-22,0.0,0.03681,-0.00694,flat
BRITANNIA.NS,2024-12-31,2025-01-22,0.0,0.16973,0.08849,flat
BRITANNIA.NS,2025-03-31,2025-04-22,0.0,0.06408,0.0285,flat
BSE.NS,2021-12-31,2022-01-20,0.0,-0.24866,-0.23635,flat
BSE.NS,2022-03-24,2022-04-01,0.0,-0.4994,-0.47973,flat
BSE.NS,2022-03-31,2022-04-11,0.0,-0.48208,-0.4515,flat
BSE.NS,2022-06-30,2022-07-21,0.0,0.18761,6e-05,flat
BSE.NS,2022-09-30,2022-10-24,0.0,2.2054,2.09997,flat
BSE.NS,2022-12-31,2023-01-19,0.0,3.53512,3.25091,flat
BSE.NS,2023-03-31,2023-04-18,0.0,5.97128,5.57239,flat
BSE.NS,2023-06-30,2023-07-19,0.0,2.53707,2.14911,flat
BSE.NS,2023-09-30,2023-10-19,0.0,1.83856,1.52434,flat
BSE.NS,2023-12-31,2024-01-17,0.0,1.39228,1.31924,flat
BSE.NS,2024-03-31,2024-04-19,0.0,1.38417,1.29996,flat
BSE.NS,2024-06-30,2024-07-22,0.0,2.47205,2.45643,flat
BSE.NS,2024-09-30,2024-10-15,0.0,0.57944,0.58027,flat
BSE.NS,2024-12-31,2025-01-21,0.0,0.46655,0.38962,flat
BSE.NS,2025-03-31,2025-04-21,0.0,0.73629,0.70176,flat
BSE.NS,2025-05-26,2025-06-05,0.0,0.41797,0.41985,flat
BSOFT.NS,2021-12-31,2022-01-11,-0.11,-0.47343,-0.45894,flat
BSOFT.NS,2022-03-31,2022-04-11,-0.15,-0.47264,-0.44206,flat
BSOFT.NS,2022-06-30,2022-07-12,-0.08,0.1919,-0.03849,flat
BSOFT.NS,2022-09-06,2022-09-15,1.16,0.55633,0.44573,bought
BSOFT.NS,2022-09-30,2022-10-17,0.0,0.89035,0.75735,flat
BSOFT.NS,2022-12-31,2023-01-12,-0.17,1.7986,1.5416,flat
BSOFT.NS,2023-03-31,2023-04-18,-0.23,1.59188,1.19299,flat
BSOFT.NS,2023-06-30,2023-07-19,-0.05,0.73886,0.3509,flat
BSOFT.NS,2023-09-30,2023-10-13,-0.06,0.06033,-0.25005,flat
BSOFT.NS,2023-12-31,2024-01-11,-0.02,-0.28943,-0.38384,flat
BSOFT.NS,2024-03-31,2024-04-18,-0.03,-0.44161,-0.51657,flat
BSOFT.NS,2024-06-30,2024-07-12,-0.02,-0.4072,-0.42124,flat
BSOFT.NS,2024-09-30,2024-10-14,-0.04,-0.41945,-0.41401,flat
BSOFT.NS,2024-12-31,2025-01-20,-0.04,-0.24033,-0.28665,flat
BSOFT.NS,2025-03-31,2025-04-21,-0.19,-0.02925,-0.06378,flat
CAMPUS.NS,2022-06-30,2022-07-22,0.0,-0.20435,-0.39424,flat
CAMPUS.NS,2022-09-30,2022-10-24,-0.07,-0.55206,-0.65749,flat
CAMPUS.NS,2022-12-31,2023-01-23,-0.01,-0.32787,-0.62051,flat
CAMPUS.NS,2023-03-31,2023-04-20,-0.01,-0.31548,-0.72832,flat
CAMPUS.NS,2023-06-30,2023-07-21,-0.07,0.00437,-0.37158,flat
CAMPUS.NS,2023-09-30,2023-10-19,-0.06,-0.03214,-0.34636,flat
CAMPUS.NS,2023-12-31,2024-01-15,0.0,-0.02793,-0.11103,flat
CAMPUS.NS,2024-03-31,2024-04-10,0.0,0.04859,-0.00356,flat
CAMPUS.NS,2024-06-30,2024-07-11,-0.02,-0.01701,-0.03732,flat
CAMPUS.NS,2024-09-30,2024-10-15,0.0,-0.09196,-0.09113,flat
CAMPUS.NS,2024-12-31,2025-01-14,-0.02,-0.11852,-0.18675,flat
CAMPUS.NS,2025-03-31,2025-04-17,-1.7,0.0322,-0.02037,sold
CAMS.NS,2021-06-30,2021-07-12,0.0,-0.17884,-0.19665,flat
CAMS.NS,2021-09-30,2021-10-19,0.0,-0.12225,-0.08677,flat
CAMS.NS,2021-12-31,2022-01-05,-7.21,-0.2012,-0.19658,sold
CAMS.NS,2022-03-31,2022-04-13,0.0,-0.17834,-0.15908,flat
CAMS.NS,2022-06-30,2022-07-11,-0.01,0.01134,-0.20363,flat
CAMS.NS,2022-09-30,2022-10-18,-3.82,-0.05813,-0.17132,sold
CAMS.NS,2022-12-31,2023-01-11,0.0,0.28087,-0.00048,flat
CAMS.NS,2023-03-31,2023-04-12,0.0,0.53241,0.15018,flat
CAMS.NS,2023-06-30,2023-07-10,-0.01,0.84213,0.45618,flat
CAMS.NS,2023-09-30,2023-10-19,-0.04,0.75106,0.43684,flat
CAMS.NS,2023-12-31,2024-01-09,-19.87,0.6235,0.50938,sold
CAMS.NS,2024-03-31,2024-04-09,0.0,0.3176,0.27475,flat
CAMS.NS,2024-06-30,2024-07-08,0.0,0.09543,0.08187,flat
CAMS.NS,2024-09-30,2024-10-09,0.0,-0.12765,-0.11004,flat
CAMS.NS,2024-12-31,2025-01-20,0.0,-0.19997,-0.24629,flat
CAMS.NS,2025-03-31,2025-04-11,0.0,0.0331,-0.07477,flat
CANBK.NS,2021-12-31,2022-01-06,0.0,0.54749,0.54675,flat
CANBK.NS,2022-03-31,2022-04-08,0.0,0.24583,0.27486,flat
CANBK.NS,2022-06-30,2022-07-08,0.0,0.64339,0.42328,flat
CANBK.NS,2022-09-30,2022-10-17,0.0,0.55702,0.42401,flat
CANBK.NS,2022-12-31,2023-01-09,0.0,0.45384,0.19252,flat
CANBK.NS,2023-03-31,2023-04-12,0.0,1.18607,0.80384,flat
CANBK.NS,2023-06-30,2023-07-06,0.0,0.82462,0.43439,flat
CANBK.NS,2023-09-30,2023-10-09,0.0,0.47132,0.10274,flat
CANBK.NS,2023-12-31,2024-01-03,0.0,-0.00795,-0.10483,flat
CANBK.NS,2024-03-31,2024-04-08,0.0,-0.2059,-0.23401,flat
CANBK.NS,2024-06-30,2024-07-08,0.0,0.00905,-0.00451,flat
CANBK.NS,2024-09-30,2024-10-07,0.0,0.27504,0.26833,flat
CANBK.NS,2024-12-31,2025-01-06,0.0,0.60211,0.54623,flat
CANBK.NS,2025-03-31,2025-04-07,0.0,0.69312,0.55566,flat
CANFINHOME.NS,2021-12-31,2022-01-13,0.0,-0.11158,-0.09538,flat
CANFINHOME.NS,2022-03-31,2022-04-18,0.0,-0.07374,-0.07401,flat
CANFINHOME.NS,2022-06-30,2022-07-08,0.0,0.7648,0.54468,flat
CANFINHOME.NS,2022-09-30,2022-10-20,0.0,0.42854,0.31913,flat
CANFINHOME.NS,2022-12-31,2023-01-12,0.0,0.33164,0.07464,flat
CANFINHOME.NS,2023-03-31,2023-04-17,0.0,0.31353,-0.08659,flat
CANFINHOME.NS,2023-06-30,2023-07-19,0.0,0.04447,-0.34349,flat
CANFINHOME.NS,2023-09-30,2023-10-19,0.0,0.16468,-0.14954,flat
CANFINHOME.NS,2023-12-31,2024-01-09,0.0,-0.09727,-0.21139,flat
CANFINHOME.NS,2024-03-31,2024-04-18,0.0,-0.03991,-0.11487,flat
CANFINHOME.NS,2024-06-30,2024-07-19,0.0,-0.05912,-0.08427,flat
CANFINHOME.NS,2024-09-30,2024-10-15,0.0,-0.04491,-0.04408,flat
CANFINHOME.NS,2024-12-31,2025-01-13,0.0,0.46294,0.36266,flat
CANFINHOME.NS,2025-03-31,2025-04-17,0.0,0.30617,0.2536,flat
CAPLIPOINT.NS,2021-12-31,2022-01-10,-0.12,-0.14664,-0.13699,flat
CAPLIPOINT.NS,2022-03-31,2022-04-08,-0.02,-0.18136,-0.15233,flat
CAPLIPOINT.NS,2022-06-30,2022-07-21,-0.01,0.11509,-0.07246,flat
CAPLIPOINT.NS,2022-09-30,2022-10-24,0.0,0.39357,0.28814,flat
CAPLIPOINT.NS,2022-12-31,2023-01-23,-0.08,1.05478,0.76214,flat
CAPLIPOINT.NS,2023-03-31,2023-04-21,1.86,0.99962,0.57957,bought
CAPLIPOINT.NS,2023-06-30,2023-07-19,-0.03,0.82034,0.43237,flat
CAPLIPOINT.NS,2023-09-30,2023-10-23,0.0,1.03659,0.68518,flat
CAPLIPOINT.NS,2023-12-31,2024-01-23,-0.01,0.35464,0.24577,flat
CAPLIPOINT.NS,2024-03-31,2024-04-19,0.0,0.459,0.37479,flat
CAPLIPOINT.NS,2024-06-30,2024-07-22,-0.06,0.42387,0.40825,flat
CAPLIPOINT.NS,2024-09-30,2024-10-21,0.0,0.06518,0.04035,flat
CAPLIPOINT.NS,2024-12-31,2025-01-21,0.0,-0.19589,-0.27283,flat
CAPLIPOINT.NS,2025-03-31,2025-04-21,0.0,-0.08904,-0.12357,flat
CARBORUNIV.NS,2021-12-31,2022-01-21,0.0,0.06145,0.08161,flat
CARBORUNIV.NS,2022-03-31,2022-04-22,-0.02,0.46608,0.44428,flat
CARBORUNIV.NS,2022-06-30,2022-07-22,-0.02,0.53704,0.34715,flat
CARBORUNIV.NS,2022-09-30,2022-10-24,-0.02,0.26305,0.15762,flat
CARBORUNIV.NS,2022-12-31,2023-01-23,-0.01,0.21105,-0.08159,flat
CARBORUNIV.NS,2023-03-31,2023-04-24,-0.37,0.38347,-0.02037,flat
CARBORUNIV.NS,2023-06-30,2023-07-21,-0.02,0.39619,0.02024,flat
CARBORUNIV.NS,2023-09-30,2023-10-23,-0.22,0.26772,-0.08369,flat
CARBORUNIV.NS,2023-12-31,2024-01-23,0.0,0.04225,-0.06662,flat
CARBORUNIV.NS,2024-03-31,2024-04-22,-0.05,-0.18902,-0.26375,flat
CARBORUNIV.NS,2024-06-30,2024-07-22,-0.07,-0.41649,-0.43212,flat
CARBORUNIV.NS,2024-09-30,2024-10-21,-0.12,-0.37324,-0.39807,flat
CARBORUNIV.NS,2024-12-31,2025-01-22,-1.22,-0.32444,-0.40568,sold
CARBORUNIV.NS,2025-03-31,2025-04-22,0.0,-0.07324,-0.10882,flat
CARERATING.NS,2021-12-31,2022-01-10,0.0,0.05064,0.06028,flat
CARERATING.NS,2022-03-31,2022-04-12,0.0,0.22202,0.242,flat
CARERATING.NS,2022-06-30,2022-07-13,0.0,0.64613,0.40459,flat
CARERATING.NS,2022-09-30,2022-10-21,0.0,0.96737,0.85166,flat
CARERATING.NS,2022-12-31,2023-01-12,0.0,0.55872,0.30172,flat
CARERATING.NS,2023-03-31,2023-04-19,0.0,0.89077,0.47781,flat
CARERATING.NS,2023-06-30,2023-07-11,0.0,0.47101,0.09756,flat
CARERATING.NS,2023-09-30,2023-10-13,0.0,0.49177,0.1814,flat
CARERATING.NS,2023-12-31,2024-01-16,0.0,0.36422,0.289,flat
CARERATING.NS,2024-03-31,2024-04-08,0.0,0.0374,0.00929,flat
CARERATING.NS,2024-06-30,2024-07-12,0.0,0.65441,0.64038,flat
CARERATING.NS,2024-09-30,2024-10-09,0.0,0.2541,0.2717,flat
CARERATING.NS,2024-12-31,2025-01-10,0.0,0.27868,0.20132,flat
CARERATING.NS,2025-03-31,2025-04-11,0.0,0.44638,0.3385,flat
CARTRADE.NS,2021-12-31,2022-01-18,0.0,-0.4425,-0.43159,flat
CARTRADE.NS,2022-03-31,2022-04-18,0.0,-0.37285,-0.37312,flat
CARTRADE.NS,2022-06-30,2022-07-20,0.0,-0.25376,-0.44825,flat
CARTRADE.NS,2022-09-30,2022-10-19,0.0,0.13015,0.03148,flat
CARTRADE.NS,2022-12-31,2023-01-23,0.0,0.52985,0.23721,flat
CARTRADE.NS,2023-03-31,2023-04-19,0.0,0.86225,0.44929,flat
CARTRADE.NS,2023-06-30,2023-07-18,0.0,0.69517,0.30584,flat
CARTRADE.NS,2023-09-30,2023-10-17,0.0,0.52268,0.22601,flat
CARTRADE.NS,2023-12-31,2024-01-16,0.0,0.92285,0.84764,flat
CARTRADE.NS,2024-03-31,2024-04-22,0.0,1.53752,1.4628,flat
CARTRADE.NS,2024-06-30,2024-07-11,0.0,1.30286,1.28255,flat
CARTRADE.NS,2024-09-30,2024-10-17,0.0,1.47911,1.4629,flat
CARTRADE.NS,2024-12-31,2025-01-21,0.0,0.68775,0.61082,flat
CARTRADE.NS,2025-03-31,2025-04-21,0.0,0.03311,-0.00142,flat
CASTROLIND.NS,2021-12-31,2022-01-17,0.0,-0.00887,0.01858,flat
CASTROLIND.NS,2022-03-31,2022-04-13,0.0,0.16096,0.18021,flat
CASTROLIND.NS,2022-06-30,2022-07-13,0.0,0.2249,-0.01664,flat
CASTROLIND.NS,2022-09-30,2022-10-13,0.0,0.23348,0.05831,flat
CASTROLIND.NS,2022-12-31,2023-01-10,0.0,0.48071,0.21386,flat
CASTROLIND.NS,2023-03-31,2023-04-21,0.0,0.87185,0.4518,flat
CASTROLIND.NS,2023-06-30,2023-07-17,0.0,1.13189,0.74533,flat
CASTROLIND.NS,2023-09-30,2023-10-10,0.0,0.63422,0.28978,flat
CASTROLIND.NS,2023-12-31,2024-01-09,0.0,0.06578,-0.04834,flat
CASTROLIND.NS,2024-03-31,2024-04-18,0.0,0.02974,-0.04521,flat
CASTROLIND.NS,2024-06-30,2024-07-11,0.0,-0.0536,-0.07391,flat
CASTROLIND.NS,2024-09-30,2024-10-11,0.0,-0.07044,-0.06843,flat
CASTROLIND.NS,2024-12-31,2025-01-13,0.0,0.08328,-0.017,flat
CASTROLIND.NS,2025-03-31,2025-04-21,0.0,-0.06684,-0.10137,flat
CCAVENUE.NS,2021-12-31,2022-01-10,0.0,-0.17845,-0.1688,flat
CCAVENUE.NS,2022-03-16,2022-03-25,-0.15,-0.3145,-0.29361,flat
CCAVENUE.NS,2022-03-31,2022-04-18,-0.28,-0.31105,-0.31133,flat
CCAVENUE.NS,2022-06-30,2022-07-14,0.0,0.12406,-0.10959,flat
CCAVENUE.NS,2022-09-30,2022-10-14,0.0,0.40632,0.24475,flat
CCAVENUE.NS,2022-12-31,2023-01-23,0.0,1.25715,0.96451,flat
CCAVENUE.NS,2023-03-31,2023-04-17,-0.01,1.56646,1.16634,flat
CCAVENUE.NS,2023-06-30,2023-07-17,0.0,1.00892,0.62235,flat
CCAVENUE.NS,2023-09-30,2023-10-16,-1.5,0.25228,-0.04129,sold
CCAVENUE.NS,2023-10-30,2023-11-01,-1.0,0.46438,0.11427,sold
CCAVENUE.NS,2023-12-31,2024-01-17,0.0,-0.17522,-0.24825,flat
CCAVENUE.NS,2024-03-31,2024-04-22,-0.7,-0.49337,-0.5681,sold
CCAVENUE.NS,2024-06-30,2024-07-11,0.0,-0.45348,-0.47379,flat
CCAVENUE.NS,2024-09-30,2024-10-21,0.0,-0.33862,-0.36345,flat
CCAVENUE.NS,2024-12-31,2025-01-20,-0.07,-0.36133,-0.40765,flat
CCAVENUE.NS,2025-03-31,2025-04-21,0.0,-0.21433,-0.24885,flat
CCL.NS,2021-12-31,2022-01-12,0.01,0.24419,0.26153,flat
CCL.NS,2022-03-31,2022-04-21,0.06,0.55749,0.55608,flat
CCL.NS,2022-06-30,2022-07-14,0.0,0.54867,0.31501,flat
CCL.NS,2022-09-30,2022-10-21,0.0,0.29709,0.18138,flat
CCL.NS,2022-12-31,2023-01-23,0.0,0.19549,-0.09715,flat
CCL.NS,2023-03-31,2023-04-20,0.0,0.07229,-0.34055,flat
CCL.NS,2023-06-30,2023-07-10,0.0,-0.173,-0.55895,flat
CCL.NS,2023-09-30,2023-10-11,0.0,-0.02893,-0.33955,flat
CCL.NS,2023-12-31,2024-01-12,0.0,0.00067,-0.08294,flat
CCL.NS,2024-03-31,2024-04-16,0.0,0.11289,0.02683,flat
CCL.NS,2024-06-30,2024-07-12,-0.17,0.46452,0.45048,flat
CCL.NS,2024-09-30,2024-10-18,0.0,0.30133,0.29084,flat
CCL.NS,2024-12-31,2025-01-17,0.0,0.46265,0.41532,flat
CCL.NS,2025-03-31,2025-04-21,0.0,0.79645,0.76192,flat
CDSL.NS,2021-12-31,2022-01-07,0.0,-0.29615,-0.29166,flat
CDSL.NS,2022-03-31,2022-04-19,0.0,-0.28582,-0.30137,flat
CDSL.NS,2022-06-30,2022-07-13,0.0,0.08974,-0.1518,flat
CDSL.NS,2022-09-30,2022-10-19,0.0,0.06798,-0.03069,flat
CDSL.NS,2022-12-31,2023-01-17,0.0,0.68761,0.40732,flat
CDSL.NS,2023-03-31,2023-04-12,0.0,1.14173,0.7595,flat
CDSL.NS,2023-06-30,2023-07-19,-5.0,1.11671,0.72875,sold
CDSL.NS,2023-09-30,2023-10-17,0.0,1.21213,0.91545,flat
CDSL.NS,2023-12-31,2024-01-15,0.0,0.65801,0.57491,flat
CDSL.NS,2024-03-31,2024-04-16,0.0,0.39709,0.31103,flat
CDSL.NS,2024-06-30,2024-07-19,0.0,0.48547,0.46032,flat
CDSL.NS,2024-08-25,2024-09-04,0.0,0.09963,0.13331,flat
CDSL.NS,2024-09-30,2024-10-18,0.0,0.01511,0.00462,flat
CDSL.NS,2024-12-31,2025-01-15,0.0,-0.1611,-0.22068,flat
CDSL.NS,2025-03-31,2025-04-15,0.0,0.08717,0.0152,flat
CEATLTD.NS,2021-12-31,2022-01-21,0.29,0.39288,0.41304,flat
CEATLTD.NS,2022-03-31,2022-04-20,0.0,0.25982,0.25012,flat
CEATLTD.NS,2022-06-30,2022-07-20,0.1,1.06846,0.87397,flat
CEATLTD.NS,2022-09-30,2022-10-21,0.0,0.39976,0.28405,flat
CEATLTD.NS,2022-12-31,2023-01-20,0.0,0.63062,0.34202,flat
CEATLTD.NS,2023-03-31,2023-04-19,0.0,0.77603,0.36307,flat
CEATLTD.NS,2023-06-30,2023-07-21,0.0,0.1013,-0.27465,flat
CEATLTD.NS,2023-09-30,2023-10-18,0.0,0.27841,-0.03588,flat
CEATLTD.NS,2023-12-31,2024-01-19,0.0,0.14286,0.05926,flat
CEATLTD.NS,2024-03-31,2024-04-18,0.0,0.22589,0.15093,flat
CEATLTD.NS,2024-06-30,2024-07-19,0.0,0.31817,0.29301,flat
CEATLTD.NS,2024-09-30,2024-10-21,0.0,0.37669,0.35186,flat
CEATLTD.NS,2024-12-31,2025-01-20,0.0,0.23876,0.19244,flat
CEATLTD.NS,2025-03-31,2025-04-21,0.0,0.17309,0.13856,flat
CEMPRO.NS,2021-09-30,2021-10-18,0.0,0.32583,0.3765,flat
CEMPRO.NS,2021-12-31,2022-01-18,0.0,0.54865,0.55956,flat
CEMPRO.NS,2022-03-31,2022-04-20,0.0,0.69562,0.68592,flat
CEMPRO.NS,2022-06-30,2022-07-19,0.0,1.34978,1.14173,flat
CEMPRO.NS,2022-09-30,2022-10-24,0.0,0.60379,0.49836,flat
CEMPRO.NS,2022-12-31,2023-01-18,0.0,1.53196,1.26636,flat
CEMPRO.NS,2023-03-31,2023-04-19,0.0,2.53081,2.11785,flat
CEMPRO.NS,2023-06-30,2023-07-17,0.0,1.85601,1.46945,flat
CEMPRO.NS,2023-09-30,2023-10-18,0.0,1.42812,1.11383,flat
CEMPRO.NS,2023-12-31,2024-01-19,0.0,0.69119,0.60759,flat
CEMPRO.NS,2024-03-31,2024-04-19,0.0,0.40649,0.32228,flat
CEMPRO.NS,2024-06-30,2024-07-22,0.0,0.58105,0.56542,flat
CEMPRO.NS,2024-09-30,2024-10-16,0.0,0.32916,0.32552,flat
CEMPRO.NS,2024-12-31,2025-01-21,0.0,0.1967,0.11976,flat
CEMPRO.NS,2025-03-31,2025-04-21,0.0,0.27389,0.23936,flat
CENTRALBK.NS,2021-12-31,2022-01-06,0.0,0.42361,0.42287,flat
CENTRALBK.NS,2022-03-31,2022-04-11,0.0,0.34577,0.37635,flat
CENTRALBK.NS,2022-06-30,2022-07-14,0.0,0.72576,0.49211,flat
CENTRALBK.NS,2022-09-30,2022-10-19,0.0,1.20352,1.10484,flat
CENTRALBK.NS,2022-12-31,2023-01-18,0.0,0.73416,0.46856,flat
CENTRALBK.NS,2023-03-31,2023-04-13,0.0,1.47852,1.09224,flat
CENTRALBK.NS,2023-06-30,2023-07-17,0.0,1.03994,0.65337,flat
CENTRALBK.NS,2023-09-30,2023-10-12,0.0,0.08654,-0.22469,flat
CENTRALBK.NS,2023-12-31,2024-01-10,0.0,0.0874,-0.02999,flat
CENTRALBK.NS,2024-03-31,2024-04-18,0.0,-0.40291,-0.47787,flat
CENTRALBK.NS,2024-06-30,2024-07-22,0.0,-0.39976,-0.41539,flat
CENTRALBK.NS,2024-09-30,2024-10-16,0.0,-0.31228,-0.31591,flat
CENTRALBK.NS,2024-12-31,2025-01-13,0.0,-0.17119,-0.27147,flat
CENTRALBK.NS,2025-03-28,2025-04-01,-3.81,-0.12004,-0.1806,sold
CENTRALBK.NS,2025-03-31,2025-04-16,0.0,0.01798,-0.03648,flat
CENTURYPLY.NS,2021-12-31,2022-01-05,0.0,-0.18731,-0.18269,flat
CENTURYPLY.NS,2022-03-31,2022-04-18,0.0,-0.21875,-0.21903,flat
CENTURYPLY.NS,2022-06-30,2022-07-13,0.0,0.27991,0.03837,flat
CENTURYPLY.NS,2022-09-30,2022-10-20,0.0,-0.00504,-0.11444,flat
CENTURYPLY.NS,2022-12-31,2023-01-11,0.0,0.56382,0.28247,flat
CENTURYPLY.NS,2023-03-31,2023-04-10,0.0,0.36093,-0.01733,flat
CENTURYPLY.NS,2023-06-30,2023-07-17,0.0,0.03076,-0.35581,flat
CENTURYPLY.NS,2023-09-30,2023-10-11,0.0,0.38103,0.07041,flat
CENTURYPLY.NS,2023-12-31,2024-01-11,0.0,0.05478,-0.03962,flat
CENTURYPLY.NS,2024-03-31,2024-04-15,-0.45,0.14569,0.05981,flat
CENTURYPLY.NS,2024-06-30,2024-07-15,0.0,0.0272,0.02439,flat
CENTURYPLY.NS,2024-09-30,2024-10-10,0.0,-0.173,-0.16364,flat
CENTURYPLY.NS,2024-12-31,2025-01-10,0.05,-0.05318,-0.13054,flat
CENTURYPLY.NS,2025-03-31,2025-04-15,0.0,0.08061,0.00864,flat
CERA.NS,2021-12-31,2022-01-18,0.0,0.10619,0.1171,flat
CERA.NS,2022-03-31,2022-04-21,0.0,0.36049,0.35908,flat
CERA.NS,2022-06-30,2022-07-21,0.0,0.79731,0.60977,flat
CERA.NS,2022-09-30,2022-10-24,0.0,0.56519,0.45976,flat
CERA.NS,2022-12-31,2023-01-23,0.0,0.53434,0.2417,flat
CERA.NS,2023-03-31,2023-04-21,0.0,0.13891,-0.28114,flat
CERA.NS,2023-06-30,2023-07-20,0.0,0.17411,-0.20518,flat
CERA.NS,2023-09-30,2023-10-17,0.0,-0.21785,-0.51452,flat
CERA.NS,2023-12-31,2024-01-23,0.0,-0.18711,-0.29598,flat
CERA.NS,2024-03-31,2024-04-18,0.0,-0.22325,-0.29821,flat
CERA.NS,2024-06-30,2024-07-18,0.0,-0.22943,-0.2342,flat
CERA.NS,2024-09-30,2024-10-18,-0.07,-0.21103,-0.22152,flat
CERA.NS,2024-12-31,2025-01-20,0.0,-0.28412,-0.33044,flat
CERA.NS,2025-03-31,2025-04-21,0.0,-0.06921,-0.10374,flat
CESC.NS,2021-12-31,2022-01-13,0.0,-0.14804,-0.13184,flat
CESC.NS,2022-03-31,2022-04-12,0.0,-0.13028,-0.1103,flat
CESC.NS,2022-06-30,2022-07-18,0.0,0.06877,-0.1395,flat
CESC.NS,2022-09-30,2022-10-24,0.0,0.14326,0.03783,flat
CESC.NS,2022-12-31,2023-01-19,0.0,1.03103,0.74682,flat
CESC.NS,2023-03-31,2023-04-24,0.0,1.32591,0.92206,flat
CESC.NS,2023-06-30,2023-07-21,0.0,1.47365,1.0977,flat
CESC.NS,2023-09-30,2023-10-19,0.0,1.09803,0.78381,flat
CESC.NS,2023-12-31,2024-01-19,0.0,0.02651,-0.05709,flat
CESC.NS,2024-03-31,2024-04-18,0.0,0.1141,0.03914,flat
CESC.NS,2024-06-30,2024-07-22,0.0,0.07719,0.06157,flat
CESC.NS,2024-09-30,2024-10-18,0.0,-0.03464,-0.04513,flat
CESC.NS,2024-12-31,2025-01-20,0.0,-0.05411,-0.10043,flat
CESC.NS,2025-03-31,2025-04-21,0.0,0.22048,0.18595,flat
CGCL.NS,2021-09-30,2021-10-14,0.92,0.39993,0.44161,bought
CGCL.NS,2021-12-31,2022-01-11,-0.1,0.4562,0.47069,flat
CGCL.NS,2022-03-31,2022-04-18,-0.02,-0.06941,-0.06968,flat
CGCL.NS,2022-06-30,2022-07-18,-0.04,0.17617,-0.0321,flat
CGCL.NS,2022-09-30,2022-10-17,0.0,0.06877,-0.06424,flat
CGCL.NS,2022-12-31,2023-01-18,-0.04,-0.66539,-0.93099,flat
CGCL.NS,2023-03-31,2023-04-19,-4.73,-0.64278,-1.05574,sold
CGCL.NS,2023-06-30,2023-07-14,0.0,-0.73222,-1.12151,flat
CGCL.NS,2023-09-30,2023-10-16,0.0,-0.75793,-1.0515,flat
CGCL.NS,2023-12-31,2024-01-12,-0.02,-0.15062,-0.23423,flat
CGCL.NS,2024-03-31,2024-04-10,0.0,-0.23106,-0.28321,flat
CGCL.NS,2024-06-30,2024-07-09,0.0,-0.17354,-0.18402,flat
CGCL.NS,2024-09-30,2024-10-14,0.0,-0.01599,-0.01056,flat
CGCL.NS,2024-12-31,2025-01-09,-0.02,-0.03413,-0.09896,flat
CGCL.NS,2025-03-31,2025-04-16,0.0,0.12485,0.07039,flat
CGPOWER.NS,2021-12-31,2022-01-19,0.0,0.65753,0.66295,flat
CGPOWER.NS,2022-02-11,2022-02-17,2.94,0.81367,0.81842,bought
CGPOWER.NS,2022-03-31,2022-04-21,0.01,0.59204,0.59064,flat
CGPOWER.NS,2022-05-18,2022-05-25,2.47,1.3809,1.22055,bought
CGPOWER.NS,2022-06-30,2022-07-19,0.0,0.99115,0.7831,flat
CGPOWER.NS,2022-09-30,2022-10-24,0.0,0.53197,0.42654,flat
CGPOWER.NS,2022-12-31,2023-01-23,0.0,0.48346,0.19082,flat
CGPOWER.NS,2023-03-31,2023-04-20,0.0,0.85095,0.43811,flat
CGPOWER.NS,2023-06-30,2023-07-24,0.0,0.72518,0.38855,flat
CGPOWER.NS,2023-09-30,2023-10-23,0.0,0.88202,0.53061,flat
CGPOWER.NS,2023-12-31,2024-01-23,-0.01,0.39116,0.28229,flat
CGPOWER.NS,2024-03-31,2024-04-22,0.0,0.20203,0.1273,flat
CGPOWER.NS,2024-06-30,2024-07-18,-0.02,-0.00601,-0.01078,flat
CGPOWER.NS,2024-09-30,2024-10-21,-0.02,-0.05905,-0.08388,flat
CGPOWER.NS,2024-12-31,2025-01-23,-0.01,-0.06593,-0.1375,flat
CGPOWER.NS,2025-03-31,2025-04-16,0.0,0.37782,0.32335,flat
CHALET.NS,2021-12-31,2022-01-24,0.0,0.55846,0.54879,flat
CHALET.NS,2022-03-31,2022-04-22,0.0,0.34371,0.32191,flat
CHALET.NS,2022-06-30,2022-07-21,0.0,0.50372,0.31618,flat
CHALET.NS,2022-09-30,2022-10-24,0.0,0.50268,0.39725,flat
CHALET.NS,2022-12-31,2023-01-23,0.0,1.3,1.00736,flat
CHALET.NS,2023-03-31,2023-04-20,0.0,1.34581,0.93297,flat
CHALET.NS,2023-06-30,2023-07-24,0.0,0.72559,0.38896,flat
CHALET.NS,2023-09-30,2023-10-23,0.05,0.58984,0.23843,flat
CHALET.NS,2023-12-31,2024-01-23,0.0,0.00173,-0.10714,flat
CHALET.NS,2024-03-31,2024-04-22,-0.03,-0.08292,-0.15765,flat
CHALET.NS,2024-04-03,2024-04-08,-4.15,-0.03759,-0.0657,sold
CHALET.NS,2024-06-30,2024-07-22,0.0,0.16112,0.1455,flat
CHALET.NS,2024-09-30,2024-10-22,-0.04,0.08818,0.04443,flat
CHALET.NS,2024-12-31,2025-01-22,-0.06,0.07301,-0.00823,flat
CHALET.NS,2025-03-31,2025-04-22,-0.01,-0.06851,-0.10409,flat
CHAMBLFERT.NS,2021-12-31,2022-01-21,0.01,-0.36287,-0.34271,flat
CHAMBLFERT.NS,2022-03-31,2022-04-21,0.06,-0.38894,-0.39034,flat
CHAMBLFERT.NS,2022-06-30,2022-07-21,0.02,-0.09239,-0.27994,flat
CHAMBLFERT.NS,2022-09-30,2022-10-24,0.0,-0.09511,-0.20054,flat
CHAMBLFERT.NS,2022-12-31,2023-01-18,0.08,0.21707,-0.04853,flat
CHAMBLFERT.NS,2023-03-31,2023-04-20,0.0,0.57467,0.16184,flat
CHAMBLFERT.NS,2023-06-30,2023-07-21,0.0,1.0095,0.63355,flat
CHAMBLFERT.NS,2023-09-30,2023-10-20,0.0,0.70793,0.38945,flat
CHAMBLFERT.NS,2023-12-31,2024-01-23,0.0,0.42683,0.31796,flat
CHAMBLFERT.NS,2024-02-13,2024-02-23,0.14,0.5083,0.52881,flat
CHAMBLFERT.NS,2024-03-31,2024-04-18,0.0,0.88301,0.80806,flat
CHAMBLFERT.NS,2024-06-30,2024-07-22,0.0,0.10574,0.09011,flat
CHAMBLFERT.NS,2024-09-30,2024-10-21,-0.3,0.01964,-0.00519,flat
CHAMBLFERT.NS,2024-12-31,2025-01-22,0.0,-0.1074,-0.18864,flat
CHAMBLFERT.NS,2025-03-31,2025-04-21,0.0,-0.33686,-0.37139,flat
CHEMPLASTS.NS,2021-12-31,2022-01-13,0.0,-0.25446,-0.23826,flat
CHEMPLASTS.NS,2022-03-31,2022-04-18,0.0,-0.32952,-0.32979,flat
CHEMPLASTS.NS,2022-06-30,2022-07-15,0.0,-0.06552,-0.2885,flat
CHEMPLASTS.NS,2022-09-30,2022-10-20,0.0,0.1581,0.04869,flat
CHEMPLASTS.NS,2022-12-31,2023-01-19,0.0,0.10904,-0.17517,flat
CHEMPLASTS.NS,2023-03-31,2023-04-21,0.0,0.13743,-0.28262,flat
CHEMPLASTS.NS,2023-06-30,2023-07-21,0.0,0.27592,-0.10003,flat
CHEMPLASTS.NS,2023-09-30,2023-10-20,0.0,0.06032,-0.25816,flat
CHEMPLASTS.NS,2023-12-31,2024-01-19,0.0,-0.04826,-0.13186,flat
CHEMPLASTS.NS,2024-03-31,2024-04-18,0.0,-0.09171,-0.16667,flat
CHEMPLASTS.NS,2024-06-30,2024-07-22,0.0,-0.14834,-0.16396,flat
CHEMPLASTS.NS,2024-09-30,2024-10-21,0.0,-0.16045,-0.18528,flat
CHEMPLASTS.NS,2024-12-31,2025-01-21,0.0,-0.4801,-0.55704,flat
CHEMPLASTS.NS,2025-03-31,2025-04-21,0.0,-0.46811,-0.50264,flat
CHENNPETRO.NS,2021-12-31,2022-01-06,0.0,1.13633,1.13559,flat
CHENNPETRO.NS,2022-03-31,2022-04-07,0.0,0.59308,0.61262,flat
CHENNPETRO.NS,2022-06-30,2022-07-07,0.0,0.67844,0.46051,flat
CHENNPETRO.NS,2022-09-30,2022-10-18,0.0,1.51392,1.40072,flat
CHENNPETRO.NS,2022-12-31,2023-01-12,0.0,2.62076,2.36376,flat
CHENNPETRO.NS,2023-03-31,2023-04-10,0.0,3.01589,2.63763,flat
CHENNPETRO.NS,2023-06-30,2023-07-13,0.0,1.61181,1.23324,flat
CHENNPETRO.NS,2023-09-30,2023-10-10,0.0,0.8836,0.53917,flat
CHENNPETRO.NS,2023-12-31,2024-01-15,0.0,-0.27941,-0.36251,flat
CHENNPETRO.NS,2024-03-31,2024-04-08,0.0,-0.28629,-0.3144,flat
CHENNPETRO.NS,2024-06-30,2024-07-08,0.0,-0.22345,-0.23701,flat
CHENNPETRO.NS,2024-09-30,2024-10-09,0.0,-0.15907,-0.14146,flat
CHENNPETRO.NS,2024-12-31,2025-01-06,0.0,0.3194,0.26352,flat
CHENNPETRO.NS,2025-03-31,2025-04-15,0.0,0.75272,0.68075,flat
CHOICEIN.NS,2022-04-07,2022-04-19,0.0,1.09176,1.07621,flat
CHOICEIN.NS,2022-06-30,2022-07-22,0.0,0.78623,0.59633,flat
CHOICEIN.NS,2022-09-23,2022-09-27,0.0,0.89924,0.73656,flat
CHOICEIN.NS,2022-09-26,2022-09-27,0.0,0.89924,0.73656,flat
CHOICEIN.NS,2022-09-30,2022-10-24,0.0,0.59184,0.48642,flat
CHOICEIN.NS,2022-12-31,2023-01-23,0.0,1.02544,0.7328,flat
CHOICEIN.NS,2023-03-31,2023-04-21,3.87,1.05215,0.6321,bought
CHOICEIN.NS,2023-06-30,2023-07-21,0.65,1.25499,0.87904,bought
CHOICEIN.NS,2023-09-30,2023-10-23,0.3,1.54955,1.19815,flat
CHOICEIN.NS,2023-12-31,2024-01-23,1.71,0.94382,0.83495,bought
CHOICEIN.NS,2024-02-21,2024-03-01,-0.11,0.78086,0.78496,flat
CHOICEIN.NS,2024-03-31,2024-04-22,0.34,0.87695,0.80222,flat
CHOICEIN.NS,2024-06-06,2024-06-18,0.0,0.89022,0.86013,flat
CHOICEIN.NS,2024-06-30,2024-07-22,0.0,1.05003,1.0344,flat
CHOICEIN.NS,2024-09-30,2024-10-22,0.0,0.72259,0.67884,flat
CHOICEIN.NS,2024-12-31,2025-01-22,0.0,0.45928,0.37804,flat
CHOICEIN.NS,2025-03-31,2025-04-22,-0.08,0.17788,0.14229,flat
CHOICEIN.NS,2025-06-04,2025-06-16,-1.7,0.02381,0.02246,sold
CHOLAFIN.NS,2021-12-31,2022-01-24,-0.02,0.10794,0.09828,flat
CHOLAFIN.NS,2022-03-31,2022-04-22,0.0,0.22415,0.20235,flat
CHOLAFIN.NS,2022-06-30,2022-07-22,-0.03,0.65424,0.46435,flat
CHOLAFIN.NS,2022-09-30,2022-10-24,-0.02,0.59812,0.49269,flat
CHOLAFIN.NS,2022-12-31,2023-01-23,-0.01,0.63224,0.3396,flat
CHOLAFIN.NS,2023-03-31,2023-04-21,-0.02,0.55713,0.13708,flat
CHOLAFIN.NS,2023-06-30,2023-07-21,-0.01,0.22333,-0.15262,flat
CHOLAFIN.NS,2023-09-30,2023-10-23,-0.03,0.1011,-0.25031,flat
CHOLAFIN.NS,2023-12-31,2024-01-15,-1.06,-0.02362,-0.10672,sold
CHOLAFIN.NS,2024-03-31,2024-04-22,-0.02,0.30405,0.22932,flat
CHOLAFIN.NS,2024-06-30,2024-07-22,-0.02,0.10704,0.09141,flat
CHOLAFIN.NS,2024-09-30,2024-10-22,-0.09,0.22279,0.17904,flat
CHOLAFIN.NS,2024-12-31,2025-01-22,-0.31,0.3135,0.23226,flat
CHOLAFIN.NS,2025-03-31,2025-04-22,-0.01,-0.00717,-0.04276,flat
CHOLAHLDNG.NS,2021-12-31,2022-01-19,0.0,-0.08966,-0.08424,flat
CHOLAHLDNG.NS,2022-03-31,2022-04-21,0.0,-0.09668,-0.09809,flat
CHOLAHLDNG.NS,2022-06-30,2022-07-19,0.0,0.42821,0.22017,flat
CHOLAHLDNG.NS,2022-09-30,2022-10-24,-0.01,0.81987,0.71444,flat
CHOLAHLDNG.NS,2022-12-31,2023-01-13,0.0,0.82639,0.5589,flat
CHOLAHLDNG.NS,2023-03-31,2023-04-17,-0.21,0.86743,0.4673,flat
CHOLAHLDNG.NS,2023-06-30,2023-07-17,0.0,0.66359,0.27702,flat
CHOLAHLDNG.NS,2023-09-30,2023-10-20,-1.03,0.52659,0.20811,sold
CHOLAHLDNG.NS,2023-12-31,2024-01-11,0.0,0.41999,0.32559,flat
CHOLAHLDNG.NS,2024-03-31,2024-04-18,0.0,0.86483,0.78987,flat
CHOLAHLDNG.NS,2024-06-30,2024-07-22,-0.05,0.35749,0.34186,flat
CHOLAHLDNG.NS,2024-09-30,2024-10-16,0.0,-0.06592,-0.06955,flat
CHOLAHLDNG.NS,2024-12-31,2025-01-22,-0.87,0.14766,0.06642,sold
CHOLAHLDNG.NS,2025-03-31,2025-04-21,0.0,-0.20747,-0.242,flat
CIEINDIA.NS,2021-12-31,2022-01-20,0.0,0.7408,0.75311,flat
CIEINDIA.NS,2022-03-31,2022-04-19,-0.02,0.91691,0.90136,flat
CIEINDIA.NS,2022-06-30,2022-07-11,2.7,1.19621,0.98124,bought
CIEINDIA.NS,2022-09-30,2022-10-17,0.09,0.47678,0.34378,flat
CIEINDIA.NS,2022-12-31,2023-01-20,0.0,0.29003,0.00143,flat
CIEINDIA.NS,2023-03-31,2023-04-19,-6.07,0.3435,-0.06946,sold
CIEINDIA.NS,2023-06-30,2023-07-12,-3.19,0.08597,-0.29144,sold
CIEINDIA.NS,2023-09-30,2023-10-19,0.0,0.06558,-0.24864,flat
CIEINDIA.NS,2023-12-31,2024-01-23,0.0,-0.02126,-0.13014,flat
CIEINDIA.NS,2024-03-31,2024-04-22,0.0,-0.11629,-0.19102,flat
CIEINDIA.NS,2024-06-30,2024-07-12,0.0,-0.2607,-0.27474,flat
CIEINDIA.NS,2024-09-30,2024-10-15,0.0,-0.17479,-0.17397,flat
CIEINDIA.NS,2024-12-31,2025-01-15,0.0,-0.12258,-0.18216,flat
CIEINDIA.NS,2025-03-31,2025-04-21,0.0,0.15089,0.11636,flat
CIPLA.NS,2021-12-31,2022-01-18,-0.01,0.18352,0.19443,flat
CIPLA.NS,2022-03-31,2022-04-22,-2.48,-0.0564,-0.0782,sold
CIPLA.NS,2022-06-30,2022-07-14,-0.02,0.11717,-0.11649,flat
CIPLA.NS,2022-09-30,2022-10-21,0.0,0.06026,-0.05545,flat
CIPLA.NS,2022-12-31,2023-01-17,0.0,0.26059,-0.01971,flat
CIPLA.NS,2023-03-31,2023-04-18,-0.06,0.53701,0.13811,flat
CIPLA.NS,2023-06-30,2023-07-11,-0.08,0.4692,0.09575,flat
CIPLA.NS,2023-09-30,2023-10-19,0.0,0.16919,-0.14503,flat
CIPLA.NS,2023-12-31,2024-01-23,0.0,0.04316,-0.06572,flat
CIPLA.NS,2024-03-31,2024-04-22,0.0,0.14741,0.07268,flat
CIPLA.NS,2024-06-30,2024-07-22,-2.56,0.01782,0.00219,sold
CIPLA.NS,2024-09-30,2024-10-22,0.01,0.04933,0.00558,flat
CIPLA.NS,2024-12-31,2025-01-21,-1.73,-0.05981,-0.13674,sold
CIPLA.NS,2025-03-31,2025-04-22,0.01,-0.1286,-0.16418,flat
CLEAN.NS,2021-12-31,2022-01-21,0.0,-0.42492,-0.40476,flat
CLEAN.NS,2022-03-31,2022-04-18,0.0,-0.28409,-0.28436,flat
CLEAN.NS,2022-06-30,2022-07-18,0.0,-0.19046,-0.39873,flat
CLEAN.NS,2022-09-30,2022-10-17,-0.01,-0.16625,-0.29926,flat
CLEAN.NS,2022-12-31,2023-01-19,0.0,0.0495,-0.23471,flat
CLEAN.NS,2023-03-31,2023-04-20,0.0,-0.0498,-0.46263,flat
CLEAN.NS,2023-06-30,2023-07-20,-3.51,0.19049,-0.1888,sold
CLEAN.NS,2023-09-30,2023-10-19,-0.01,0.09789,-0.21633,flat
CLEAN.NS,2023-12-31,2024-01-19,0.0,-0.10837,-0.19198,flat
CLEAN.NS,2024-03-31,2024-04-16,0.0,-0.08351,-0.16957,flat
CLEAN.NS,2024-06-30,2024-07-18,0.0,-0.11902,-0.12379,flat
CLEAN.NS,2024-09-30,2024-10-18,-0.01,-0.3375,-0.34799,flat
CLEAN.NS,2024-12-31,2025-01-20,0.0,-0.39944,-0.44576,flat
CLEAN.NS,2025-03-31,2025-04-17,0.0,-0.30705,-0.35962,flat
COALINDIA.NS,2021-12-31,2022-01-10,0.0,0.48921,0.49885,flat
COALINDIA.NS,2022-03-31,2022-04-13,0.0,0.36323,0.38248,flat
COALINDIA.NS,2022-06-30,2022-07-06,0.0,0.39908,0.17954,flat
COALINDIA.NS,2022-09-30,2022-10-18,0.0,0.42475,0.31156,flat
COALINDIA.NS,2022-12-31,2023-01-06,0.0,0.94335,0.64506,flat
COALINDIA.NS,2023-03-31,2023-04-13,0.0,1.11876,0.73249,flat
COALINDIA.NS,2023-06-30,2023-07-12,-3.0,1.26771,0.8903,sold
COALINDIA.NS,2023-09-30,2023-10-10,0.0,0.7103,0.36587,flat
COALINDIA.NS,2023-12-31,2024-01-09,0.0,0.0656,-0.04852,flat
COALINDIA.NS,2024-03-31,2024-04-08,0.0,-0.0517,-0.07981,flat
COALINDIA.NS,2024-06-30,2024-07-10,0.0,-0.16318,-0.1837,flat
COALINDIA.NS,2024-09-30,2024-10-09,0.0,-0.15345,-0.13585,flat
COALINDIA.NS,2024-12-31,2025-01-09,0.0,0.24473,0.1799,flat
COALINDIA.NS,2025-03-31,2025-04-08,0.0,0.23497,0.11852,flat
COCHINSHIP.NS,2021-12-31,2022-01-10,0.0,0.47421,0.48385,flat
COCHINSHIP.NS,2022-03-31,2022-04-11,0.0,0.51363,0.54421,flat
COCHINSHIP.NS,2022-06-30,2022-07-11,0.0,1.14701,0.93205,flat
COCHINSHIP.NS,2022-09-30,2022-10-19,0.0,0.85738,0.75871,flat
COCHINSHIP.NS,2022-12-31,2023-01-20,0.0,2.67607,2.38747,flat
COCHINSHIP.NS,2023-03-31,2023-04-18,0.0,4.65879,4.2599,flat
COCHINSHIP.NS,2023-06-30,2023-07-20,0.0,6.84722,6.46793,flat
COCHINSHIP.NS,2023-09-30,2023-10-20,0.0,2.01899,1.70051,flat
COCHINSHIP.NS,2023-12-31,2024-01-11,0.0,0.96794,0.87354,flat
COCHINSHIP.NS,2024-03-31,2024-04-22,0.0,0.50566,0.43093,flat
COCHINSHIP.NS,2024-06-30,2024-07-19,0.0,-0.25931,-0.28446,flat
COCHINSHIP.NS,2024-09-30,2024-10-21,0.0,0.19766,0.17283,flat
COCHINSHIP.NS,2024-12-31,2025-01-17,-4.95,0.00349,-0.04384,sold
COCHINSHIP.NS,2025-03-31,2025-04-21,0.0,0.147,0.11247,flat
COFORGE.NS,2021-12-31,2022-01-21,-0.21,-0.16345,-0.14329,flat
COFORGE.NS,2022-03-31,2022-04-21,-9.88,0.00429,0.00289,sold
COFORGE.NS,2022-06-30,2022-07-19,0.0,0.40428,0.19624,flat
COFORGE.NS,2022-09-30,2022-10-20,-0.03,0.31957,0.21016,flat
COFORGE.NS,2022-12-31,2023-01-13,-0.07,0.66728,0.39979,flat
COFORGE.NS,2023-03-31,2023-04-19,-9.83,0.34919,-0.06377,sold
COFORGE.NS,2023-06-30,2023-07-17,-3.53,0.2925,-0.09407,sold
COFORGE.NS,2023-09-30,2023-10-23,-26.63,0.5622,0.21079,sold
COFORGE.NS,2023-12-31,2024-01-23,0.0,0.363,0.25413,flat
COFORGE.NS,2024-03-31,2024-04-10,0.0,0.23135,0.1792,flat
COFORGE.NS,2024-05-28,2024-06-06,0.0,0.72937,0.65067,flat
COFORGE.NS,2024-06-30,2024-07-22,0.0,0.39338,0.37776,flat
COFORGE.NS,2024-09-30,2024-10-16,0.0,0.21705,0.21342,flat
COFORGE.NS,2024-12-31,2025-01-22,0.0,0.02908,-0.05216,flat
COFORGE.NS,2025-03-31,2025-04-22,0.0,-0.12644,-0.16202,flat
COHANCE.NS,2021-12-31,2022-01-11,0.0,-0.00192,0.01257,flat
COHANCE.NS,2022-03-31,2022-04-18,0.0,-0.17328,-0.17356,flat
COHANCE.NS,2022-06-30,2022-07-18,0.0,0.07014,-0.13813,flat
COHANCE.NS,2022-09-30,2022-10-21,0.0,0.39537,0.27967,flat
COHANCE.NS,2022-12-31,2023-01-12,0.0,0.38426,0.12726,flat
COHANCE.NS,2023-03-31,2023-04-17,0.0,0.39097,-0.00916,flat
COHANCE.NS,2023-06-30,2023-07-12,0.0,0.80853,0.43112,flat
COHANCE.NS,2023-09-30,2023-10-23,0.0,1.31837,0.96696,flat
COHANCE.NS,2023-12-31,2024-01-23,0.0,0.51121,0.40234,flat
COHANCE.NS,2024-03-31,2024-04-18,-9.9,0.75769,0.68273,sold
COHANCE.NS,2024-06-30,2024-07-22,0.0,0.22211,0.20649,flat
COHANCE.NS,2024-09-30,2024-10-18,0.0,-0.29311,-0.3036,flat
COHANCE.NS,2024-12-31,2025-01-21,0.0,-0.63794,-0.71487,flat
COHANCE.NS,2025-03-31,2025-04-21,0.0,-0.58967,-0.6242,flat
COHANCE.NS,2025-05-09,2025-05-28,16.31,-0.6112,-0.59741,bought
COLPAL.NS,2021-12-31,2022-01-20,0.0,0.03644,0.04875,flat
COLPAL.NS,2022-03-31,2022-04-20,0.0,0.05697,0.04726,flat
COLPAL.NS,2022-06-30,2022-07-22,0.0,0.28812,0.09822,flat
COLPAL.NS,2022-09-30,2022-10-21,0.0,0.32579,0.21008,flat
COLPAL.NS,2022-12-31,2023-01-19,0.0,0.75316,0.46895,flat
COLPAL.NS,2023-03-31,2023-04-19,0.0,0.89067,0.47771,flat
COLPAL.NS,2023-06-30,2023-07-20,0.0,0.87995,0.50066,flat
COLPAL.NS,2023-09-30,2023-10-12,0.0,0.65562,0.3444,flat
COLPAL.NS,2023-12-31,2024-01-19,0.0,0.1205,0.0369,flat
COLPAL.NS,2024-03-31,2024-04-18,0.0,0.02287,-0.05209,flat
COLPAL.NS,2024-06-30,2024-07-22,0.0,-0.2664,-0.28203,flat
COLPAL.NS,2024-09-30,2024-10-17,0.0,-0.30866,-0.32487,flat
COLPAL.NS,2024-12-31,2025-01-20,0.0,-0.18746,-0.23378,flat
COLPAL.NS,2025-03-31,2025-04-22,0.0,-0.18047,-0.21605,flat
CONCOR.NS,2021-12-31,2022-01-20,0.0,-0.00539,0.00692,flat
CONCOR.NS,2022-03-31,2022-04-19,0.0,-0.06358,-0.07913,flat
CONCOR.NS,2022-06-30,2022-07-22,0.0,0.04334,-0.14655,flat
CONCOR.NS,2022-09-30,2022-10-21,0.0,-0.06719,-0.1829,flat
CONCOR.NS,2022-12-31,2023-01-16,0.0,0.18455,-0.08251,flat
CONCOR.NS,2023-03-31,2023-04-19,0.0,0.77083,0.35788,flat
CONCOR.NS,2023-06-30,2023-07-21,0.0,0.54359,0.16764,flat
CONCOR.NS,2023-09-30,2023-10-20,0.0,0.20906,-0.10942,flat
CONCOR.NS,2023-12-31,2024-01-23,0.0,-0.2592,-0.36807,flat
CONCOR.NS,2024-03-31,2024-04-16,0.0,-0.39438,-0.48044,flat
CONCOR.NS,2024-06-30,2024-07-11,0.0,-0.4056,-0.42591,flat
CONCOR.NS,2024-09-30,2024-10-21,0.0,-0.35473,-0.37956,flat
CONCOR.NS,2024-12-31,2025-01-17,0.0,-0.21094,-0.25826,flat
CONCOR.NS,2025-03-31,2025-04-22,0.0,-0.07844,-0.11403,flat
CONCORDBIO.NS,2023-12-31,2024-01-15,0.0,0.49539,0.41229,flat
CONCORDBIO.NS,2024-03-31,2024-04-15,0.0,0.07929,-0.0066,flat
CONCORDBIO.NS,2024-06-30,2024-07-12,0.0,0.13646,0.12242,flat
CONCORDBIO.NS,2024-09-30,2024-10-11,0.0,-0.18923,-0.18722,flat
CONCORDBIO.NS,2024-12-31,2025-01-22,0.0,-0.43425,-0.51549,flat
CONCORDBIO.NS,2025-03-31,2025-04-21,0.0,-0.36995,-0.40448,flat
COROMANDEL.NS,2021-12-31,2022-01-21,-0.01,0.12333,0.14349,flat
COROMANDEL.NS,2022-03-31,2022-04-20,0.0,0.13577,0.12607,flat
COROMANDEL.NS,2022-06-30,2022-07-20,-0.05,0.02237,-0.17212,flat
COROMANDEL.NS,2022-09-30,2022-10-24,-0.04,0.05472,-0.05071,flat
COROMANDEL.NS,2022-12-31,2023-01-23,-0.03,0.26295,-0.02969,flat
COROMANDEL.NS,2023-03-31,2023-04-24,0.0,0.29227,-0.11157,flat
COROMANDEL.NS,2023-06-30,2023-07-24,-0.01,0.66941,0.33278,flat
COROMANDEL.NS,2023-09-30,2023-10-23,-0.07,0.52917,0.17776,flat
COROMANDEL.NS,2023-12-31,2024-01-23,0.0,0.62273,0.51386,flat
COROMANDEL.NS,2024-03-31,2024-04-22,-0.01,1.07303,0.9983,flat
COROMANDEL.NS,2024-06-30,2024-07-22,-0.01,0.52226,0.50664,flat
COROMANDEL.NS,2024-09-30,2024-10-22,-0.14,0.44061,0.39687,flat
COROMANDEL.NS,2024-12-31,2025-01-22,-0.2,0.27499,0.19375,flat
COROMANDEL.NS,2025-03-31,2025-04-22,-0.01,-0.06847,-0.10405,flat
CRAFTSMAN.NS,2021-12-31,2022-01-10,0.0,0.48046,0.4901,flat
CRAFTSMAN.NS,2022-03-31,2022-04-13,0.0,0.27831,0.29756,flat
CRAFTSMAN.NS,2022-06-30,2022-07-11,-0.28,0.80147,0.58651,flat
CRAFTSMAN.NS,2022-09-30,2022-10-13,-0.71,0.64924,0.47407,sold
CRAFTSMAN.NS,2022-12-31,2023-01-20,0.0,0.24715,-0.04145,flat
CRAFTSMAN.NS,2023-03-31,2023-04-17,0.0,0.49299,0.09286,flat
CRAFTSMAN.NS,2023-06-30,2023-07-10,-3.78,0.33123,-0.05472,sold
CRAFTSMAN.NS,2023-09-30,2023-10-19,0.0,0.11828,-0.19594,flat
CRAFTSMAN.NS,2023-12-31,2024-01-23,0.0,-0.13074,-0.23962,flat
CRAFTSMAN.NS,2024-03-31,2024-04-19,0.0,0.10328,0.01907,flat
CRAFTSMAN.NS,2024-06-21,2024-06-26,-6.29,0.03923,-0.0133,sold
CRAFTSMAN.NS,2024-06-30,2024-07-12,0.0,0.237,0.22296,flat
CRAFTSMAN.NS,2024-09-30,2024-10-16,0.0,0.09758,0.09394,flat
CRAFTSMAN.NS,2024-12-31,2025-01-21,0.0,0.68084,0.6039,flat
CRAFTSMAN.NS,2025-03-31,2025-04-21,0.0,0.58793,0.5534,flat
CREDITACC.NS,2021-09-30,2021-10-08,-0.08,0.45756,0.49336,flat
CREDITACC.NS,2021-12-31,2022-01-05,-0.02,0.49736,0.50198,flat
CREDITACC.NS,2022-03-31,2022-04-06,-0.04,0.0646,0.08898,flat
CREDITACC.NS,2022-06-30,2022-07-13,-0.03,0.31667,0.07513,flat
CREDITACC.NS,2022-09-30,2022-10-17,-0.08,0.6115,0.4785,flat
CREDITACC.NS,2022-12-31,2023-01-16,-0.03,0.82406,0.55699,flat
CREDITACC.NS,2023-03-31,2023-04-18,-0.03,0.4977,0.09881,flat
CREDITACC.NS,2023-06-30,2023-07-12,-6.91,0.00262,-0.37478,sold
CREDITACC.NS,2023-09-30,2023-10-11,-0.08,-0.26579,-0.57641,flat
CREDITACC.NS,2023-12-31,2024-01-09,-0.03,-0.47757,-0.59169,flat
CREDITACC.NS,2024-03-31,2024-04-12,-0.08,-0.21549,-0.28006,flat
CREDITACC.NS,2024-06-30,2024-07-19,-0.02,0.06317,0.03802,flat
CREDITACC.NS,2024-09-30,2024-10-11,-0.02,0.29495,0.29696,flat
CREDITACC.NS,2024-12-31,2025-01-21,-0.04,0.34685,0.26992,flat
CREDITACC.NS,2025-03-31,2025-04-11,-0.07,0.23233,0.12446,flat
CRISIL.NS,2021-12-31,2022-01-21,-0.04,0.08664,0.1068,flat
CRISIL.NS,2022-03-31,2022-04-20,-0.09,0.16354,0.15384,flat
CRISIL.NS,2022-06-30,2022-07-15,-0.05,0.18287,-0.04011,flat
CRISIL.NS,2022-09-30,2022-10-24,-0.02,0.40063,0.2952,flat
CRISIL.NS,2022-12-31,2023-01-17,-0.02,0.31099,0.03069,flat
CRISIL.NS,2023-03-31,2023-04-17,-0.01,0.25055,-0.14958,flat
CRISIL.NS,2023-06-30,2023-07-18,-0.02,0.13428,-0.25505,flat
CRISIL.NS,2023-09-30,2023-10-20,-0.01,0.32447,0.00599,flat
CRISIL.NS,2023-12-31,2024-01-18,-0.01,0.24953,0.17175,flat
CRISIL.NS,2024-03-31,2024-04-08,0.0,-0.07559,-0.1037,flat
CRISIL.NS,2024-06-30,2024-07-10,-0.01,0.40643,0.38591,flat
CRISIL.NS,2024-09-30,2024-10-10,0.0,0.06424,0.07359,flat
CRISIL.NS,2024-12-31,2025-01-15,0.0,-0.20162,-0.2612,flat
CRISIL.NS,2025-03-31,2025-04-21,0.0,-0.07683,-0.11136,flat
CROMPTON.NS,2021-09-30,2021-10-19,0.0,-0.1838,-0.14831,flat
CROMPTON.NS,2021-12-31,2022-01-20,0.0,-0.23851,-0.22619,flat
CROMPTON.NS,2022-03-31,2022-04-21,-0.05,-0.31302,-0.31443,flat
CROMPTON.NS,2022-06-30,2022-07-14,0.0,-0.24459,-0.47824,flat
CROMPTON.NS,2022-09-30,2022-10-21,-3.4,-0.23434,-0.35005,sold
CROMPTON.NS,2022-12-31,2023-01-16,-2.54,-0.0655,-0.33256,sold
CROMPTON.NS,2023-03-31,2023-04-18,0.0,0.0742,-0.3247,flat
CROMPTON.NS,2023-06-30,2023-07-21,0.0,0.51501,0.13906,flat
CROMPTON.NS,2023-09-30,2023-10-18,0.0,0.31856,0.00427,flat
CROMPTON.NS,2023-12-31,2024-01-10,0.0,0.13117,0.01378,flat
CROMPTON.NS,2024-03-31,2024-04-18,0.0,0.13255,0.05759,flat
CROMPTON.NS,2024-06-30,2024-07-22,0.0,-0.22268,-0.2383,flat
CROMPTON.NS,2024-09-30,2024-10-18,0.0,-0.27647,-0.28696,flat
CROMPTON.NS,2024-12-31,2025-01-15,0.0,-0.35777,-0.41735,flat
CROMPTON.NS,2025-03-31,2025-04-11,0.0,-0.21073,-0.3186,flat
CSBBANK.NS,2021-12-31,2022-01-06,0.0,-0.00631,-0.00704,flat
CSBBANK.NS,2022-03-31,2022-04-18,0.0,0.30753,0.30726,flat
CSBBANK.NS,2022-06-30,2022-07-11,0.0,0.52552,0.31055,flat
CSBBANK.NS,2022-09-30,2022-10-11,0.0,0.54725,0.36073,flat
CSBBANK.NS,2022-12-31,2023-01-11,0.0,0.49752,0.21617,flat
CSBBANK.NS,2023-03-31,2023-04-13,0.0,0.48578,0.09951,flat
CSBBANK.NS,2023-06-30,2023-07-14,0.0,0.22755,-0.16174,flat
CSBBANK.NS,2023-09-30,2023-10-10,0.0,-0.13622,-0.48065,flat
CSBBANK.NS,2023-12-31,2024-01-08,0.0,-0.22301,-0.3413,flat
CSBBANK.NS,2024-03-31,2024-04-10,0.0,-0.08485,-0.13699,flat
CSBBANK.NS,2024-06-30,2024-07-12,-9.72,0.17467,0.16063,sold
CSBBANK.NS,2024-09-30,2024-10-16,0.0,0.36925,0.36561,flat
CSBBANK.NS,2024-12-31,2025-01-20,0.0,0.59751,0.55118,flat
CSBBANK.NS,2025-03-31,2025-04-09,0.0,0.26227,0.13034,flat
CUB.NS,2021-12-31,2022-01-13,0.0,0.07306,0.08926,flat
CUB.NS,2022-03-31,2022-04-13,0.0,-0.05806,-0.03881,flat
CUB.NS,2022-06-30,2022-07-19,0.0,-0.16035,-0.36839,flat
CUB.NS,2022-09-30,2022-10-31,0.0,-0.24701,-0.35953,flat
CUB.NS,2022-12-31,2023-01-09,0.0,-0.1525,-0.41383,flat
CUB.NS,2023-03-31,2023-04-21,0.0,0.25197,-0.16808,flat
CUB.NS,2023-06-30,2023-07-17,0.0,0.30008,-0.08649,flat
CUB.NS,2023-09-30,2023-10-16,0.0,0.24201,-0.05156,flat
CUB.NS,2023-12-31,2024-01-11,0.0,0.17893,0.08452,flat
CUB.NS,2024-03-31,2024-04-09,0.0,0.14889,0.10604,flat
CUB.NS,2024-06-30,2024-07-08,0.0,0.28862,0.27506,flat
CUB.NS,2024-09-30,2024-10-09,0.0,0.39454,0.41215,flat
CUB.NS,2024-12-31,2025-01-13,0.0,0.6832,0.58292,flat
CUB.NS,2025-03-31,2025-04-08,0.0,0.65701,0.54056,flat
CUMMINSIND.NS,2021-12-31,2022-01-10,0.0,0.56239,0.57203,flat
CUMMINSIND.NS,2022-03-31,2022-04-11,0.0,0.35971,0.39029,flat
CUMMINSIND.NS,2022-06-30,2022-07-13,0.0,0.79173,0.55019,flat
CUMMINSIND.NS,2022-09-30,2022-10-19,0.0,0.40056,0.30189,flat
CUMMINSIND.NS,2022-12-31,2023-01-20,0.0,0.58602,0.29742,flat
CUMMINSIND.NS,2023-03-31,2023-04-21,0.0,1.16874,0.74869,flat
CUMMINSIND.NS,2023-06-30,2023-07-19,0.0,1.02266,0.6347,flat
CUMMINSIND.NS,2023-09-30,2023-10-19,0.0,1.08282,0.7686,flat
CUMMINSIND.NS,2023-12-31,2024-01-23,0.0,0.37663,0.26776,flat
CUMMINSIND.NS,2024-03-31,2024-04-19,0.0,-0.02738,-0.11159,flat
CUMMINSIND.NS,2024-06-30,2024-07-22,0.0,0.00246,-0.01316,flat
CUMMINSIND.NS,2024-09-30,2024-10-21,0.0,0.22379,0.19896,flat
CUMMINSIND.NS,2024-12-31,2025-01-20,0.0,0.35596,0.30964,flat
CUMMINSIND.NS,2025-03-31,2025-04-21,0.0,0.82932,0.79479,flat
CYIENT.NS,2021-12-31,2022-01-21,-0.02,-0.07863,-0.05847,flat
CYIENT.NS,2022-03-31,2022-04-21,0.0,0.44737,0.44597,flat
CYIENT.NS,2022-06-30,2022-07-21,-0.01,0.87666,0.68912,flat
CYIENT.NS,2022-09-30,2022-10-21,-0.03,1.15454,1.03883,flat
CYIENT.NS,2022-12-31,2023-01-20,-0.01,1.26196,0.97336,flat
CYIENT.NS,2023-03-31,2023-04-21,0.0,0.58078,0.16073,flat
CYIENT.NS,2023-06-30,2023-07-21,-0.01,0.21993,-0.15602,flat
CYIENT.NS,2023-09-30,2023-10-18,-0.15,0.0807,-0.23359,flat
CYIENT.NS,2023-12-31,2024-01-23,0.0,-0.34686,-0.45573,flat
CYIENT.NS,2024-03-31,2024-04-18,-0.04,-0.40893,-0.48388,flat
CYIENT.NS,2024-06-30,2024-07-22,0.0,-0.32772,-0.34335,flat
CYIENT.NS,2024-09-30,2024-10-21,-0.01,-0.30454,-0.32937,flat
CYIENT.NS,2024-12-31,2025-01-20,-0.01,-0.34603,-0.39235,flat
CYIENT.NS,2025-03-31,2025-04-21,0.15,-0.29131,-0.32584,flat
DABUR.NS,2021-12-31,2022-01-19,0.01,0.00651,0.01193,flat
DABUR.NS,2022-03-31,2022-04-13,0.01,-0.04648,-0.02723,flat
DABUR.NS,2022-06-30,2022-07-21,-0.14,0.02638,-0.16116,flat
DABUR.NS,2022-09-30,2022-10-24,0.0,-0.00577,-0.1112,flat
DABUR.NS,2022-12-31,2023-01-23,-1.0,-0.02546,-0.3181,sold
DABUR.NS,2023-03-31,2023-04-19,0.0,-0.01604,-0.429,flat
DABUR.NS,2023-06-30,2023-07-21,-0.01,0.12083,-0.25512,flat
DABUR.NS,2023-09-30,2023-10-18,0.0,0.01297,-0.30132,flat
DABUR.NS,2023-12-31,2024-01-17,0.01,-0.03756,-0.1106,flat
DABUR.NS,2024-03-31,2024-04-16,0.01,-0.01496,-0.10103,flat
DABUR.NS,2024-06-30,2024-07-19,-0.01,-0.17572,-0.20087,flat
DABUR.NS,2024-09-30,2024-10-21,0.01,-0.09401,-0.11884,flat
DABUR.NS,2024-12-31,2025-01-20,0.01,-0.0006,-0.04692,flat
DABUR.NS,2025-03-31,2025-04-21,0.01,-0.03887,-0.0734,flat
DALBHARAT.NS,2021-12-31,2022-01-24,0.0,-0.07448,-0.08415,flat
DALBHARAT.NS,2022-03-31,2022-04-22,-0.07,0.23985,0.21805,flat
DALBHARAT.NS,2022-06-30,2022-07-21,0.0,0.27692,0.08938,flat
DALBHARAT.NS,2022-09-30,2022-10-21,-0.03,0.34572,0.23001,flat
DALBHARAT.NS,2022-12-31,2023-01-19,-0.01,0.21954,-0.06467,flat
DALBHARAT.NS,2023-03-31,2023-04-20,0.0,-0.07203,-0.48487,flat
DALBHARAT.NS,2023-06-30,2023-07-20,0.0,-0.09876,-0.47805,flat
DALBHARAT.NS,2023-09-30,2023-10-19,-0.01,-0.16097,-0.47519,flat
DALBHARAT.NS,2023-12-31,2024-01-19,-0.01,-0.15756,-0.24116,flat
DALBHARAT.NS,2024-03-31,2024-04-22,0.0,0.00195,-0.07278,flat
DALBHARAT.NS,2024-06-30,2024-07-22,0.0,0.28713,0.27151,flat
DALBHARAT.NS,2024-09-30,2024-10-21,0.0,0.15083,0.12599,flat
DALBHARAT.NS,2024-12-31,2025-01-21,0.0,0.17627,0.09933,flat
DALBHARAT.NS,2025-03-31,2025-04-21,0.0,0.00241,-0.03212,flat
DATAPATTNS.NS,2021-12-31,2022-01-24,0.0,0.80004,0.79038,flat
DATAPATTNS.NS,2022-03-31,2022-04-19,0.0,0.90109,0.88553,flat
DATAPATTNS.NS,2022-06-30,2022-07-20,0.0,1.65719,1.4627,flat
DATAPATTNS.NS,2022-09-30,2022-10-24,0.14,0.39963,0.29421,flat
DATAPATTNS.NS,2022-12-31,2023-01-23,0.0,0.58537,0.29273,flat
DATAPATTNS.NS,2023-03-13,2023-03-21,-3.35,0.94374,0.5164,sold
DATAPATTNS.NS,2023-03-31,2023-04-21,0.0,0.75396,0.33391,flat
DATAPATTNS.NS,2023-06-30,2023-07-21,0.0,0.54364,0.16769,flat
DATAPATTNS.NS,2023-09-30,2023-10-19,0.0,0.20658,-0.10764,flat
DATAPATTNS.NS,2023-12-31,2024-01-15,0.0,0.10337,0.02027,flat
DATAPATTNS.NS,2024-03-31,2024-04-16,0.0,-0.23105,-0.31712,flat
DATAPATTNS.NS,2024-06-30,2024-07-16,0.0,-0.17269,-0.1802,flat
DATAPATTNS.NS,2024-09-30,2024-10-18,0.0,0.1454,0.13491,flat
DATAPATTNS.NS,2024-12-31,2025-01-13,0.0,0.19361,0.09333,flat
DATAPATTNS.NS,2025-03-31,2025-04-15,0.0,1.20765,1.13568,flat
DBCORP.NS,2021-12-31,2022-01-12,-0.73,0.39827,0.41561,sold
DBCORP.NS,2022-03-31,2022-04-19,-0.08,0.31799,0.30244,flat
DBCORP.NS,2022-06-30,2022-07-19,-0.03,1.96655,1.75851,flat
DBCORP.NS,2022-09-30,2022-10-24,1.35,1.63989,1.53446,bought
DBCORP.NS,2022-12-31,2023-01-23,-0.33,1.56106,1.26842,flat
DBCORP.NS,2023-03-31,2023-04-18,-0.01,1.7436,1.3447,flat
DBCORP.NS,2023-06-30,2023-07-21,-0.01,0.57023,0.19428,flat
DBCORP.NS,2023-09-30,2023-10-23,-0.02,0.13869,-0.21272,flat
DBCORP.NS,2023-12-31,2024-01-23,-0.01,-0.14913,-0.258,flat
DBCORP.NS,2024-03-31,2024-04-18,-0.01,-0.07933,-0.15429,flat
DBCORP.NS,2024-06-30,2024-07-18,0.43,-0.18705,-0.19183,flat
DBCORP.NS,2024-09-30,2024-10-21,0.0,-0.16475,-0.18958,flat
DBCORP.NS,2024-12-31,2025-01-21,-0.01,-0.09138,-0.16832,flat
DBCORP.NS,2025-03-31,2025-04-16,0.6,-0.09051,-0.14497,bought
DBL.NS,2021-12-31,2022-01-21,0.0,-0.40537,-0.38521,flat
DBL.NS,2022-03-31,2022-04-18,0.0,-0.3739,-0.37418,flat
DBL.NS,2022-06-30,2022-07-15,0.0,0.21873,-0.00426,flat
DBL.NS,2022-09-30,2022-10-24,0.0,0.38445,0.27903,flat
DBL.NS,2022-12-31,2023-01-12,0.0,0.67239,0.41539,flat
DBL.NS,2023-03-31,2023-04-17,0.0,1.58203,1.18191,flat
DBL.NS,2023-06-30,2023-07-12,0.0,1.07854,0.70114,flat
DBL.NS,2023-09-30,2023-10-10,0.0,0.55603,0.21159,flat
DBL.NS,2023-12-21,2024-01-10,0.0,0.07069,-0.0467,flat
DBL.NS,2023-12-31,2024-01-10,0.0,0.07069,-0.0467,flat
DBL.NS,2024-03-31,2024-04-10,0.0,0.00051,-0.05163,flat
DBL.NS,2024-06-30,2024-07-18,0.0,-0.06943,-0.0742,flat
DBL.NS,2024-09-30,2024-10-18,0.0,-0.03842,-0.04891,flat
DBL.NS,2024-12-31,2025-01-16,0.0,0.09284,0.03324,flat
DBL.NS,2025-03-31,2025-04-11,0.0,0.03532,-0.07255,flat
DBREALTY.NS,2021-12-31,2022-01-21,0.1,0.08968,0.10984,flat
DBREALTY.NS,2022-03-31,2022-04-22,0.0,-0.08709,-0.10889,flat
DBREALTY.NS,2022-03-31,2022-04-12,2.25,-0.1234,-0.10342,bought
DBREALTY.NS,2022-06-30,2022-07-22,0.0,0.39951,0.20961,flat
DBREALTY.NS,2022-07-21,2022-08-01,3.61,0.53007,0.38846,bought
DBREALTY.NS,2022-09-29,2022-10-12,-10.75,0.45002,0.2805,sold
DBREALTY.NS,2022-09-30,2022-10-20,0.0,0.63139,0.52199,flat
DBREALTY.NS,2022-12-31,2023-01-23,0.0,1.86186,1.56922,flat
DBREALTY.NS,2023-03-28,2023-04-10,0.83,1.96405,1.5858,bought
DBREALTY.NS,2023-03-31,2023-04-20,0.0,1.65653,1.2437,flat
DBREALTY.NS,2023-06-30,2023-07-20,0.0,1.79501,1.41572,flat
DBREALTY.NS,2023-07-18,2023-07-28,1.69,1.54599,1.19344,bought
DBREALTY.NS,2023-07-22,2023-08-08,2.64,1.16174,0.783,bought
DBREALTY.NS,2023-07-25,2023-08-07,0.99,1.0449,0.67194,bought
DBREALTY.NS,2023-07-28,2023-08-08,-0.27,1.16174,0.783,flat
DBREALTY.NS,2023-09-13,2023-09-20,-3.28,0.08926,-0.3017,sold
DBREALTY.NS,2023-09-14,2023-09-20,-6.91,0.08926,-0.3017,sold
DBREALTY.NS,2023-09-30,2023-10-23,-0.01,0.15529,-0.19612,flat
DBREALTY.NS,2023-12-31,2024-01-23,-2.93,-0.34216,-0.45103,sold
DBREALTY.NS,2024-03-14,2024-03-15,-3.45,-0.30895,-0.39535,sold
DBREALTY.NS,2024-03-31,2024-04-22,0.0,-0.18187,-0.2566,flat
DBREALTY.NS,2024-06-30,2024-07-22,-0.06,-0.01832,-0.03394,flat
DBREALTY.NS,2024-09-30,2024-10-18,0.0,-0.15452,-0.16501,flat
DBREALTY.NS,2024-12-31,2025-01-20,-0.01,-0.44954,-0.49586,flat
DBREALTY.NS,2025-03-31,2025-04-21,0.0,-0.43346,-0.46798,flat
DCAL.NS,2021-12-31,2022-01-21,0.0,-0.59986,-0.5797,flat
DCAL.NS,2022-03-31,2022-04-20,0.0,-0.21607,-0.22577,flat
DCAL.NS,2022-06-30,2022-07-22,0.0,0.245,0.05511,flat
DCAL.NS,2022-09-30,2022-10-24,0.0,0.39323,0.2878,flat
DCAL.NS,2022-12-31,2023-01-23,0.0,1.26647,0.97383,flat
DCAL.NS,2023-03-31,2023-04-21,0.0,0.71946,0.29941,flat
DCAL.NS,2023-06-30,2023-07-24,0.0,0.24142,-0.09521,flat
DCAL.NS,2023-09-30,2023-10-23,0.0,0.32193,-0.02948,flat
DCAL.NS,2023-12-31,2024-01-23,0.0,0.20273,0.09386,flat
DCAL.NS,2024-03-31,2024-04-22,0.0,-0.11964,-0.19436,flat
DCAL.NS,2024-06-30,2024-07-22,0.0,0.59385,0.57823,flat
DCAL.NS,2024-09-30,2024-10-15,0.0,0.54796,0.54878,flat
DCAL.NS,2024-12-31,2025-01-21,0.0,-0.16897,-0.2459,flat
DCAL.NS,2025-03-31,2025-04-21,0.0,-0.12604,-0.16057,flat
DCBBANK.NS,2021-12-31,2022-01-14,0.0,0.4391,0.45885,flat
DCBBANK.NS,2022-03-31,2022-04-18,-0.01,0.24751,0.24724,flat
DCBBANK.NS,2022-06-30,2022-07-19,-0.01,0.42932,0.22128,flat
DCBBANK.NS,2022-09-30,2022-10-21,0.0,0.19845,0.08274,flat
DCBBANK.NS,2022-12-31,2023-01-17,0.0,0.08051,-0.19979,flat
DCBBANK.NS,2023-03-31,2023-04-13,-0.02,0.36104,-0.02523,flat
DCBBANK.NS,2023-06-30,2023-07-17,-0.01,0.00059,-0.38598,flat
DCBBANK.NS,2023-09-30,2023-10-16,-0.01,-0.03533,-0.3289,flat
DCBBANK.NS,2023-12-31,2024-01-18,-0.01,-0.21046,-0.28823,flat
DCBBANK.NS,2024-03-31,2024-04-18,-0.03,0.06502,-0.00993,flat
DCBBANK.NS,2024-06-30,2024-07-18,-0.02,0.06079,0.05601,flat
DCBBANK.NS,2024-09-30,2024-10-16,-0.02,0.39371,0.39008,flat
DCBBANK.NS,2024-12-31,2025-01-15,-0.01,0.58918,0.5296,flat
DCBBANK.NS,2025-03-31,2025-04-21,-0.02,0.49294,0.45842,flat
DCMSHRIRAM.NS,2021-12-31,2022-01-10,0.0,-0.10303,-0.09339,flat
DCMSHRIRAM.NS,2022-03-31,2022-04-18,-0.01,-0.27812,-0.2784,flat
DCMSHRIRAM.NS,2022-06-30,2022-07-13,0.0,-0.0442,-0.28574,flat
DCMSHRIRAM.NS,2022-09-30,2022-10-17,0.0,-0.08273,-0.21573,flat
DCMSHRIRAM.NS,2022-12-31,2023-01-12,0.0,0.13432,-0.12268,flat
DCMSHRIRAM.NS,2023-03-31,2023-04-18,0.0,0.14379,-0.25511,flat
DCMSHRIRAM.NS,2023-06-30,2023-07-18,0.0,0.17699,-0.21235,flat
DCMSHRIRAM.NS,2023-09-30,2023-10-18,0.0,-0.01265,-0.32694,flat
DCMSHRIRAM.NS,2023-12-31,2024-01-10,0.0,0.08334,-0.03405,flat
DCMSHRIRAM.NS,2024-03-31,2024-04-18,0.0,0.10987,0.03492,flat
DCMSHRIRAM.NS,2024-06-30,2024-07-15,0.0,0.41887,0.41605,flat
DCMSHRIRAM.NS,2024-09-30,2024-10-14,0.0,0.22677,0.23221,flat
DCMSHRIRAM.NS,2024-12-31,2025-01-21,0.0,0.04871,-0.02822,flat
DCMSHRIRAM.NS,2025-03-31,2025-04-21,0.0,0.09649,0.06196,flat
DEEPAKFERT.NS,2021-10-22,2021-10-25,-5.48,1.32843,1.32258,sold
DEEPAKFERT.NS,2021-12-31,2022-01-12,0.0,0.47117,0.48851,flat
DEEPAKFERT.NS,2022-03-31,2022-04-19,0.0,-0.10806,-0.12362,flat
DEEPAKFERT.NS,2022-06-30,2022-07-12,0.0,-0.06937,-0.29976,flat
DEEPAKFERT.NS,2022-09-30,2022-10-24,-2.12,-0.35671,-0.46213,sold
DEEPAKFERT.NS,2022-12-31,2023-01-19,0.0,-0.08537,-0.36958,flat
DEEPAKFERT.NS,2023-03-31,2023-04-19,0.0,-0.00981,-0.42277,flat
DEEPAKFERT.NS,2023-06-30,2023-07-20,0.0,0.58171,0.20242,flat
DEEPAKFERT.NS,2023-09-30,2023-10-20,0.0,0.90394,0.58546,flat
DEEPAKFERT.NS,2023-12-31,2024-01-17,0.0,0.73877,0.66573,flat
DEEPAKFERT.NS,2024-03-31,2024-04-19,0.17,1.41195,1.32774,flat
DEEPAKFERT.NS,2024-06-30,2024-07-19,0.0,1.13691,1.11175,flat
DEEPAKFERT.NS,2024-09-30,2024-10-22,0.0,0.59396,0.55021,flat
DEEPAKFERT.NS,2024-12-31,2025-01-22,0.0,-0.02988,-0.11112,flat
DEEPAKFERT.NS,2025-03-31,2025-04-22,0.0,-0.02118,-0.05677,flat
DEEPAKNTR.NS,2021-12-31,2022-01-11,0.0,-0.24679,-0.23229,flat
DEEPAKNTR.NS,2022-03-31,2022-04-13,0.03,-0.19964,-0.18039,flat
DEEPAKNTR.NS,2022-06-30,2022-07-11,0.0,0.0815,-0.13347,flat
DEEPAKNTR.NS,2022-09-30,2022-10-21,0.0,-0.10862,-0.22433,flat
DEEPAKNTR.NS,2022-12-31,2023-01-16,0.0,0.16205,-0.10501,flat
DEEPAKNTR.NS,2023-03-31,2023-04-20,3.41,0.32771,-0.08512,bought
DEEPAKNTR.NS,2023-06-30,2023-07-19,0.0,0.56192,0.17396,flat
DEEPAKNTR.NS,2023-09-30,2023-10-12,0.0,0.31352,0.0023,flat
DEEPAKNTR.NS,2023-12-31,2024-01-11,0.0,-0.04669,-0.14109,flat
DEEPAKNTR.NS,2024-03-31,2024-04-10,0.0,-0.1185,-0.17064,flat
DEEPAKNTR.NS,2024-06-30,2024-07-09,0.11,-0.27074,-0.28122,flat
DEEPAKNTR.NS,2024-09-30,2024-10-18,0.0,-0.37861,-0.3891,flat
DEEPAKNTR.NS,2024-12-31,2025-01-09,0.0,-0.36121,-0.42604,flat
DEEPAKNTR.NS,2025-03-31,2025-04-11,0.04,-0.09319,-0.20106,flat
DELHIVERY.NS,2022-06-30,2022-07-15,0.0,-0.34168,-0.56466,flat
DELHIVERY.NS,2022-09-30,2022-10-14,0.0,-0.23483,-0.3964,flat
DELHIVERY.NS,2022-12-31,2023-01-16,0.0,0.2523,-0.01476,flat
DELHIVERY.NS,2023-03-31,2023-04-20,0.0,0.33195,-0.08089,flat
DELHIVERY.NS,2023-06-30,2023-07-19,0.0,-0.00099,-0.38895,flat
DELHIVERY.NS,2023-09-30,2023-10-20,0.0,-0.17051,-0.48899,flat
DELHIVERY.NS,2023-12-31,2024-01-12,0.0,-0.21476,-0.29838,flat
DELHIVERY.NS,2024-03-31,2024-04-22,0.0,-0.3116,-0.38633,flat
DELHIVERY.NS,2024-06-30,2024-07-18,0.0,0.14344,0.13866,flat
DELHIVERY.NS,2024-09-30,2024-10-15,0.0,0.15801,0.15884,flat
DELHIVERY.NS,2024-12-31,2025-01-14,0.0,0.18781,0.11958,flat
DELHIVERY.NS,2025-03-31,2025-04-16,0.0,0.70956,0.6551,flat
DELTACORP.NS,2021-12-31,2022-01-17,-0.02,-0.31432,-0.28686,flat
DELTACORP.NS,2022-03-31,2022-04-19,-0.03,-0.3232,-0.33875,flat
DELTACORP.NS,2022-06-30,2022-07-18,0.08,0.07768,-0.13059,flat
DELTACORP.NS,2022-09-30,2022-10-21,0.0,-0.41481,-0.53052,flat
DELTACORP.NS,2022-12-31,2023-01-20,0.0,-0.31585,-0.60445,flat
DELTACORP.NS,2023-03-31,2023-04-20,-0.03,-0.36477,-0.7776,flat
DELTACORP.NS,2023-06-30,2023-07-21,0.0,-0.28282,-0.65877,flat
DELTACORP.NS,2023-09-30,2023-10-20,-0.02,-0.09676,-0.41523,flat
DELTACORP.NS,2023-12-31,2024-01-23,0.0,-0.27782,-0.38669,flat
DELTACORP.NS,2024-03-31,2024-04-18,0.0,-0.24151,-0.31647,flat
DELTACORP.NS,2024-06-30,2024-07-22,0.0,-0.34186,-0.35748,flat
DELTACORP.NS,2024-09-30,2024-10-21,0.0,-0.33475,-0.35958,flat
DELTACORP.NS,2024-12-31,2025-01-21,0.0,-0.40305,-0.47998,flat
DELTACORP.NS,2025-03-31,2025-04-21,0.4,-0.13753,-0.17206,flat
DEVYANI.NS,2021-12-31,2022-01-17,0.0,-0.13464,-0.10718,flat
DEVYANI.NS,2022-03-31,2022-04-19,-0.11,0.00031,-0.01525,flat
DEVYANI.NS,2022-06-30,2022-07-15,0.0,0.18665,-0.03634,flat
DEVYANI.NS,2022-09-30,2022-10-24,0.0,-0.07415,-0.17958,flat
DEVYANI.NS,2022-12-31,2023-01-23,0.0,0.08024,-0.2124,flat
DEVYANI.NS,2023-03-31,2023-04-20,-0.01,0.03259,-0.38025,flat
DEVYANI.NS,2023-06-30,2023-07-20,-0.03,-0.10918,-0.48847,flat
DEVYANI.NS,2023-09-30,2023-10-18,-0.02,-0.19563,-0.50992,flat
DEVYANI.NS,2023-12-31,2024-01-17,0.0,-0.11366,-0.1867,flat
DEVYANI.NS,2024-03-31,2024-04-18,0.0,0.08115,0.00619,flat
DEVYANI.NS,2024-06-30,2024-07-22,-0.01,-0.00919,-0.02482,flat
DEVYANI.NS,2024-09-30,2024-10-18,-0.01,-0.07109,-0.08158,flat
DEVYANI.NS,2024-12-31,2025-01-17,0.0,-0.38106,-0.42838,flat
DEVYANI.NS,2025-03-31,2025-04-21,0.0,-0.3483,-0.38283,flat
DHANUKA.NS,2021-09-30,2021-10-22,0.0,-0.04938,-0.03911,flat
DHANUKA.NS,2021-12-31,2022-01-24,0.0,-0.03605,-0.04571,flat
DHANUKA.NS,2022-03-31,2022-04-20,0.0,-0.15494,-0.16465,flat
DHANUKA.NS,2022-06-30,2022-07-22,0.0,0.07935,-0.11054,flat
DHANUKA.NS,2022-09-30,2022-10-24,0.0,0.17408,0.06865,flat
DHANUKA.NS,2022-12-31,2023-01-20,0.0,0.71764,0.42904,flat
DHANUKA.NS,2023-01-17,2023-01-23,0.18,0.60757,0.31493,flat
DHANUKA.NS,2023-03-31,2023-04-21,0.0,1.19493,0.77488,flat
DHANUKA.NS,2023-06-30,2023-07-20,0.0,1.26222,0.88293,flat
DHANUKA.NS,2023-09-30,2023-10-23,0.0,0.93339,0.58198,flat
DHANUKA.NS,2023-12-31,2024-01-23,0.0,0.1777,0.06882,flat
DHANUKA.NS,2024-03-31,2024-04-19,0.0,0.04195,-0.04226,flat
DHANUKA.NS,2024-06-30,2024-07-22,0.0,0.0286,0.01298,flat
DHANUKA.NS,2024-09-30,2024-10-22,0.11,-0.0051,-0.04885,flat
DHANUKA.NS,2024-12-31,2025-01-22,0.0,-0.20976,-0.291,flat
DHANUKA.NS,2025-03-31,2025-04-22,0.03,-0.23125,-0.26683,flat
DISHTV.NS,2021-12-31,2022-01-21,0.0,-0.04242,-0.02227,flat
DISHTV.NS,2022-03-31,2022-04-12,0.0,-0.18935,-0.16937,flat
DISHTV.NS,2022-06-30,2022-07-21,-1.89,0.50862,0.32108,sold
DISHTV.NS,2022-09-30,2022-10-21,0.0,0.03021,-0.0855,flat
DISHTV.NS,2022-12-31,2023-01-23,0.0,0.17404,-0.1186,flat
DISHTV.NS,2023-03-31,2023-04-21,0.0,0.11429,-0.30576,flat
DISHTV.NS,2023-06-30,2023-07-21,0.0,-0.17629,-0.55224,flat
DISHTV.NS,2023-09-30,2023-10-23,0.0,-0.21084,-0.56225,flat
DISHTV.NS,2023-12-31,2024-01-23,0.0,-0.5633,-0.67217,flat
DISHTV.NS,2024-03-31,2024-04-22,0.0,-0.71576,-0.79049,flat
DISHTV.NS,2024-06-30,2024-07-22,0.0,-0.61751,-0.63313,flat
DISHTV.NS,2024-09-30,2024-10-22,0.0,-0.66228,-0.70603,flat
DISHTV.NS,2024-12-31,2025-01-20,0.0,-0.63407,-0.68039,flat
DISHTV.NS,2025-03-31,2025-04-21,0.0,-0.30403,-0.33856,flat
DIVISLAB.NS,2021-12-31,2022-01-10,0.0,-0.24373,-0.23408,flat
DIVISLAB.NS,2022-03-31,2022-04-11,-0.01,-0.25215,-0.22157,flat
DIVISLAB.NS,2022-06-30,2022-07-12,0.0,-0.00584,-0.23623,flat
DIVISLAB.NS,2022-09-30,2022-10-19,0.0,-0.04827,-0.14694,flat
DIVISLAB.NS,2022-12-31,2023-01-10,0.0,0.06517,-0.20168,flat
DIVISLAB.NS,2023-03-31,2023-04-19,0.0,0.20309,-0.20987,flat
DIVISLAB.NS,2023-06-30,2023-07-19,-0.01,0.36418,-0.02378,flat
DIVISLAB.NS,2023-09-30,2023-10-16,0.0,0.59122,0.29765,flat
DIVISLAB.NS,2023-12-31,2024-01-10,-0.01,0.54701,0.42962,flat
DIVISLAB.NS,2024-03-31,2024-04-15,0.0,0.60387,0.51798,flat
DIVISLAB.NS,2024-06-30,2024-07-19,-0.02,0.481,0.45585,flat
DIVISLAB.NS,2024-09-30,2024-10-14,-0.01,0.07028,0.07572,flat
DIVISLAB.NS,2024-12-31,2025-01-20,0.0,0.01383,-0.03249,flat
DIVISLAB.NS,2025-03-31,2025-04-21,0.0,0.0968,0.06227,flat
DIXON.NS,2021-12-31,2022-01-18,-0.41,-0.3321,-0.3212,flat
DIXON.NS,2022-03-31,2022-04-18,-0.22,-0.32806,-0.32834,flat
DIXON.NS,2022-06-30,2022-07-20,0.0,0.03023,-0.16426,flat
DIXON.NS,2022-09-30,2022-10-21,-0.03,0.19462,0.07891,flat
DIXON.NS,2022-12-31,2023-01-18,-0.21,0.66818,0.40258,flat
DIXON.NS,2023-03-31,2023-04-13,-0.01,1.73283,1.34656,flat
DIXON.NS,2023-06-30,2023-07-17,-0.01,1.68495,1.29839,flat
DIXON.NS,2023-09-30,2023-10-18,-0.24,1.72944,1.41515,flat
DIXON.NS,2023-12-31,2024-01-18,-0.17,1.31508,1.2373,flat
DIXON.NS,2024-03-31,2024-04-12,-0.19,1.12621,1.06163,flat
DIXON.NS,2024-06-30,2024-07-18,-0.2,0.34924,0.34446,flat
DIXON.NS,2024-09-30,2024-10-18,-0.35,0.00748,-0.00301,flat
DIXON.NS,2024-12-31,2025-01-20,-0.47,-0.41977,-0.46609,flat
DIXON.NS,2025-03-31,2025-04-21,-0.15,-0.28079,-0.31532,flat
DLF.NS,2021-12-31,2022-01-12,0.0,-0.09387,-0.07653,flat
DLF.NS,2022-03-31,2022-04-08,0.0,0.07848,0.10751,flat
DLF.NS,2022-06-30,2022-07-11,0.0,0.44069,0.22572,flat
DLF.NS,2022-09-30,2022-10-10,0.0,0.56062,0.39733,flat
DLF.NS,2022-12-31,2023-01-09,0.0,1.08964,0.82831,flat
DLF.NS,2023-03-31,2023-04-12,0.0,1.19466,0.81243,flat
DLF.NS,2023-06-30,2023-07-06,0.0,0.65804,0.2678,flat
DLF.NS,2023-09-30,2023-10-05,-0.87,0.69487,0.31819,sold
DLF.NS,2023-12-31,2024-01-05,0.0,-0.01853,-0.11861,flat
DLF.NS,2024-03-31,2024-04-09,0.0,-0.26072,-0.30357,flat
DLF.NS,2024-06-30,2024-07-04,0.0,-0.00502,-0.03309,flat
DLF.NS,2024-09-30,2024-10-07,0.0,-0.09694,-0.10365,flat
DLF.NS,2024-12-31,2025-01-07,0.0,-0.18047,-0.23278,flat
DLF.NS,2025-03-31,2025-04-07,0.0,-0.00312,-0.14058,flat
DMART.NS,2021-12-31,2022-01-10,0.0,-0.16615,-0.1565,flat
DMART.NS,2022-03-31,2022-04-22,0.0,-0.1283,-0.1501,flat
DMART.NS,2022-06-30,2022-07-15,0.0,-0.06586,-0.28884,flat
DMART.NS,2022-09-30,2022-10-19,0.0,-0.11594,-0.21461,flat
DMART.NS,2022-12-31,2023-01-16,0.0,0.0152,-0.25187,flat
DMART.NS,2023-03-31,2023-04-24,-0.06,0.33028,-0.07356,flat
DMART.NS,2023-06-30,2023-07-24,-0.28,0.3133,-0.02333,flat
DMART.NS,2023-09-30,2023-10-16,0.0,0.05066,-0.24291,flat
DMART.NS,2023-12-31,2024-01-16,0.0,-0.06487,-0.14009,flat
DMART.NS,2024-03-31,2024-04-22,0.0,-0.09416,-0.16889,flat
DMART.NS,2024-06-30,2024-07-15,0.0,-0.18847,-0.19128,flat
DMART.NS,2024-09-30,2024-10-21,0.0,0.07159,0.04676,flat
DMART.NS,2024-12-31,2025-01-22,0.0,0.02965,-0.05159,flat
DMART.NS,2025-03-31,2025-04-22,0.0,0.03558,-1e-05,flat
DOMS.NS,2023-12-31,2024-01-23,0.0,0.72959,0.62072,flat
DOMS.NS,2024-03-31,2024-04-18,0.0,0.60304,0.52808,flat
DOMS.NS,2024-06-30,2024-07-18,0.0,0.03465,0.02987,flat
DOMS.NS,2024-09-30,2024-10-17,0.0,-0.10741,-0.12362,flat
DOMS.NS,2024-12-31,2025-01-20,-4.57,-0.08057,-0.12689,sold
DOMS.NS,2025-03-31,2025-04-21,0.0,-0.20714,-0.24167,flat
DRREDDY.NS,2021-12-31,2022-01-24,0.0,-0.00135,-0.01101,flat
DRREDDY.NS,2022-03-31,2022-04-21,0.0,0.14628,0.14488,flat
DRREDDY.NS,2022-06-30,2022-07-19,-0.01,0.24069,0.03265,flat
DRREDDY.NS,2022-09-30,2022-10-24,0.0,0.23576,0.13033,flat
DRREDDY.NS,2022-12-31,2023-01-20,-0.01,0.38832,0.09972,flat
DRREDDY.NS,2023-03-31,2023-04-21,0.0,0.3015,-0.11855,flat
DRREDDY.NS,2023-06-30,2023-07-19,-0.01,0.30052,-0.08744,flat
DRREDDY.NS,2023-09-30,2023-10-20,-0.03,0.15072,-0.16775,flat
DRREDDY.NS,2023-12-31,2024-01-23,-0.01,0.05877,-0.05011,flat
DRREDDY.NS,2024-03-31,2024-04-22,0.0,-0.01683,-0.09156,flat
DRREDDY.NS,2024-06-30,2024-07-18,0.0,-0.06422,-0.06899,flat
DRREDDY.NS,2024-09-30,2024-10-22,-0.01,-0.02619,-0.06994,flat
DRREDDY.NS,2024-12-31,2025-01-22,0.0,-0.06147,-0.14271,flat
DRREDDY.NS,2025-03-31,2025-04-21,0.0,0.1578,0.12327,flat
EASEMYTRIP.NS,2021-12-31,2022-01-10,0.0,0.41837,0.42801,flat
EASEMYTRIP.NS,2022-03-31,2022-04-11,0.0,-0.13117,-0.1006,flat
EASEMYTRIP.NS,2022-06-30,2022-07-19,0.0,-0.16023,-0.36827,flat
EASEMYTRIP.NS,2022-09-30,2022-10-07,0.0,-0.18142,-0.33795,flat
EASEMYTRIP.NS,2022-11-23,2022-12-05,0.0,-0.37418,-0.54451,flat
EASEMYTRIP.NS,2022-12-31,2023-01-23,0.0,-0.08978,-0.38242,flat
EASEMYTRIP.NS,2023-03-31,2023-04-20,0.0,0.03591,-0.37692,flat
EASEMYTRIP.NS,2023-06-30,2023-07-14,-3.6,-0.02536,-0.41465,sold
EASEMYTRIP.NS,2023-09-30,2023-10-13,-5.76,-0.27268,-0.58305,sold
EASEMYTRIP.NS,2023-12-31,2024-01-11,-1.24,-0.46988,-0.56429,sold
EASEMYTRIP.NS,2024-03-31,2024-04-22,0.0,-0.46251,-0.53724,flat
EASEMYTRIP.NS,2024-06-30,2024-07-15,0.0,-0.48233,-0.48514,flat
EASEMYTRIP.NS,2024-09-30,2024-10-18,-13.92,-0.49813,-0.50862,sold
EASEMYTRIP.NS,2024-12-31,2025-01-09,0.0,-0.53501,-0.59984,flat
EASEMYTRIP.NS,2025-03-31,2025-04-22,-1.41,-0.35981,-0.39539,sold
EASEMYTRIP.NS,2025-04-12,2025-05-05,-1.67,-0.42979,-0.43451,sold
ECLERX.NS,2021-11-10,2021-11-17,0.21,-0.12084,-0.12622,flat
ECLERX.NS,2021-12-31,2022-01-19,-0.64,-0.23581,-0.23038,sold
ECLERX.NS,2022-03-31,2022-04-12,0.0,-0.18845,-0.16847,flat
ECLERX.NS,2022-06-30,2022-07-14,0.0,0.27936,0.0457,flat
ECLERX.NS,2022-09-23,2022-09-27,0.0,0.24575,0.08307,flat
ECLERX.NS,2022-09-30,2022-10-21,0.0,0.53749,0.42178,flat
ECLERX.NS,2022-12-31,2023-01-18,0.0,0.87504,0.60944,flat
ECLERX.NS,2023-02-28,2023-03-10,0.23,0.58742,0.25007,flat
ECLERX.NS,2023-03-31,2023-04-13,0.0,0.80284,0.41657,flat
ECLERX.NS,2023-06-30,2023-07-14,0.0,0.38127,-0.00802,flat
ECLERX.NS,2023-09-30,2023-10-17,0.0,0.31251,0.01583,flat
ECLERX.NS,2023-12-31,2024-01-10,0.0,0.25555,0.13816,flat
ECLERX.NS,2024-03-31,2024-04-09,0.0,0.0105,-0.03235,flat
ECLERX.NS,2024-06-30,2024-07-15,0.0,0.4703,0.46748,flat
ECLERX.NS,2024-07-25,2024-07-31,0.2,0.70679,0.73528,flat
ECLERX.NS,2024-09-30,2024-10-16,0.0,0.48297,0.47934,flat
ECLERX.NS,2024-12-31,2025-01-16,0.0,0.33119,0.27159,flat
ECLERX.NS,2025-03-31,2025-04-17,0.0,0.18222,0.12965,flat
EDELWEISS.NS,2021-12-31,2022-01-24,-0.19,-0.00647,-0.01614,flat
EDELWEISS.NS,2022-03-31,2022-04-21,-0.01,-0.04484,-0.04624,flat
EDELWEISS.NS,2022-06-30,2022-07-21,0.0,0.62281,0.43527,flat
EDELWEISS.NS,2022-09-30,2022-10-24,0.0,1.01512,0.90969,flat
EDELWEISS.NS,2022-12-31,2023-01-23,0.0,0.87778,0.58514,flat
EDELWEISS.NS,2023-03-31,2023-04-21,0.0,1.58807,1.16802,flat
EDELWEISS.NS,2023-06-30,2023-07-21,0.16,0.39956,0.02361,flat
EDELWEISS.NS,2023-09-30,2023-10-20,-0.01,0.68142,0.36295,flat
EDELWEISS.NS,2023-12-31,2024-01-23,-0.01,0.51584,0.40696,flat
EDELWEISS.NS,2024-03-31,2024-04-18,0.0,0.16459,0.08963,flat
EDELWEISS.NS,2024-06-30,2024-07-22,0.0,0.85196,0.83634,flat
EDELWEISS.NS,2024-09-30,2024-10-21,-0.02,0.06896,0.04413,flat
EDELWEISS.NS,2024-12-31,2025-01-22,-0.02,-0.03069,-0.11193,flat
EDELWEISS.NS,2025-03-31,2025-04-22,-0.01,0.44143,0.40585,flat
EICHERMOT.NS,2021-12-31,2022-01-20,0.0,0.18342,0.19573,flat
EICHERMOT.NS,2022-03-31,2022-04-07,-0.01,0.28053,0.30006,flat
EICHERMOT.NS,2022-06-30,2022-07-19,0.0,0.09691,-0.11113,flat
EICHERMOT.NS,2022-09-30,2022-10-21,0.0,-0.06469,-0.1804,flat
EICHERMOT.NS,2022-12-31,2023-01-23,0.0,0.20742,-0.08523,flat
EICHERMOT.NS,2023-03-31,2023-04-21,-0.01,0.45381,0.03376,flat
EICHERMOT.NS,2023-06-30,2023-07-24,-0.03,0.42913,0.0925,flat
EICHERMOT.NS,2023-09-30,2023-10-23,-0.01,0.45327,0.10186,flat
EICHERMOT.NS,2023-12-31,2024-01-23,-0.01,0.44374,0.33487,flat
EICHERMOT.NS,2024-03-31,2024-04-19,0.0,0.30849,0.22428,flat
EICHERMOT.NS,2024-06-30,2024-07-19,-0.04,0.13423,0.10907,flat
EICHERMOT.NS,2024-09-30,2024-10-21,-0.01,0.45434,0.42951,flat
EICHERMOT.NS,2024-12-31,2025-01-21,-0.01,0.4412,0.36427,flat
EICHERMOT.NS,2025-03-31,2025-04-21,-0.01,0.2328,0.19827,flat
EIDPARRY.NS,2021-12-31,2022-01-24,-0.02,0.06224,0.05258,flat
EIDPARRY.NS,2022-03-31,2022-04-22,-0.02,-0.0154,-0.03721,flat
EIDPARRY.NS,2022-06-30,2022-07-21,-0.03,-0.11087,-0.29841,flat
EIDPARRY.NS,2022-09-30,2022-10-21,-0.06,-0.24811,-0.36382,flat
EIDPARRY.NS,2022-12-31,2023-01-20,0.0,0.23355,-0.05505,flat
EIDPARRY.NS,2023-03-31,2023-04-21,0.0,0.25034,-0.16971,flat
EIDPARRY.NS,2023-06-30,2023-07-21,-0.04,0.64657,0.27062,flat
EIDPARRY.NS,2023-09-30,2023-10-23,0.0,0.75404,0.40263,flat
EIDPARRY.NS,2023-12-31,2024-01-23,-2.28,0.41381,0.30494,sold
EIDPARRY.NS,2024-03-31,2024-04-19,0.0,0.40063,0.31642,flat
EIDPARRY.NS,2024-06-30,2024-07-18,0.0,0.46628,0.46151,flat
EIDPARRY.NS,2024-09-30,2024-10-21,-0.01,0.34787,0.32304,flat
EIDPARRY.NS,2024-12-31,2025-01-21,-0.53,0.08881,0.01188,sold
EIDPARRY.NS,2025-03-31,2025-04-21,-0.08,-0.00553,-0.04006,flat
EIHOTEL.NS,2021-12-31,2022-01-17,0.0,0.17061,0.19807,flat
EIHOTEL.NS,2022-03-31,2022-04-18,0.0,0.05711,0.05683,flat
EIHOTEL.NS,2022-06-30,2022-07-19,0.0,0.6439,0.43585,flat
EIHOTEL.NS,2022-09-30,2022-10-17,0.0,0.18154,0.04853,flat
EIHOTEL.NS,2022-12-31,2023-01-16,0.0,0.77878,0.51171,flat
EIHOTEL.NS,2023-03-31,2023-04-17,-2.89,1.64391,1.24379,sold
EIHOTEL.NS,2023-06-30,2023-07-12,0.0,0.96437,0.58697,flat
EIHOTEL.NS,2023-09-30,2023-10-16,0.0,0.58905,0.29548,flat
EIHOTEL.NS,2023-12-31,2024-01-11,0.0,0.45068,0.35627,flat
EIHOTEL.NS,2024-03-31,2024-04-12,0.0,-0.19355,-0.25813,flat
EIHOTEL.NS,2024-06-30,2024-07-18,0.0,-0.07023,-0.07501,flat
EIHOTEL.NS,2024-09-30,2024-10-16,0.0,-0.07657,-0.08021,flat
EIHOTEL.NS,2024-12-31,2025-01-13,0.0,-0.15354,-0.25382,flat
EIHOTEL.NS,2025-03-31,2025-04-21,0.0,-0.14167,-0.1762,flat
ELECON.NS,2021-12-31,2022-01-18,0.0,0.98597,0.99688,flat
ELECON.NS,2022-03-31,2022-04-12,0.05,1.40228,1.42226,flat
ELECON.NS,2022-06-30,2022-07-18,0.0,1.35612,1.14785,flat
ELECON.NS,2022-09-30,2022-10-20,0.03,1.12608,1.01667,flat
ELECON.NS,2022-12-31,2023-01-23,0.0,1.75652,1.46388,flat
ELECON.NS,2023-03-31,2023-04-13,0.0,1.56476,1.17849,flat
ELECON.NS,2023-06-30,2023-07-10,0.0,0.99793,0.61198,flat
ELECON.NS,2023-09-30,2023-10-16,0.0,0.33607,0.04251,flat
ELECON.NS,2023-12-31,2024-01-09,0.0,0.17756,0.06344,flat
ELECON.NS,2024-03-31,2024-04-15,-0.02,0.06792,-0.01796,flat
ELECON.NS,2024-06-30,2024-07-10,0.0,-0.00948,-0.03,flat
ELECON.NS,2024-09-30,2024-10-14,0.0,-0.21855,-0.21311,flat
ELECON.NS,2024-12-31,2025-01-08,0.0,-0.33657,-0.39275,flat
ELECON.NS,2025-03-31,2025-04-21,0.0,-0.0313,-0.06583,flat
ELGIEQUIP.NS,2021-12-31,2022-01-18,0.0,0.06976,0.08067,flat
ELGIEQUIP.NS,2022-03-31,2022-04-20,-0.59,0.52511,0.51541,sold
ELGIEQUIP.NS,2022-06-30,2022-07-22,0.0,0.4633,0.27341,flat
ELGIEQUIP.NS,2022-09-30,2022-10-13,-0.13,0.27754,0.10238,flat
ELGIEQUIP.NS,2022-12-31,2023-01-11,0.0,0.35639,0.07503,flat
ELGIEQUIP.NS,2023-03-31,2023-04-18,0.0,0.37265,-0.02624,flat
ELGIEQUIP.NS,2023-06-30,2023-07-17,0.0,0.24646,-0.14011,flat
ELGIEQUIP.NS,2023-09-30,2023-10-13,0.0,0.31562,0.00525,flat
ELGIEQUIP.NS,2023-12-31,2024-01-10,0.0,0.0176,-0.09979,flat
ELGIEQUIP.NS,2024-03-31,2024-04-16,0.0,-0.24045,-0.32652,flat
ELGIEQUIP.NS,2024-06-30,2024-07-11,0.0,-0.22912,-0.24944,flat
ELGIEQUIP.NS,2024-09-30,2024-10-16,0.0,-0.29795,-0.30158,flat
ELGIEQUIP.NS,2024-12-31,2025-01-13,0.0,-0.1852,-0.28548,flat
ELGIEQUIP.NS,2025-03-31,2025-04-11,0.0,0.31923,0.21136,flat
EMAMILTD.NS,2021-12-31,2022-01-12,0.0,-0.11931,-0.10196,flat
EMAMILTD.NS,2022-03-31,2022-04-07,0.41,-0.18991,-0.17037,flat
EMAMILTD.NS,2022-06-30,2022-07-07,0.0,-0.10384,-0.32176,flat
EMAMILTD.NS,2022-09-30,2022-10-13,0.0,0.08395,-0.09122,flat
EMAMILTD.NS,2022-12-31,2023-01-05,0.0,0.28855,-0.00388,flat
EMAMILTD.NS,2023-03-31,2023-04-10,0.0,0.25357,-0.12469,flat
EMAMILTD.NS,2023-06-30,2023-07-14,0.25,0.95922,0.56993,flat
EMAMILTD.NS,2023-09-30,2023-10-09,0.32,0.40505,0.03646,flat
EMAMILTD.NS,2023-12-31,2024-01-17,0.0,0.0551,-0.01794,flat
EMAMILTD.NS,2024-03-31,2024-04-15,0.0,0.44804,0.36215,flat
EMAMILTD.NS,2024-06-30,2024-07-15,0.0,-0.21002,-0.21284,flat
EMAMILTD.NS,2024-09-30,2024-10-18,0.0,-0.20767,-0.21816,flat
EMAMILTD.NS,2024-12-31,2025-01-22,0.0,-0.12387,-0.20511,flat
EMAMILTD.NS,2025-03-31,2025-04-15,0.0,-0.20653,-0.2785,flat
EMBDL.NS,2021-12-31,2022-01-21,-5.89,-0.57161,-0.55145,sold
EMBDL.NS,2022-03-31,2022-04-21,-0.23,-0.27448,-0.27588,flat
EMBDL.NS,2022-04-12,2022-04-18,0.0,-0.37988,-0.38016,flat
EMBDL.NS,2022-06-30,2022-07-22,-0.03,-0.03755,-0.22745,flat
EMBDL.NS,2022-09-30,2022-10-24,0.0,-0.0227,-0.12812,flat
EMBDL.NS,2022-12-31,2023-01-20,0.0,0.31391,0.0253,flat
EMBDL.NS,2023-03-31,2023-04-21,0.0,1.28183,0.86178,flat
EMBDL.NS,2023-06-30,2023-07-20,0.0,0.99747,0.61818,flat
EMBDL.NS,2023-09-30,2023-10-23,0.0,0.52637,0.17496,flat
EMBDL.NS,2023-12-31,2024-01-23,0.0,0.54339,0.43451,flat
EMBDL.NS,2024-03-31,2024-04-19,0.0,-0.22571,-0.30992,flat
EMBDL.NS,2024-05-21,2024-05-23,0.0,-0.22292,-0.28676,flat
EMBDL.NS,2024-05-31,2024-06-07,0.0,-0.1355,-0.18797,flat
EMBDL.NS,2024-06-30,2024-07-15,0.0,-0.15046,-0.15327,flat
EMBDL.NS,2024-09-30,2024-10-21,0.0,-0.28701,-0.31184,flat
EMBDL.NS,2024-12-31,2025-01-20,0.0,-0.61283,-0.65915,flat
EMBDL.NS,2025-01-25,2025-02-03,41.44,-0.55665,-0.66788,bought
EMBDL.NS,2025-03-26,2025-04-02,1.92,-0.56457,-0.60752,bought
EMBDL.NS,2025-03-31,2025-04-17,0.0,-0.56711,-0.61968,flat
EMBDL.NS,2025-05-15,2025-05-23,-1.64,-0.46306,-0.45165,sold
EMBDL.NS,2025-05-22,2025-06-02,1.24,-0.48087,-0.45456,bought
EMCURE.NS,2024-09-30,2024-10-21,0.0,-0.06982,-0.09465,flat
EMCURE.NS,2024-12-31,2025-01-22,-0.14,0.06526,-0.01598,flat
EMCURE.NS,2025-03-31,2025-04-22,-0.02,0.61977,0.58419,flat
ENDURANCE.NS,2021-12-31,2022-01-06,0.0,-0.19285,-0.19359,flat
ENDURANCE.NS,2022-03-31,2022-04-18,0.0,0.117,0.11673,flat
ENDURANCE.NS,2022-06-30,2022-07-15,0.0,0.20637,-0.01661,flat
ENDURANCE.NS,2022-09-30,2022-10-19,0.0,0.17061,0.07194,flat
ENDURANCE.NS,2022-12-31,2023-01-17,0.0,0.42941,0.14911,flat
ENDURANCE.NS,2023-03-31,2023-04-19,0.0,0.5863,0.17334,flat
ENDURANCE.NS,2023-06-30,2023-07-18,0.0,0.53908,0.14974,flat
ENDURANCE.NS,2023-09-30,2023-10-16,0.0,0.50548,0.21191,flat
ENDURANCE.NS,2023-12-31,2024-01-18,0.0,-0.03232,-0.1101,flat
ENDURANCE.NS,2024-03-31,2024-04-12,0.0,0.0569,-0.00767,flat
ENDURANCE.NS,2024-06-30,2024-07-10,0.0,0.02213,0.00161,flat
ENDURANCE.NS,2024-09-30,2024-10-14,0.0,0.24713,0.25257,flat
ENDURANCE.NS,2024-12-31,2025-01-13,0.0,0.275,0.17472,flat
ENDURANCE.NS,2025-03-31,2025-04-11,0.0,0.29463,0.18676,flat
ENGINERSIN.NS,2021-12-31,2022-01-11,0.0,0.2519,0.26639,flat
ENGINERSIN.NS,2022-03-31,2022-04-18,0.0,0.28675,0.28647,flat
ENGINERSIN.NS,2022-06-30,2022-07-11,0.0,1.2389,1.02394,flat
ENGINERSIN.NS,2022-09-30,2022-10-20,0.0,1.03445,0.92504,flat
ENGINERSIN.NS,2022-12-31,2023-01-12,0.0,1.7415,1.4845,flat
ENGINERSIN.NS,2023-03-31,2023-04-18,0.0,2.09858,1.69968,flat
ENGINERSIN.NS,2023-06-30,2023-07-19,0.0,1.03311,0.64515,flat
ENGINERSIN.NS,2023-09-30,2023-10-16,0.0,0.26583,-0.02774,flat
ENGINERSIN.NS,2023-12-31,2024-01-15,0.0,-0.23234,-0.31544,flat
ENGINERSIN.NS,2024-03-31,2024-04-22,0.0,-0.10282,-0.17755,flat
ENGINERSIN.NS,2024-06-30,2024-07-19,0.0,-0.06562,-0.09077,flat
ENGINERSIN.NS,2024-09-30,2024-10-17,0.0,0.08307,0.06686,flat
ENGINERSIN.NS,2024-12-31,2025-01-20,0.0,-0.0664,-0.11273,flat
ENGINERSIN.NS,2025-03-31,2025-04-21,0.0,0.46415,0.42962,flat
EPIGRAL.NS,2021-09-30,2021-10-18,0.01,0.59398,0.64465,flat
EPIGRAL.NS,2021-12-31,2022-01-19,-1.43,0.21057,0.216,sold
EPIGRAL.NS,2022-03-31,2022-04-20,-0.01,-0.17071,-0.18042,flat
EPIGRAL.NS,2022-06-30,2022-07-18,-0.07,-0.36283,-0.5711,flat
EPIGRAL.NS,2022-09-30,2022-10-17,0.01,-0.3893,-0.52231,flat
EPIGRAL.NS,2022-12-31,2023-01-18,0.09,-0.14492,-0.41051,flat
EPIGRAL.NS,2023-03-31,2023-04-17,0.13,0.24344,-0.15668,flat
EPIGRAL.NS,2023-06-30,2023-07-13,0.03,0.74096,0.36239,flat
EPIGRAL.NS,2023-09-30,2023-10-12,0.01,1.11684,0.80562,flat
EPIGRAL.NS,2023-12-31,2024-01-18,0.0,0.77961,0.70183,flat
EPIGRAL.NS,2024-03-31,2024-04-22,0.11,0.30918,0.23445,flat
EPIGRAL.NS,2024-06-30,2024-07-18,0.09,0.24804,0.24326,flat
EPIGRAL.NS,2024-09-30,2024-10-15,0.0,-0.27838,-0.27755,flat
EPIGRAL.NS,2024-10-24,2024-10-28,-2.64,-0.14035,-0.1916,sold
EPIGRAL.NS,2024-12-31,2025-01-21,0.0,-0.38743,-0.46436,flat
EPIGRAL.NS,2025-03-31,2025-04-17,0.01,-0.3428,-0.39537,flat
EPL.NS,2021-12-31,2022-01-17,0.0,-0.16131,-0.13385,flat
EPL.NS,2022-03-31,2022-04-18,0.0,-0.0547,-0.05497,flat
EPL.NS,2022-06-30,2022-07-12,0.0,0.34745,0.11706,flat
EPL.NS,2022-09-30,2022-10-17,0.0,0.20696,0.07396,flat
EPL.NS,2022-12-31,2023-01-13,-0.38,0.21586,-0.05163,flat
EPL.NS,2023-03-31,2023-04-12,0.0,0.13257,-0.24966,flat
EPL.NS,2023-06-30,2023-07-19,0.0,0.046,-0.34196,flat
EPL.NS,2023-09-30,2023-10-23,-0.01,0.50117,0.14976,flat
EPL.NS,2023-12-31,2024-01-23,-0.02,0.12256,0.01369,flat
EPL.NS,2024-03-31,2024-04-22,0.0,0.1085,0.03377,flat
EPL.NS,2024-06-30,2024-07-22,0.0,0.07355,0.05793,flat
EPL.NS,2024-09-30,2024-10-17,-0.03,-0.21446,-0.23067,flat
EPL.NS,2024-12-31,2025-01-21,-0.02,-0.12141,-0.19835,flat
EPL.NS,2025-03-31,2025-04-22,-0.14,0.17021,0.13463,flat
EQUITASBNK.NS,2021-12-31,2022-01-13,-0.19,-0.03912,-0.02292,flat
EQUITASBNK.NS,2022-02-19,2022-02-22,-6.73,0.2885,0.28438,sold
EQUITASBNK.NS,2022-02-21,2022-03-07,0.0,0.44784,0.36559,flat
EQUITASBNK.NS,2022-03-31,2022-04-18,-0.04,0.24388,0.2436,flat
EQUITASBNK.NS,2022-06-30,2022-07-18,-0.07,1.30566,1.09739,flat
EQUITASBNK.NS,2022-09-30,2022-10-21,-0.02,0.95303,0.83732,flat
EQUITASBNK.NS,2022-12-31,2023-01-16,-0.02,0.8989,0.63184,flat
EQUITASBNK.NS,2023-03-03,2023-03-13,-74.48,0.46666,0.0901,sold
EQUITASBNK.NS,2023-03-10,2023-03-16,0.0,0.45577,0.054,flat
EQUITASBNK.NS,2023-03-31,2023-04-20,0.0,0.4086,-0.00423,flat
EQUITASBNK.NS,2023-06-30,2023-07-18,0.0,-0.13958,-0.52892,flat
EQUITASBNK.NS,2023-09-30,2023-10-18,0.0,-0.28833,-0.60262,flat
EQUITASBNK.NS,2023-12-31,2024-01-12,0.0,-0.36425,-0.44786,flat
EQUITASBNK.NS,2024-03-31,2024-04-15,0.0,-0.28414,-0.37003,flat
EQUITASBNK.NS,2024-06-30,2024-07-19,0.0,-0.29176,-0.31692,flat
EQUITASBNK.NS,2024-09-30,2024-10-18,0.0,-0.15036,-0.16085,flat
EQUITASBNK.NS,2024-12-31,2025-01-17,0.0,-0.02778,-0.0751,flat
EQUITASBNK.NS,2025-03-31,2025-04-21,0.0,-0.02332,-0.05785,flat
ERIS.NS,2017-06-30,2017-07-21,0.0,0.12872,0.03874,flat
ERIS.NS,2017-09-30,2017-10-18,0.0,0.20659,0.26348,flat
ERIS.NS,2017-12-31,2018-01-19,0.0,-0.13506,-0.04791,flat
ERIS.NS,2018-03-31,2018-04-16,0.0,-0.21812,-0.25222,flat
ERIS.NS,2018-06-30,2018-07-11,0.0,-0.42823,-0.40856,flat
ERIS.NS,2018-09-30,2018-10-22,-0.01,-0.4315,-0.56175,flat
ERIS.NS,2018-12-31,2019-01-14,0.12,-0.22525,-0.33,flat
ERIS.NS,2019-03-31,2019-04-08,0.06,-0.25509,-0.03706,flat
ERIS.NS,2019-06-30,2019-07-19,0.13,0.11034,0.13968,flat
ERIS.NS,2019-09-30,2019-10-17,0.0,0.20157,0.16264,flat
ERIS.NS,2019-12-31,2020-01-20,0.0,0.23869,0.04018,flat
ERIS.NS,2020-03-31,2020-04-17,-0.68,0.23332,-0.34992,sold
ERIS.NS,2020-06-30,2020-07-20,0.0,0.75824,0.23681,flat
ERIS.NS,2020-09-30,2020-10-21,-1.47,0.67198,0.08492,sold
ERIS.NS,2020-12-31,2021-01-21,0.15,0.13962,-0.08569,flat
ERIS.NS,2021-03-31,2021-04-22,-0.1,0.1286,-0.08768,flat
ERIS.NS,2021-06-30,2021-07-22,-1.44,-0.10831,-0.14278,sold
ERIS.NS,2021-09-30,2021-10-19,-0.01,-0.09728,-0.0618,flat
ERIS.NS,2021-12-31,2022-01-24,-0.02,-0.12586,-0.13553,flat
ERIS.NS,2022-03-31,2022-04-21,0.0,-0.07021,-0.07161,flat
ERIS.NS,2022-06-30,2022-07-18,-0.36,0.15286,-0.0554,flat
ERIS.NS,2022-09-30,2022-10-13,-0.01,0.22608,0.05091,flat
ERIS.NS,2022-12-31,2023-01-23,0.41,0.40414,0.1115,flat
ERIS.NS,2023-03-31,2023-04-24,0.16,0.43219,0.02835,flat
ERIS.NS,2023-06-30,2023-07-11,0.0,0.45148,0.07803,flat
ERIS.NS,2023-09-30,2023-10-18,2.05,0.50297,0.18868,bought
ERIS.NS,2023-12-31,2024-01-19,-0.01,0.31901,0.23541,flat
ERIS.NS,2024-03-31,2024-04-18,0.0,0.69658,0.62163,flat
ERIS.NS,2024-06-30,2024-07-12,-0.02,0.71233,0.69829,flat
ERIS.NS,2024-09-30,2024-10-21,-0.01,0.23285,0.20802,flat
ERIS.NS,2024-12-31,2025-01-21,-0.01,0.07287,-0.00407,flat
ERIS.NS,2025-03-31,2025-04-21,-0.01,-0.03999,-0.07452,flat
ESABINDIA.NS,2021-12-31,2022-01-18,0.0,0.16079,0.1717,flat
ESABINDIA.NS,2022-03-31,2022-04-12,0.0,0.07743,0.0974,flat
ESABINDIA.NS,2022-06-30,2022-07-11,0.0,0.29338,0.07842,flat
ESABINDIA.NS,2022-09-30,2022-10-14,0.0,0.6892,0.52763,flat
ESABINDIA.NS,2022-12-31,2023-01-11,0.0,0.44265,0.1613,flat
ESABINDIA.NS,2023-03-31,2023-04-11,0.0,0.53093,0.14703,flat
ESABINDIA.NS,2023-06-30,2023-07-12,0.0,0.52612,0.14872,flat
ESABINDIA.NS,2023-09-30,2023-10-18,0.0,0.13577,-0.17852,flat
ESABINDIA.NS,2023-12-31,2024-01-10,0.0,-0.07019,-0.18757,flat
ESABINDIA.NS,2024-03-31,2024-04-12,0.0,-0.06993,-0.1345,flat
ESABINDIA.NS,2024-06-30,2024-07-12,0.0,-0.07505,-0.08909,flat
ESABINDIA.NS,2024-09-30,2024-10-15,0.0,-0.22044,-0.21962,flat
ESABINDIA.NS,2024-12-31,2025-01-20,0.0,0.06246,0.01614,flat
ESABINDIA.NS,2025-03-31,2025-04-17,0.0,0.33898,0.28641,flat
ESCORTS.NS,2021-12-27,2022-01-07,-6.34,0.12883,0.13332,sold
ESCORTS.NS,2021-12-31,2022-01-18,0.0,0.13534,0.14624,flat
ESCORTS.NS,2022-02-18,2022-02-28,-2.15,0.0888,0.05618,sold
ESCORTS.NS,2022-03-31,2022-04-11,0.0,0.24693,0.27751,flat
ESCORTS.NS,2022-03-31,2022-04-11,0.0,0.24693,0.27751,flat
ESCORTS.NS,2022-06-30,2022-07-20,44.8,0.41772,0.22323,bought
ESCORTS.NS,2022-09-30,2022-10-20,0.0,0.58599,0.47659,flat
ESCORTS.NS,2022-12-31,2023-01-18,0.0,0.448,0.1824,flat
ESCORTS.NS,2023-03-31,2023-04-20,0.0,0.69956,0.28673,flat
ESCORTS.NS,2023-05-28,2023-06-06,-5.26,0.96417,0.55788,sold
ESCORTS.NS,2023-06-30,2023-07-21,0.0,0.67359,0.29764,flat
ESCORTS.NS,2023-09-30,2023-10-19,0.0,0.10078,-0.21344,flat
ESCORTS.NS,2023-12-31,2024-01-19,0.0,0.19115,0.10755,flat
ESCORTS.NS,2024-03-31,2024-04-22,0.0,0.06109,-0.01364,flat
ESCORTS.NS,2024-06-30,2024-07-15,0.0,-0.13401,-0.13682,flat
ESCORTS.NS,2024-09-30,2024-10-14,0.4,-0.05953,-0.05409,flat
ESCORTS.NS,2024-12-31,2025-01-13,0.0,0.09279,-0.00749,flat
ESCORTS.NS,2025-03-31,2025-04-11,0.0,0.06144,-0.04643,flat
ETERNAL.NS,2021-12-31,2022-01-20,0.0,-0.61861,-0.6063,flat
ETERNAL.NS,2022-03-31,2022-04-21,0.0,-0.24876,-0.25017,flat
ETERNAL.NS,2022-06-30,2022-07-21,0.0,0.62243,0.43489,flat
ETERNAL.NS,2022-08-10,2022-08-12,0.0,0.45344,0.3404,flat
ETERNAL.NS,2022-09-30,2022-10-24,0.0,0.68565,0.58022,flat
ETERNAL.NS,2022-12-31,2023-01-20,0.0,1.73178,1.44318,flat
ETERNAL.NS,2023-03-31,2023-04-21,0.0,2.48707,2.06702,flat
ETERNAL.NS,2023-06-30,2023-07-24,0.0,2.1524,1.81577,flat
ETERNAL.NS,2023-09-30,2023-10-19,0.0,1.21093,0.89671,flat
ETERNAL.NS,2023-12-31,2024-01-16,0.0,0.61438,0.53916,flat
ETERNAL.NS,2024-03-31,2024-04-18,0.0,0.23548,0.16052,flat
ETERNAL.NS,2024-06-30,2024-07-22,0.0,0.41275,0.39713,flat
ETERNAL.NS,2024-09-30,2024-10-15,0.0,0.20962,0.21045,flat
ETERNAL.NS,2024-11-29,2024-12-04,0.0,0.01904,0.001,flat
ETERNAL.NS,2024-12-02,2024-12-30,0.0,0.00727,-0.07064,flat
ETERNAL.NS,2024-12-31,2025-01-14,0.0,0.15411,0.08588,flat
ETERNAL.NS,2025-03-31,2025-04-08,0.0,0.18444,0.06799,flat
EXIDEIND.NS,2021-12-31,2022-01-18,0.0,0.0415,0.05241,flat
EXIDEIND.NS,2022-03-31,2022-04-19,0.0,0.25049,0.23494,flat
EXIDEIND.NS,2022-06-30,2022-07-21,0.0,0.6523,0.46476,flat
EXIDEIND.NS,2022-09-30,2022-10-19,0.0,0.593,0.49432,flat
EXIDEIND.NS,2022-12-31,2023-01-19,0.0,0.78182,0.49762,flat
EXIDEIND.NS,2023-03-31,2023-04-19,0.0,1.44141,1.02845,flat
EXIDEIND.NS,2023-06-30,2023-07-17,0.0,1.24673,0.86016,flat
EXIDEIND.NS,2023-09-30,2023-10-13,0.0,0.78527,0.4749,flat
EXIDEIND.NS,2023-12-31,2024-01-17,0.0,0.0928,0.01977,flat
EXIDEIND.NS,2024-03-31,2024-04-18,0.0,-0.17297,-0.24792,flat
EXIDEIND.NS,2024-06-30,2024-07-16,0.0,-0.29466,-0.30217,flat
EXIDEIND.NS,2024-09-30,2024-10-15,0.0,-0.23214,-0.23131,flat
EXIDEIND.NS,2024-12-31,2025-01-15,0.0,-0.14226,-0.20183,flat
EXIDEIND.NS,2025-03-31,2025-04-11,0.0,-0.03491,-0.14278,flat
FACT.NS,2021-12-31,2022-01-11,0.0,1.27629,1.29078,flat
FACT.NS,2022-03-31,2022-04-11,0.0,1.39498,1.42555,flat
FACT.NS,2022-06-30,2022-07-12,0.0,3.91533,3.68494,flat
FACT.NS,2022-09-30,2022-10-20,0.0,4.72355,4.61414,flat
FACT.NS,2022-12-31,2023-01-17,0.0,1.69358,1.41329,flat
FACT.NS,2023-03-31,2023-04-17,0.0,1.14971,0.74958,flat
FACT.NS,2023-06-30,2023-07-14,0.0,1.05472,0.66543,flat
FACT.NS,2023-09-30,2023-10-12,0.0,0.58697,0.27575,flat
FACT.NS,2023-12-31,2024-01-15,0.0,0.21398,0.13088,flat
FACT.NS,2024-03-31,2024-04-18,0.0,0.13342,0.05847,flat
FACT.NS,2024-06-30,2024-07-22,0.0,-0.09692,-0.11255,flat
FACT.NS,2024-09-30,2024-10-18,0.0,-0.01661,-0.0271,flat
FACT.NS,2024-12-31,2025-01-13,0.0,-0.04646,-0.14674,flat
FACT.NS,2025-03-31,2025-04-11,0.0,0.49294,0.38507,flat
FCONSUMER.NS,2021-12-31,2022-01-17,-2.31,-0.83117,-0.80371,sold
FCONSUMER.NS,2022-03-31,2022-04-20,-3.77,-0.77174,-0.78144,sold
FCONSUMER.NS,2022-06-30,2022-07-18,-4.9,-0.525,-0.73327,sold
FCONSUMER.NS,2022-09-30,2022-10-20,0.0,-0.51515,-0.62456,flat
FCONSUMER.NS,2022-12-31,2023-01-19,0.0,-0.07407,-0.35828,flat
FCONSUMER.NS,2023-03-31,2023-04-21,0.0,0.05556,-0.36449,flat
FCONSUMER.NS,2023-06-30,2023-10-05,0.0,-0.35,-0.72668,flat
FCONSUMER.NS,2023-09-30,2023-10-18,0.0,-0.425,-0.73929,flat
FCONSUMER.NS,2023-12-31,2024-01-23,0.0,-0.43,-0.53887,flat
FCONSUMER.NS,2024-03-31,2024-04-22,0.0,-0.43333,-0.50806,flat
FCONSUMER.NS,2024-06-30,2024-12-16,0.0,-0.21667,-0.23059,flat
FCONSUMER.NS,2024-09-30,2024-12-13,0.0,-0.18966,-0.19533,flat
FCONSUMER.NS,2024-12-31,2025-01-14,0.0,-0.3871,-0.45532,flat
FCONSUMER.NS,2025-03-31,2025-04-22,0.0,-0.33333,-0.36892,flat
FDC.NS,2021-12-31,2022-01-18,0.01,-0.12995,-0.11905,flat
FDC.NS,2022-03-31,2022-04-21,0.0,0.0134,0.012,flat
FDC.NS,2022-06-30,2022-07-20,0.14,0.32122,0.12673,flat
FDC.NS,2022-09-30,2022-10-21,0.0,0.24893,0.13322,flat
FDC.NS,2022-12-31,2023-01-19,0.0,0.59881,0.3146,flat
FDC.NS,2023-03-31,2023-04-17,0.0,0.73251,0.33239,flat
FDC.NS,2023-06-30,2023-07-17,0.0,0.58943,0.20286,flat
FDC.NS,2023-09-30,2023-10-16,0.16,0.32563,0.03206,flat
FDC.NS,2023-12-31,2024-01-23,0.0,0.149,0.04013,flat
FDC.NS,2024-03-31,2024-04-19,0.0,-0.04071,-0.12492,flat
FDC.NS,2024-06-30,2024-07-18,0.0,0.0062,0.00142,flat
FDC.NS,2024-09-30,2024-10-21,0.0,-0.18744,-0.21227,flat
FDC.NS,2024-12-31,2025-01-20,0.0,-0.23353,-0.27985,flat
FDC.NS,2025-03-31,2025-04-21,0.0,-0.14107,-0.1756,flat
FEDERALBNK.NS,2021-12-31,2022-01-12,0.0,0.42593,0.44328,flat
FEDERALBNK.NS,2022-03-31,2022-04-21,0.0,0.41131,0.40991,flat
FEDERALBNK.NS,2022-06-30,2022-07-22,0.0,0.26539,0.0755,flat
FEDERALBNK.NS,2022-09-30,2022-10-24,0.0,0.05162,-0.05381,flat
FEDERALBNK.NS,2022-12-31,2023-01-20,0.0,0.10207,-0.18654,flat
FEDERALBNK.NS,2023-03-31,2023-04-21,0.0,0.29207,-0.12798,flat
FEDERALBNK.NS,2023-06-30,2023-07-18,0.0,0.50745,0.11811,flat
FEDERALBNK.NS,2023-07-25,2023-07-26,0.0,0.44994,0.10391,flat
FEDERALBNK.NS,2023-09-30,2023-10-12,0.0,0.27154,-0.03969,flat
FEDERALBNK.NS,2023-10-11,2023-10-13,0.0,0.27163,-0.03874,flat
FEDERALBNK.NS,2023-12-31,2024-01-15,0.0,0.25454,0.17144,flat
FEDERALBNK.NS,2024-03-31,2024-04-19,0.0,0.32378,0.23957,flat
FEDERALBNK.NS,2024-06-30,2024-07-22,0.0,0.10902,0.09339,flat
FEDERALBNK.NS,2024-09-30,2024-10-16,0.0,0.17704,0.17341,flat
FEDERALBNK.NS,2024-12-31,2025-01-16,0.0,0.45281,0.39321,flat
FEDERALBNK.NS,2025-03-31,2025-04-16,0.0,0.51228,0.45782,flat
FINCABLES.NS,2021-12-31,2022-01-11,0.0,0.06347,0.07796,flat
FINCABLES.NS,2022-03-31,2022-04-12,0.0,1.12887,1.14884,flat
FINCABLES.NS,2022-06-30,2022-07-18,0.0,1.463,1.25473,flat
FINCABLES.NS,2022-09-30,2022-10-19,0.0,0.86865,0.76998,flat
FINCABLES.NS,2022-12-31,2023-01-18,0.0,0.95637,0.69077,flat
FINCABLES.NS,2023-03-31,2023-04-19,0.0,0.20262,-0.21034,flat
FINCABLES.NS,2023-06-30,2023-07-19,0.0,0.57829,0.19033,flat
FINCABLES.NS,2023-09-30,2023-10-18,0.0,0.32341,0.00912,flat
FINCABLES.NS,2023-12-31,2024-01-12,0.0,-0.03959,-0.1232,flat
FINCABLES.NS,2024-03-31,2024-04-15,0.0,-0.09821,-0.1841,flat
FINCABLES.NS,2024-06-30,2024-07-10,-0.06,-0.40047,-0.42099,flat
FINCABLES.NS,2024-09-30,2024-10-07,0.0,-0.37367,-0.38038,flat
FINCABLES.NS,2024-12-31,2025-01-10,0.0,-0.24234,-0.31969,flat
FINCABLES.NS,2025-03-31,2025-04-15,0.0,0.0916,0.01963,flat
FINEORG.NS,2022-03-31,2022-04-04,0.0,0.05833,0.09194,flat
FINEORG.NS,2022-06-30,2022-07-21,0.0,-0.11811,-0.30565,flat
FINEORG.NS,2022-09-30,2022-10-24,0.0,-0.352,-0.45742,flat
FINEORG.NS,2022-12-31,2023-01-23,0.0,-0.11352,-0.40616,flat
FINEORG.NS,2023-03-31,2023-04-20,0.0,0.02488,-0.38795,flat
FINEORG.NS,2023-06-30,2023-07-21,0.0,0.1623,-0.21365,flat
FINEORG.NS,2023-09-30,2023-10-23,0.0,0.04391,-0.3075,flat
FINEORG.NS,2023-12-31,2024-01-23,0.0,0.00722,-0.10166,flat
FINEORG.NS,2024-03-31,2024-04-22,0.0,-0.02095,-0.09568,flat
FINEORG.NS,2024-06-30,2024-07-22,0.0,0.02584,0.01022,flat
FINEORG.NS,2024-09-30,2024-10-21,0.0,-0.08359,-0.10842,flat
FINEORG.NS,2024-12-31,2025-01-21,0.0,-0.07862,-0.15555,flat
FINEORG.NS,2025-03-31,2025-04-21,0.0,0.10318,0.06865,flat
FINPIPE.NS,2021-12-31,2022-01-18,0.0,-0.09199,-0.08108,flat
FINPIPE.NS,2022-03-31,2022-04-18,0.0,0.03266,0.03238,flat
FINPIPE.NS,2022-06-30,2022-07-19,0.0,0.44915,0.24111,flat
FINPIPE.NS,2022-09-30,2022-10-24,0.0,0.42653,0.3211,flat
FINPIPE.NS,2022-12-31,2023-01-18,0.0,0.25299,-0.01261,flat
FINPIPE.NS,2023-03-31,2023-04-21,0.0,0.632,0.21195,flat
FINPIPE.NS,2023-06-30,2023-07-21,0.0,0.65973,0.28378,flat
FINPIPE.NS,2023-09-30,2023-10-20,0.0,0.36003,0.04155,flat
FINPIPE.NS,2023-12-31,2024-01-10,0.0,-0.10551,-0.22289,flat
FINPIPE.NS,2024-03-31,2024-04-19,0.0,-0.29164,-0.37585,flat
FINPIPE.NS,2024-06-30,2024-07-18,0.0,-0.38676,-0.39154,flat
FINPIPE.NS,2024-09-30,2024-10-07,0.0,-0.33363,-0.34034,flat
FINPIPE.NS,2024-12-31,2025-01-21,0.0,-0.16765,-0.24459,flat
FINPIPE.NS,2025-03-31,2025-04-11,0.0,0.05291,-0.05496,flat
FIRSTCRY.NS,2024-09-30,2024-10-21,0.0,-0.46943,-0.49426,flat
FIRSTCRY.NS,2024-12-31,2025-01-20,0.0,-0.45676,-0.50308,flat
FIRSTCRY.NS,2025-03-31,2025-04-21,0.0,-0.31075,-0.34528,flat
FIVESTAR.NS,2022-12-31,2023-01-23,0.0,0.31316,0.02052,flat
FIVESTAR.NS,2023-03-31,2023-04-17,0.0,0.28908,-0.11104,flat
FIVESTAR.NS,2023-06-30,2023-07-14,-0.48,0.18544,-0.20385,flat
FIVESTAR.NS,2023-09-30,2023-10-13,-3.09,0.19238,-0.118,sold
FIVESTAR.NS,2023-12-31,2024-01-10,-4.77,-0.08655,-0.20394,sold
FIVESTAR.NS,2024-03-31,2024-04-15,-0.02,0.17634,0.09045,flat
FIVESTAR.NS,2024-06-30,2024-07-15,0.0,-0.09422,-0.09703,flat
FIVESTAR.NS,2024-09-30,2024-10-22,-4.92,-0.36733,-0.41108,sold
FIVESTAR.NS,2024-12-31,2025-01-21,-0.04,-0.22544,-0.30237,flat
FIVESTAR.NS,2025-03-31,2025-04-17,-0.08,-0.34686,-0.39943,flat
FLUOROCHEM.NS,2021-12-31,2022-01-06,-1.3,0.05113,0.05039,sold
FLUOROCHEM.NS,2022-03-31,2022-04-12,-0.27,0.12381,0.14379,flat
FLUOROCHEM.NS,2022-06-30,2022-07-14,0.0,-0.12183,-0.35548,flat
FLUOROCHEM.NS,2022-09-30,2022-10-14,0.0,-0.29581,-0.45738,flat
FLUOROCHEM.NS,2022-12-31,2023-01-09,-2.27,0.17956,-0.08177,sold
FLUOROCHEM.NS,2023-03-31,2023-04-10,0.0,0.16266,-0.2156,flat
FLUOROCHEM.NS,2023-06-30,2023-07-10,0.0,0.16641,-0.21954,flat
FLUOROCHEM.NS,2023-09-30,2023-10-09,0.0,0.66108,0.2925,flat
FLUOROCHEM.NS,2023-12-31,2024-01-10,0.0,0.11545,-0.00193,flat
FLUOROCHEM.NS,2024-03-31,2024-04-05,0.0,0.23001,0.20277,flat
FLUOROCHEM.NS,2024-06-30,2024-07-10,-1.23,0.07327,0.05275,sold
FLUOROCHEM.NS,2024-09-30,2024-10-09,0.0,-0.16575,-0.14815,flat
FLUOROCHEM.NS,2024-12-31,2025-01-14,0.0,-0.10977,-0.178,flat
FLUOROCHEM.NS,2025-03-31,2025-04-08,0.0,-0.11715,-0.23361,flat
FORCEMOT.NS,2024-03-31,2024-04-19,0.0,-0.02993,-0.11414,flat
FORCEMOT.NS,2024-06-30,2024-07-15,0.0,0.98763,0.98482,flat
FORCEMOT.NS,2024-09-30,2024-10-22,0.0,1.53041,1.48666,flat
FORCEMOT.NS,2024-12-31,2025-01-21,0.0,1.87425,1.79732,flat
FORCEMOT.NS,2025-03-31,2025-04-21,0.0,1.23806,1.20353,flat
FORTIS.NS,2021-12-31,2022-01-14,0.0,-0.00175,0.018,flat
FORTIS.NS,2022-03-31,2022-04-19,0.0,-0.02455,-0.04011,flat
FORTIS.NS,2022-06-30,2022-07-15,0.0,0.28876,0.06577,flat
FORTIS.NS,2022-09-30,2022-10-21,0.0,0.19474,0.07903,flat
FORTIS.NS,2022-12-31,2023-01-19,0.0,0.51501,0.2308,flat
FORTIS.NS,2023-03-31,2023-04-21,0.0,0.66563,0.24558,flat
FORTIS.NS,2023-06-30,2023-07-18,0.0,0.54576,0.15642,flat
FORTIS.NS,2023-09-30,2023-10-19,0.0,0.84351,0.52929,flat
FORTIS.NS,2023-12-31,2024-01-23,0.0,0.54525,0.43638,flat
FORTIS.NS,2024-03-31,2024-04-18,0.0,0.50441,0.42945,flat
FORTIS.NS,2024-06-30,2024-07-22,0.0,0.7198,0.70418,flat
FORTIS.NS,2024-09-30,2024-10-18,0.0,0.70376,0.69327,flat
FORTIS.NS,2024-12-31,2025-01-21,0.0,0.32821,0.25128,flat
FORTIS.NS,2025-03-31,2025-04-21,0.0,0.45159,0.41706,flat
FRETAIL.NS,2021-12-31,2022-01-19,-1.62,-0.92717,-0.92174,sold
FRETAIL.NS,2022-03-31,2022-04-13,-3.93,-0.90604,-0.88679,sold
FSL.NS,2021-12-31,2022-01-10,0.0,-0.41089,-0.40124,flat
FSL.NS,2022-03-31,2022-04-12,0.0,-0.08715,-0.06717,flat
FSL.NS,2022-06-30,2022-07-12,0.0,0.39437,0.16398,flat
FSL.NS,2022-09-30,2022-10-14,0.0,0.6562,0.49463,flat
FSL.NS,2022-12-31,2023-01-09,0.0,0.98285,0.72152,flat
FSL.NS,2023-03-31,2023-04-12,0.0,0.81917,0.43694,flat
FSL.NS,2023-06-30,2023-07-10,0.0,0.95609,0.57014,flat
FSL.NS,2023-09-30,2023-10-11,0.0,0.91475,0.60412,flat
FSL.NS,2023-12-31,2024-01-12,0.0,0.70118,0.61757,flat
FSL.NS,2024-03-31,2024-04-10,0.0,0.68326,0.63112,flat
FSL.NS,2024-06-30,2024-07-09,0.0,0.41684,0.40636,flat
FSL.NS,2024-09-30,2024-10-08,0.0,0.04863,0.05789,flat
FSL.NS,2024-12-31,2025-01-08,0.0,-0.17897,-0.23514,flat
FSL.NS,2025-03-31,2025-04-11,0.0,-0.28598,-0.39385,flat
GABRIEL.NS,2021-12-31,2022-01-14,0.0,0.29675,0.3165,flat
GABRIEL.NS,2022-03-31,2022-04-11,0.0,0.19214,0.22271,flat
GABRIEL.NS,2022-06-30,2022-07-20,0.0,0.64355,0.44906,flat
GABRIEL.NS,2022-09-30,2022-10-21,0.0,1.25315,1.13744,flat
GABRIEL.NS,2022-12-31,2023-01-17,0.0,1.05528,0.77498,flat
GABRIEL.NS,2023-03-31,2023-04-10,0.0,1.40037,1.02211,flat
GABRIEL.NS,2023-06-30,2023-07-12,0.0,1.40168,1.02427,flat
GABRIEL.NS,2023-09-30,2023-10-16,0.0,0.24816,-0.04541,flat
GABRIEL.NS,2023-12-31,2024-01-12,0.0,0.09817,0.01456,flat
GABRIEL.NS,2024-03-31,2024-04-12,0.0,0.61481,0.55023,flat
GABRIEL.NS,2024-06-30,2024-07-11,0.0,1.15558,1.13527,flat
GABRIEL.NS,2024-09-30,2024-10-07,0.0,1.76074,1.75403,flat
GABRIEL.NS,2024-12-31,2025-01-17,0.0,0.97467,0.92735,flat
GABRIEL.NS,2025-03-31,2025-04-15,0.0,0.80321,0.73125,flat
GAEL.NS,2021-12-31,2022-01-05,0.0,0.43505,0.43967,flat
GAEL.NS,2022-03-31,2022-04-11,0.0,-0.06655,-0.03598,flat
GAEL.NS,2022-06-30,2022-07-12,0.0,-0.20018,-0.43056,flat
GAEL.NS,2022-09-30,2022-10-13,0.0,0.36506,0.1899,flat
GAEL.NS,2022-12-31,2023-01-12,0.0,0.38217,0.12517,flat
GAEL.NS,2023-03-31,2023-04-10,0.0,0.29325,-0.08501,flat
GAEL.NS,2023-06-30,2023-07-10,0.0,0.1279,-0.25805,flat
GAEL.NS,2023-09-30,2023-10-13,0.0,-0.3061,-0.61648,flat
GAEL.NS,2023-12-31,2024-01-05,0.0,-0.3788,-0.47887,flat
GAEL.NS,2024-03-18,2024-03-28,0.0,-0.26903,-0.29619,flat
GAEL.NS,2024-03-31,2024-04-19,0.0,-0.23784,-0.32205,flat
GAEL.NS,2024-06-30,2024-07-11,0.0,-0.17405,-0.19436,flat
GAEL.NS,2024-09-30,2024-10-07,0.0,-0.13555,-0.14226,flat
GAEL.NS,2024-12-31,2025-01-08,0.0,0.13507,0.0789,flat
GAEL.NS,2025-03-31,2025-04-15,0.0,0.29226,0.22029,flat
GAIL.NS,2021-12-31,2022-01-12,-0.05,0.05995,0.07729,flat
GAIL.NS,2022-03-31,2022-04-20,0.0,0.04304,0.03334,flat
GAIL.NS,2022-06-30,2022-07-13,0.09,0.25905,0.01751,flat
GAIL.NS,2022-09-09,2022-09-19,0.01,0.41142,0.28202,flat
GAIL.NS,2022-09-30,2022-10-20,0.0,0.40332,0.29392,flat
GAIL.NS,2022-12-31,2023-01-12,0.01,0.68536,0.42837,flat
GAIL.NS,2023-03-31,2023-04-17,0.0,0.9482,0.54807,flat
GAIL.NS,2023-06-30,2023-07-10,0.0,1.10951,0.72356,flat
GAIL.NS,2023-09-30,2023-10-17,0.0,0.62337,0.32669,flat
GAIL.NS,2023-12-31,2024-01-17,-0.01,0.05354,-0.0195,flat
GAIL.NS,2024-03-31,2024-04-16,0.0,-0.02576,-0.11183,flat
GAIL.NS,2024-06-30,2024-07-11,0.02,-0.16609,-0.1864,flat
GAIL.NS,2024-09-30,2024-10-11,0.0,-0.18476,-0.18275,flat
GAIL.NS,2024-12-31,2025-01-08,-0.02,-0.09488,-0.15105,flat
GAIL.NS,2025-03-31,2025-04-09,-0.02,-0.01257,-0.1445,flat
GALAXYSURF.NS,2021-09-30,2021-10-21,-0.01,-0.14713,-0.13141,flat
GALAXYSURF.NS,2021-12-31,2022-01-21,0.0,-0.2551,-0.23494,flat
GALAXYSURF.NS,2022-03-31,2022-04-12,0.0,-0.16329,-0.14332,flat
GALAXYSURF.NS,2022-06-30,2022-07-21,0.0,-0.11643,-0.30398,flat
GALAXYSURF.NS,2022-09-30,2022-10-19,0.0,-0.08808,-0.18675,flat
GALAXYSURF.NS,2022-12-31,2023-01-12,0.0,0.14223,-0.11477,flat
GALAXYSURF.NS,2023-03-31,2023-04-20,0.0,0.03395,-0.37888,flat
GALAXYSURF.NS,2023-06-30,2023-07-20,0.0,0.07765,-0.30164,flat
GALAXYSURF.NS,2023-09-30,2023-10-16,-0.01,0.09622,-0.19735,flat
GALAXYSURF.NS,2023-12-31,2024-01-12,0.0,-0.15327,-0.23688,flat
GALAXYSURF.NS,2024-03-31,2024-04-18,-0.01,-0.15767,-0.23262,flat
GALAXYSURF.NS,2024-06-30,2024-07-18,0.0,-0.07587,-0.08064,flat
GALAXYSURF.NS,2024-09-30,2024-10-14,0.0,-0.23022,-0.22478,flat
GALAXYSURF.NS,2024-12-31,2025-01-10,0.0,-0.22616,-0.30352,flat
GALAXYSURF.NS,2025-03-31,2025-04-17,0.0,-0.1739,-0.22647,flat
GALLANTT.NS,2021-12-31,2022-01-18,0.0,-0.00351,0.0074,flat
GALLANTT.NS,2022-03-31,2022-04-18,0.0,-0.13926,-0.13953,flat
GALLANTT.NS,2022-06-30,2022-07-21,1.48,0.27661,0.08907,bought
GALLANTT.NS,2022-09-30,2022-10-20,0.0,0.46009,0.35068,flat
GALLANTT.NS,2022-12-31,2023-01-17,0.01,2.12199,1.84169,flat
GALLANTT.NS,2023-03-31,2023-04-17,0.02,3.58049,3.18037,flat
GALLANTT.NS,2023-06-30,2023-07-19,0.04,3.46987,3.08191,flat
GALLANTT.NS,2023-09-30,2023-10-16,0.15,2.63582,2.34225,flat
GALLANTT.NS,2023-12-31,2024-01-23,0.0,0.76578,0.65691,flat
GALLANTT.NS,2024-03-31,2024-04-22,-0.01,0.68854,0.61381,flat
GALLANTT.NS,2024-06-30,2024-07-18,0.0,0.97849,0.97372,flat
GALLANTT.NS,2024-09-30,2024-10-21,0.0,0.45613,0.4313,flat
GALLANTT.NS,2024-12-31,2025-01-21,0.0,0.65775,0.58082,flat
GALLANTT.NS,2025-03-31,2025-04-21,0.0,0.80669,0.77216,flat
GARFIBRES.NS,2021-12-31,2022-01-18,0.0,-0.10161,-0.0907,flat
GARFIBRES.NS,2022-03-31,2022-04-18,0.0,-0.09324,-0.09352,flat
GARFIBRES.NS,2022-06-30,2022-07-14,0.0,-0.00368,-0.23733,flat
GARFIBRES.NS,2022-09-30,2022-10-19,0.0,-0.09832,-0.19699,flat
GARFIBRES.NS,2022-12-31,2023-01-18,0.08,0.16546,-0.10014,flat
GARFIBRES.NS,2023-03-31,2023-04-18,0.0,0.1306,-0.26829,flat
GARFIBRES.NS,2023-06-30,2023-07-18,0.0,0.24318,-0.14616,flat
GARFIBRES.NS,2023-09-30,2023-10-16,0.0,0.21522,-0.07835,flat
GARFIBRES.NS,2023-12-31,2024-01-18,0.0,0.09444,0.01667,flat
GARFIBRES.NS,2024-03-31,2024-04-18,0.0,0.30922,0.23426,flat
GARFIBRES.NS,2024-04-25,2024-05-02,0.3,0.3868,0.35872,flat
GARFIBRES.NS,2024-06-30,2024-07-15,0.0,0.21888,0.21607,flat
GARFIBRES.NS,2024-09-30,2024-10-17,0.0,-0.06968,-0.08589,flat
GARFIBRES.NS,2024-12-31,2025-01-09,0.0,-0.21605,-0.28088,flat
GARFIBRES.NS,2025-01-06,2025-01-09,0.0,-0.21605,-0.28088,flat
GARFIBRES.NS,2025-03-31,2025-04-22,0.0,-0.29801,-0.33359,flat
GESHIP.NS,2021-09-30,2021-10-19,-0.86,0.57655,0.61204,sold
GESHIP.NS,2021-12-31,2022-01-13,0.0,1.14664,1.16284,flat
GESHIP.NS,2022-03-12,2022-03-22,0.74,0.9477,0.97792,bought
GESHIP.NS,2022-03-31,2022-04-21,0.11,0.76341,0.76201,flat
GESHIP.NS,2022-06-30,2022-07-18,0.01,0.97376,0.76549,flat
GESHIP.NS,2022-09-30,2022-10-21,0.0,0.62593,0.51022,flat
GESHIP.NS,2022-12-31,2023-01-19,0.0,0.60002,0.31581,flat
GESHIP.NS,2023-03-31,2023-04-19,0.0,0.76851,0.35555,flat
GESHIP.NS,2023-06-30,2023-07-14,0.0,0.77884,0.38955,flat
GESHIP.NS,2023-09-30,2023-10-13,0.0,0.49655,0.18618,flat
GESHIP.NS,2023-12-31,2024-01-16,0.0,-0.00935,-0.08456,flat
GESHIP.NS,2024-03-31,2024-04-18,0.0,-0.10464,-0.1796,flat
GESHIP.NS,2024-06-30,2024-07-15,0.0,-0.27002,-0.27284,flat
GESHIP.NS,2024-09-30,2024-10-15,0.0,-0.16923,-0.16841,flat
GESHIP.NS,2024-12-31,2025-01-20,0.0,0.19811,0.15178,flat
GESHIP.NS,2025-03-31,2025-04-11,0.0,0.72569,0.61782,flat
GHCL.NS,2021-09-30,2021-10-13,-0.1,0.52944,0.56544,flat
GHCL.NS,2021-12-31,2022-01-10,0.0,0.38867,0.39831,flat
GHCL.NS,2022-03-31,2022-04-11,-0.01,-0.13359,-0.10301,flat
GHCL.NS,2022-06-30,2022-07-14,-0.04,-0.15128,-0.38493,flat
GHCL.NS,2022-09-30,2022-10-17,0.0,-0.10237,-0.23538,flat
GHCL.NS,2022-12-31,2023-01-09,0.02,0.17002,-0.0913,flat
GHCL.NS,2023-03-31,2023-04-12,0.0,0.07427,-0.30796,flat
GHCL.NS,2023-06-30,2023-07-17,0.01,0.07893,-0.30763,flat
GHCL.NS,2023-09-30,2023-10-13,0.0,-0.07016,-0.38053,flat
GHCL.NS,2023-12-31,2024-01-12,-0.03,0.20552,0.12191,flat
GHCL.NS,2024-03-31,2024-04-12,0.01,0.27056,0.20598,flat
GHCL.NS,2024-06-30,2024-07-15,0.0,0.12216,0.11935,flat
GHCL.NS,2024-09-30,2024-10-09,0.0,-0.0117,0.00591,flat
GHCL.NS,2024-12-31,2025-01-10,0.0,-0.17862,-0.25598,flat
GHCL.NS,2025-03-31,2025-04-15,0.0,-0.16032,-0.23229,flat
GICRE.NS,2021-12-31,2022-01-10,0.0,0.32904,0.33868,flat
GICRE.NS,2022-03-31,2022-04-19,0.0,0.26186,0.24631,flat
GICRE.NS,2022-06-30,2022-07-19,0.0,0.73368,0.52563,flat
GICRE.NS,2022-09-30,2022-10-24,0.0,0.92974,0.82431,flat
GICRE.NS,2022-12-31,2023-01-20,0.0,1.18527,0.89667,flat
GICRE.NS,2023-03-31,2023-04-20,0.0,1.38378,0.97095,flat
GICRE.NS,2023-06-30,2023-07-21,0.0,1.17929,0.80334,flat
GICRE.NS,2023-09-30,2023-10-18,0.0,0.67091,0.35662,flat
GICRE.NS,2023-12-31,2024-01-23,0.0,0.23019,0.12132,flat
GICRE.NS,2024-03-31,2024-04-22,0.0,0.35168,0.27695,flat
GICRE.NS,2024-06-30,2024-07-22,0.0,-0.00112,-0.01674,flat
GICRE.NS,2024-09-30,2024-10-16,-3.38,0.00547,0.00184,sold
GICRE.NS,2024-12-31,2025-01-22,0.0,-0.09251,-0.17375,flat
GICRE.NS,2025-03-31,2025-04-22,0.0,-0.03819,-0.07377,flat
GILLETTE.NS,2021-12-31,2022-01-19,0.0,-0.04298,-0.03755,flat
GILLETTE.NS,2022-03-31,2022-04-21,0.0,-0.14574,-0.14714,flat
GILLETTE.NS,2022-06-30,2022-07-19,0.0,0.08049,-0.12756,flat
GILLETTE.NS,2022-09-30,2022-10-24,0.0,0.19726,0.09183,flat
GILLETTE.NS,2022-12-31,2023-01-18,0.0,0.3688,0.1032,flat
GILLETTE.NS,2023-03-31,2023-04-18,0.0,0.46488,0.06598,flat
GILLETTE.NS,2023-06-30,2023-07-20,0.0,0.43849,0.0592,flat
GILLETTE.NS,2023-09-30,2023-10-20,0.0,0.61055,0.29208,flat
GILLETTE.NS,2023-12-31,2024-01-23,0.0,0.35412,0.24524,flat
GILLETTE.NS,2024-03-31,2024-04-16,0.0,0.30591,0.21985,flat
GILLETTE.NS,2024-06-30,2024-07-16,0.0,0.43488,0.42737,flat
GILLETTE.NS,2024-09-30,2024-10-21,0.0,0.0767,0.05187,flat
GILLETTE.NS,2024-12-31,2025-01-15,0.0,-0.13317,-0.19275,flat
GILLETTE.NS,2025-03-31,2025-04-17,0.0,0.07531,0.02274,flat
GLAND.NS,2021-12-31,2022-01-14,-0.02,-0.62521,-0.60546,flat
GLAND.NS,2022-03-31,2022-04-18,0.0,-0.59049,-0.59077,flat
GLAND.NS,2022-06-30,2022-07-15,-0.13,-0.49749,-0.72047,flat
GLAND.NS,2022-09-30,2022-10-19,-0.01,-0.29738,-0.39605,flat
GLAND.NS,2022-12-31,2023-01-12,0.0,0.25818,0.00118,flat
GLAND.NS,2023-03-31,2023-04-17,0.0,0.40618,0.00605,flat
GLAND.NS,2023-06-30,2023-07-18,0.0,0.77286,0.38353,flat
GLAND.NS,2023-09-30,2023-10-19,0.0,0.03145,-0.28277,flat
GLAND.NS,2023-12-31,2024-01-15,0.0,-0.16617,-0.24927,flat
GLAND.NS,2024-03-31,2024-04-16,0.0,-0.15381,-0.23987,flat
GLAND.NS,2024-06-30,2024-07-16,-6.03,-0.00806,-0.01556,sold
GLAND.NS,2024-09-30,2024-10-18,0.0,0.1875,0.177,flat
GLAND.NS,2024-12-31,2025-01-21,0.0,0.02787,-0.04906,flat
GLAND.NS,2025-03-31,2025-04-16,0.0,0.19885,0.14439,flat
GLAXO.NS,2021-12-31,2022-01-10,0.0,-0.21379,-0.20414,flat
GLAXO.NS,2022-03-31,2022-04-12,0.0,-0.20159,-0.18161,flat
GLAXO.NS,2022-06-30,2022-07-11,0.0,-0.03594,-0.2509,flat
GLAXO.NS,2022-09-30,2022-10-20,0.0,0.07617,-0.03324,flat
GLAXO.NS,2022-12-31,2023-01-13,0.0,0.72085,0.45336,flat
GLAXO.NS,2023-03-31,2023-04-12,0.0,0.57152,0.18929,flat
GLAXO.NS,2023-06-30,2023-07-17,0.0,0.95749,0.57093,flat
GLAXO.NS,2023-09-30,2023-10-10,0.0,0.7297,0.38527,flat
GLAXO.NS,2023-12-31,2024-01-09,0.0,0.00568,-0.10844,flat
GLAXO.NS,2024-03-31,2024-04-05,0.0,0.51054,0.4833,flat
GLAXO.NS,2024-06-30,2024-07-08,0.0,0.30806,0.2945,flat
GLAXO.NS,2024-09-30,2024-10-07,0.0,0.07771,0.071,flat
GLAXO.NS,2024-12-31,2025-01-15,0.0,0.13009,0.07051,flat
GLAXO.NS,2025-03-31,2025-04-21,0.0,-0.13276,-0.16729,flat
GLENMARK.NS,2021-09-30,2021-10-22,0.02,-0.18425,-0.17399,flat
GLENMARK.NS,2021-12-31,2022-01-20,0.0,-0.19286,-0.18055,flat
GLENMARK.NS,2022-03-31,2022-04-18,0.0,0.11164,0.11137,flat
GLENMARK.NS,2022-06-30,2022-07-19,0.0,1.11387,0.90583,flat
GLENMARK.NS,2022-09-30,2022-10-24,0.0,0.88474,0.77931,flat
GLENMARK.NS,2022-12-31,2023-01-23,0.0,1.12155,0.82891,flat
GLENMARK.NS,2023-03-31,2023-04-19,0.0,1.09812,0.68516,flat
GLENMARK.NS,2023-06-30,2023-07-20,0.0,0.94682,0.56753,flat
GLENMARK.NS,2023-09-30,2023-10-18,0.0,1.0974,0.78311,flat
GLENMARK.NS,2023-12-31,2024-01-12,0.0,0.73025,0.64664,flat
GLENMARK.NS,2024-03-31,2024-04-18,-0.01,0.30798,0.23302,flat
GLENMARK.NS,2024-06-30,2024-07-19,0.01,0.51588,0.49073,flat
GLENMARK.NS,2024-09-30,2024-10-21,0.0,0.05845,0.03362,flat
GLENMARK.NS,2024-12-31,2025-01-21,0.0,0.3327,0.25577,flat
GLENMARK.NS,2025-03-31,2025-04-17,0.0,0.7363,0.68372,flat
GMDCLTD.NS,2021-12-31,2022-01-14,0.0,0.47607,0.49582,flat
GMDCLTD.NS,2022-03-31,2022-04-11,0.0,-0.3386,-0.30802,flat
GMDCLTD.NS,2022-06-30,2022-07-11,0.0,0.23508,0.02011,flat
GMDCLTD.NS,2022-09-30,2022-10-20,0.0,1.73142,1.62201,flat
GMDCLTD.NS,2022-12-31,2023-01-13,0.0,2.02631,1.75883,flat
GMDCLTD.NS,2023-03-31,2023-04-21,0.0,2.30093,1.88089,flat
GMDCLTD.NS,2023-06-30,2023-07-17,0.0,1.31408,0.92752,flat
GMDCLTD.NS,2023-09-30,2023-10-16,0.0,-0.15218,-0.44575,flat
GMDCLTD.NS,2023-12-31,2024-01-10,0.0,-0.30555,-0.42293,flat
GMDCLTD.NS,2024-03-31,2024-04-15,0.0,-0.14543,-0.23132,flat
GMDCLTD.NS,2024-06-30,2024-07-22,0.0,0.1768,0.16117,flat
GMDCLTD.NS,2024-09-30,2024-10-09,0.0,0.8265,0.8441,flat
GMDCLTD.NS,2024-12-31,2025-01-14,0.0,0.88356,0.81533,flat
GMDCLTD.NS,2025-03-31,2025-04-15,0.0,1.42397,1.352,flat
GMMPFAUDLR.NS,2021-12-31,2022-01-14,0.0,-0.0754,-0.05565,flat
GMMPFAUDLR.NS,2022-03-31,2022-04-13,0.0,-0.10421,-0.08496,flat
GMMPFAUDLR.NS,2022-06-30,2022-07-13,0.0,0.00327,-0.23828,flat
GMMPFAUDLR.NS,2022-07-14,2022-07-18,0.0,-0.00301,-0.21128,flat
GMMPFAUDLR.NS,2022-09-29,2022-10-10,1.11,-0.04118,-0.20447,bought
GMMPFAUDLR.NS,2022-09-30,2022-10-24,0.0,-0.05283,-0.15826,flat
GMMPFAUDLR.NS,2022-12-31,2023-01-12,-17.32,-0.03105,-0.28805,sold
GMMPFAUDLR.NS,2023-03-31,2023-04-19,0.0,-0.05557,-0.46853,flat
GMMPFAUDLR.NS,2023-06-30,2023-07-12,0.0,-0.03772,-0.41512,flat
GMMPFAUDLR.NS,2023-08-18,2023-08-29,-13.56,-0.07529,-0.47206,sold
GMMPFAUDLR.NS,2023-09-30,2023-10-09,0.0,-0.19523,-0.56381,flat
GMMPFAUDLR.NS,2023-12-13,2023-12-21,0.0,-0.26543,-0.4467,flat
GMMPFAUDLR.NS,2023-12-31,2024-01-15,0.0,-0.22875,-0.31185,flat
GMMPFAUDLR.NS,2024-03-31,2024-04-12,0.0,-0.22458,-0.28916,flat
GMMPFAUDLR.NS,2024-04-02,2024-04-12,0.0,-0.22458,-0.28916,flat
GMMPFAUDLR.NS,2024-06-30,2024-07-11,0.0,-0.07253,-0.09284,flat
GMMPFAUDLR.NS,2024-09-30,2024-10-15,0.0,-0.1971,-0.19627,flat
GMMPFAUDLR.NS,2024-12-31,2025-01-20,0.0,-0.18376,-0.23008,flat
GMMPFAUDLR.NS,2025-03-31,2025-04-17,0.0,-0.16899,-0.22157,flat
GMRAIRPORT.NS,2021-12-31,2022-01-21,-0.67,-0.12648,-0.10632,sold
GMRAIRPORT.NS,2022-03-31,2022-04-22,-0.93,0.21733,0.19553,sold
GMRAIRPORT.NS,2022-06-30,2022-07-22,0.0,0.46241,0.27252,flat
GMRAIRPORT.NS,2022-09-30,2022-10-24,0.0,0.56447,0.45904,flat
GMRAIRPORT.NS,2022-12-31,2023-01-20,0.0,0.98744,0.69883,flat
GMRAIRPORT.NS,2023-03-31,2023-04-24,0.1,0.91928,0.51544,flat
GMRAIRPORT.NS,2023-06-30,2023-07-24,0.07,0.98925,0.65262,flat
GMRAIRPORT.NS,2023-09-30,2023-10-23,0.0,0.47311,0.1217,flat
GMRAIRPORT.NS,2023-12-31,2024-01-23,0.0,-0.05695,-0.16583,flat
GMRAIRPORT.NS,2024-03-31,2024-04-22,0.0,0.10302,0.02829,flat
GMRAIRPORT.NS,2024-06-30,2024-07-22,0.0,-0.02309,-0.03871,flat
GMRAIRPORT.NS,2024-07-10,2024-07-22,-9.19,-0.02309,-0.03871,sold
GMRAIRPORT.NS,2024-07-25,2024-08-05,16.19,-0.02022,-0.02694,bought
GMRAIRPORT.NS,2024-09-30,2024-10-22,0.0,0.153,0.10926,flat
GMRAIRPORT.NS,2024-12-31,2025-01-22,0.0,0.29049,0.20925,flat
GMRAIRPORT.NS,2025-03-31,2025-04-21,0.17,0.12807,0.09354,flat
GNFC.NS,2021-12-31,2022-01-13,0.0,0.18279,0.19899,flat
GNFC.NS,2022-03-31,2022-04-13,0.0,-0.38413,-0.36488,flat
GNFC.NS,2022-06-30,2022-07-12,0.0,-0.02222,-0.2526,flat
GNFC.NS,2022-09-30,2022-10-20,0.0,-0.04137,-0.15078,flat
GNFC.NS,2022-12-31,2023-01-11,0.0,0.34429,0.06293,flat
GNFC.NS,2023-03-31,2023-04-10,0.0,0.33805,-0.04021,flat
GNFC.NS,2023-06-30,2023-07-18,0.0,0.2497,-0.13964,flat
GNFC.NS,2023-09-30,2023-10-20,0.0,-0.02583,-0.34431,flat
GNFC.NS,2023-12-31,2024-01-10,0.12,-0.25588,-0.37327,flat
GNFC.NS,2024-03-31,2024-04-12,0.0,-0.24661,-0.31118,flat
GNFC.NS,2024-06-30,2024-07-11,0.0,-0.18098,-0.20129,flat
GNFC.NS,2024-09-30,2024-10-09,0.0,-0.21616,-0.19855,flat
GNFC.NS,2024-12-31,2025-01-14,0.0,-0.11364,-0.18187,flat
GNFC.NS,2025-03-31,2025-04-11,0.0,0.05122,-0.05665,flat
GOCOLORS.NS,2021-12-31,2022-01-20,0.0,0.01988,0.03219,flat
GOCOLORS.NS,2022-03-31,2022-04-20,0.0,0.01781,0.0081,flat
GOCOLORS.NS,2022-06-30,2022-07-19,0.0,0.17135,-0.03669,flat
GOCOLORS.NS,2022-09-30,2022-10-21,0.0,-0.07928,-0.19499,flat
GOCOLORS.NS,2022-12-31,2023-01-23,0.0,-0.05945,-0.35209,flat
GOCOLORS.NS,2023-03-31,2023-04-20,0.0,0.085,-0.32783,flat
GOCOLORS.NS,2023-06-30,2023-07-21,0.0,-0.0167,-0.39265,flat
GOCOLORS.NS,2023-09-30,2023-10-12,0.0,-0.06157,-0.37279,flat
GOCOLORS.NS,2023-12-31,2024-01-12,0.0,-0.19623,-0.27984,flat
GOCOLORS.NS,2024-03-31,2024-04-18,0.0,-0.36485,-0.4398,flat
GOCOLORS.NS,2024-06-30,2024-07-18,0.0,-0.17506,-0.17983,flat
GOCOLORS.NS,2024-09-30,2024-10-21,0.0,-0.4476,-0.47243,flat
GOCOLORS.NS,2024-12-31,2025-01-20,0.0,-0.58493,-0.63125,flat
GOCOLORS.NS,2025-03-31,2025-04-17,0.0,-0.58112,-0.63369,flat
GODFRYPHLP.NS,2021-12-31,2022-01-18,0.0,0.72029,0.7312,flat
GODFRYPHLP.NS,2022-03-31,2022-04-18,0.0,0.35145,0.35118,flat
GODFRYPHLP.NS,2022-06-30,2022-07-18,0.0,0.60785,0.39958,flat
GODFRYPHLP.NS,2022-09-30,2022-10-24,0.0,0.59278,0.48735,flat
GODFRYPHLP.NS,2022-12-31,2023-01-19,-0.25,0.29428,0.01008,flat
GODFRYPHLP.NS,2023-03-31,2023-04-19,0.0,0.98014,0.56718,flat
GODFRYPHLP.NS,2023-06-30,2023-07-19,0.0,1.64163,1.25367,flat
GODFRYPHLP.NS,2023-09-30,2023-10-13,0.0,1.95882,1.64845,flat
GODFRYPHLP.NS,2023-12-31,2024-01-16,0.0,1.07198,0.99676,flat
GODFRYPHLP.NS,2024-03-31,2024-04-19,0.0,1.69945,1.61524,flat
GODFRYPHLP.NS,2024-06-30,2024-07-18,0.0,1.22904,1.22426,flat
GODFRYPHLP.NS,2024-09-30,2024-10-21,0.0,0.4408,0.41597,flat
GODFRYPHLP.NS,2024-12-31,2025-01-17,0.0,0.38198,0.33466,flat
GODFRYPHLP.NS,2025-03-31,2025-04-17,0.0,-0.15987,-0.21244,flat
GODIGIT.NS,2024-06-30,2024-07-22,0.0,0.04201,0.02639,flat
GODIGIT.NS,2024-09-30,2024-10-22,-0.3,0.03873,-0.00502,flat
GODIGIT.NS,2024-12-31,2025-01-22,-0.1,0.12537,0.04413,flat
GODIGIT.NS,2025-03-31,2025-04-22,-0.06,0.05191,0.01633,flat
GODREJAGRO.NS,2021-12-31,2022-01-24,0.0,-0.08662,-0.09628,flat
GODREJAGRO.NS,2022-03-31,2022-04-21,0.0,-0.11165,-0.11305,flat
GODREJAGRO.NS,2022-06-30,2022-07-22,2.06,-0.0146,-0.20449,bought
GODREJAGRO.NS,2022-09-30,2022-10-24,0.37,-0.07817,-0.1836,flat
GODREJAGRO.NS,2022-12-31,2023-01-23,0.0,0.20691,-0.08573,flat
GODREJAGRO.NS,2023-03-31,2023-04-17,0.0,0.27806,-0.12206,flat
GODREJAGRO.NS,2023-06-30,2023-07-24,-0.02,0.70096,0.36433,flat
GODREJAGRO.NS,2023-09-30,2023-10-23,0.0,0.57315,0.22174,flat
GODREJAGRO.NS,2023-12-31,2024-01-23,0.0,0.36618,0.25731,flat
GODREJAGRO.NS,2024-03-31,2024-04-19,0.0,0.44833,0.36412,flat
GODREJAGRO.NS,2024-06-30,2024-07-22,-0.02,0.03846,0.02283,flat
GODREJAGRO.NS,2024-09-30,2024-10-18,0.0,-0.12868,-0.13917,flat
GODREJAGRO.NS,2024-12-31,2025-01-22,-6.47,-0.26424,-0.34548,sold
GODREJAGRO.NS,2025-03-31,2025-04-22,0.0,-0.21835,-0.25393,flat
GODREJCP.NS,2021-12-31,2022-01-19,0.0,-0.00869,-0.00327,flat
GODREJCP.NS,2022-03-31,2022-04-22,0.0,0.13857,0.11677,flat
GODREJCP.NS,2022-06-30,2022-07-21,0.0,0.18151,-0.00603,flat
GODREJCP.NS,2022-09-30,2022-10-19,0.0,0.16591,0.06724,flat
GODREJCP.NS,2022-12-31,2023-01-20,-0.01,0.35216,0.06356,flat
GODREJCP.NS,2023-03-31,2023-04-21,0.0,0.25554,-0.16451,flat
GODREJCP.NS,2023-06-30,2023-07-24,0.0,0.42845,0.09182,flat
GODREJCP.NS,2023-09-30,2023-10-23,0.0,0.32618,-0.02523,flat
GODREJCP.NS,2023-12-31,2024-01-18,0.0,0.03531,-0.04247,flat
GODREJCP.NS,2024-03-31,2024-04-22,0.0,0.08578,0.01105,flat
GODREJCP.NS,2024-06-30,2024-07-19,-0.2,-0.13777,-0.16292,flat
GODREJCP.NS,2024-09-30,2024-10-17,-0.01,-0.14592,-0.16213,flat
GODREJCP.NS,2024-12-31,2025-01-16,-9.96,0.10204,0.04244,sold
GODREJCP.NS,2025-03-31,2025-04-21,0.03,-0.08483,-0.11936,flat
GODREJIND.NS,2021-12-31,2022-01-21,0.0,-0.31688,-0.29672,flat
GODREJIND.NS,2022-03-31,2022-04-21,0.0,-0.11432,-0.11572,flat
GODREJIND.NS,2022-06-30,2022-07-18,0.0,0.05622,-0.15205,flat
GODREJIND.NS,2022-09-30,2022-10-21,-0.01,0.45259,0.33688,flat
GODREJIND.NS,2022-12-31,2023-01-23,0.0,1.00252,0.70988,flat
GODREJIND.NS,2023-03-31,2023-04-20,0.0,1.19165,0.77881,flat
GODREJIND.NS,2023-06-30,2023-07-21,0.0,0.93399,0.55804,flat
GODREJIND.NS,2023-09-30,2023-10-23,-0.01,0.68612,0.33471,flat
GODREJIND.NS,2023-12-31,2024-01-23,0.0,0.06504,-0.04383,flat
GODREJIND.NS,2024-03-31,2024-04-22,0.0,0.30785,0.23312,flat
GODREJIND.NS,2024-06-30,2024-07-19,0.0,0.28216,0.25701,flat
GODREJIND.NS,2024-09-30,2024-10-21,0.53,0.08032,0.05549,bought
GODREJIND.NS,2024-12-31,2025-01-17,-1.96,0.04919,0.00187,sold
GODREJIND.NS,2025-03-31,2025-04-21,3.92,-0.12337,-0.1579,bought
GODREJPROP.NS,2019-06-29,2019-07-02,-6.38,-0.06888,0.02457,sold
GODREJPROP.NS,2019-06-30,2019-07-18,0.0,-0.09629,-0.05821,flat
GODREJPROP.NS,2019-09-30,2019-10-22,0.0,0.08341,0.04826,flat
GODREJPROP.NS,2019-12-31,2020-01-17,0.0,0.43643,0.24276,flat
GODREJPROP.NS,2020-03-31,2020-04-27,0.0,1.09006,0.44186,flat
GODREJPROP.NS,2020-06-30,2020-07-20,-0.01,0.77172,0.25029,flat
GODREJPROP.NS,2020-09-30,2020-10-21,0.0,1.28766,0.7006,flat
GODREJPROP.NS,2020-12-31,2021-01-21,0.0,0.18668,-0.03863,flat
GODREJPROP.NS,2021-03-16,2021-03-17,-6.0,0.12933,-0.06381,sold
GODREJPROP.NS,2021-09-30,2021-10-22,-0.01,-0.46995,-0.45968,flat
GODREJPROP.NS,2021-12-31,2022-01-21,0.0,-0.34044,-0.32028,flat
GODREJPROP.NS,2022-03-31,2022-04-19,0.0,-0.17526,-0.19082,flat
GODREJPROP.NS,2022-06-30,2022-07-20,0.0,0.20827,0.01379,flat
GODREJPROP.NS,2022-09-30,2022-10-19,0.05,0.2968,0.19813,flat
GODREJPROP.NS,2022-12-31,2023-01-23,0.0,0.92735,0.63471,flat
GODREJPROP.NS,2023-03-31,2023-04-18,0.0,1.01553,0.61663,flat
GODREJPROP.NS,2023-06-30,2023-07-18,0.0,0.9787,0.58936,flat
GODREJPROP.NS,2023-09-30,2023-10-20,0.0,0.74338,0.4249,flat
GODREJPROP.NS,2023-12-31,2024-01-17,0.0,-0.09623,-0.16927,flat
GODREJPROP.NS,2024-03-31,2024-04-19,0.0,-0.15175,-0.23596,flat
GODREJPROP.NS,2024-06-30,2024-07-19,0.0,-0.28396,-0.30911,flat
GODREJPROP.NS,2024-09-30,2024-10-16,0.0,-0.28947,-0.2931,flat
GODREJPROP.NS,2024-12-03,2024-12-04,-12.0,-0.29558,-0.31362,sold
GODREJPROP.NS,2024-12-31,2025-01-21,0.02,-0.34472,-0.42165,flat
GODREJPROP.NS,2025-03-31,2025-04-21,0.17,-0.10764,-0.14217,flat
GPIL.NS,2021-10-30,2021-11-09,0.0,-0.13948,-0.14925,flat
GPIL.NS,2021-12-31,2022-01-11,0.0,0.51567,0.53016,flat
GPIL.NS,2022-03-31,2022-04-18,0.0,-0.22963,-0.2299,flat
GPIL.NS,2022-06-30,2022-07-18,0.0,1.02979,0.82152,flat
GPIL.NS,2022-09-30,2022-10-21,0.0,1.28913,1.17342,flat
GPIL.NS,2022-12-31,2023-01-16,0.0,-0.62315,-0.89021,flat
GPIL.NS,2023-03-31,2023-04-18,0.0,-0.52211,-0.92101,flat
GPIL.NS,2023-04-28,2023-05-04,0.18,-0.52212,-0.86474,flat
GPIL.NS,2023-06-30,2023-07-20,0.0,-0.58587,-0.96516,flat
GPIL.NS,2023-09-30,2023-10-16,-4.42,-0.71659,-1.01016,sold
GPIL.NS,2023-12-31,2024-01-12,0.0,0.20225,0.11864,flat
GPIL.NS,2024-03-31,2024-04-15,0.0,0.23714,0.15126,flat
GPIL.NS,2024-06-30,2024-07-10,0.0,-0.17349,-0.19401,flat
GPIL.NS,2024-09-30,2024-10-21,0.23,0.40408,0.37925,flat
GPIL.NS,2024-12-31,2025-01-22,0.02,0.4113,0.33006,flat
GPIL.NS,2025-03-31,2025-04-21,0.0,0.58998,0.55545,flat
GPPL.NS,2021-12-31,2022-01-14,0.0,0.02952,0.04927,flat
GPPL.NS,2022-03-31,2022-04-19,0.0,0.35821,0.34265,flat
GPPL.NS,2022-06-30,2022-07-14,0.0,0.62467,0.39102,flat
GPPL.NS,2022-09-30,2022-10-18,0.0,0.46293,0.34974,flat
GPPL.NS,2022-12-31,2023-01-16,0.0,0.82208,0.55501,flat
GPPL.NS,2023-03-31,2023-04-17,0.0,1.09754,0.69742,flat
GPPL.NS,2023-06-30,2023-07-18,0.0,1.0321,0.64276,flat
GPPL.NS,2023-09-30,2023-10-23,0.0,0.69408,0.34267,flat
GPPL.NS,2023-12-31,2024-01-16,0.0,-0.04894,-0.12415,flat
GPPL.NS,2024-03-31,2024-04-18,0.0,-0.28016,-0.35512,flat
GPPL.NS,2024-06-30,2024-07-18,0.0,-0.23226,-0.23704,flat
GPPL.NS,2024-09-30,2024-10-17,0.0,-0.19795,-0.21416,flat
GPPL.NS,2024-12-31,2025-01-20,0.0,0.01525,-0.03107,flat
GPPL.NS,2025-03-31,2025-04-21,0.0,0.099,0.06447,flat
GRANULES.NS,2021-12-31,2022-01-10,-0.06,-0.02254,-0.0129,flat
GRANULES.NS,2022-03-31,2022-04-06,0.0,-0.0613,-0.03692,flat
GRANULES.NS,2022-06-30,2022-07-15,0.0,0.01333,-0.20965,flat
GRANULES.NS,2022-09-30,2022-10-14,-0.05,0.01017,-0.1514,flat
GRANULES.NS,2022-10-19,2022-10-27,0.09,-0.0701,-0.17811,flat
GRANULES.NS,2022-12-31,2023-01-06,0.0,0.34538,0.04709,flat
GRANULES.NS,2023-03-31,2023-04-10,0.0,0.38044,0.00219,flat
GRANULES.NS,2023-06-30,2023-07-12,0.0,0.74978,0.37237,flat
GRANULES.NS,2023-09-30,2023-10-13,-0.06,0.57942,0.26905,flat
GRANULES.NS,2023-12-31,2024-01-10,0.0,0.48334,0.36595,flat
GRANULES.NS,2024-03-31,2024-04-16,0.0,0.14568,0.05961,flat
GRANULES.NS,2024-06-30,2024-07-10,-3.09,-0.0487,-0.06922,sold
GRANULES.NS,2024-09-30,2024-10-14,0.0,-0.06161,-0.05617,flat
GRANULES.NS,2024-12-31,2025-01-13,-0.02,0.01365,-0.08663,flat
GRANULES.NS,2025-03-31,2025-04-08,-0.01,0.4999,0.38345,flat
GRAPHITE.NS,2021-12-31,2022-01-13,0.0,-0.31986,-0.30366,flat
GRAPHITE.NS,2022-03-31,2022-04-20,0.0,-0.46363,-0.47334,flat
GRAPHITE.NS,2022-06-30,2022-07-21,0.0,0.06207,-0.12548,flat
GRAPHITE.NS,2022-09-30,2022-10-24,0.0,0.32313,0.2177,flat
GRAPHITE.NS,2022-12-31,2023-01-23,0.0,0.54342,0.25078,flat
GRAPHITE.NS,2023-03-31,2023-04-20,0.0,1.41374,1.0009,flat
GRAPHITE.NS,2023-06-30,2023-07-24,0.0,0.21082,-0.12581,flat
GRAPHITE.NS,2023-09-30,2023-10-18,0.0,0.0663,-0.24799,flat
GRAPHITE.NS,2023-12-31,2024-01-19,0.0,-0.11342,-0.19702,flat
GRAPHITE.NS,2024-03-31,2024-04-22,0.0,-0.30711,-0.38184,flat
GRAPHITE.NS,2024-06-30,2024-07-19,0.0,0.10435,0.0792,flat
GRAPHITE.NS,2024-09-30,2024-10-21,0.0,0.03923,0.0144,flat
GRAPHITE.NS,2024-12-31,2025-01-27,0.0,0.31846,0.19721,flat
GRAPHITE.NS,2025-03-31,2025-04-17,0.0,0.55538,0.50281,flat
GRASIM.NS,2021-12-31,2022-01-20,0.28,-0.12414,-0.11182,flat
GRASIM.NS,2022-03-31,2022-04-20,0.22,-0.01545,-0.02516,flat
GRASIM.NS,2022-06-30,2022-07-19,0.0,0.28317,0.07513,flat
GRASIM.NS,2022-09-30,2022-10-21,-0.01,0.12646,0.01075,flat
GRASIM.NS,2022-12-31,2023-01-23,0.0,0.32395,0.03131,flat
GRASIM.NS,2023-03-31,2023-04-20,0.0,0.44273,0.0299,flat
GRASIM.NS,2023-06-30,2023-07-21,0.0,0.51418,0.13823,flat
GRASIM.NS,2023-09-30,2023-10-18,0.0,0.38418,0.06989,flat
GRASIM.NS,2023-12-31,2024-01-19,0.0,0.18349,0.09989,flat
GRASIM.NS,2024-02-02,2024-02-12,0.31,0.1518,0.10214,flat
GRASIM.NS,2024-03-31,2024-04-22,0.0,0.20859,0.13386,flat
GRASIM.NS,2024-06-30,2024-07-19,0.0,-0.00856,-0.03371,flat
GRASIM.NS,2024-09-30,2024-10-18,0.05,0.03285,0.02236,flat
GRASIM.NS,2024-12-31,2025-01-21,0.0,0.20356,0.12663,flat
GRASIM.NS,2025-03-31,2025-04-17,0.0,0.01,-0.04257,flat
GRAVITA.NS,2021-12-31,2022-01-20,0.0,0.59958,0.61189,flat
GRAVITA.NS,2022-03-31,2022-04-18,0.0,0.65229,0.65202,flat
GRAVITA.NS,2022-06-30,2022-07-13,0.0,1.64657,1.40503,flat
GRAVITA.NS,2022-09-30,2022-10-20,0.0,1.65164,1.54223,flat
GRAVITA.NS,2022-12-31,2023-01-18,0.0,0.87847,0.61287,flat
GRAVITA.NS,2023-03-31,2023-04-24,0.0,0.87758,0.47374,flat
GRAVITA.NS,2023-06-30,2023-07-21,-6.52,1.57011,1.19417,sold
GRAVITA.NS,2023-09-30,2023-10-23,0.0,1.345,0.99359,flat
GRAVITA.NS,2023-12-31,2024-01-15,0.0,1.06353,0.98043,flat
GRAVITA.NS,2024-03-31,2024-04-15,0.0,0.99835,0.91246,flat
GRAVITA.NS,2024-06-30,2024-07-18,-3.11,0.23902,0.23425,sold
GRAVITA.NS,2024-09-30,2024-10-17,0.0,-0.35885,-0.37506,flat
GRAVITA.NS,2024-12-19,2024-12-27,-4.1,-0.17443,-0.23798,sold
GRAVITA.NS,2024-12-31,2025-01-20,0.0,-0.33686,-0.38319,flat
GRAVITA.NS,2025-03-31,2025-04-22,0.0,-0.16224,-0.19782,flat
GREAVESCOT.NS,2021-12-31,2022-01-12,-0.01,-0.34902,-0.33167,flat
GREAVESCOT.NS,2022-03-31,2022-04-18,-0.07,-0.33839,-0.33867,flat
GREAVESCOT.NS,2022-06-30,2022-07-12,-0.01,-0.12898,-0.35937,flat
GREAVESCOT.NS,2022-09-30,2022-10-19,0.0,-0.17544,-0.27411,flat
GREAVESCOT.NS,2022-12-31,2023-01-12,0.0,0.15651,-0.10049,flat
GREAVESCOT.NS,2023-03-31,2023-04-17,0.2,0.01968,-0.38045,flat
GREAVESCOT.NS,2023-06-30,2023-07-12,0.13,0.16217,-0.21523,flat
GREAVESCOT.NS,2023-09-30,2023-10-13,0.13,0.33776,0.02738,flat
GREAVESCOT.NS,2023-12-31,2024-01-12,0.0,0.57734,0.49373,flat
GREAVESCOT.NS,2024-03-31,2024-04-18,0.0,0.48379,0.40884,flat
GREAVESCOT.NS,2024-06-30,2024-07-18,-0.12,0.30014,0.29536,flat
GREAVESCOT.NS,2024-09-30,2024-10-14,0.0,0.11633,0.12177,flat
GREAVESCOT.NS,2024-12-31,2025-01-21,0.0,-0.32338,-0.40031,flat
GREAVESCOT.NS,2025-03-31,2025-04-15,0.0,-0.1597,-0.23167,flat
GREENPANEL.NS,2021-12-31,2022-01-18,0.0,-0.29207,-0.28116,flat
GREENPANEL.NS,2022-03-31,2022-04-20,0.0,-0.48555,-0.49525,flat
GREENPANEL.NS,2022-06-30,2022-07-20,0.0,-0.28906,-0.48355,flat
GREENPANEL.NS,2022-09-30,2022-10-24,0.0,-0.06189,-0.16732,flat
GREENPANEL.NS,2022-12-31,2023-01-23,0.0,0.21213,-0.08051,flat
GREENPANEL.NS,2023-03-31,2023-04-18,0.0,0.16235,-0.23655,flat
GREENPANEL.NS,2023-06-30,2023-07-24,0.0,-0.05139,-0.38802,flat
GREENPANEL.NS,2023-09-30,2023-10-18,0.03,-0.02041,-0.3347,flat
GREENPANEL.NS,2023-12-31,2024-01-23,0.0,-0.12698,-0.23585,flat
GREENPANEL.NS,2024-03-31,2024-04-12,0.0,-0.23436,-0.29894,flat
GREENPANEL.NS,2024-06-30,2024-07-16,0.0,-0.10312,-0.11062,flat
GREENPANEL.NS,2024-09-30,2024-10-22,0.0,-0.21047,-0.25422,flat
GREENPANEL.NS,2024-12-31,2025-01-22,0.0,-0.33985,-0.42109,flat
GREENPANEL.NS,2025-03-31,2025-04-22,0.0,-0.09689,-0.13247,flat
GRINDWELL.NS,2021-12-31,2022-01-11,0.0,0.02777,0.04226,flat
GRINDWELL.NS,2022-03-31,2022-04-18,0.0,0.06618,0.06591,flat
GRINDWELL.NS,2022-06-30,2022-07-14,0.0,0.2889,0.05525,flat
GRINDWELL.NS,2022-09-30,2022-10-20,0.0,-0.00152,-0.11093,flat
GRINDWELL.NS,2022-12-31,2023-01-23,-0.05,0.19501,-0.09763,flat
GRINDWELL.NS,2023-03-31,2023-04-12,0.0,0.09357,-0.28866,flat
GRINDWELL.NS,2023-06-30,2023-07-18,0.0,0.24342,-0.14592,flat
GRINDWELL.NS,2023-09-30,2023-10-16,0.0,0.03681,-0.25676,flat
GRINDWELL.NS,2023-12-31,2024-01-15,0.0,-0.20469,-0.28779,flat
GRINDWELL.NS,2024-03-31,2024-04-18,0.0,-0.16924,-0.2442,flat
GRINDWELL.NS,2024-06-30,2024-07-10,0.0,-0.36983,-0.39035,flat
GRINDWELL.NS,2024-09-30,2024-10-11,0.0,-0.30213,-0.30012,flat
GRINDWELL.NS,2024-12-31,2025-01-14,0.0,-0.14463,-0.21285,flat
GRINDWELL.NS,2025-03-31,2025-04-15,0.0,-0.01914,-0.09111,flat
GRINFRA.NS,2021-12-31,2022-01-20,0.0,-0.33926,-0.32695,flat
GRINFRA.NS,2022-03-31,2022-04-18,0.0,-0.39076,-0.39103,flat
GRINFRA.NS,2022-06-30,2022-07-13,0.0,0.08013,-0.16141,flat
GRINFRA.NS,2022-09-30,2022-10-20,-6.8,-0.08721,-0.19662,sold
GRINFRA.NS,2022-12-31,2023-01-10,0.0,-0.03891,-0.30576,flat
GRINFRA.NS,2023-03-31,2023-04-12,0.0,0.35243,-0.0298,flat
GRINFRA.NS,2023-06-30,2023-07-13,0.0,0.27647,-0.1021,flat
GRINFRA.NS,2023-09-30,2023-10-17,0.0,0.29046,-0.00622,flat
GRINFRA.NS,2023-12-31,2024-01-10,0.0,0.18172,0.06433,flat
GRINFRA.NS,2024-03-31,2024-04-15,-5.0,-0.15722,-0.2431,sold
GRINFRA.NS,2024-06-30,2024-07-18,0.0,-0.2549,-0.25967,flat
GRINFRA.NS,2024-09-30,2024-10-17,-0.03,-0.24417,-0.26038,flat
GRINFRA.NS,2024-12-31,2025-01-16,-0.01,-0.3089,-0.3685,flat
GRINFRA.NS,2025-03-31,2025-04-17,0.0,-0.18789,-0.24046,flat
GRSE.NS,2021-12-31,2022-01-10,0.0,1.00981,1.01945,flat
GRSE.NS,2022-03-31,2022-04-11,0.0,0.71898,0.74956,flat
GRSE.NS,2022-06-30,2022-07-11,0.0,1.58382,1.36886,flat
GRSE.NS,2022-09-30,2022-10-18,0.0,0.51755,0.40436,flat
GRSE.NS,2022-12-31,2023-01-11,0.0,0.93192,0.65057,flat
GRSE.NS,2023-03-31,2023-04-10,0.0,0.92279,0.54453,flat
GRSE.NS,2023-06-30,2023-07-13,0.0,2.79593,2.41736,flat
GRSE.NS,2023-09-30,2023-10-13,0.0,1.00738,0.697,flat
GRSE.NS,2023-12-31,2024-01-11,0.0,0.76865,0.67424,flat
GRSE.NS,2024-03-31,2024-04-09,0.0,0.92382,0.88097,flat
GRSE.NS,2024-06-30,2024-07-10,0.0,0.08911,0.06859,flat
GRSE.NS,2024-09-30,2024-10-10,0.0,0.51496,0.52431,flat
GRSE.NS,2024-12-31,2025-01-10,0.0,0.66344,0.58608,flat
GRSE.NS,2025-03-31,2025-04-11,0.0,0.75691,0.64904,flat
GSFC.NS,2021-12-31,2022-01-07,0.0,0.16173,0.16623,flat
GSFC.NS,2022-03-31,2022-04-07,0.0,-0.24809,-0.22856,flat
GSFC.NS,2022-06-30,2022-07-08,0.0,0.29097,0.07085,flat
GSFC.NS,2022-09-30,2022-10-17,0.0,0.53509,0.40209,flat
GSFC.NS,2022-12-31,2023-01-09,0.0,1.06061,0.79929,flat
GSFC.NS,2023-03-31,2023-04-10,0.0,0.88905,0.51079,flat
GSFC.NS,2023-06-30,2023-07-21,0.0,0.49515,0.1192,flat
GSFC.NS,2023-09-30,2023-10-18,0.0,-0.00674,-0.32103,flat
GSFC.NS,2023-12-31,2024-01-08,0.0,-0.27711,-0.3954,flat
GSFC.NS,2024-03-31,2024-04-08,0.0,-0.19947,-0.22759,flat
GSFC.NS,2024-06-30,2024-07-15,0.0,-0.19198,-0.1948,flat
GSFC.NS,2024-09-30,2024-10-11,0.0,-0.07749,-0.07548,flat
GSFC.NS,2024-12-31,2025-01-09,0.0,-0.12197,-0.1868,flat
GSFC.NS,2025-03-31,2025-04-11,0.0,0.02179,-0.08608,flat
GUJALKALI.NS,2021-12-31,2022-01-14,0.0,0.02713,0.04688,flat
GUJALKALI.NS,2022-03-31,2022-04-18,0.0,-0.29877,-0.29904,flat
GUJALKALI.NS,2022-06-30,2022-07-14,0.0,-0.01695,-0.2506,flat
GUJALKALI.NS,2022-09-30,2022-10-20,0.0,-0.20505,-0.31446,flat
GUJALKALI.NS,2022-12-31,2023-01-20,0.0,0.14368,-0.14492,flat
GUJALKALI.NS,2023-03-31,2023-04-17,0.0,0.26557,-0.13456,flat
GUJALKALI.NS,2023-06-30,2023-07-17,0.0,0.20523,-0.18133,flat
GUJALKALI.NS,2023-09-30,2023-10-11,0.0,0.13577,-0.17485,flat
GUJALKALI.NS,2023-12-31,2024-01-15,0.0,-0.0639,-0.147,flat
GUJALKALI.NS,2024-03-31,2024-04-12,0.0,-0.17199,-0.23656,flat
GUJALKALI.NS,2024-06-30,2024-07-12,0.0,-0.22354,-0.23758,flat
GUJALKALI.NS,2024-09-30,2024-10-14,0.0,-0.36003,-0.35459,flat
GUJALKALI.NS,2024-12-31,2025-01-09,0.0,-0.32777,-0.3926,flat
GUJALKALI.NS,2025-03-31,2025-04-15,0.0,0.19789,0.12592,flat
GUJENERGY.NS,2021-12-31,2022-01-13,0.0,-0.36072,-0.34452,flat
GUJENERGY.NS,2022-03-31,2022-04-07,0.0,-0.08765,-0.06812,flat
GUJENERGY.NS,2022-06-30,2022-07-15,0.0,0.03352,-0.18946,flat
GUJENERGY.NS,2022-09-30,2022-10-21,0.0,-0.16875,-0.28446,flat
GUJENERGY.NS,2022-12-31,2023-01-23,0.0,0.27255,-0.02009,flat
GUJENERGY.NS,2023-03-31,2023-04-24,0.0,0.173,-0.23084,flat
GUJENERGY.NS,2023-06-30,2023-07-10,0.0,0.37211,-0.01384,flat
GUJENERGY.NS,2023-09-30,2023-10-23,0.0,0.29751,-0.05389,flat
GUJENERGY.NS,2023-12-31,2024-01-08,0.0,-0.02953,-0.14782,flat
GUJENERGY.NS,2024-03-31,2024-04-18,0.0,-0.17762,-0.25258,flat
GUJENERGY.NS,2024-06-30,2024-07-19,0.0,-0.22412,-0.24927,flat
GUJENERGY.NS,2024-09-30,2024-10-21,0.0,-0.23551,-0.26034,flat
GUJENERGY.NS,2024-12-31,2025-01-21,0.0,-0.1667,-0.24363,flat
GUJENERGY.NS,2025-03-31,2025-04-21,0.0,-0.12311,-0.15764,flat
GULFOILLUB.NS,2021-12-31,2022-01-13,0.0,-0.08648,-0.07028,flat
GULFOILLUB.NS,2022-03-31,2022-04-18,0.0,-0.07141,-0.07169,flat
GULFOILLUB.NS,2022-04-25,2022-05-04,0.21,0.00225,-0.07228,flat
GULFOILLUB.NS,2022-06-30,2022-07-22,-0.01,0.247,0.05711,flat
GULFOILLUB.NS,2022-09-30,2022-10-19,0.0,0.39468,0.29601,flat
GULFOILLUB.NS,2022-12-31,2023-01-18,0.0,1.00446,0.73886,flat
GULFOILLUB.NS,2023-03-31,2023-04-13,0.0,1.51,1.12373,flat
GULFOILLUB.NS,2023-06-30,2023-07-13,-0.02,1.67449,1.29592,flat
GULFOILLUB.NS,2023-09-30,2023-10-18,-0.06,1.03648,0.72219,flat
GULFOILLUB.NS,2023-12-31,2024-01-11,0.0,0.4963,0.40189,flat
GULFOILLUB.NS,2024-03-31,2024-04-04,-0.14,0.09303,0.08876,flat
GULFOILLUB.NS,2024-06-30,2024-07-10,-0.04,0.05809,0.03757,flat
GULFOILLUB.NS,2024-09-30,2024-10-10,-4.54,-0.02406,-0.0147,sold
GULFOILLUB.NS,2024-12-31,2025-01-22,-0.08,0.03666,-0.04458,flat
GULFOILLUB.NS,2025-03-31,2025-04-22,0.0,-0.14488,-0.18046,flat
GVPIL.NS,2021-12-31,2022-01-21,0.0,-0.468,-0.44784,flat
GVPIL.NS,2022-03-31,2022-04-22,0.0,-0.29018,-0.31198,flat
GVPIL.NS,2022-06-30,2022-07-22,0.0,0.11874,-0.07115,flat
GVPIL.NS,2022-09-30,2022-10-24,0.0,0.20711,0.10168,flat
GVPIL.NS,2022-12-31,2023-01-19,0.0,0.80211,0.51791,flat
GVPIL.NS,2023-03-31,2023-04-20,0.0,1.9379,1.52507,flat
GVPIL.NS,2023-06-30,2023-07-20,0.0,2.09689,1.71761,flat
GVPIL.NS,2023-09-30,2023-10-17,0.0,0.72993,0.43325,flat
GVPIL.NS,2023-12-31,2024-01-23,0.0,0.20296,0.09409,flat
GVPIL.NS,2024-03-31,2024-04-19,0.0,-0.21954,-0.30375,flat
GVPIL.NS,2024-06-30,2024-07-22,0.0,-0.38648,-0.40211,flat
GVPIL.NS,2024-09-30,2024-10-21,0.0,-0.17379,-0.19862,flat
GVPIL.NS,2024-12-31,2025-01-16,0.0,-0.11947,-0.17908,flat
GVPIL.NS,2025-03-31,2025-04-17,0.0,1.1396,1.08702,flat
HAL.NS,2021-12-31,2022-01-13,0.0,0.90305,0.91925,flat
HAL.NS,2022-03-31,2022-04-11,0.0,0.71202,0.7426,flat
HAL.NS,2022-06-30,2022-07-14,0.0,1.27071,1.03705,flat
HAL.NS,2022-09-30,2022-10-17,0.0,0.59017,0.45716,flat
HAL.NS,2022-12-31,2023-01-20,0.0,1.41514,1.12654,flat
HAL.NS,2023-03-31,2023-04-19,-3.5,1.87993,1.46697,sold
HAL.NS,2023-06-30,2023-07-12,-0.01,1.55125,1.17385,flat
HAL.NS,2023-09-30,2023-10-16,0.0,1.14318,0.84961,flat
HAL.NS,2023-12-31,2024-01-11,0.0,0.35468,0.26027,flat
HAL.NS,2024-03-31,2024-04-16,0.0,0.16682,0.08076,flat
HAL.NS,2024-06-30,2024-07-11,0.0,-0.11306,-0.13337,flat
HAL.NS,2024-09-30,2024-10-18,0.0,0.0753,0.06481,flat
HAL.NS,2024-12-31,2025-01-14,0.0,0.14972,0.08149,flat
HAL.NS,2025-03-31,2025-04-17,0.0,0.03326,-0.01932,flat
HAPPSTMNDS.NS,2021-12-31,2022-01-13,0.0,-0.33778,-0.32158,flat
HAPPSTMNDS.NS,2022-03-31,2022-04-13,0.01,-0.2657,-0.24645,flat
HAPPSTMNDS.NS,2022-06-30,2022-07-13,-0.01,0.13383,-0.10771,flat
HAPPSTMNDS.NS,2022-09-30,2022-10-20,0.0,-0.17165,-0.28106,flat
HAPPSTMNDS.NS,2022-12-31,2023-01-13,0.0,-0.0128,-0.28028,flat
HAPPSTMNDS.NS,2023-03-31,2023-04-17,-0.01,0.03056,-0.36957,flat
HAPPSTMNDS.NS,2023-06-30,2023-07-21,0.0,-0.13185,-0.50779,flat
HAPPSTMNDS.NS,2023-09-30,2023-10-16,-1.89,-0.09815,-0.39172,sold
HAPPSTMNDS.NS,2023-12-31,2024-01-15,-1.11,-0.23708,-0.32018,sold
HAPPSTMNDS.NS,2024-03-31,2024-04-18,0.0,-0.27103,-0.34599,flat
HAPPSTMNDS.NS,2024-06-30,2024-07-18,-6.02,-0.24148,-0.24625,sold
HAPPSTMNDS.NS,2024-09-30,2024-10-16,0.0,-0.36937,-0.373,flat
HAPPSTMNDS.NS,2024-12-31,2025-01-20,0.0,-0.43172,-0.47804,flat
HAPPSTMNDS.NS,2025-03-31,2025-04-21,-0.01,-0.35706,-0.39159,flat
HATHWAY.NS,2021-12-31,2022-01-07,0.0,-0.22197,-0.21748,flat
HATHWAY.NS,2022-03-31,2022-04-11,0.0,-0.38534,-0.35477,flat
HATHWAY.NS,2022-06-30,2022-07-18,0.0,-0.0697,-0.27797,flat
HATHWAY.NS,2022-09-30,2022-10-21,0.0,0.14511,0.0294,flat
HATHWAY.NS,2022-12-31,2023-01-16,0.0,0.39339,0.12633,flat
HATHWAY.NS,2023-03-31,2023-04-17,0.0,0.68679,0.28667,flat
HATHWAY.NS,2023-06-30,2023-07-17,0.0,0.51861,0.13205,flat
HATHWAY.NS,2023-09-30,2023-10-16,0.0,-0.09146,-0.38503,flat
HATHWAY.NS,2023-12-31,2024-01-16,0.0,-0.36352,-0.43874,flat
HATHWAY.NS,2024-03-31,2024-04-18,0.0,-0.36227,-0.43723,flat
HATHWAY.NS,2024-06-30,2024-07-16,0.0,-0.36291,-0.37041,flat
HATHWAY.NS,2024-09-30,2024-10-11,0.0,-0.31956,-0.31755,flat
HATHWAY.NS,2024-12-31,2025-01-10,0.0,-0.20855,-0.28591,flat
HATHWAY.NS,2025-03-31,2025-04-21,0.0,-0.21403,-0.24856,flat
HATSUN.NS,2021-12-31,2022-01-10,0.0,-0.25228,-0.24263,flat
HATSUN.NS,2022-03-31,2022-04-18,0.14,-0.2037,-0.20398,flat
HATSUN.NS,2022-06-30,2022-07-21,0.0,0.11739,-0.07016,flat
HATSUN.NS,2022-09-30,2022-10-21,-1.26,0.20211,0.0864,sold
HATSUN.NS,2022-12-31,2023-01-23,0.0,0.26512,-0.02752,flat
HATSUN.NS,2023-01-14,2023-02-06,0.11,0.27398,-0.06771,flat
HATSUN.NS,2023-03-31,2023-04-17,0.0,0.2956,-0.10453,flat
HATSUN.NS,2023-06-30,2023-07-17,0.0,0.2405,-0.14607,flat
HATSUN.NS,2023-09-30,2023-10-18,0.0,-0.08215,-0.39644,flat
HATSUN.NS,2023-12-31,2024-01-15,0.0,-0.19695,-0.28005,flat
HATSUN.NS,2024-03-31,2024-04-18,0.04,-0.06397,-0.13893,flat
HATSUN.NS,2024-06-30,2024-07-12,0.02,-0.1662,-0.18024,flat
HATSUN.NS,2024-09-30,2024-10-17,0.0,-0.21635,-0.23256,flat
HATSUN.NS,2024-12-31,2025-01-13,0.0,0.01947,-0.08081,flat
HATSUN.NS,2025-03-31,2025-04-21,0.0,0.02811,-0.00642,flat
HAVELLS.NS,2021-12-31,2022-01-10,0.0,-0.12885,-0.1192,flat
HAVELLS.NS,2022-03-31,2022-04-19,0.0,-0.04806,-0.06361,flat
HAVELLS.NS,2022-06-30,2022-07-15,-0.02,0.03885,-0.18414,flat
HAVELLS.NS,2022-09-30,2022-10-18,0.0,0.014,-0.09919,flat
HAVELLS.NS,2022-12-31,2023-01-10,0.0,0.1921,-0.07475,flat
HAVELLS.NS,2023-03-31,2023-04-13,0.0,0.32952,-0.05676,flat
HAVELLS.NS,2023-06-30,2023-07-14,-0.02,0.44359,0.05431,flat
HAVELLS.NS,2023-09-30,2023-10-12,0.0,0.26759,-0.04363,flat
HAVELLS.NS,2023-12-31,2024-01-16,0.0,0.07368,-0.00154,flat
HAVELLS.NS,2024-03-31,2024-04-16,0.0,0.08899,0.00293,flat
HAVELLS.NS,2024-06-30,2024-07-12,-0.02,-0.1918,-0.20584,flat
HAVELLS.NS,2024-09-30,2024-10-10,0.0,-0.23976,-0.23041,flat
HAVELLS.NS,2024-12-31,2025-01-21,0.0,-0.17605,-0.25298,flat
HAVELLS.NS,2025-03-31,2025-04-21,0.0,-0.22232,-0.25685,flat
HBLENGINE.NS,2021-12-31,2022-01-18,0.35,0.54131,0.55222,flat
HBLENGINE.NS,2022-03-31,2022-04-12,0.02,0.57276,0.59274,flat
HBLENGINE.NS,2022-06-30,2022-07-21,0.0,0.88634,0.69879,flat
HBLENGINE.NS,2022-09-30,2022-10-17,0.0,1.29348,1.16048,flat
HBLENGINE.NS,2022-12-31,2023-01-18,0.05,4.08992,3.82432,flat
HBLENGINE.NS,2023-03-31,2023-04-20,0.06,4.02581,3.61298,flat
HBLENGINE.NS,2023-06-30,2023-07-21,0.02,2.58791,2.21196,flat
HBLENGINE.NS,2023-09-30,2023-10-18,0.01,0.88211,0.56782,flat
HBLENGINE.NS,2023-12-31,2024-01-23,0.0,0.24162,0.13275,flat
HBLENGINE.NS,2024-03-31,2024-04-22,0.0,0.08543,0.0107,flat
HBLENGINE.NS,2024-06-30,2024-07-22,0.0,-0.05204,-0.06766,flat
HBLENGINE.NS,2024-09-30,2024-10-22,0.0,0.76128,0.71754,flat
HBLENGINE.NS,2024-12-31,2025-01-22,0.0,0.41026,0.32903,flat
HBLENGINE.NS,2025-03-31,2025-04-22,0.0,0.53213,0.49655,flat
HCLTECH.NS,2021-12-31,2022-01-18,0.0,-0.02875,-0.01784,flat
HCLTECH.NS,2022-03-31,2022-04-20,0.39,0.02487,0.01517,flat
HCLTECH.NS,2022-06-30,2022-07-21,0.0,0.24806,0.06052,flat
HCLTECH.NS,2022-09-30,2022-10-24,0.0,0.29263,0.1872,flat
HCLTECH.NS,2022-12-31,2023-01-18,0.0,0.47254,0.20694,flat
HCLTECH.NS,2023-03-31,2023-04-24,0.09,0.33476,-0.06908,flat
HCLTECH.NS,2023-06-30,2023-07-21,0.0,0.49887,0.12292,flat
HCLTECH.NS,2023-09-30,2023-10-17,0.0,0.53257,0.23589,flat
HCLTECH.NS,2023-12-31,2024-01-23,0.0,0.16742,0.05854,flat
HCLTECH.NS,2024-03-31,2024-04-22,0.0,0.12416,0.04943,flat
HCLTECH.NS,2024-06-30,2024-07-19,0.0,0.00208,-0.02307,flat
HCLTECH.NS,2024-09-30,2024-10-22,0.0,-0.13319,-0.17694,flat
HCLTECH.NS,2024-12-31,2025-01-22,0.0,-0.02504,-0.10628,flat
HCLTECH.NS,2025-03-31,2025-04-21,0.0,-0.14871,-0.18324,flat
HDFCAMC.NS,2021-12-31,2022-01-13,-0.01,-0.14433,-0.12813,flat
HDFCAMC.NS,2022-03-31,2022-04-18,-0.03,-0.16603,-0.16631,flat
HDFCAMC.NS,2022-06-30,2022-07-18,-0.01,0.34127,0.133,flat
HDFCAMC.NS,2022-09-30,2022-10-19,-6.0,0.41715,0.31847,sold
HDFCAMC.NS,2022-12-31,2023-01-16,-0.02,0.6635,0.39644,flat
HDFCAMC.NS,2023-03-31,2023-04-17,-0.01,1.0909,0.69078,flat
HDFCAMC.NS,2023-06-30,2023-07-17,-10.22,0.77012,0.38355,sold
HDFCAMC.NS,2023-09-30,2023-10-12,0.0,0.66174,0.35052,flat
HDFCAMC.NS,2023-12-31,2024-01-11,0.0,0.17121,0.0768,flat
HDFCAMC.NS,2024-03-31,2024-04-19,0.0,0.21558,0.13137,flat
HDFCAMC.NS,2024-06-30,2024-07-15,-0.03,0.35709,0.35428,flat
HDFCAMC.NS,2024-09-30,2024-10-14,-0.01,0.29913,0.30457,flat
HDFCAMC.NS,2024-12-31,2025-01-09,-0.03,0.31735,0.25252,flat
HDFCAMC.NS,2025-03-31,2025-04-09,-0.01,0.49814,0.36622,flat
HDFCBANK.NS,2021-12-31,2022-01-11,-0.03,0.02416,0.03865,flat
HDFCBANK.NS,2022-03-31,2022-04-11,-0.02,0.12627,0.15684,flat
HDFCBANK.NS,2022-06-30,2022-07-14,-0.05,0.25456,0.0209,flat
HDFCBANK.NS,2022-09-30,2022-10-21,-0.09,0.04416,-0.07155,flat
HDFCBANK.NS,2022-12-31,2023-01-18,-0.04,-0.10776,-0.37336,flat
HDFCBANK.NS,2023-03-31,2023-04-17,-0.01,-0.08315,-0.48327,flat
HDFCBANK.NS,2023-06-30,2023-07-06,-0.07,-0.02278,-0.41301,flat
HDFCBANK.NS,2023-07-14,2023-07-24,-25.52,-0.02418,-0.36081,sold
HDFCBANK.NS,2023-09-30,2023-10-05,0.0,0.12193,-0.25475,flat
HDFCBANK.NS,2023-12-31,2024-01-11,0.0,0.0096,-0.08481,flat
HDFCBANK.NS,2024-03-31,2024-04-05,0.0,0.21995,0.1927,flat
HDFCBANK.NS,2024-06-30,2024-07-03,0.0,0.14405,0.11248,flat
HDFCBANK.NS,2024-09-30,2024-10-07,0.0,0.22903,0.22231,flat
HDFCBANK.NS,2024-12-31,2025-01-06,0.0,0.11277,0.05689,flat
HDFCBANK.NS,2025-03-31,2025-04-07,0.0,-0.07753,-0.21499,flat
HDFCLIFE.NS,2021-12-31,2022-01-07,-0.04,-0.09121,-0.08672,flat
HDFCLIFE.NS,2022-01-01,2022-01-07,-2.22,-0.09121,-0.08672,sold
HDFCLIFE.NS,2022-03-31,2022-04-22,-0.02,-0.04118,-0.06298,flat
HDFCLIFE.NS,2022-06-30,2022-07-21,-0.01,0.25019,0.06264,flat
HDFCLIFE.NS,2022-09-30,2022-10-24,-1.2,0.14558,0.04015,sold
HDFCLIFE.NS,2022-12-31,2023-01-19,0.0,-0.04419,-0.3284,flat
HDFCLIFE.NS,2023-03-31,2023-04-19,-0.01,0.09946,-0.3135,flat
HDFCLIFE.NS,2023-06-30,2023-07-20,0.02,0.08317,-0.29612,flat
HDFCLIFE.NS,2023-09-30,2023-10-20,0.06,0.12915,-0.18933,flat
HDFCLIFE.NS,2023-12-31,2024-01-23,-0.02,0.08557,-0.0233,flat
HDFCLIFE.NS,2024-03-31,2024-04-18,0.0,0.16725,0.0923,flat
HDFCLIFE.NS,2024-06-30,2024-07-22,0.0,0.19139,0.17577,flat
HDFCLIFE.NS,2024-09-30,2024-10-21,-0.03,-0.0088,-0.03363,flat
HDFCLIFE.NS,2024-12-31,2025-01-21,-0.02,0.17086,0.09392,flat
HDFCLIFE.NS,2025-03-31,2025-04-21,0.0,-0.16908,-0.20361,flat
HEG.NS,2021-12-31,2022-01-12,0.0,-0.40551,-0.38817,flat
HEG.NS,2022-03-31,2022-04-11,0.0,-0.20532,-0.17475,flat
HEG.NS,2022-06-30,2022-07-12,0.0,0.56821,0.33782,flat
HEG.NS,2022-09-30,2022-10-19,0.0,0.45906,0.36038,flat
HEG.NS,2022-12-31,2023-01-11,0.0,0.7488,0.46745,flat
HEG.NS,2023-03-31,2023-04-17,0.65,1.4485,1.04837,bought
HEG.NS,2023-06-30,2023-07-10,0.0,0.35537,-0.03058,flat
HEG.NS,2023-09-30,2023-10-12,0.0,0.22921,-0.08201,flat
HEG.NS,2023-12-31,2024-01-15,0.0,0.13404,0.05094,flat
HEG.NS,2024-03-31,2024-04-09,0.0,0.11191,0.06906,flat
HEG.NS,2024-06-30,2024-07-12,0.0,0.31911,0.30507,flat
HEG.NS,2024-09-30,2024-10-09,0.0,0.05324,0.07085,flat
HEG.NS,2024-12-31,2025-01-07,0.0,0.16386,0.11154,flat
HEG.NS,2025-03-31,2025-04-21,0.0,0.37755,0.34302,flat
HEIDELBERG.NS,2021-12-31,2022-01-19,0.0,-0.19745,-0.19203,flat
HEIDELBERG.NS,2022-03-31,2022-04-19,0.0,-0.1183,-0.13386,flat
HEIDELBERG.NS,2022-06-30,2022-07-20,0.0,0.01193,-0.18256,flat
HEIDELBERG.NS,2022-09-30,2022-10-21,0.0,0.05322,-0.06249,flat
HEIDELBERG.NS,2022-12-31,2023-01-16,0.0,0.25771,-0.00936,flat
HEIDELBERG.NS,2023-03-31,2023-04-20,0.0,0.23475,-0.17808,flat
HEIDELBERG.NS,2023-06-30,2023-07-17,0.0,0.38626,-0.0003,flat
HEIDELBERG.NS,2023-09-30,2023-10-17,0.0,0.15258,-0.14409,flat
HEIDELBERG.NS,2023-12-31,2024-01-12,0.0,-0.04873,-0.13234,flat
HEIDELBERG.NS,2024-03-31,2024-04-09,0.0,-0.00224,-0.04509,flat
HEIDELBERG.NS,2024-06-30,2024-07-11,0.0,-0.03631,-0.05662,flat
HEIDELBERG.NS,2024-09-30,2024-10-15,0.0,-0.09692,-0.0961,flat
HEIDELBERG.NS,2024-12-31,2025-01-17,0.0,-0.21211,-0.25943,flat
HEIDELBERG.NS,2025-03-31,2025-04-15,0.0,-0.18377,-0.25574,flat
HEMIPROP.NS,2021-12-31,2022-01-17,0.0,-0.24673,-0.21927,flat
HEMIPROP.NS,2022-03-31,2022-04-12,0.0,-0.2567,-0.23673,flat
HEMIPROP.NS,2022-06-30,2022-07-14,0.0,0.01795,-0.2157,flat
HEMIPROP.NS,2022-09-30,2022-10-20,0.0,0.39715,0.28774,flat
HEMIPROP.NS,2022-12-31,2023-01-23,0.0,1.35982,1.06718,flat
HEMIPROP.NS,2023-03-31,2023-04-20,0.0,1.29672,0.88389,flat
HEMIPROP.NS,2023-06-30,2023-07-18,0.0,1.21886,0.82953,flat
HEMIPROP.NS,2023-09-30,2023-10-18,0.0,0.41794,0.10365,flat
HEMIPROP.NS,2023-12-31,2024-01-17,0.0,-0.17695,-0.24999,flat
HEMIPROP.NS,2024-03-31,2024-04-16,0.0,-0.31053,-0.39659,flat
HEMIPROP.NS,2024-06-30,2024-07-18,0.0,-0.39747,-0.40224,flat
HEMIPROP.NS,2024-09-30,2024-10-09,0.0,-0.21737,-0.19976,flat
HEMIPROP.NS,2024-12-31,2025-01-21,0.0,-0.16122,-0.23815,flat
HEMIPROP.NS,2025-03-31,2025-04-21,0.0,-0.02147,-0.056,flat
HERITGFOOD.NS,2021-12-31,2022-01-10,-0.06,-0.09494,-0.0853,flat
HERITGFOOD.NS,2022-03-31,2022-04-12,0.0,0.01247,0.03244,flat
HERITGFOOD.NS,2022-06-30,2022-07-11,0.0,0.66917,0.45421,flat
HERITGFOOD.NS,2022-09-30,2022-10-17,0.0,0.38052,0.24752,flat
HERITGFOOD.NS,2022-12-31,2023-01-09,-0.22,0.71755,0.45623,flat
HERITGFOOD.NS,2023-02-21,2023-03-01,2.37,1.27272,0.89723,bought
HERITGFOOD.NS,2023-03-31,2023-04-10,0.0,0.91749,0.53923,flat
HERITGFOOD.NS,2023-06-30,2023-07-10,0.0,1.47545,1.0895,flat
HERITGFOOD.NS,2023-09-30,2023-10-09,0.0,1.76688,1.3983,flat
HERITGFOOD.NS,2023-12-31,2024-01-05,-0.28,0.45377,0.35369,flat
HERITGFOOD.NS,2024-03-31,2024-04-08,0.0,0.34561,0.3175,flat
HERITGFOOD.NS,2024-06-30,2024-07-09,0.0,-0.1379,-0.14838,flat
HERITGFOOD.NS,2024-09-30,2024-10-07,0.0,-0.15357,-0.16028,flat
HERITGFOOD.NS,2024-12-31,2025-01-07,0.0,-0.05513,-0.10744,flat
HERITGFOOD.NS,2025-03-31,2025-04-11,0.0,-0.08539,-0.19326,flat
HEROMOTOCO.NS,2021-12-31,2022-01-13,-0.01,0.10542,0.12162,flat
HEROMOTOCO.NS,2022-03-31,2022-04-21,0.0,0.1247,0.1233,flat
HEROMOTOCO.NS,2022-06-30,2022-07-15,0.03,0.16302,-0.05997,flat
HEROMOTOCO.NS,2022-09-30,2022-10-20,-0.01,0.25872,0.14932,flat
HEROMOTOCO.NS,2022-12-31,2023-01-16,0.0,0.67089,0.40382,flat
HEROMOTOCO.NS,2023-03-31,2023-04-18,0.0,0.90256,0.50366,flat
HEROMOTOCO.NS,2023-06-30,2023-07-17,0.0,0.81317,0.4266,flat
HEROMOTOCO.NS,2023-09-30,2023-10-17,0.0,0.59875,0.30207,flat
HEROMOTOCO.NS,2023-12-31,2024-01-17,-0.01,-0.05417,-0.12721,flat
HEROMOTOCO.NS,2024-03-31,2024-04-18,0.0,-0.05381,-0.12876,flat
HEROMOTOCO.NS,2024-06-30,2024-07-19,0.0,-0.16981,-0.19496,flat
HEROMOTOCO.NS,2024-09-30,2024-10-11,-0.01,0.0602,0.06221,flat
HEROMOTOCO.NS,2024-12-31,2025-01-17,-0.01,0.36714,0.31982,flat
HEROMOTOCO.NS,2025-03-31,2025-04-21,0.0,0.33901,0.30448,flat
HEXT.NS,2025-03-31,2025-04-22,0.0,-0.31162,-0.34721,flat
HFCL.NS,2021-12-10,2021-12-16,-2.66,-0.04612,-0.08569,sold
HFCL.NS,2021-12-31,2022-01-20,0.0,-0.19557,-0.18326,flat
HFCL.NS,2022-03-31,2022-04-18,0.0,-0.18699,-0.18727,flat
HFCL.NS,2022-06-30,2022-07-15,-0.03,-0.0357,-0.25868,flat
HFCL.NS,2022-09-30,2022-10-18,0.0,-0.15578,-0.26897,flat
HFCL.NS,2022-12-31,2023-01-18,0.04,0.40533,0.13974,flat
HFCL.NS,2023-03-31,2023-04-20,0.0,0.64527,0.23244,flat
HFCL.NS,2023-06-30,2023-07-10,0.0,0.80351,0.41756,flat
HFCL.NS,2023-08-31,2023-09-04,-1.4,0.99238,0.59734,sold
HFCL.NS,2023-09-30,2023-10-19,0.0,0.63202,0.3178,flat
HFCL.NS,2023-12-31,2024-01-18,0.0,0.11095,0.03317,flat
HFCL.NS,2024-03-31,2024-04-18,-0.16,-0.11971,-0.19467,flat
HFCL.NS,2024-06-30,2024-07-18,-0.05,-0.31755,-0.32233,flat
HFCL.NS,2024-09-30,2024-10-21,-1.39,-0.38417,-0.409,sold
HFCL.NS,2024-12-31,2025-01-13,-0.35,-0.28919,-0.38947,flat
HFCL.NS,2025-03-31,2025-04-21,-1.52,0.25036,0.21583,sold
HGS.NS,2021-12-31,2022-01-20,-0.06,-0.03392,-0.02161,flat
HGS.NS,2022-02-25,2022-03-09,0.0,-0.01836,-0.04547,flat
HGS.NS,2022-03-31,2022-04-21,0.0,-0.0323,-0.0337,flat
HGS.NS,2022-06-30,2022-07-18,0.0,-0.21615,-0.42442,flat
HGS.NS,2022-09-30,2022-10-24,0.0,-0.23482,-0.34024,flat
HGS.NS,2022-11-25,2022-12-06,-0.5,-0.27299,-0.45064,sold
HGS.NS,2022-12-31,2023-01-11,-0.04,-0.26691,-0.54826,flat
HGS.NS,2023-03-31,2023-04-21,0.0,-0.1322,-0.55224,flat
HGS.NS,2023-06-16,2023-06-23,1.12,-0.17189,-0.60756,bought
HGS.NS,2023-06-30,2023-07-20,0.0,-0.23727,-0.61656,flat
HGS.NS,2023-09-30,2023-10-20,0.0,-0.19762,-0.5161,flat
HGS.NS,2023-12-31,2024-01-16,0.0,-0.35984,-0.43505,flat
HGS.NS,2024-03-31,2024-04-19,0.0,-0.38938,-0.47359,flat
HGS.NS,2024-06-30,2024-07-18,0.28,-0.33486,-0.33964,flat
HGS.NS,2024-09-30,2024-10-16,0.0,-0.3705,-0.37413,flat
HGS.NS,2024-12-31,2025-01-13,0.0,-0.33751,-0.43779,flat
HGS.NS,2025-03-31,2025-04-16,0.0,-0.14766,-0.20212,flat
HIKAL.NS,2021-09-30,2021-10-18,0.0,-0.4022,-0.35152,flat
HIKAL.NS,2021-12-31,2022-01-19,0.0,-0.15844,-0.15302,flat
HIKAL.NS,2022-03-31,2022-04-18,0.0,-0.3024,-0.30267,flat
HIKAL.NS,2022-06-30,2022-07-18,0.0,0.08163,-0.12664,flat
HIKAL.NS,2022-09-30,2022-10-24,0.0,-0.15055,-0.25598,flat
HIKAL.NS,2022-12-31,2023-01-18,0.06,-0.23748,-0.50307,flat
HIKAL.NS,2023-03-31,2023-04-21,0.02,0.05083,-0.36922,flat
HIKAL.NS,2023-06-30,2023-07-18,0.0,0.1553,-0.23404,flat
HIKAL.NS,2023-09-30,2023-10-19,0.0,0.28062,-0.0336,flat
HIKAL.NS,2023-12-31,2024-01-17,0.0,0.13924,0.0662,flat
HIKAL.NS,2024-03-31,2024-04-16,0.0,0.38996,0.3039,flat
HIKAL.NS,2024-06-30,2024-07-22,0.0,-0.00831,-0.02393,flat
HIKAL.NS,2024-09-30,2024-10-21,0.0,-0.34336,-0.3682,flat
HIKAL.NS,2024-12-31,2025-01-21,0.0,-0.47093,-0.54786,flat
HIKAL.NS,2025-03-31,2025-04-11,0.0,-0.54642,-0.65429,flat
HIMATSEIDE.NS,2021-12-31,2022-01-11,0.0,-0.70311,-0.68861,flat
HIMATSEIDE.NS,2022-03-31,2022-04-18,0.0,-0.53171,-0.53199,flat
HIMATSEIDE.NS,2022-06-30,2022-07-12,0.0,0.1613,-0.06909,flat
HIMATSEIDE.NS,2022-09-30,2022-10-21,0.0,0.62241,0.5067,flat
HIMATSEIDE.NS,2022-12-31,2023-01-19,0.0,1.1785,0.89429,flat
HIMATSEIDE.NS,2023-03-31,2023-04-17,0.0,0.82502,0.42489,flat
HIMATSEIDE.NS,2023-06-30,2023-07-14,0.0,0.08735,-0.30194,flat
HIMATSEIDE.NS,2023-09-30,2023-10-12,0.0,0.05797,-0.25326,flat
HIMATSEIDE.NS,2023-12-31,2024-01-18,0.0,-0.03603,-0.11381,flat
HIMATSEIDE.NS,2024-03-31,2024-04-22,0.0,0.06144,-0.01329,flat
HIMATSEIDE.NS,2024-06-30,2024-07-18,0.0,0.12557,0.12079,flat
HIMATSEIDE.NS,2024-09-30,2024-10-21,0.0,-0.20755,-0.23238,flat
HIMATSEIDE.NS,2024-10-30,2024-11-08,-10.32,-0.22298,-0.28078,sold
HIMATSEIDE.NS,2024-12-31,2025-01-22,0.0,-0.40357,-0.48481,flat
HIMATSEIDE.NS,2025-03-31,2025-04-21,0.0,-0.40968,-0.44421,flat
HINDALCO.NS,2021-12-31,2022-01-19,0.0,-0.03111,-0.02569,flat
HINDALCO.NS,2022-03-31,2022-04-21,-0.01,-0.19528,-0.19668,flat
HINDALCO.NS,2022-06-30,2022-07-21,0.0,0.21197,0.02443,flat
HINDALCO.NS,2022-09-30,2022-10-24,0.0,0.16926,0.06383,flat
HINDALCO.NS,2022-12-31,2023-01-23,0.0,0.18841,-0.10424,flat
HINDALCO.NS,2023-03-31,2023-04-21,0.0,0.52868,0.10863,flat
HINDALCO.NS,2023-06-30,2023-07-21,0.0,0.50122,0.12527,flat
HINDALCO.NS,2023-09-30,2023-10-17,0.0,0.43878,0.1421,flat
HINDALCO.NS,2023-12-31,2024-01-19,0.0,0.05448,-0.02912,flat
HINDALCO.NS,2024-03-31,2024-04-22,0.0,0.01224,-0.06249,flat
HINDALCO.NS,2024-06-30,2024-07-22,0.0,0.04059,0.02496,flat
HINDALCO.NS,2024-09-30,2024-10-21,0.0,0.14524,0.1204,flat
HINDALCO.NS,2024-12-31,2025-01-17,0.0,0.55149,0.50417,flat
HINDALCO.NS,2025-03-31,2025-04-21,0.0,0.73984,0.70531,flat
HINDCOPPER.NS,2021-12-31,2022-01-10,0.0,-0.02737,-0.01772,flat
HINDCOPPER.NS,2022-03-31,2022-04-07,0.0,-0.1498,-0.13026,flat
HINDCOPPER.NS,2022-06-30,2022-07-13,0.0,0.32733,0.08579,flat
HINDCOPPER.NS,2022-09-30,2022-10-19,0.0,0.33912,0.24044,flat
HINDCOPPER.NS,2022-12-31,2023-01-11,0.0,1.12302,0.84167,flat
HINDCOPPER.NS,2023-03-31,2023-04-11,0.0,2.78674,2.40283,flat
HINDCOPPER.NS,2023-06-30,2023-07-17,0.0,1.59131,1.20475,flat
HINDCOPPER.NS,2023-09-30,2023-10-12,0.0,0.86272,0.5515,flat
HINDCOPPER.NS,2023-12-31,2024-01-09,0.0,-0.08135,-0.19547,flat
HINDCOPPER.NS,2024-03-31,2024-04-12,0.0,-0.37876,-0.44334,flat
HINDCOPPER.NS,2024-06-30,2024-07-18,0.0,-0.14824,-0.15302,flat
HINDCOPPER.NS,2024-09-30,2024-10-16,0.0,0.08135,0.07771,flat
HINDCOPPER.NS,2024-12-31,2025-01-15,0.0,1.53679,1.47721,flat
HINDCOPPER.NS,2025-03-31,2025-04-08,0.0,1.91039,1.79394,flat
HINDPETRO.NS,2021-12-31,2022-01-13,0.0,-0.20143,-0.18523,flat
HINDPETRO.NS,2022-03-31,2022-04-12,0.0,-0.12378,-0.10381,flat
HINDPETRO.NS,2022-06-30,2022-07-11,0.0,0.26181,0.04684,flat
HINDPETRO.NS,2022-09-30,2022-10-19,0.0,0.1961,0.09742,flat
HINDPETRO.NS,2022-12-31,2023-01-19,0.0,0.88428,0.60007,flat
HINDPETRO.NS,2023-03-31,2023-04-13,0.0,1.22861,0.84234,flat
HINDPETRO.NS,2023-06-30,2023-07-10,0.0,0.7954,0.40945,flat
HINDPETRO.NS,2023-09-30,2023-10-16,0.0,1.30388,1.01031,flat
HINDPETRO.NS,2023-12-31,2024-01-15,0.0,0.27902,0.19592,flat
HINDPETRO.NS,2024-03-31,2024-04-19,0.0,0.2655,0.18129,flat
HINDPETRO.NS,2024-06-25,2024-06-27,0.0,0.35011,0.3053,flat
HINDPETRO.NS,2024-06-30,2024-07-22,0.0,0.29089,0.27526,flat
HINDPETRO.NS,2024-09-30,2024-10-15,0.0,0.09913,0.09996,flat
HINDPETRO.NS,2024-12-31,2025-01-14,0.0,0.21845,0.15022,flat
HINDPETRO.NS,2025-03-31,2025-04-15,0.0,0.03089,-0.04108,flat
HINDUNILVR.NS,2021-12-31,2022-01-13,0.0,0.13002,0.14622,flat
HINDUNILVR.NS,2022-03-31,2022-04-20,0.0,0.17784,0.16813,flat
HINDUNILVR.NS,2022-06-30,2022-07-11,0.0,0.09325,-0.12171,flat
HINDUNILVR.NS,2022-09-30,2022-10-20,0.0,-0.03145,-0.14085,flat
HINDUNILVR.NS,2022-12-31,2023-01-19,0.0,-0.0489,-0.33311,flat
HINDUNILVR.NS,2023-03-31,2023-04-24,0.0,-0.09929,-0.50313,flat
HINDUNILVR.NS,2023-06-30,2023-07-20,0.0,0.02178,-0.35751,flat
HINDUNILVR.NS,2023-09-30,2023-10-23,0.0,0.03926,-0.31214,flat
HINDUNILVR.NS,2023-12-31,2024-01-23,0.0,0.03577,-0.0731,flat
HINDUNILVR.NS,2024-03-31,2024-04-22,0.0,0.05804,-0.01669,flat
HINDUNILVR.NS,2024-06-30,2024-07-18,0.0,-0.0743,-0.07908,flat
HINDUNILVR.NS,2024-09-30,2024-10-22,0.0,-0.0481,-0.09184,flat
HINDUNILVR.NS,2024-12-31,2025-01-20,0.0,0.04265,-0.00367,flat
HINDUNILVR.NS,2025-03-31,2025-04-22,0.0,-0.01733,-0.05292,flat
HINDZINC.NS,2021-12-31,2022-01-07,0.0,0.17155,0.17604,flat
HINDZINC.NS,2022-03-31,2022-04-11,0.0,0.18722,0.2178,flat
HINDZINC.NS,2022-06-30,2022-07-11,0.0,0.53776,0.32279,flat
HINDZINC.NS,2022-09-30,2022-10-19,0.0,0.2684,0.16972,flat
HINDZINC.NS,2022-12-31,2023-01-13,0.0,0.04514,-0.22234,flat
HINDZINC.NS,2023-03-31,2023-04-17,0.0,0.34324,-0.05688,flat
HINDZINC.NS,2023-06-30,2023-07-12,0.0,1.02088,0.64347,flat
HINDZINC.NS,2023-09-30,2023-10-12,0.0,0.77319,0.46197,flat
HINDZINC.NS,2023-12-31,2024-01-08,0.0,0.52431,0.40602,flat
HINDZINC.NS,2024-03-31,2024-04-15,0.0,0.16424,0.07836,flat
HINDZINC.NS,2024-06-30,2024-07-11,0.0,-0.31465,-0.33496,flat
HINDZINC.NS,2024-09-30,2024-10-11,-1.5,0.02504,0.02705,sold
HINDZINC.NS,2024-12-31,2025-01-20,0.0,0.59325,0.54693,flat
HINDZINC.NS,2025-03-31,2025-04-21,0.0,0.38877,0.35424,flat
HLEGLAS.NS,2023-06-30,2023-07-21,0.0,-0.32628,-0.70223,flat
HLEGLAS.NS,2023-09-30,2023-10-20,-3.63,-0.32067,-0.63915,sold
HLEGLAS.NS,2023-12-31,2024-01-23,0.0,-0.43012,-0.53899,flat
HLEGLAS.NS,2024-03-31,2024-04-22,0.0,-0.388,-0.46273,flat
HLEGLAS.NS,2024-06-30,2024-07-18,0.0,-0.06653,-0.07131,flat
HLEGLAS.NS,2024-09-30,2024-10-21,0.0,0.41666,0.39183,flat
HLEGLAS.NS,2024-12-31,2025-01-22,0.0,0.15362,0.07238,flat
HLEGLAS.NS,2025-03-31,2025-04-22,0.0,0.14786,0.11228,flat
HOMEFIRST.NS,2021-12-31,2022-01-06,-0.03,-0.08661,-0.08735,flat
HOMEFIRST.NS,2022-03-31,2022-04-08,-0.02,-0.06114,-0.03211,flat
HOMEFIRST.NS,2022-06-30,2022-07-14,-0.02,0.07749,-0.15616,flat
HOMEFIRST.NS,2022-09-30,2022-10-17,-0.01,0.09819,-0.03482,flat
HOMEFIRST.NS,2022-12-31,2023-01-18,-0.05,0.33878,0.07318,flat
HOMEFIRST.NS,2023-03-31,2023-04-13,-0.06,0.22763,-0.15864,flat
HOMEFIRST.NS,2023-06-30,2023-07-19,-3.25,0.30288,-0.08508,sold
HOMEFIRST.NS,2023-09-30,2023-10-11,-0.02,0.29559,-0.01503,flat
HOMEFIRST.NS,2023-12-31,2024-01-10,-6.59,0.10582,-0.01157,sold
HOMEFIRST.NS,2024-03-31,2024-04-12,-0.04,0.37429,0.30972,flat
HOMEFIRST.NS,2024-06-30,2024-07-10,-0.11,0.35623,0.33571,flat
HOMEFIRST.NS,2024-09-30,2024-10-15,-0.07,0.02407,0.0249,flat
HOMEFIRST.NS,2024-12-31,2025-01-14,-9.07,0.00391,-0.06431,sold
HOMEFIRST.NS,2025-03-31,2025-04-03,-0.06,0.06863,0.00498,flat
HOMEFIRST.NS,2025-04-11,2025-04-17,-1.78,-0.03866,-0.09123,sold
HONASA.NS,2023-12-31,2024-01-10,0.0,-0.46503,-0.58241,flat
HONASA.NS,2024-03-31,2024-04-15,-0.27,-0.40372,-0.48961,flat
HONASA.NS,2024-06-30,2024-07-10,0.0,-0.36289,-0.38341,flat
HONASA.NS,2024-09-30,2024-10-14,-0.09,-0.34298,-0.33754,flat
HONASA.NS,2024-12-31,2025-01-14,0.05,0.13654,0.06831,flat
HONASA.NS,2025-03-31,2025-04-11,-0.04,0.495,0.38713,flat
HONAUT.NS,2021-12-31,2022-01-21,0.0,-0.12489,-0.10473,flat
HONAUT.NS,2022-03-31,2022-04-20,0.0,-0.11385,-0.12356,flat
HONAUT.NS,2022-06-30,2022-07-22,0.0,0.09607,-0.09383,flat
HONAUT.NS,2022-09-30,2022-10-18,0.0,-0.06444,-0.17763,flat
HONAUT.NS,2022-12-31,2023-01-23,0.0,-0.04456,-0.3372,flat
HONAUT.NS,2023-03-31,2023-04-21,0.0,0.25287,-0.16718,flat
HONAUT.NS,2023-06-30,2023-07-24,0.0,0.26848,-0.06815,flat
HONAUT.NS,2023-09-30,2023-10-16,0.0,0.3059,0.01233,flat
HONAUT.NS,2023-12-31,2024-01-23,0.0,0.07231,-0.03656,flat
HONAUT.NS,2024-03-31,2024-04-22,0.0,-0.23526,-0.30999,flat
HONAUT.NS,2024-06-30,2024-07-22,0.0,-0.26077,-0.2764,flat
HONAUT.NS,2024-09-30,2024-10-17,0.0,-0.26516,-0.28137,flat
HONAUT.NS,2024-12-31,2025-01-20,0.0,-0.23848,-0.28481,flat
HONAUT.NS,2025-03-31,2025-04-21,0.0,-0.09588,-0.13041,flat
HSCL.NS,2021-12-31,2022-01-07,0.0,0.99008,0.99457,flat
HSCL.NS,2022-03-31,2022-04-18,0.0,0.34902,0.34875,flat
HSCL.NS,2022-06-30,2022-07-21,-0.04,0.60652,0.41897,flat
HSCL.NS,2022-09-30,2022-10-20,0.0,1.32463,1.21522,flat
HSCL.NS,2022-12-31,2023-01-10,-0.01,2.9426,2.67575,flat
HSCL.NS,2023-02-17,2023-02-23,1.68,3.16801,2.77833,bought
HSCL.NS,2023-03-31,2023-04-17,-1.44,2.89941,2.49928,sold
HSCL.NS,2023-06-30,2023-07-14,-0.66,1.96481,1.57552,sold
HSCL.NS,2023-09-30,2023-10-10,-0.1,1.50586,1.16142,flat
HSCL.NS,2023-12-31,2024-01-10,-0.07,0.42206,0.30467,flat
HSCL.NS,2024-01-19,2024-01-23,4.08,0.33224,0.22337,bought
HSCL.NS,2024-02-02,2024-02-06,1.42,0.20481,0.15905,bought
HSCL.NS,2024-03-31,2024-04-12,0.0,0.51769,0.45311,flat
HSCL.NS,2024-06-30,2024-07-09,-0.09,0.21533,0.20485,flat
HSCL.NS,2024-09-30,2024-10-08,0.58,-0.22886,-0.2196,bought
HSCL.NS,2024-12-31,2025-01-20,0.78,-0.16909,-0.21541,bought
HSCL.NS,2025-03-31,2025-04-09,0.05,0.24114,0.10921,flat
HUDCO.NS,2021-12-31,2022-01-18,0.0,0.28975,0.30066,flat
HUDCO.NS,2022-03-31,2022-04-08,0.0,0.32349,0.35252,flat
HUDCO.NS,2022-06-30,2022-07-18,0.0,0.96439,0.75612,flat
HUDCO.NS,2022-09-30,2022-10-20,0.0,1.31321,1.2038,flat
HUDCO.NS,2022-12-31,2023-01-11,0.0,2.30065,2.0193,flat
HUDCO.NS,2023-03-31,2023-04-10,0.0,3.59229,3.21404,flat
HUDCO.NS,2023-06-30,2023-07-11,0.0,4.34947,3.97602,flat
HUDCO.NS,2023-09-30,2023-10-10,0.0,1.36269,1.01825,flat
HUDCO.NS,2023-12-31,2024-01-11,-6.64,0.84252,0.74811,sold
HUDCO.NS,2024-03-31,2024-04-22,-0.17,0.19241,0.11768,flat
HUDCO.NS,2024-06-30,2024-07-12,0.0,-0.29566,-0.3097,flat
HUDCO.NS,2024-09-30,2024-10-15,0.0,0.04528,0.04611,flat
HUDCO.NS,2024-12-31,2025-01-20,0.0,-0.12956,-0.17588,flat
HUDCO.NS,2025-03-31,2025-04-21,0.0,-0.05719,-0.09172,flat
HYUNDAI.NS,2024-12-31,2025-01-22,0.0,0.27508,0.19384,flat
HYUNDAI.NS,2025-03-31,2025-04-22,0.0,0.07707,0.04149,flat
ICICIBANK.NS,2021-12-31,2022-01-14,0.0,0.06262,0.08237,flat
ICICIBANK.NS,2022-03-31,2022-04-18,0.0,0.20108,0.20081,flat
ICICIBANK.NS,2022-06-30,2022-07-18,0.0,0.2962,0.08793,flat
ICICIBANK.NS,2022-09-30,2022-10-21,0.0,0.02796,-0.08775,flat
ICICIBANK.NS,2022-12-31,2023-01-19,0.0,0.19681,-0.0874,flat
ICICIBANK.NS,2023-03-31,2023-04-21,0.0,0.29716,-0.12289,flat
ICICIBANK.NS,2023-06-30,2023-07-21,0.0,0.21003,-0.16592,flat
ICICIBANK.NS,2023-09-30,2023-10-23,0.0,0.40107,0.04966,flat
ICICIBANK.NS,2023-12-31,2024-01-19,0.0,0.26344,0.17984,flat
ICICIBANK.NS,2024-03-31,2024-04-22,0.0,0.32711,0.25238,flat
ICICIBANK.NS,2024-06-30,2024-07-22,0.0,0.20547,0.18985,flat
ICICIBANK.NS,2024-09-30,2024-10-21,0.0,0.1026,0.07777,flat
ICICIBANK.NS,2024-12-31,2025-01-20,0.0,0.1127,0.06638,flat
ICICIBANK.NS,2025-03-31,2025-04-22,0.0,-0.08868,-0.12426,flat
ICICIGI.NS,2021-12-31,2022-01-12,-0.03,-0.11745,-0.1001,flat
ICICIGI.NS,2022-03-31,2022-04-19,-0.01,-0.1936,-0.20916,flat
ICICIGI.NS,2022-06-30,2022-07-18,-0.01,0.09345,-0.11482,flat
ICICIGI.NS,2022-09-30,2022-10-24,-0.01,0.2092,0.10377,flat
ICICIGI.NS,2022-12-31,2023-01-23,0.0,0.30296,0.01032,flat
ICICIGI.NS,2023-03-31,2023-04-20,0.0,0.60259,0.18975,flat
ICICIGI.NS,2023-06-30,2023-07-20,-0.01,0.44358,0.06429,flat
ICICIGI.NS,2023-09-30,2023-10-20,-0.01,0.39539,0.07692,flat
ICICIGI.NS,2023-12-31,2024-01-19,-0.09,0.24653,0.16293,flat
ICICIGI.NS,2024-03-31,2024-04-16,3.36,0.14796,0.0619,bought
ICICIGI.NS,2024-06-30,2024-07-18,0.54,0.03388,0.0291,bought
ICICIGI.NS,2024-09-30,2024-10-21,-0.15,-0.00905,-0.03388,flat
ICICIGI.NS,2024-12-31,2025-01-21,-0.06,-0.0355,-0.11243,flat
ICICIGI.NS,2025-03-31,2025-04-21,-0.05,-0.0309,-0.06543,flat
ICICIPRULI.NS,2021-12-31,2022-01-10,-0.01,-0.20291,-0.19327,flat
ICICIPRULI.NS,2022-03-31,2022-04-13,0.0,-0.17825,-0.159,flat
ICICIPRULI.NS,2022-06-30,2022-07-20,-0.01,0.09547,-0.09902,flat
ICICIPRULI.NS,2022-09-30,2022-10-21,-0.05,0.02112,-0.09458,flat
ICICIPRULI.NS,2022-12-31,2023-01-23,0.0,0.06806,-0.22458,flat
ICICIPRULI.NS,2023-03-31,2023-04-20,0.0,0.25845,-0.15438,flat
ICICIPRULI.NS,2023-06-30,2023-07-21,-0.02,0.32357,-0.05238,flat
ICICIPRULI.NS,2023-09-30,2023-10-18,-0.04,0.47638,0.16209,flat
ICICIPRULI.NS,2023-12-31,2024-01-18,-0.02,0.23596,0.15818,flat
ICICIPRULI.NS,2024-03-31,2024-04-19,-0.03,0.02563,-0.05858,flat
ICICIPRULI.NS,2024-06-30,2024-07-22,-0.06,-0.01597,-0.0316,flat
ICICIPRULI.NS,2024-09-30,2024-10-21,-0.13,-0.19751,-0.22234,flat
ICICIPRULI.NS,2024-12-31,2025-01-22,-0.04,0.04695,-0.03429,flat
ICICIPRULI.NS,2025-03-31,2025-04-21,-0.01,-0.13545,-0.16998,flat
ICIL.NS,2021-12-31,2022-01-10,0.0,-0.48358,-0.47394,flat
ICIL.NS,2022-03-31,2022-04-18,0.0,-0.26898,-0.26926,flat
ICIL.NS,2022-06-30,2022-07-20,0.0,0.53087,0.33638,flat
ICIL.NS,2022-09-30,2022-10-21,0.0,1.12478,1.00907,flat
ICIL.NS,2022-12-31,2023-01-17,-0.2,1.14465,0.86435,flat
ICIL.NS,2023-03-31,2023-04-17,0.0,1.92495,1.52482,flat
ICIL.NS,2023-06-30,2023-07-19,0.0,0.92261,0.53464,flat
ICIL.NS,2023-09-30,2023-10-13,0.0,0.51887,0.2085,flat
ICIL.NS,2023-12-31,2024-01-10,0.0,0.12602,0.00863,flat
ICIL.NS,2024-03-31,2024-04-19,0.0,-0.20012,-0.28433,flat
ICIL.NS,2024-06-30,2024-07-22,0.0,-0.1874,-0.20303,flat
ICIL.NS,2024-09-30,2024-10-22,0.0,-0.22605,-0.2698,flat
ICIL.NS,2024-12-31,2025-01-21,0.0,-0.27703,-0.35396,flat
ICIL.NS,2025-03-31,2025-04-16,0.0,-0.09825,-0.15271,flat
ICRA.NS,2021-12-31,2022-01-07,0.0,0.3878,0.39229,flat
ICRA.NS,2022-03-31,2022-04-06,0.0,0.10371,0.12809,flat
ICRA.NS,2022-06-30,2022-07-11,0.0,0.43713,0.22217,flat
ICRA.NS,2022-09-30,2022-10-14,0.0,0.43242,0.27085,flat
ICRA.NS,2022-12-31,2023-01-10,0.0,0.22382,-0.04303,flat
ICRA.NS,2023-03-31,2023-04-11,0.0,0.10525,-0.27865,flat
ICRA.NS,2023-06-30,2023-07-07,0.0,0.13432,-0.24532,flat
ICRA.NS,2023-09-30,2023-10-11,0.0,0.28677,-0.02385,flat
ICRA.NS,2023-12-31,2024-01-08,0.0,0.1374,0.01911,flat
ICRA.NS,2024-03-31,2024-04-16,0.0,0.09516,0.0091,flat
ICRA.NS,2024-06-30,2024-07-09,0.0,0.20088,0.1904,flat
ICRA.NS,2024-09-30,2024-10-11,0.0,-0.08566,-0.08365,flat
ICRA.NS,2024-12-31,2025-01-07,0.0,-0.0051,-0.05741,flat
ICRA.NS,2025-03-31,2025-04-09,0.0,0.05367,-0.07825,flat
IDBI.NS,2021-12-31,2022-01-11,0.0,0.09037,0.10487,flat
IDBI.NS,2022-03-31,2022-04-12,0.0,0.14472,0.1647,flat
IDBI.NS,2022-06-30,2022-07-07,0.0,0.85801,0.64009,flat
IDBI.NS,2022-09-30,2022-10-17,0.0,0.49606,0.36306,flat
IDBI.NS,2022-12-31,2023-01-13,0.0,0.57208,0.30459,flat
IDBI.NS,2023-03-31,2023-04-18,0.0,0.69466,0.29576,flat
IDBI.NS,2023-06-30,2023-07-13,0.0,0.80492,0.42635,flat
IDBI.NS,2023-09-30,2023-10-20,0.0,0.26875,-0.04973,flat
IDBI.NS,2023-12-31,2024-01-08,0.0,0.20383,0.08554,flat
IDBI.NS,2024-03-31,2024-04-19,0.0,0.00118,-0.08303,flat
IDBI.NS,2024-06-30,2024-07-15,0.0,0.1189,0.11609,flat
IDBI.NS,2024-09-30,2024-10-14,0.0,0.1372,0.14263,flat
IDBI.NS,2024-12-31,2025-01-08,0.0,0.41938,0.3632,flat
IDBI.NS,2025-03-31,2025-04-09,0.0,-0.03137,-0.16329,flat
IDEA.NS,2021-12-31,2022-01-17,0.0,-0.42,-0.39254,flat
IDEA.NS,2022-03-31,2022-04-20,2.94,-0.345,-0.3547,bought
IDEA.NS,2022-03-31,2022-04-07,0.0,-0.44495,-0.42542,flat
IDEA.NS,2022-06-30,2022-07-20,0.0,-0.03409,-0.22858,flat
IDEA.NS,2022-09-30,2022-10-20,0.0,0.27485,0.16545,flat
IDEA.NS,2022-12-31,2023-01-23,0.0,0.99291,0.70027,flat
IDEA.NS,2023-02-07,2023-02-09,-25.07,1.03185,0.68309,sold
IDEA.NS,2023-03-31,2023-04-20,0.44,1.18182,0.76898,flat
IDEA.NS,2023-06-30,2023-07-20,0.0,1.11788,0.73859,flat
IDEA.NS,2023-09-30,2023-10-17,0.0,-0.30672,-0.6034,flat
IDEA.NS,2023-12-31,2024-01-16,0.0,-0.39937,-0.47458,flat
IDEA.NS,2024-03-23,2024-04-03,-1.45,-0.47675,-0.46467,sold
IDEA.NS,2024-03-31,2024-04-18,0.0,-0.43409,-0.50905,flat
IDEA.NS,2024-04-23,2024-05-02,-12.04,-0.49242,-0.5205,sold
IDEA.NS,2024-05-21,2024-05-30,1.3,-0.53288,-0.62299,bought
IDEA.NS,2024-06-30,2024-07-18,0.0,-0.54702,-0.5518,flat
IDEA.NS,2024-07-19,2024-07-25,-1.0,-0.52635,-0.53028,sold
IDEA.NS,2024-09-30,2024-10-18,0.15,0.06652,0.05603,flat
IDEA.NS,2024-12-31,2025-01-21,0.0,0.06303,-0.0139,flat
IDEA.NS,2025-01-09,2025-01-15,1.48,0.15525,0.09567,bought
IDEA.NS,2025-03-31,2025-04-09,0.0,0.34697,0.21504,flat
IDEA.NS,2025-04-08,2025-04-11,-13.23,0.33054,0.22267,sold
IDFCFIRSTB.NS,2021-12-31,2022-01-18,-0.01,0.24188,0.25279,flat
IDFCFIRSTB.NS,2022-03-31,2022-04-19,-0.02,0.46442,0.44886,flat
IDFCFIRSTB.NS,2022-06-30,2022-07-19,-0.01,1.40142,1.19337,flat
IDFCFIRSTB.NS,2022-09-30,2022-10-21,-0.01,0.45201,0.3363,flat
IDFCFIRSTB.NS,2022-12-31,2023-01-23,-0.09,0.39207,0.09943,flat
IDFCFIRSTB.NS,2023-03-23,2023-03-28,3.61,0.55735,0.09443,bought
IDFCFIRSTB.NS,2023-03-31,2023-04-24,0.0,0.38884,-0.015,flat
IDFCFIRSTB.NS,2023-06-30,2023-07-19,-0.06,-0.07103,-0.45899,flat
IDFCFIRSTB.NS,2023-09-30,2023-10-09,-0.56,-0.20522,-0.5738,sold
IDFCFIRSTB.NS,2023-10-06,2023-10-16,-1.86,-0.27982,-0.57339,sold
IDFCFIRSTB.NS,2023-12-31,2024-01-08,-0.06,-0.26647,-0.38476,flat
IDFCFIRSTB.NS,2024-03-31,2024-04-19,-0.02,-0.18754,-0.27175,flat
IDFCFIRSTB.NS,2024-06-30,2024-07-08,-0.06,-0.05371,-0.06727,flat
IDFCFIRSTB.NS,2024-07-04,2024-07-08,-1.98,-0.05371,-0.06727,sold
IDFCFIRSTB.NS,2024-09-30,2024-10-15,-0.02,0.06106,0.06189,flat
IDFCFIRSTB.NS,2024-10-11,2024-10-18,-35.37,0.09621,0.08572,sold
IDFCFIRSTB.NS,2024-12-31,2025-01-20,0.0,0.31265,0.26633,flat
IDFCFIRSTB.NS,2025-03-31,2025-04-17,0.0,0.11905,0.06648,flat
IEX.NS,2021-12-08,2021-12-09,0.0,-0.44514,-0.50049,flat
IEX.NS,2021-12-31,2022-01-17,0.0,-0.48469,-0.45723,flat
IEX.NS,2022-03-31,2022-04-19,0.0,-0.32912,-0.34468,flat
IEX.NS,2022-06-30,2022-07-15,0.0,-0.23849,-0.46147,flat
IEX.NS,2022-09-30,2022-10-19,0.0,-0.11679,-0.21547,flat
IEX.NS,2022-12-31,2023-01-23,0.0,0.06915,-0.22349,flat
IEX.NS,2023-03-31,2023-04-24,0.0,0.04657,-0.35727,flat
IEX.NS,2023-06-30,2023-07-19,0.0,0.57768,0.18972,flat
IEX.NS,2023-09-30,2023-10-18,0.0,0.36906,0.05477,flat
IEX.NS,2023-12-31,2024-01-16,0.0,0.04917,-0.02604,flat
IEX.NS,2024-03-31,2024-04-19,0.0,0.34662,0.26241,flat
IEX.NS,2024-06-30,2024-07-18,0.0,0.12761,0.12284,flat
IEX.NS,2024-09-30,2024-10-17,0.0,-0.23162,-0.24783,flat
IEX.NS,2024-12-31,2025-01-21,0.0,-0.23136,-0.30829,flat
IEX.NS,2025-03-31,2025-04-17,0.0,-0.31271,-0.36528,flat
IFBIND.NS,2021-12-31,2022-01-20,0.0,-0.26199,-0.24968,flat
IFBIND.NS,2022-03-31,2022-04-11,0.0,-0.12338,-0.0928,flat
IFBIND.NS,2022-06-30,2022-07-18,0.0,-0.08472,-0.29299,flat
IFBIND.NS,2022-09-30,2022-10-20,0.0,-0.0628,-0.17221,flat
IFBIND.NS,2022-12-31,2023-01-18,0.0,0.47424,0.20864,flat
IFBIND.NS,2023-03-31,2023-04-19,0.0,0.80298,0.39002,flat
IFBIND.NS,2023-06-30,2023-07-18,0.0,1.14844,0.7591,flat
IFBIND.NS,2023-09-30,2023-10-17,0.0,1.01865,0.72198,flat
IFBIND.NS,2023-12-31,2024-01-18,0.0,0.59931,0.52153,flat
IFBIND.NS,2024-03-31,2024-04-22,0.0,-0.16815,-0.24288,flat
IFBIND.NS,2024-06-30,2024-07-22,0.0,-0.12136,-0.13699,flat
IFBIND.NS,2024-09-30,2024-10-21,0.0,-0.18002,-0.20485,flat
IFBIND.NS,2024-12-31,2025-01-09,0.0,-0.29586,-0.36069,flat
IFBIND.NS,2025-03-31,2025-04-11,0.0,-0.12904,-0.23691,flat
IFCI.NS,2021-12-31,2022-01-11,0.0,-0.17066,-0.15617,flat
IFCI.NS,2022-02-25,2022-03-03,1.05,-0.05785,-0.11346,bought
IFCI.NS,2022-03-31,2022-04-13,0.0,-0.15041,-0.13116,flat
IFCI.NS,2022-06-30,2022-07-18,0.0,0.31088,0.10261,flat
IFCI.NS,2022-09-30,2022-10-21,0.0,1.31959,1.20388,flat
IFCI.NS,2022-10-27,2022-11-16,1.49,1.07759,0.95217,bought
IFCI.NS,2022-12-31,2023-01-17,0.0,3.25275,2.97245,flat
IFCI.NS,2023-03-31,2023-04-21,0.0,3.78947,3.36943,flat
IFCI.NS,2023-04-27,2023-05-04,3.97,3.37295,3.03033,bought
IFCI.NS,2023-06-30,2023-07-13,0.0,5.86559,5.48701,flat
IFCI.NS,2023-09-30,2023-10-17,0.0,1.09881,0.80213,flat
IFCI.NS,2023-12-31,2024-01-23,0.0,0.356,0.24713,flat
IFCI.NS,2024-03-31,2024-04-22,0.0,0.0441,-0.03063,flat
IFCI.NS,2024-04-18,2024-04-26,1.4,-0.11783,-0.17144,bought
IFCI.NS,2024-06-30,2024-07-19,0.0,-0.09409,-0.11924,flat
IFCI.NS,2024-09-30,2024-10-09,0.0,-0.13612,-0.11851,flat
IFCI.NS,2024-12-31,2025-01-08,0.0,-0.02188,-0.07805,flat
IFCI.NS,2025-02-28,2025-03-06,0.85,0.27821,0.22678,bought
IFCI.NS,2025-03-31,2025-04-21,0.0,0.31926,0.28473,flat
IGIL.NS,2024-12-31,2025-01-22,0.0,-0.37141,-0.45265,flat
IGIL.NS,2025-03-31,2025-04-09,0.0,0.12194,-0.00999,flat
IGL.NS,2021-12-31,2022-01-18,0.0,-0.0353,-0.02439,flat
IGL.NS,2022-03-31,2022-04-21,0.0,0.34084,0.33943,flat
IGL.NS,2022-06-30,2022-07-20,0.0,0.30201,0.10753,flat
IGL.NS,2022-09-30,2022-10-20,0.0,0.03829,-0.07112,flat
IGL.NS,2022-12-31,2023-01-20,0.0,0.07646,-0.21214,flat
IGL.NS,2023-03-31,2023-04-21,0.0,-0.03765,-0.4577,flat
IGL.NS,2023-06-30,2023-07-21,0.0,0.09982,-0.27613,flat
IGL.NS,2023-09-30,2023-10-20,0.0,0.0629,-0.25558,flat
IGL.NS,2023-12-31,2024-01-18,0.0,-0.10648,-0.18425,flat
IGL.NS,2024-03-31,2024-04-18,0.0,-0.16677,-0.24172,flat
IGL.NS,2024-06-30,2024-07-18,0.0,-0.18448,-0.18925,flat
IGL.NS,2024-09-30,2024-10-18,0.0,-0.04658,-0.05707,flat
IGL.NS,2024-12-31,2025-01-20,0.0,-0.12841,-0.17473,flat
IGL.NS,2025-02-01,2025-02-11,0.0,-0.10382,-0.21584,flat
IGL.NS,2025-03-31,2025-04-21,0.0,-0.06424,-0.09877,flat
IIFL.NS,2021-12-31,2022-01-19,0.0,0.5491,0.55452,flat
IIFL.NS,2022-03-31,2022-04-19,-0.02,0.27951,0.26396,flat
IIFL.NS,2022-06-30,2022-07-21,-0.01,0.65716,0.46962,flat
IIFL.NS,2022-09-30,2022-10-19,0.0,0.69619,0.59751,flat
IIFL.NS,2022-12-31,2023-01-19,-0.02,0.25854,-0.02567,flat
IIFL.NS,2023-03-31,2023-04-24,-0.03,-0.11199,-0.51583,flat
IIFL.NS,2023-06-30,2023-07-19,-0.01,-0.19915,-0.58711,flat
IIFL.NS,2023-09-30,2023-10-17,-0.03,-0.38283,-0.6795,flat
IIFL.NS,2023-12-31,2024-01-17,-0.02,-0.44633,-0.51937,flat
IIFL.NS,2024-03-31,2024-04-12,-0.01,-0.12665,-0.19123,flat
IIFL.NS,2024-05-17,2024-05-27,0.14,0.07827,0.01586,flat
IIFL.NS,2024-06-30,2024-07-12,-0.01,0.07387,0.05983,flat
IIFL.NS,2024-09-30,2024-10-10,0.0,0.11362,0.12297,flat
IIFL.NS,2024-12-31,2025-01-21,-0.01,0.39284,0.31591,flat
IIFL.NS,2025-03-31,2025-04-22,-0.01,0.22646,0.19088,flat
IKS.NS,2024-12-31,2025-01-17,0.0,-0.11798,-0.1653,flat
IKS.NS,2025-03-31,2025-04-21,0.0,0.05505,0.02052,flat
INDGN.NS,2024-06-30,2024-07-22,0.0,-0.01843,-0.03405,flat
INDGN.NS,2024-09-30,2024-10-21,0.0,-0.16545,-0.19028,flat
INDGN.NS,2024-12-31,2025-01-21,0.0,-0.27621,-0.35314,flat
INDGN.NS,2025-03-31,2025-04-22,0.0,-0.13411,-0.16969,flat
INDHOTEL.NS,2021-12-31,2022-01-20,0.3,0.39401,0.40633,flat
INDHOTEL.NS,2022-03-31,2022-04-21,-2.86,0.39481,0.39341,sold
INDHOTEL.NS,2022-06-30,2022-07-21,0.0,0.55981,0.37226,flat
INDHOTEL.NS,2022-09-30,2022-10-24,0.0,0.21591,0.11048,flat
INDHOTEL.NS,2022-12-31,2023-01-20,0.0,0.67773,0.38912,flat
INDHOTEL.NS,2023-03-31,2023-04-21,0.0,0.71542,0.29537,flat
INDHOTEL.NS,2023-06-30,2023-07-21,0.0,0.60176,0.22581,flat
INDHOTEL.NS,2023-09-30,2023-10-20,0.0,0.6761,0.35762,flat
INDHOTEL.NS,2023-12-31,2024-01-19,-0.07,0.61736,0.53376,flat
INDHOTEL.NS,2024-03-31,2024-04-22,0.0,0.35394,0.27921,flat
INDHOTEL.NS,2024-06-30,2024-07-22,0.0,0.21902,0.20339,flat
INDHOTEL.NS,2024-09-30,2024-10-21,0.0,0.10272,0.07789,flat
INDHOTEL.NS,2024-12-31,2025-01-16,0.0,-0.18851,-0.24811,flat
INDHOTEL.NS,2025-03-31,2025-04-21,0.0,-0.21731,-0.25184,flat
INDIACEM.NS,2021-12-31,2022-01-21,0.0,-0.16543,-0.14527,flat
INDIACEM.NS,2022-03-31,2022-04-19,0.0,-0.13075,-0.14631,flat
INDIACEM.NS,2022-06-30,2022-07-21,0.0,0.19128,0.00374,flat
INDIACEM.NS,2022-09-30,2022-10-24,0.0,-0.1141,-0.21953,flat
INDIACEM.NS,2022-12-31,2023-01-23,0.0,0.15564,-0.137,flat
INDIACEM.NS,2023-03-31,2023-04-21,0.0,0.26282,-0.15723,flat
INDIACEM.NS,2023-06-30,2023-07-20,0.0,0.71854,0.33925,flat
INDIACEM.NS,2023-09-30,2023-10-23,0.0,0.73295,0.38154,flat
INDIACEM.NS,2023-12-31,2024-01-23,0.0,0.14064,0.03177,flat
INDIACEM.NS,2024-03-31,2024-04-22,0.0,0.43478,0.36005,flat
INDIACEM.NS,2024-06-30,2024-07-22,0.0,0.02462,0.009,flat
INDIACEM.NS,2024-09-30,2024-10-21,0.0,0.07001,0.04517,flat
INDIACEM.NS,2024-12-31,2025-01-21,27.07,0.277,0.20007,bought
INDIACEM.NS,2025-03-31,2025-04-21,26.0,0.45228,0.41775,bought
INDIAMART.NS,2021-12-31,2022-01-19,0.0,-0.26753,-0.26211,flat
INDIAMART.NS,2022-03-31,2022-04-19,0.0,0.12108,0.10553,flat
INDIAMART.NS,2022-06-30,2022-07-20,-0.3,0.44724,0.25275,flat
INDIAMART.NS,2022-09-30,2022-10-19,0.0,0.18742,0.08874,flat
INDIAMART.NS,2022-12-31,2023-01-18,0.0,0.11206,-0.15354,flat
INDIAMART.NS,2023-03-31,2023-04-12,0.0,-0.00786,-0.39009,flat
INDIAMART.NS,2023-06-22,2023-07-03,0.0,0.02279,-0.37457,flat
INDIAMART.NS,2023-06-30,2023-07-21,0.0,-0.10796,-0.48391,flat
INDIAMART.NS,2023-09-25,2023-10-03,-0.01,0.05953,-0.3156,flat
INDIAMART.NS,2023-09-30,2023-10-23,0.0,-0.04519,-0.3966,flat
INDIAMART.NS,2023-12-31,2024-01-19,0.0,-0.20519,-0.28879,flat
INDIAMART.NS,2024-03-31,2024-04-15,0.0,-0.0949,-0.18079,flat
INDIAMART.NS,2024-06-30,2024-07-22,0.0,-0.06298,-0.07861,flat
INDIAMART.NS,2024-09-30,2024-10-18,0.0,-0.19671,-0.2072,flat
INDIAMART.NS,2024-12-31,2025-01-20,-0.04,-0.0167,-0.06303,flat
INDIAMART.NS,2025-03-31,2025-04-21,0.0,-0.0361,-0.07063,flat
INDIANB.NS,2021-12-31,2022-01-12,0.0,1.0558,1.07314,flat
INDIANB.NS,2022-03-31,2022-04-12,0.0,0.91133,0.9313,flat
INDIANB.NS,2022-06-30,2022-07-18,0.0,0.97314,0.76487,flat
INDIANB.NS,2022-09-30,2022-10-17,0.0,1.07679,0.94378,flat
INDIANB.NS,2022-12-31,2023-01-12,0.0,0.60607,0.34907,flat
INDIANB.NS,2023-03-31,2023-04-13,0.0,0.83174,0.44546,flat
INDIANB.NS,2023-06-30,2023-07-18,0.0,0.87709,0.48775,flat
INDIANB.NS,2023-09-30,2023-10-11,0.0,0.21764,-0.09298,flat
INDIANB.NS,2023-12-16,2023-12-20,-6.02,0.26105,0.06957,sold
INDIANB.NS,2023-12-31,2024-01-09,0.0,0.27299,0.15887,flat
INDIANB.NS,2024-03-31,2024-04-09,0.0,0.11583,0.07298,flat
INDIANB.NS,2024-06-30,2024-07-04,0.0,0.20974,0.18166,flat
INDIANB.NS,2024-09-30,2024-10-16,0.0,0.60882,0.60519,flat
INDIANB.NS,2024-12-31,2025-01-14,0.0,0.71658,0.64835,flat
INDIANB.NS,2025-03-31,2025-04-07,0.0,0.78602,0.64856,flat
INDIGO.NS,2021-12-31,2022-01-19,-0.01,0.01099,0.01641,flat
INDIGO.NS,2022-03-31,2022-04-22,-0.01,0.05472,0.03292,flat
INDIGO.NS,2022-06-30,2022-07-21,0.0,0.43319,0.24564,flat
INDIGO.NS,2022-09-30,2022-10-21,-2.84,0.40242,0.28671,sold
INDIGO.NS,2022-12-31,2023-01-12,-0.01,0.38325,0.12625,flat
INDIGO.NS,2023-03-31,2023-04-19,-4.06,0.99492,0.58196,sold
INDIGO.NS,2023-06-30,2023-07-20,-0.09,0.61291,0.23362,flat
INDIGO.NS,2023-09-30,2023-10-20,-4.53,0.66151,0.34303,sold
INDIGO.NS,2023-12-31,2024-01-19,-0.11,0.41734,0.33374,flat
INDIGO.NS,2024-03-31,2024-04-09,-5.84,0.47661,0.43376,sold
INDIGO.NS,2024-06-30,2024-07-10,-2.0,0.38523,0.36471,sold
INDIGO.NS,2024-09-30,2024-10-14,-6.0,0.25197,0.2574,sold
INDIGO.NS,2024-12-31,2025-01-21,-0.02,0.18635,0.10942,flat
INDIGO.NS,2025-03-31,2025-04-21,0.0,-0.19041,-0.22494,flat
INDIGOPNTS.NS,2021-12-31,2022-01-12,0.0,-0.38752,-0.37017,flat
INDIGOPNTS.NS,2022-03-31,2022-04-13,0.0,-0.29159,-0.27234,flat
INDIGOPNTS.NS,2022-06-30,2022-07-13,0.0,0.06698,-0.17456,flat
INDIGOPNTS.NS,2022-09-30,2022-10-17,0.0,-0.02629,-0.15929,flat
INDIGOPNTS.NS,2022-12-31,2023-01-18,0.0,0.15223,-0.11337,flat
INDIGOPNTS.NS,2023-03-31,2023-04-11,-0.02,0.23647,-0.14743,flat
INDIGOPNTS.NS,2023-06-30,2023-07-20,0.0,0.00295,-0.37634,flat
INDIGOPNTS.NS,2023-09-30,2023-10-13,-0.03,0.14448,-0.16589,flat
INDIGOPNTS.NS,2023-12-31,2024-01-09,-0.01,-0.17377,-0.28789,flat
INDIGOPNTS.NS,2024-03-31,2024-04-18,0.0,-0.23392,-0.30887,flat
INDIGOPNTS.NS,2024-06-30,2024-07-18,0.0,-0.19401,-0.19878,flat
INDIGOPNTS.NS,2024-09-30,2024-10-16,-0.02,-0.33749,-0.34112,flat
INDIGOPNTS.NS,2024-12-31,2025-01-16,0.0,-0.12257,-0.18217,flat
INDIGOPNTS.NS,2025-03-31,2025-04-22,0.0,-0.15624,-0.19182,flat
INDOCO.NS,2021-12-31,2022-01-12,0.0,-0.07119,-0.05385,flat
INDOCO.NS,2022-03-31,2022-04-12,0.0,-0.2064,-0.18643,flat
INDOCO.NS,2022-06-30,2022-07-08,0.0,-0.1245,-0.34462,flat
INDOCO.NS,2022-09-30,2022-10-14,0.0,-0.02146,-0.18303,flat
INDOCO.NS,2022-12-31,2023-01-18,0.0,-0.07167,-0.33727,flat
INDOCO.NS,2023-03-31,2023-04-18,0.0,0.03572,-0.36317,flat
INDOCO.NS,2023-06-30,2023-07-18,0.04,-0.00247,-0.39181,flat
INDOCO.NS,2023-09-30,2023-10-17,0.01,-0.11286,-0.40953,flat
INDOCO.NS,2023-12-31,2024-01-19,0.0,-0.34473,-0.42833,flat
INDOCO.NS,2024-03-31,2024-04-18,-0.02,-0.29659,-0.37155,flat
INDOCO.NS,2024-06-30,2024-07-19,0.03,-0.04343,-0.06858,flat
INDOCO.NS,2024-09-30,2024-10-18,0.0,-0.17567,-0.18616,flat
INDOCO.NS,2024-12-31,2025-01-20,0.05,-0.34201,-0.38833,flat
INDOCO.NS,2025-03-31,2025-04-15,0.1,-0.08369,-0.15565,flat
INDOSTAR.NS,2021-11-26,2021-11-29,1.05,-0.38942,-0.4786,bought
INDOSTAR.NS,2021-12-31,2022-01-19,0.0,-0.43256,-0.42714,flat
INDOSTAR.NS,2022-03-31,2022-04-22,0.0,-0.46407,-0.48587,flat
INDOSTAR.NS,2022-06-30,2022-07-14,0.0,0.24905,0.0154,flat
INDOSTAR.NS,2022-09-30,2022-10-21,0.0,-0.03748,-0.15319,flat
INDOSTAR.NS,2022-12-31,2023-01-18,0.0,0.27703,0.01143,flat
INDOSTAR.NS,2023-03-31,2023-04-24,0.0,0.99922,0.59538,flat
INDOSTAR.NS,2023-06-30,2023-07-21,-14.21,0.47629,0.10034,sold
INDOSTAR.NS,2023-09-30,2023-10-20,0.0,0.56706,0.24859,flat
INDOSTAR.NS,2023-12-31,2024-01-18,0.0,0.22108,0.14331,flat
INDOSTAR.NS,2024-03-31,2024-04-19,0.0,0.23221,0.148,flat
INDOSTAR.NS,2024-06-30,2024-07-18,-1.4,0.31749,0.31272,sold
INDOSTAR.NS,2024-09-30,2024-10-18,0.0,-0.11482,-0.12531,flat
INDOSTAR.NS,2024-12-31,2025-01-13,-0.01,-0.07129,-0.17157,flat
INDOSTAR.NS,2025-03-31,2025-04-22,-0.3,-0.34643,-0.38201,flat
INDUSINDBK.NS,2021-09-30,2021-10-18,0.0,-0.05587,-0.0052,flat
INDUSINDBK.NS,2021-12-31,2022-01-17,-0.01,0.31683,0.34429,flat
INDUSINDBK.NS,2022-03-31,2022-04-12,-0.01,0.15245,0.17242,flat
INDUSINDBK.NS,2022-06-30,2022-07-12,-0.01,0.70792,0.47753,flat
INDUSINDBK.NS,2022-09-30,2022-10-21,0.0,0.28747,0.17176,flat
INDUSINDBK.NS,2022-12-31,2023-01-19,0.0,0.29181,0.0076,flat
INDUSINDBK.NS,2023-03-31,2023-04-12,-0.01,0.387,0.00477,flat
INDUSINDBK.NS,2023-06-30,2023-07-12,-0.01,0.02968,-0.34772,flat
INDUSINDBK.NS,2023-09-30,2023-10-19,-0.02,-0.26354,-0.57776,flat
INDUSINDBK.NS,2023-12-31,2024-01-18,-0.02,-0.4144,-0.49217,flat
INDUSINDBK.NS,2024-03-31,2024-04-18,-0.05,-0.43606,-0.51101,flat
INDUSINDBK.NS,2024-06-30,2024-07-19,-0.02,-0.40581,-0.43096,flat
INDUSINDBK.NS,2024-09-30,2024-10-18,-0.02,-0.43956,-0.45005,flat
INDUSINDBK.NS,2024-12-31,2025-01-13,-0.07,0.0086,-0.09168,flat
INDUSINDBK.NS,2025-03-31,2025-04-16,-0.46,0.07574,0.02128,flat
INDUSTOWER.NS,2021-12-31,2022-01-24,0.0,-0.37464,-0.3843,flat
INDUSTOWER.NS,2022-03-31,2022-04-21,-2.36,-0.29216,-0.29356,sold
INDUSTOWER.NS,2022-06-30,2022-07-22,1.32,-0.22974,-0.41963,bought
INDUSTOWER.NS,2022-09-30,2022-10-24,0.19,-0.11203,-0.21745,flat
INDUSTOWER.NS,2022-12-31,2023-01-23,0.0,0.25014,-0.0425,flat
INDUSTOWER.NS,2023-03-31,2023-04-24,0.0,1.52755,1.12371,flat
INDUSTOWER.NS,2023-06-30,2023-07-21,0.0,1.49024,1.11429,flat
INDUSTOWER.NS,2023-09-30,2023-10-17,0.0,0.80245,0.50577,flat
INDUSTOWER.NS,2023-12-31,2024-01-23,0.0,0.59189,0.48302,flat
INDUSTOWER.NS,2024-03-31,2024-04-22,0.0,0.15094,0.07621,flat
INDUSTOWER.NS,2024-06-30,2024-07-22,-16.99,-0.0479,-0.06352,sold
INDUSTOWER.NS,2024-09-04,2024-09-16,1.0,-0.1676,-0.14751,bought
INDUSTOWER.NS,2024-09-30,2024-10-22,0.0,0.05222,0.00847,flat
INDUSTOWER.NS,2024-12-31,2025-01-22,-3.01,0.23649,0.15525,sold
INDUSTOWER.NS,2025-03-31,2025-04-22,0.0,0.03256,-0.00303,flat
INFY.NS,2021-12-31,2022-01-13,0.0,-0.16763,-0.15143,flat
INFY.NS,2022-03-31,2022-04-20,-0.01,-0.21011,-0.21982,flat
INFY.NS,2022-06-30,2022-07-20,0.0,-0.08512,-0.2796,flat
INFY.NS,2022-09-30,2022-10-24,2.05,-0.0644,-0.16983,bought
INFY.NS,2022-12-31,2023-01-20,-0.05,0.11505,-0.17356,flat
INFY.NS,2023-03-31,2023-04-18,0.03,0.16587,-0.23303,flat
INFY.NS,2023-06-30,2023-07-24,-0.2,0.35424,0.01761,flat
INFY.NS,2023-09-30,2023-10-20,-0.05,0.28659,-0.03189,flat
INFY.NS,2023-12-31,2024-01-19,-0.11,0.16968,0.08608,flat
INFY.NS,2024-03-31,2024-04-22,-0.07,0.07824,0.00351,flat
INFY.NS,2024-06-30,2024-07-19,-0.1,-0.09934,-0.12449,flat
INFY.NS,2024-09-30,2024-10-17,-0.18,-0.20347,-0.21968,flat
INFY.NS,2024-12-31,2025-01-21,0.0,-0.04714,-0.12407,flat
INFY.NS,2025-03-31,2025-04-21,0.17,-0.1825,-0.21703,flat
INGERRAND.NS,2021-12-31,2022-01-20,0.0,0.50462,0.51693,flat
INGERRAND.NS,2022-03-31,2022-04-20,0.0,0.6079,0.5982,flat
INGERRAND.NS,2022-06-30,2022-07-21,0.0,0.79296,0.60542,flat
INGERRAND.NS,2022-09-30,2022-10-21,0.0,0.34598,0.23027,flat
INGERRAND.NS,2022-12-31,2023-01-23,0.0,0.63465,0.34201,flat
INGERRAND.NS,2023-03-31,2023-04-21,0.0,0.48457,0.06452,flat
INGERRAND.NS,2023-06-30,2023-07-20,0.0,0.604,0.22471,flat
INGERRAND.NS,2023-09-30,2023-10-20,0.0,0.46261,0.14413,flat
INGERRAND.NS,2023-12-31,2024-01-19,0.0,0.17905,0.09545,flat
INGERRAND.NS,2024-03-31,2024-04-19,0.0,-0.02364,-0.10785,flat
INGERRAND.NS,2024-06-30,2024-07-22,0.0,-0.00306,-0.01868,flat
INGERRAND.NS,2024-09-30,2024-10-21,0.0,-0.087,-0.11183,flat
INGERRAND.NS,2024-12-31,2025-01-21,0.0,-0.13944,-0.21637,flat
INGERRAND.NS,2025-03-31,2025-04-22,0.0,0.1907,0.15512,flat
INOXINDIA.NS,2023-12-31,2024-01-15,0.0,0.12154,0.03844,flat
INOXINDIA.NS,2024-03-31,2024-04-18,0.0,-0.2239,-0.29886,flat
INOXINDIA.NS,2024-06-30,2024-07-09,0.0,-0.13516,-0.14564,flat
INOXINDIA.NS,2024-09-30,2024-10-09,0.0,0.02727,0.04488,flat
INOXINDIA.NS,2024-12-31,2025-01-07,0.0,0.02658,-0.02573,flat
INOXINDIA.NS,2025-03-31,2025-04-15,0.0,0.55019,0.47822,flat
INOXWIND.NS,2021-12-31,2022-01-24,0.73,-0.17345,-0.18311,bought
INOXWIND.NS,2022-03-31,2022-04-18,0.0,-0.14112,-0.1414,flat
INOXWIND.NS,2022-05-25,2022-06-06,4.09,0.60154,0.46812,bought
INOXWIND.NS,2022-06-02,2022-06-13,0.6,0.83126,0.62813,bought
INOXWIND.NS,2022-06-30,2022-07-20,0.0,1.57962,1.38513,flat
INOXWIND.NS,2022-09-30,2022-10-20,0.0,0.39283,0.28343,flat
INOXWIND.NS,2022-12-31,2023-01-23,0.0,3.76581,3.47317,flat
INOXWIND.NS,2023-03-15,2023-03-27,-0.23,4.91711,4.45742,flat
INOXWIND.NS,2023-03-31,2023-04-21,0.0,5.29438,4.87433,flat
INOXWIND.NS,2023-06-30,2023-07-21,0.0,2.78938,2.41344,flat
INOXWIND.NS,2023-09-30,2023-10-18,-7.37,2.89188,2.57759,sold
INOXWIND.NS,2023-12-31,2024-01-12,-11.77,0.42029,0.33668,sold
INOXWIND.NS,2024-03-31,2024-04-18,0.0,0.26504,0.19008,flat
INOXWIND.NS,2024-05-27,2024-06-04,0.0,0.35226,0.20386,flat
INOXWIND.NS,2024-06-30,2024-07-18,-4.6,0.01713,0.01235,sold
INOXWIND.NS,2024-09-30,2024-10-16,0.0,-0.32106,-0.32469,flat
INOXWIND.NS,2024-12-31,2025-01-20,0.0,-0.38013,-0.42646,flat
INOXWIND.NS,2025-03-31,2025-04-21,0.0,-0.38451,-0.41904,flat
INTELLECT.NS,2021-12-31,2022-01-10,-0.05,-0.43752,-0.42787,flat
INTELLECT.NS,2022-03-31,2022-04-12,-0.05,-0.5334,-0.51342,flat
INTELLECT.NS,2022-06-30,2022-07-15,-0.1,-0.04708,-0.27006,flat
INTELLECT.NS,2022-09-30,2022-10-24,-0.1,0.33278,0.22735,flat
INTELLECT.NS,2022-12-31,2023-01-18,-0.02,1.06838,0.80279,flat
INTELLECT.NS,2023-03-31,2023-04-19,-0.04,1.55236,1.1394,flat
INTELLECT.NS,2023-06-30,2023-07-14,-0.1,0.57189,0.1826,flat
INTELLECT.NS,2023-09-30,2023-10-18,-0.08,0.06235,-0.25194,flat
INTELLECT.NS,2023-12-31,2024-01-18,-0.04,-0.00842,-0.0862,flat
INTELLECT.NS,2024-03-31,2024-04-18,-0.03,-0.24078,-0.31573,flat
INTELLECT.NS,2024-06-30,2024-07-22,-0.09,0.12322,0.10759,flat
INTELLECT.NS,2024-09-30,2024-10-17,-0.21,0.1127,0.09649,flat
INTELLECT.NS,2024-12-31,2025-01-20,-0.1,-0.01962,-0.06594,flat
INTELLECT.NS,2025-03-31,2025-04-21,-0.04,-0.02877,-0.0633,flat
IOB.NS,2021-12-31,2022-01-14,0.0,0.49282,0.51257,flat
IOB.NS,2022-03-31,2022-04-18,0.0,0.29412,0.29384,flat
IOB.NS,2022-06-30,2022-07-12,0.0,0.47887,0.24848,flat
IOB.NS,2022-09-30,2022-10-18,0.0,1.22286,1.10967,flat
IOB.NS,2022-12-31,2023-01-09,0.0,0.41329,0.15196,flat
IOB.NS,2023-03-31,2023-04-12,0.0,1.77851,1.39628,flat
IOB.NS,2023-06-30,2023-07-11,0.0,1.41632,1.04287,flat
IOB.NS,2023-09-30,2023-10-12,0.0,0.18646,-0.12477,flat
IOB.NS,2023-12-31,2024-01-08,0.0,0.16732,0.04904,flat
IOB.NS,2024-03-31,2024-04-22,0.0,-0.39717,-0.4719,flat
IOB.NS,2024-06-30,2024-07-09,0.0,-0.40177,-0.41224,flat
IOB.NS,2024-09-30,2024-10-07,0.0,-0.23473,-0.24145,flat
IOB.NS,2024-12-31,2025-01-07,0.0,-0.30953,-0.36184,flat
IOB.NS,2025-03-24,2025-04-02,-1.77,-0.07855,-0.1215,sold
IOB.NS,2025-03-31,2025-04-16,0.0,-0.03924,-0.0937,flat
IOC.NS,2021-12-31,2022-01-13,0.0,0.08781,0.10401,flat
IOC.NS,2022-03-31,2022-04-06,0.0,-0.04986,-0.02549,flat
IOC.NS,2022-06-30,2022-07-13,0.0,0.45072,0.20918,flat
IOC.NS,2022-07-04,2022-07-13,0.0,0.45072,0.20918,flat
IOC.NS,2022-09-30,2022-10-21,0.0,0.34843,0.23273,flat
IOC.NS,2022-12-31,2023-01-19,0.0,0.91349,0.62928,flat
IOC.NS,2023-03-31,2023-04-13,0.0,1.36956,0.98329,flat
IOC.NS,2023-06-30,2023-07-20,0.0,1.05547,0.67618,flat
IOC.NS,2023-09-30,2023-10-13,0.0,0.84732,0.53694,flat
IOC.NS,2023-12-31,2024-01-16,0.0,-0.06948,-0.1447,flat
IOC.NS,2024-03-31,2024-04-18,0.0,-0.16995,-0.2449,flat
IOC.NS,2024-06-30,2024-07-18,0.0,-0.10394,-0.10872,flat
IOC.NS,2024-09-30,2024-10-18,0.0,-0.07092,-0.08141,flat
IOC.NS,2024-12-31,2025-01-16,0.0,0.31763,0.25803,flat
IOC.NS,2025-03-31,2025-04-17,0.0,0.16117,0.1086,flat
IPCALAB.NS,2021-12-31,2022-01-11,0.0,-0.17705,-0.16256,flat
IPCALAB.NS,2022-03-31,2022-04-18,0.0,-0.18838,-0.18866,flat
IPCALAB.NS,2022-06-30,2022-07-19,0.0,-0.20964,-0.41768,flat
IPCALAB.NS,2022-09-30,2022-10-18,0.0,0.11176,-0.00143,flat
IPCALAB.NS,2022-12-31,2023-01-18,0.0,0.263,-0.0026,flat
IPCALAB.NS,2023-03-31,2023-04-17,0.0,0.63364,0.23351,flat
IPCALAB.NS,2023-06-30,2023-07-13,0.0,0.63912,0.26055,flat
IPCALAB.NS,2023-09-30,2023-10-17,0.0,0.64303,0.34635,flat
IPCALAB.NS,2023-12-31,2024-01-19,0.0,0.31588,0.23228,flat
IPCALAB.NS,2024-03-31,2024-04-18,0.01,0.0523,-0.02265,flat
IPCALAB.NS,2024-06-30,2024-07-16,0.0,0.20741,0.1999,flat
IPCALAB.NS,2024-09-30,2024-10-18,0.0,-0.22897,-0.23946,flat
IPCALAB.NS,2024-12-31,2025-01-10,-1.58,-0.07373,-0.15109,sold
IPCALAB.NS,2025-03-31,2025-04-11,0.0,0.12467,0.01679,flat
IRB.NS,2021-12-29,2021-12-31,-24.44,0.36119,0.33518,sold
IRB.NS,2021-12-31,2022-01-17,0.0,0.25793,0.28539,flat
IRB.NS,2022-03-31,2022-04-18,0.0,0.06695,0.06668,flat
IRB.NS,2022-06-30,2022-07-15,0.18,0.23355,0.01057,flat
IRB.NS,2022-09-30,2022-10-19,0.0,0.36881,0.27013,flat
IRB.NS,2022-12-31,2023-01-19,0.0,1.17909,0.89488,flat
IRB.NS,2023-03-31,2023-04-17,0.0,1.52428,1.12416,flat
IRB.NS,2023-06-30,2023-07-19,0.01,1.55339,1.16543,flat
IRB.NS,2023-09-30,2023-10-18,0.18,0.5074,0.19311,flat
IRB.NS,2023-12-31,2024-01-18,0.0,0.07813,0.00036,flat
IRB.NS,2024-03-31,2024-04-18,0.0,-0.27671,-0.35166,flat
IRB.NS,2024-06-30,2024-07-11,-3.97,-0.28061,-0.30092,sold
IRB.NS,2024-09-30,2024-10-17,0.0,-0.249,-0.26521,flat
IRB.NS,2024-12-31,2025-01-15,0.0,-0.23356,-0.29314,flat
IRB.NS,2025-03-31,2025-04-22,0.0,-0.10047,-0.13605,flat
IRCON.NS,2021-12-31,2022-01-14,0.0,0.32867,0.34842,flat
IRCON.NS,2022-03-31,2022-04-12,0.0,0.52309,0.54307,flat
IRCON.NS,2022-06-30,2022-07-12,0.0,1.41641,1.18602,flat
IRCON.NS,2022-09-30,2022-10-21,0.0,2.53776,2.42205,flat
IRCON.NS,2022-12-31,2023-01-10,0.0,2.55491,2.28806,flat
IRCON.NS,2023-03-31,2023-04-13,0.0,3.19188,2.80561,flat
IRCON.NS,2023-06-30,2023-07-14,0.0,2.47692,2.08763,flat
IRCON.NS,2023-09-30,2023-10-11,0.0,0.48065,0.17002,flat
IRCON.NS,2023-12-31,2024-01-10,-8.01,0.1499,0.03251,sold
IRCON.NS,2024-03-31,2024-04-15,0.0,-0.22858,-0.31447,flat
IRCON.NS,2024-06-30,2024-07-12,0.0,-0.42767,-0.44171,flat
IRCON.NS,2024-09-30,2024-10-16,0.0,-0.22345,-0.22708,flat
IRCON.NS,2024-12-31,2025-01-08,0.0,-0.20071,-0.25688,flat
IRCON.NS,2025-03-31,2025-04-08,0.0,0.03265,-0.0838,flat
IRCTC.NS,2021-10-29,2021-11-18,0.0,-0.18382,-0.20854,flat
IRCTC.NS,2021-12-31,2022-01-12,0.0,-0.25208,-0.23474,flat
IRCTC.NS,2022-03-31,2022-04-11,0.0,-0.2371,-0.20652,flat
IRCTC.NS,2022-06-30,2022-07-18,0.0,0.0335,-0.17476,flat
IRCTC.NS,2022-09-30,2022-10-21,0.0,-0.10027,-0.21598,flat
IRCTC.NS,2022-12-31,2023-01-13,-5.0,0.53164,0.26415,sold
IRCTC.NS,2023-03-31,2023-04-19,0.0,0.73455,0.32159,flat
IRCTC.NS,2023-06-30,2023-07-17,0.0,0.59569,0.20913,flat
IRCTC.NS,2023-09-30,2023-10-17,0.0,0.15814,-0.13854,flat
IRCTC.NS,2023-12-31,2024-01-12,0.0,-0.18227,-0.26588,flat
IRCTC.NS,2024-03-31,2024-04-19,0.0,-0.2194,-0.30361,flat
IRCTC.NS,2024-06-30,2024-07-18,0.0,-0.23696,-0.24174,flat
IRCTC.NS,2024-09-30,2024-10-17,0.0,-0.16651,-0.18272,flat
IRCTC.NS,2024-12-31,2025-01-13,0.0,-0.14288,-0.24316,flat
IRCTC.NS,2025-03-31,2025-04-16,0.0,-0.27836,-0.33282,flat
IREDA.NS,2023-12-31,2024-01-18,0.0,0.51556,0.43779,flat
IREDA.NS,2024-03-31,2024-04-18,0.0,0.02697,-0.04799,flat
IREDA.NS,2024-06-30,2024-07-11,0.0,-0.4359,-0.45621,flat
IREDA.NS,2024-09-30,2024-10-09,0.0,-0.33146,-0.31385,flat
IREDA.NS,2024-12-31,2025-01-16,0.0,-0.36368,-0.42328,flat
IREDA.NS,2025-03-31,2025-04-11,0.0,-0.08434,-0.19221,flat
IREDA.NS,2025-06-11,2025-06-13,-3.24,-0.23481,-0.23939,sold
IRFC.NS,2021-12-31,2022-01-17,0.0,0.45862,0.48608,flat
IRFC.NS,2022-03-31,2022-04-18,0.0,0.42352,0.42325,flat
IRFC.NS,2022-06-30,2022-07-18,0.0,0.80299,0.59472,flat
IRFC.NS,2022-09-30,2022-10-21,0.0,2.54226,2.42655,flat
IRFC.NS,2022-12-31,2023-01-20,0.0,4.23366,3.94506,flat
IRFC.NS,2023-03-31,2023-04-17,0.0,4.56075,4.16062,flat
IRFC.NS,2023-06-30,2023-07-19,0.0,5.01066,4.6227,flat
IRFC.NS,2023-09-30,2023-10-19,0.0,1.03413,0.71991,flat
IRFC.NS,2023-12-31,2024-01-18,0.0,-0.04881,-0.12658,flat
IRFC.NS,2024-03-31,2024-04-19,0.0,-0.08393,-0.16814,flat
IRFC.NS,2024-06-30,2024-07-22,0.0,-0.32653,-0.34215,flat
IRFC.NS,2024-09-30,2024-10-21,0.0,-0.12946,-0.15429,flat
IRFC.NS,2024-12-31,2025-01-20,0.0,-0.2072,-0.25352,flat
IRFC.NS,2025-03-31,2025-04-21,0.0,-0.18469,-0.21922,flat
ITC.NS,2021-12-31,2022-01-19,0.0,0.61359,0.61901,flat
ITC.NS,2022-03-31,2022-04-12,0.0,0.57394,0.59392,flat
ITC.NS,2022-06-30,2022-07-20,0.0,0.62068,0.4262,flat
ITC.NS,2022-09-30,2022-10-21,0.0,0.29436,0.17865,flat
ITC.NS,2022-12-31,2023-01-16,0.0,0.43404,0.16697,flat
ITC.NS,2023-03-31,2023-04-12,0.0,0.1321,-0.25013,flat
ITC.NS,2023-06-30,2023-07-20,0.0,0.03723,-0.34206,flat
ITC.NS,2023-09-30,2023-10-18,0.0,0.11708,-0.19721,flat
ITC.NS,2023-12-31,2024-01-17,0.0,0.01281,-0.06023,flat
ITC.NS,2024-03-31,2024-04-19,0.0,0.08459,0.00038,flat
ITC.NS,2024-06-30,2024-07-19,0.0,-0.06059,-0.08574,flat
ITC.NS,2024-09-30,2024-10-18,0.0,-0.07996,-0.09045,flat
ITC.NS,2024-12-31,2025-01-17,0.0,-0.23999,-0.28731,flat
ITC.NS,2025-03-31,2025-04-17,0.0,-0.26054,-0.31311,flat
ITCHOTELS.NS,2025-03-31,2025-04-22,0.0,-0.21923,-0.25481,flat
ITDC.NS,2021-12-31,2022-01-13,0.0,-0.05243,-0.03623,flat
ITDC.NS,2022-03-31,2022-04-18,0.0,-0.19013,-0.19041,flat
ITDC.NS,2022-06-30,2022-07-13,0.0,0.14028,-0.10126,flat
ITDC.NS,2022-09-30,2022-10-11,0.0,0.4468,0.26028,flat
ITDC.NS,2022-12-31,2023-01-10,0.0,0.63859,0.37174,flat
ITDC.NS,2023-03-31,2023-04-17,0.0,1.18123,0.7811,flat
ITDC.NS,2023-06-30,2023-07-14,0.0,1.54981,1.16052,flat
ITDC.NS,2023-09-30,2023-10-13,0.0,0.51305,0.20267,flat
ITDC.NS,2023-12-31,2024-01-11,0.0,0.26774,0.17334,flat
ITDC.NS,2024-03-31,2024-04-09,0.0,-0.11633,-0.15917,flat
ITDC.NS,2024-06-30,2024-07-10,0.0,-0.2557,-0.27622,flat
ITDC.NS,2024-09-30,2024-10-09,0.0,-0.06677,-0.04916,flat
ITDC.NS,2024-12-31,2025-01-10,0.0,-0.0944,-0.17176,flat
ITDC.NS,2025-03-31,2025-04-21,0.0,-0.00852,-0.04305,flat
ITI.NS,2022-03-31,2022-04-08,-0.09,-0.09421,-0.06518,flat
ITI.NS,2022-05-25,2022-05-30,0.09,0.16631,0.04587,flat
ITI.NS,2022-06-30,2022-07-14,0.0,0.01292,-0.22074,flat
ITI.NS,2022-09-28,2022-09-30,0.08,1.03888,0.88389,flat
ITI.NS,2022-09-30,2022-10-20,-0.08,1.58927,1.47986,flat
ITI.NS,2022-12-31,2023-01-19,0.08,2.23884,1.95463,flat
ITI.NS,2023-03-31,2023-04-10,0.0,1.70961,1.33135,flat
ITI.NS,2023-05-11,2023-05-18,0.11,1.78053,1.3968,flat
ITI.NS,2023-06-30,2023-07-12,0.0,1.82778,1.45037,flat
ITI.NS,2023-09-30,2023-10-09,0.0,0.11651,-0.25207,flat
ITI.NS,2023-12-31,2024-01-08,0.0,0.28366,0.16537,flat
ITI.NS,2024-03-31,2024-04-09,-0.28,-0.0078,-0.05065,flat
ITI.NS,2024-06-30,2024-07-22,0.0,0.01255,-0.00308,flat
ITI.NS,2024-09-30,2024-10-16,0.0,0.36766,0.36402,flat
ITI.NS,2024-12-31,2025-01-13,0.0,-0.29244,-0.39272,flat
ITI.NS,2025-03-31,2025-04-21,0.0,0.13223,0.0977,flat
ITI.NS,2025-05-27,2025-05-29,0.02,-0.18789,-0.15781,flat
JAGRAN.NS,2021-12-31,2022-01-19,0.0,0.1032,0.10863,flat
JAGRAN.NS,2022-03-31,2022-04-18,0.0,0.05322,0.05294,flat
JAGRAN.NS,2022-06-30,2022-07-18,0.01,1.06177,0.8535,flat
JAGRAN.NS,2022-09-30,2022-10-21,0.0,0.63064,0.51493,flat
JAGRAN.NS,2022-12-31,2023-01-17,0.0,0.31003,0.02973,flat
JAGRAN.NS,2023-03-28,2023-04-06,-0.41,0.40069,0.02361,flat
JAGRAN.NS,2023-03-31,2023-04-10,0.0,0.35778,-0.02048,flat
JAGRAN.NS,2023-06-30,2023-07-17,0.0,0.12736,-0.2592,flat
JAGRAN.NS,2023-09-30,2023-10-11,0.0,-0.13168,-0.44231,flat
JAGRAN.NS,2023-12-31,2024-01-08,0.0,-0.21174,-0.33003,flat
JAGRAN.NS,2024-03-31,2024-04-08,0.0,-0.23133,-0.25944,flat
JAGRAN.NS,2024-06-30,2024-07-09,0.0,-0.13614,-0.14662,flat
JAGRAN.NS,2024-09-30,2024-10-11,0.0,-0.17259,-0.17058,flat
JAGRAN.NS,2024-12-31,2025-01-09,0.0,-0.09068,-0.15551,flat
JAGRAN.NS,2025-03-31,2025-04-11,0.0,0.03146,-0.07641,flat
JAICORPLTD.NS,2021-12-31,2022-01-10,0.0,0.0806,0.09024,flat
JAICORPLTD.NS,2022-03-31,2022-04-19,0.0,0.15183,0.13628,flat
JAICORPLTD.NS,2022-06-30,2022-07-15,0.0,0.53629,0.3133,flat
JAICORPLTD.NS,2022-09-30,2022-10-20,0.0,0.58767,0.47826,flat
JAICORPLTD.NS,2022-12-31,2023-01-18,0.0,1.58094,1.31534,flat
JAICORPLTD.NS,2023-03-31,2023-04-20,0.78,1.20477,0.79193,bought
JAICORPLTD.NS,2023-06-30,2023-07-20,0.0,1.18161,0.80232,flat
JAICORPLTD.NS,2023-09-30,2023-10-12,0.0,0.40652,0.09529,flat
JAICORPLTD.NS,2023-12-31,2024-01-09,0.0,-0.61641,-0.73053,flat
JAICORPLTD.NS,2024-03-31,2024-04-18,0.0,-0.69366,-0.76861,flat
JAICORPLTD.NS,2024-06-30,2024-07-09,0.0,-0.7253,-0.73577,flat
JAICORPLTD.NS,2024-09-30,2024-10-21,0.0,-0.51818,-0.54301,flat
JAICORPLTD.NS,2024-12-31,2025-01-15,0.13,-0.2896,-0.34917,flat
JAICORPLTD.NS,2025-03-31,2025-04-09,0.0,0.44622,0.31429,flat
JAMNAAUTO.NS,2021-12-31,2022-01-13,0.0,-0.04354,-0.02734,flat
JAMNAAUTO.NS,2022-03-31,2022-04-21,-0.02,-0.04937,-0.05077,flat
JAMNAAUTO.NS,2022-06-30,2022-07-14,0.0,-0.12739,-0.36104,flat
JAMNAAUTO.NS,2022-09-30,2022-10-24,0.0,-0.01749,-0.12291,flat
JAMNAAUTO.NS,2022-12-31,2023-01-18,0.0,0.12704,-0.13856,flat
JAMNAAUTO.NS,2023-03-31,2023-04-17,-0.03,0.36329,-0.03683,flat
JAMNAAUTO.NS,2023-06-30,2023-07-14,0.0,0.23659,-0.1527,flat
JAMNAAUTO.NS,2023-09-30,2023-10-16,0.0,-0.09239,-0.38596,flat
JAMNAAUTO.NS,2023-12-31,2024-01-11,0.0,-0.16288,-0.25728,flat
JAMNAAUTO.NS,2024-03-31,2024-04-10,-0.01,-0.40244,-0.45458,flat
JAMNAAUTO.NS,2024-06-30,2024-07-12,0.0,-0.21703,-0.23107,flat
JAMNAAUTO.NS,2024-09-30,2024-10-16,0.0,-0.20024,-0.20388,flat
JAMNAAUTO.NS,2024-12-31,2025-01-21,0.0,0.3235,0.24657,flat
JAMNAAUTO.NS,2025-03-31,2025-04-17,0.0,0.64068,0.58811,flat
JBCHEPHARM.NS,2021-12-31,2022-01-17,-1.91,0.12781,0.15527,sold
JBCHEPHARM.NS,2022-03-31,2022-04-20,0.0,0.2798,0.2701,flat
JBCHEPHARM.NS,2022-06-30,2022-07-15,0.0,0.50188,0.27889,flat
JBCHEPHARM.NS,2022-09-30,2022-10-20,-0.04,0.44405,0.33464,flat
JBCHEPHARM.NS,2022-12-31,2023-01-19,-0.01,0.7074,0.42319,flat
JBCHEPHARM.NS,2023-03-31,2023-04-21,-0.02,0.76921,0.34916,flat
JBCHEPHARM.NS,2023-06-30,2023-07-20,-0.02,0.53897,0.15968,flat
JBCHEPHARM.NS,2023-09-30,2023-10-19,-0.05,0.41641,0.10219,flat
JBCHEPHARM.NS,2023-12-31,2024-01-23,-0.03,0.06012,-0.04875,flat
JBCHEPHARM.NS,2024-03-31,2024-04-22,-0.05,-0.10571,-0.18044,flat
JBCHEPHARM.NS,2024-06-30,2024-07-22,-0.01,-0.05633,-0.07196,flat
JBCHEPHARM.NS,2024-09-30,2024-10-21,-0.03,-0.09953,-0.12437,flat
JBCHEPHARM.NS,2024-12-31,2025-01-21,-0.08,0.04466,-0.03227,flat
JBCHEPHARM.NS,2025-03-31,2025-04-22,-5.82,0.25784,0.22226,sold
JBMA.NS,2021-12-31,2022-01-21,0.0,-0.19201,-0.17185,flat
JBMA.NS,2022-03-31,2022-04-20,-0.01,0.44679,0.43709,flat
JBMA.NS,2022-06-30,2022-07-19,0.0,2.24484,2.0368,flat
JBMA.NS,2022-09-30,2022-10-21,0.0,1.97469,1.85898,flat
JBMA.NS,2022-12-31,2023-01-17,0.0,2.47071,2.19041,flat
JBMA.NS,2023-03-31,2023-04-19,0.0,1.34615,0.93319,flat
JBMA.NS,2023-06-30,2023-07-19,0.0,0.46605,0.07809,flat
JBMA.NS,2023-09-30,2023-10-12,0.0,0.32412,0.0129,flat
JBMA.NS,2023-12-31,2024-01-15,0.0,-0.17137,-0.25447,flat
JBMA.NS,2024-03-31,2024-04-16,0.0,-0.20135,-0.28741,flat
JBMA.NS,2024-06-30,2024-07-15,0.0,-0.39498,-0.3978,flat
JBMA.NS,2024-09-30,2024-10-17,0.0,-0.23177,-0.24798,flat
JBMA.NS,2024-12-31,2025-01-16,0.0,-0.26748,-0.32708,flat
JBMA.NS,2025-03-31,2025-04-17,0.0,-0.10142,-0.15399,flat
JINDALSAW.NS,2016-03-31,2016-04-20,0.0,0.80323,0.56426,flat
JINDALSAW.NS,2016-06-30,2016-07-19,1.85,0.9328,0.71401,bought
JINDALSAW.NS,2016-09-30,2016-10-17,0.0,0.90418,0.68908,flat
JINDALSAW.NS,2016-12-31,2017-01-12,0.0,1.78478,1.44535,flat
JINDALSAW.NS,2017-03-31,2017-04-17,0.0,0.61554,0.45327,flat
JINDALSAW.NS,2017-06-30,2017-07-14,0.0,-0.1368,-0.20958,flat
JINDALSAW.NS,2017-09-30,2017-10-13,0.0,-0.40103,-0.36072,flat
JINDALSAW.NS,2017-12-31,2018-01-15,0.0,-0.55082,-0.48577,flat
JINDALSAW.NS,2018-03-31,2018-04-17,0.0,-0.36311,-0.40163,flat
JINDALSAW.NS,2018-06-30,2018-07-19,0.0,-0.0753,-0.04276,flat
JINDALSAW.NS,2021-09-30,2021-10-20,0.01,-0.30653,-0.28016,flat
JINDALSAW.NS,2021-12-31,2022-01-17,0.0,0.06232,0.08978,flat
JINDALSAW.NS,2022-03-31,2022-04-20,0.0,0.67025,0.66054,flat
JINDALSAW.NS,2022-06-30,2022-07-19,0.0,3.72446,3.51642,flat
JINDALSAW.NS,2022-09-30,2022-10-19,0.0,3.86442,3.76575,flat
JINDALSAW.NS,2022-12-31,2023-01-20,0.0,3.44675,3.15814,flat
JINDALSAW.NS,2023-03-31,2023-04-10,0.23,2.00832,1.63007,flat
JINDALSAW.NS,2023-06-30,2023-07-20,0.01,0.83562,0.45634,flat
JINDALSAW.NS,2023-09-30,2023-10-19,0.0,0.59649,0.28227,flat
JINDALSAW.NS,2023-12-31,2024-01-12,0.0,0.04092,-0.04269,flat
JINDALSAW.NS,2024-03-31,2024-04-12,0.01,0.06489,0.00032,flat
JINDALSAW.NS,2024-06-30,2024-07-15,0.01,-0.1715,-0.17431,flat
JINDALSAW.NS,2024-09-30,2024-10-17,0.0,-0.48444,-0.50065,flat
JINDALSAW.NS,2024-12-31,2025-01-21,0.0,-0.29146,-0.36839,flat
JINDALSAW.NS,2025-03-31,2025-04-21,0.0,-0.10479,-0.13932,flat
JINDALSTEL.NS,2020-06-30,2020-07-20,0.0,1.2201,0.69867,flat
JINDALSTEL.NS,2020-09-30,2020-10-15,-0.01,1.37179,0.75005,flat
JINDALSTEL.NS,2020-12-31,2021-01-19,0.0,0.27256,0.03467,flat
JINDALSTEL.NS,2021-03-31,2021-04-22,0.0,0.22519,0.00891,flat
JINDALSTEL.NS,2021-06-30,2021-07-22,0.0,-0.08088,-0.11535,flat
JINDALSTEL.NS,2021-09-30,2021-10-21,0.0,0.08963,0.10534,flat
JINDALSTEL.NS,2021-12-31,2022-01-21,-0.03,0.46167,0.48183,flat
JINDALSTEL.NS,2022-03-31,2022-04-21,0.01,0.07656,0.07515,flat
JINDALSTEL.NS,2022-06-30,2022-07-21,-0.01,0.84819,0.66064,flat
JINDALSTEL.NS,2022-09-30,2022-10-21,0.76,0.47426,0.35855,bought
JINDALSTEL.NS,2022-12-31,2023-01-19,0.0,0.25569,-0.02852,flat
JINDALSTEL.NS,2023-03-31,2023-04-20,0.0,0.59531,0.18248,flat
JINDALSTEL.NS,2023-06-30,2023-07-18,0.0,0.54477,0.15543,flat
JINDALSTEL.NS,2023-09-30,2023-10-18,0.0,0.34167,0.02738,flat
JINDALSTEL.NS,2023-12-31,2024-01-23,0.0,0.21184,0.10297,flat
JINDALSTEL.NS,2024-03-31,2024-04-18,0.0,-0.01345,-0.08841,flat
JINDALSTEL.NS,2024-06-30,2024-07-22,-0.01,0.05243,0.03681,flat
JINDALSTEL.NS,2024-09-30,2024-10-21,0.0,0.0921,0.06727,flat
JINDALSTEL.NS,2024-12-31,2025-01-21,0.0,0.22061,0.14368,flat
JINDALSTEL.NS,2025-03-31,2025-04-22,1.03,0.34522,0.30963,bought
JINDWORLD.NS,2021-12-31,2022-01-24,0.05,0.19681,0.18715,flat
JINDWORLD.NS,2022-03-31,2022-04-19,0.0,0.01022,-0.00534,flat
JINDWORLD.NS,2022-06-30,2022-07-22,0.0,0.39519,0.2053,flat
JINDWORLD.NS,2022-09-30,2022-10-24,0.0,0.23084,0.12541,flat
JINDWORLD.NS,2022-12-31,2023-01-11,0.0,-0.37209,-0.65344,flat
JINDWORLD.NS,2023-03-31,2023-04-10,0.0,-0.05524,-0.4335,flat
JINDWORLD.NS,2023-06-30,2023-07-21,0.0,0.15551,-0.22044,flat
JINDWORLD.NS,2023-09-30,2023-10-10,-0.01,-0.17604,-0.52047,flat
JINDWORLD.NS,2023-12-31,2024-01-11,0.0,0.28028,0.18588,flat
JINDWORLD.NS,2024-03-31,2024-04-19,-1.0,0.02884,-0.05537,sold
JINDWORLD.NS,2024-06-30,2024-07-22,0.0,-0.46556,-0.48118,flat
JINDWORLD.NS,2024-09-30,2024-10-21,-0.5,-0.38955,-0.41438,sold
JINDWORLD.NS,2024-12-31,2025-01-14,-0.01,-0.68612,-0.75435,flat
JINDWORLD.NS,2025-03-31,2025-04-21,0.0,-0.62076,-0.65529,flat
JIOFIN.NS,2023-09-30,2023-10-23,0.97,0.5789,0.22749,bought
JIOFIN.NS,2023-12-31,2024-01-23,0.35,-0.02329,-0.13217,flat
JIOFIN.NS,2024-03-31,2024-04-22,0.0,-0.32681,-0.40154,flat
JIOFIN.NS,2024-06-30,2024-07-19,0.0,-0.07173,-0.09689,flat
JIOFIN.NS,2024-09-30,2024-10-21,0.0,-0.06471,-0.08954,flat
JIOFIN.NS,2024-12-31,2025-01-15,0.0,-0.03208,-0.09166,flat
JIOFIN.NS,2025-03-31,2025-04-22,0.0,0.00216,-0.03342,flat
JKCEMENT.NS,2021-12-31,2022-01-18,-6.12,-0.1957,-0.18479,sold
JKCEMENT.NS,2022-03-31,2022-04-19,-5.68,0.08321,0.06766,sold
JKCEMENT.NS,2022-06-30,2022-07-15,0.02,0.45354,0.23056,flat
JKCEMENT.NS,2022-09-30,2022-10-21,0.0,0.16785,0.05214,flat
JKCEMENT.NS,2022-12-31,2023-01-17,-0.01,0.46824,0.18794,flat
JKCEMENT.NS,2023-03-31,2023-04-12,0.0,0.39751,0.01528,flat
JKCEMENT.NS,2023-06-30,2023-07-20,-0.03,0.39001,0.01072,flat
JKCEMENT.NS,2023-09-30,2023-10-12,0.0,0.30069,-0.01053,flat
JKCEMENT.NS,2023-12-31,2024-01-16,-0.1,0.15704,0.08182,flat
JKCEMENT.NS,2024-03-31,2024-04-18,0.0,0.27791,0.20296,flat
JKCEMENT.NS,2024-06-30,2024-07-10,0.0,0.47416,0.45364,flat
JKCEMENT.NS,2024-09-30,2024-10-09,-0.02,0.55682,0.57443,flat
JKCEMENT.NS,2024-12-31,2025-01-20,0.0,0.21951,0.17319,flat
JKCEMENT.NS,2025-03-31,2025-04-21,0.0,0.08528,0.05075,flat
JKLAKSHMI.NS,2021-12-31,2022-01-11,0.0,0.28397,0.29846,flat
JKLAKSHMI.NS,2022-03-31,2022-04-20,0.3,0.78728,0.77757,flat
JKLAKSHMI.NS,2022-06-30,2022-07-18,0.0,0.58504,0.37677,flat
JKLAKSHMI.NS,2022-09-30,2022-10-21,0.0,0.30786,0.19215,flat
JKLAKSHMI.NS,2022-12-31,2023-01-19,0.0,0.29168,0.00747,flat
JKLAKSHMI.NS,2023-03-31,2023-04-19,0.0,0.04107,-0.37189,flat
JKLAKSHMI.NS,2023-06-30,2023-07-24,0.0,0.21916,-0.11747,flat
JKLAKSHMI.NS,2023-09-30,2023-10-23,0.0,0.26761,-0.0838,flat
JKLAKSHMI.NS,2023-12-31,2024-01-19,0.0,-0.0613,-0.1449,flat
JKLAKSHMI.NS,2024-03-31,2024-04-19,0.03,0.00485,-0.07936,flat
JKLAKSHMI.NS,2024-06-30,2024-07-18,0.0,0.18388,0.1791,flat
JKLAKSHMI.NS,2024-09-30,2024-10-21,0.0,0.05481,0.02998,flat
JKLAKSHMI.NS,2024-12-31,2025-01-14,0.0,0.03606,-0.03217,flat
JKLAKSHMI.NS,2025-03-31,2025-04-21,0.0,-0.18031,-0.21484,flat
JKPAPER.NS,2021-12-31,2022-01-17,0.0,0.88282,0.91028,flat
JKPAPER.NS,2022-03-31,2022-04-20,0.11,0.10727,0.09757,flat
JKPAPER.NS,2022-06-30,2022-07-20,0.0,0.00406,-0.19043,flat
JKPAPER.NS,2022-09-30,2022-10-21,0.0,0.0159,-0.0998,flat
JKPAPER.NS,2022-12-31,2023-01-23,0.0,0.03535,-0.25729,flat
JKPAPER.NS,2023-03-31,2023-04-18,0.0,0.04842,-0.35048,flat
JKPAPER.NS,2023-06-30,2023-07-20,0.0,0.57237,0.19308,flat
JKPAPER.NS,2023-09-30,2023-10-20,0.0,0.17506,-0.14342,flat
JKPAPER.NS,2023-12-31,2024-01-23,0.0,-0.1002,-0.20907,flat
JKPAPER.NS,2024-03-31,2024-04-10,0.0,-0.06946,-0.1216,flat
JKPAPER.NS,2024-06-30,2024-07-12,0.0,-0.28776,-0.3018,flat
JKPAPER.NS,2024-09-30,2024-10-16,0.0,-0.21468,-0.21831,flat
JKPAPER.NS,2024-12-31,2025-01-20,0.0,-0.24319,-0.28951,flat
JKPAPER.NS,2025-03-31,2025-04-11,0.0,0.21576,0.10788,flat
JKTYRE.NS,2021-12-31,2022-01-17,0.0,0.29305,0.3205,flat
JKTYRE.NS,2022-03-31,2022-04-19,0.33,0.35681,0.34126,flat
JKTYRE.NS,2022-06-30,2022-07-20,0.0,1.16535,0.97086,flat
JKTYRE.NS,2022-09-30,2022-10-21,0.0,0.81742,0.70171,flat
JKTYRE.NS,2022-12-31,2023-01-20,0.0,1.97248,1.68387,flat
JKTYRE.NS,2023-03-31,2023-04-20,0.0,1.5454,1.13257,flat
JKTYRE.NS,2023-06-30,2023-07-21,0.0,0.7908,0.41485,flat
JKTYRE.NS,2023-09-30,2023-10-23,0.0,0.34778,-0.00363,flat
JKTYRE.NS,2023-12-23,2024-01-02,-3.13,-0.08044,-0.20303,sold
JKTYRE.NS,2023-12-31,2024-01-19,0.0,-0.28093,-0.36453,flat
JKTYRE.NS,2024-03-31,2024-04-22,0.0,-0.24848,-0.32321,flat
JKTYRE.NS,2024-06-30,2024-07-22,0.0,-0.19021,-0.20584,flat
JKTYRE.NS,2024-09-16,2024-09-23,-2.58,-0.14389,-0.07555,sold
JKTYRE.NS,2024-09-30,2024-10-22,0.0,0.09899,0.05524,flat
JKTYRE.NS,2024-12-31,2025-01-21,0.0,0.42831,0.35138,flat
JKTYRE.NS,2025-03-31,2025-04-21,0.0,0.29694,0.26241,flat
JMFINANCIL.NS,2021-12-31,2022-01-20,0.46,-0.0494,-0.03709,flat
JMFINANCIL.NS,2022-03-31,2022-04-22,0.15,-0.11772,-0.13952,flat
JMFINANCIL.NS,2022-06-30,2022-07-20,-0.01,0.22372,0.02923,flat
JMFINANCIL.NS,2022-09-30,2022-10-21,0.6,0.27029,0.15459,bought
JMFINANCIL.NS,2022-12-31,2023-01-23,0.0,0.60742,0.31478,flat
JMFINANCIL.NS,2023-03-31,2023-04-21,0.48,0.4047,-0.01535,flat
JMFINANCIL.NS,2023-06-30,2023-07-21,-0.02,0.44439,0.06844,flat
JMFINANCIL.NS,2023-09-30,2023-10-20,0.0,0.6529,0.33442,flat
JMFINANCIL.NS,2023-12-31,2024-01-19,-0.03,0.02142,-0.06218,flat
JMFINANCIL.NS,2024-03-31,2024-04-16,0.0,0.30588,0.21982,flat
JMFINANCIL.NS,2024-06-30,2024-07-22,-0.01,0.89909,0.88346,flat
JMFINANCIL.NS,2024-09-30,2024-10-22,0.0,0.25513,0.21138,flat
JMFINANCIL.NS,2024-12-31,2025-01-22,0.0,0.16359,0.08235,flat
JMFINANCIL.NS,2025-03-31,2025-04-22,0.07,0.33146,0.29588,flat
JPPOWER.NS,2021-12-31,2022-01-12,0.0,-0.29952,-0.28217,flat
JPPOWER.NS,2022-03-31,2022-04-08,-2.02,-0.29697,-0.26794,sold
JPPOWER.NS,2022-06-30,2022-07-18,0.0,-0.04762,-0.25589,flat
JPPOWER.NS,2022-09-30,2022-10-19,0.0,0.12658,0.02791,flat
JPPOWER.NS,2022-12-31,2023-01-11,0.0,1.18493,0.90358,flat
JPPOWER.NS,2023-03-31,2023-04-11,0.0,1.97436,1.59045,flat
JPPOWER.NS,2023-06-30,2023-07-17,0.0,2.20992,1.82335,flat
JPPOWER.NS,2023-09-30,2023-10-16,0.0,0.89312,0.59955,flat
JPPOWER.NS,2023-12-31,2024-01-10,0.0,0.03425,-0.08314,flat
JPPOWER.NS,2024-03-31,2024-04-10,0.0,-0.11755,-0.16969,flat
JPPOWER.NS,2024-06-30,2024-07-09,0.0,0.41234,0.40187,flat
JPPOWER.NS,2024-09-30,2024-10-09,0.0,-0.18888,-0.17128,flat
JPPOWER.NS,2024-12-31,2025-01-14,0.0,-0.05929,-0.12752,flat
JPPOWER.NS,2025-03-31,2025-04-15,0.0,0.30275,0.23078,flat
JSL.NS,2021-12-31,2022-01-14,0.0,0.19878,0.21853,flat
JSL.NS,2022-03-28,2022-04-01,1.27,0.40809,0.42775,bought
JSL.NS,2022-03-31,2022-04-18,0.0,0.32332,0.32305,flat
JSL.NS,2022-06-30,2022-07-11,0.23,2.36803,2.15307,flat
JSL.NS,2022-09-30,2022-10-20,0.0,2.43297,2.32356,flat
JSL.NS,2022-12-31,2023-01-17,0.0,1.28577,1.00547,flat
JSL.NS,2023-03-16,2023-03-27,-12.16,1.43222,0.97253,sold
JSL.NS,2023-03-31,2023-04-21,0.0,1.7625,1.34246,flat
JSL.NS,2023-06-30,2023-07-18,0.0,1.13717,0.74784,flat
JSL.NS,2023-09-30,2023-10-19,0.0,0.51652,0.2023,flat
JSL.NS,2023-12-31,2024-01-18,0.75,0.08677,0.009,bought
JSL.NS,2024-03-31,2024-04-22,1.8,-0.20159,-0.27632,bought
JSL.NS,2024-06-30,2024-07-18,0.0,-0.12984,-0.13462,flat
JSL.NS,2024-09-30,2024-10-18,0.0,0.08405,0.07356,flat
JSL.NS,2024-12-31,2025-01-16,0.22,0.21539,0.15579,flat
JSL.NS,2025-03-31,2025-04-17,0.17,0.37742,0.32485,flat
JSWDULUX.NS,2021-12-31,2022-01-12,0.0,0.18732,0.20466,flat
JSWDULUX.NS,2022-03-31,2022-04-07,0.0,0.25429,0.27383,flat
JSWDULUX.NS,2022-06-30,2022-07-18,0.0,0.40362,0.19535,flat
JSWDULUX.NS,2022-09-30,2022-10-19,0.0,0.16003,0.06136,flat
JSWDULUX.NS,2022-12-31,2023-01-19,0.0,0.15742,-0.12678,flat
JSWDULUX.NS,2023-03-31,2023-04-17,0.0,0.09545,-0.30467,flat
JSWDULUX.NS,2023-06-30,2023-07-06,0.0,0.22399,-0.16625,flat
JSWDULUX.NS,2023-09-30,2023-10-19,0.0,0.59061,0.27639,flat
JSWDULUX.NS,2023-12-31,2024-01-18,0.0,0.40905,0.33128,flat
JSWDULUX.NS,2024-03-31,2024-04-18,0.0,0.51637,0.44141,flat
JSWDULUX.NS,2024-06-30,2024-07-16,0.0,0.25768,0.25017,flat
JSWDULUX.NS,2024-09-30,2024-10-16,0.0,-0.11921,-0.12284,flat
JSWDULUX.NS,2024-12-31,2025-01-16,0.0,-0.17479,-0.23439,flat
JSWDULUX.NS,2025-03-31,2025-04-16,0.0,-0.1171,-0.17156,flat
JSWENERGY.NS,2021-12-31,2022-01-20,0.0,-0.23265,-0.22034,flat
JSWENERGY.NS,2022-03-31,2022-04-21,0.0,-0.2403,-0.2417,flat
JSWENERGY.NS,2022-06-30,2022-07-15,0.03,0.26198,0.039,flat
JSWENERGY.NS,2022-09-30,2022-10-18,0.0,0.14614,0.03294,flat
JSWENERGY.NS,2022-12-31,2023-01-19,-0.03,0.91445,0.63024,flat
JSWENERGY.NS,2023-03-31,2023-04-18,0.0,1.44521,1.04632,flat
JSWENERGY.NS,2023-06-30,2023-07-13,0.0,1.24273,0.86416,flat
JSWENERGY.NS,2023-09-30,2023-10-19,-1.28,0.68364,0.36942,sold
JSWENERGY.NS,2023-12-31,2024-01-15,0.0,0.16996,0.08686,flat
JSWENERGY.NS,2024-03-31,2024-04-18,0.29,-0.22945,-0.30441,flat
JSWENERGY.NS,2024-04-05,2024-04-09,-4.35,-0.16886,-0.21171,sold
JSWENERGY.NS,2024-06-30,2024-07-22,0.0,-0.24675,-0.26238,flat
JSWENERGY.NS,2024-09-30,2024-10-21,0.0,-0.22366,-0.24849,flat
JSWENERGY.NS,2024-12-31,2025-01-22,0.0,-0.16216,-0.2434,flat
JSWENERGY.NS,2025-03-31,2025-04-21,-0.06,0.11863,0.0841,flat
JSWHL.NS,2021-12-31,2022-01-10,4.84,0.03671,0.04636,bought
JSWHL.NS,2022-03-31,2022-04-22,0.0,0.01603,-0.00577,flat
JSWHL.NS,2022-06-30,2022-07-13,0.0,0.31117,0.06963,flat
JSWHL.NS,2022-09-30,2022-10-21,0.03,0.16149,0.04579,flat
JSWHL.NS,2022-12-31,2023-01-16,0.0,0.28975,0.02268,flat
JSWHL.NS,2023-03-31,2023-04-20,0.0,0.65831,0.24547,flat
JSWHL.NS,2023-06-30,2023-07-14,0.0,0.57253,0.18324,flat
JSWHL.NS,2023-09-30,2023-10-13,0.0,1.04762,0.73725,flat
JSWHL.NS,2023-12-31,2024-01-09,0.0,2.76453,2.65041,flat
JSWHL.NS,2024-03-31,2024-04-19,0.0,2.77922,2.69501,flat
JSWHL.NS,2024-06-30,2024-07-18,0.0,2.15094,2.14616,flat
JSWHL.NS,2024-09-30,2024-10-22,0.0,0.66764,0.62389,flat
JSWHL.NS,2024-12-31,2025-01-10,0.0,0.01414,-0.06322,flat
JSWHL.NS,2025-03-31,2025-04-11,0.0,-0.4329,-0.54078,flat
JSWINFRA.NS,2023-09-30,2023-10-16,0.0,0.67745,0.38389,flat
JSWINFRA.NS,2023-12-31,2024-01-11,0.0,0.35982,0.26542,flat
JSWINFRA.NS,2024-03-31,2024-04-08,0.0,0.24368,0.21557,flat
JSWINFRA.NS,2024-06-30,2024-07-22,0.0,0.01267,-0.00296,flat
JSWINFRA.NS,2024-09-30,2024-10-21,0.01,-0.04287,-0.0677,flat
JSWINFRA.NS,2024-12-31,2025-01-21,0.0,-0.0919,-0.16883,flat
JSWINFRA.NS,2025-03-31,2025-04-21,0.0,-0.08468,-0.11921,flat
JSWSTEEL.NS,2021-12-31,2022-01-17,0.63,0.09288,0.12034,bought
JSWSTEEL.NS,2022-03-31,2022-04-18,0.29,-0.03287,-0.03315,flat
JSWSTEEL.NS,2022-06-30,2022-07-15,0.01,0.35135,0.12837,flat
JSWSTEEL.NS,2022-09-30,2022-10-19,0.17,0.16915,0.07047,flat
JSWSTEEL.NS,2022-12-31,2023-01-16,0.0,0.07895,-0.18812,flat
JSWSTEEL.NS,2023-03-31,2023-04-19,0.21,0.24527,-0.16769,flat
JSWSTEEL.NS,2023-06-30,2023-07-18,0.0,0.14953,-0.2398,flat
JSWSTEEL.NS,2023-09-30,2023-10-17,-0.59,0.23372,-0.06295,sold
JSWSTEEL.NS,2023-12-31,2024-01-12,0.0,0.12207,0.03845,flat
JSWSTEEL.NS,2024-03-31,2024-04-16,0.0,0.24541,0.15935,flat
JSWSTEEL.NS,2024-06-30,2024-07-18,0.0,0.10953,0.10476,flat
JSWSTEEL.NS,2024-09-30,2024-10-15,0.03,0.14731,0.14813,flat
JSWSTEEL.NS,2024-12-31,2025-01-21,0.01,0.31842,0.24149,flat
JSWSTEEL.NS,2025-03-31,2025-04-16,-0.01,0.24736,0.1929,flat
JUBLFOOD.NS,2021-12-31,2022-01-18,0.0,-0.32639,-0.31548,flat
JUBLFOOD.NS,2022-03-31,2022-04-20,0.0,-0.19307,-0.20277,flat
JUBLFOOD.NS,2022-06-30,2022-07-14,0.0,-0.16355,-0.3972,flat
JUBLFOOD.NS,2022-09-30,2022-10-24,0.0,-0.1578,-0.26323,flat
JUBLFOOD.NS,2022-12-31,2023-01-18,0.0,0.01514,-0.25046,flat
JUBLFOOD.NS,2023-03-31,2023-04-20,0.0,0.0597,-0.35313,flat
JUBLFOOD.NS,2023-06-30,2023-07-18,0.0,0.23449,-0.15485,flat
JUBLFOOD.NS,2023-09-30,2023-10-16,0.0,0.10226,-0.19131,flat
JUBLFOOD.NS,2023-12-31,2024-01-19,0.0,0.29732,0.21372,flat
JUBLFOOD.NS,2024-03-31,2024-04-18,0.0,0.57442,0.49946,flat
JUBLFOOD.NS,2024-06-30,2024-07-18,0.0,0.16801,0.16323,flat
JUBLFOOD.NS,2024-09-30,2024-10-14,0.0,-0.03989,-0.03445,flat
JUBLFOOD.NS,2024-12-31,2025-01-20,0.0,-0.29573,-0.34205,flat
JUBLFOOD.NS,2025-03-31,2025-04-21,0.0,-0.30544,-0.33997,flat
JUBLINGREA.NS,2021-12-31,2022-01-19,0.11,-0.15199,-0.14656,flat
JUBLINGREA.NS,2022-03-31,2022-04-18,0.07,-0.21573,-0.216,flat
JUBLINGREA.NS,2022-06-30,2022-07-21,0.37,-0.20971,-0.39725,flat
JUBLINGREA.NS,2022-09-30,2022-10-24,0.0,-0.2082,-0.31362,flat
JUBLINGREA.NS,2022-12-31,2023-01-20,0.0,-0.10775,-0.39636,flat
JUBLINGREA.NS,2023-03-31,2023-04-19,0.0,0.36108,-0.05188,flat
JUBLINGREA.NS,2023-06-30,2023-07-19,0.0,0.47772,0.08976,flat
JUBLINGREA.NS,2023-09-30,2023-10-12,0.0,0.47572,0.16449,flat
JUBLINGREA.NS,2023-12-31,2024-01-18,0.0,0.42477,0.347,flat
JUBLINGREA.NS,2024-03-31,2024-04-19,0.0,0.26335,0.17914,flat
JUBLINGREA.NS,2024-06-30,2024-07-19,0.0,0.44419,0.41904,flat
JUBLINGREA.NS,2024-09-30,2024-10-11,0.0,-0.03052,-0.02851,flat
JUBLINGREA.NS,2024-12-31,2025-01-21,0.0,-0.06877,-0.14571,flat
JUBLINGREA.NS,2025-03-31,2025-04-21,0.0,0.07451,0.03998,flat
JUBLPHARMA.NS,2021-12-31,2022-01-21,0.0,-0.37917,-0.35901,flat
JUBLPHARMA.NS,2022-03-31,2022-04-19,0.0,-0.33962,-0.35517,flat
JUBLPHARMA.NS,2022-06-30,2022-07-21,0.0,0.0509,-0.13665,flat
JUBLPHARMA.NS,2022-09-30,2022-10-21,0.0,0.13605,0.02034,flat
JUBLPHARMA.NS,2022-12-31,2023-01-20,0.0,0.63799,0.34939,flat
JUBLPHARMA.NS,2023-03-31,2023-04-24,0.0,1.28151,0.87767,flat
JUBLPHARMA.NS,2023-06-30,2023-07-21,0.0,1.32361,0.94766,flat
JUBLPHARMA.NS,2023-09-30,2023-10-23,0.0,2.54234,2.19093,flat
JUBLPHARMA.NS,2023-12-31,2024-01-23,0.0,0.79871,0.68983,flat
JUBLPHARMA.NS,2024-03-31,2024-04-22,0.0,0.32124,0.24651,flat
JUBLPHARMA.NS,2024-06-30,2024-07-19,0.0,0.60556,0.58041,flat
JUBLPHARMA.NS,2024-09-30,2024-10-21,0.0,-0.04605,-0.07088,flat
JUBLPHARMA.NS,2024-12-31,2025-01-22,0.0,0.00433,-0.07691,flat
JUBLPHARMA.NS,2025-03-31,2025-04-21,0.0,0.03333,-0.0012,flat
JUSTDIAL.NS,2021-12-31,2022-01-24,25.98,-0.2791,-0.28877,bought
JUSTDIAL.NS,2022-03-31,2022-04-22,-0.02,-0.24306,-0.26486,flat
JUSTDIAL.NS,2022-06-30,2022-07-13,-0.59,0.39051,0.14897,sold
JUSTDIAL.NS,2022-09-30,2022-10-24,-0.07,0.21947,0.11404,flat
JUSTDIAL.NS,2022-12-31,2023-01-23,-2.0,0.25223,-0.04041,sold
JUSTDIAL.NS,2023-03-31,2023-04-24,-0.02,0.66012,0.25628,flat
JUSTDIAL.NS,2023-06-30,2023-07-21,-0.66,0.52979,0.15384,sold
JUSTDIAL.NS,2023-09-30,2023-10-20,0.0,0.51296,0.19449,flat
JUSTDIAL.NS,2023-12-31,2024-01-17,0.0,-0.01002,-0.08306,flat
JUSTDIAL.NS,2024-03-31,2024-04-22,0.0,-0.13845,-0.21318,flat
JUSTDIAL.NS,2024-06-30,2024-07-18,-0.12,-0.30348,-0.30825,flat
JUSTDIAL.NS,2024-09-30,2024-10-11,-0.03,-0.38633,-0.38432,flat
JUSTDIAL.NS,2024-12-31,2025-01-21,0.0,-0.29348,-0.37041,flat
JUSTDIAL.NS,2025-03-31,2025-04-22,0.0,-0.45862,-0.49421,flat
JWL.NS,2021-12-31,2022-01-20,0.0,1.0171,1.02941,flat
JWL.NS,2022-03-31,2022-04-07,0.0,0.94153,0.96106,flat
JWL.NS,2022-05-29,2022-06-09,13.97,1.50257,1.35367,bought
JWL.NS,2022-06-30,2022-07-20,0.0,2.83081,2.63632,flat
JWL.NS,2022-09-30,2022-10-20,0.0,3.15713,3.04773,flat
JWL.NS,2022-12-31,2023-01-19,0.0,2.76668,2.48247,flat
JWL.NS,2023-03-31,2023-04-21,0.0,3.09601,2.67597,flat
JWL.NS,2023-05-15,2023-05-25,-2.26,3.26194,2.90842,sold
JWL.NS,2023-06-30,2023-07-13,0.01,2.43477,2.0562,flat
JWL.NS,2023-09-30,2023-10-19,0.0,0.56663,0.25241,flat
JWL.NS,2023-12-04,2023-12-07,-2.25,0.69971,0.4649,sold
JWL.NS,2023-12-31,2024-01-17,0.0,0.04108,-0.03196,flat
JWL.NS,2024-03-31,2024-04-19,0.0,-0.00879,-0.093,flat
JWL.NS,2024-06-30,2024-07-08,0.0,-0.48508,-0.49864,flat
JWL.NS,2024-07-12,2024-07-15,-2.01,-0.47529,-0.4781,sold
JWL.NS,2024-09-30,2024-10-21,0.0,-0.36579,-0.39062,flat
JWL.NS,2024-12-31,2025-01-17,0.0,-0.378,-0.42532,flat
JWL.NS,2025-03-31,2025-04-11,0.0,-0.22546,-0.33333,flat
JYOTHYLAB.NS,2021-12-31,2022-01-10,0.0,0.49559,0.50524,flat
JYOTHYLAB.NS,2022-03-31,2022-04-18,0.0,0.28306,0.28279,flat
JYOTHYLAB.NS,2022-06-30,2022-07-18,0.0,0.74144,0.53317,flat
JYOTHYLAB.NS,2022-09-30,2022-10-20,0.0,0.82542,0.71601,flat
JYOTHYLAB.NS,2022-12-31,2023-01-19,0.0,1.55708,1.27287,flat
JYOTHYLAB.NS,2023-03-31,2023-04-20,0.0,1.26347,0.85064,flat
JYOTHYLAB.NS,2023-06-30,2023-07-20,0.0,1.11434,0.73505,flat
JYOTHYLAB.NS,2023-09-30,2023-10-12,0.0,0.35288,0.04166,flat
JYOTHYLAB.NS,2023-12-31,2024-01-17,0.0,-0.25748,-0.33052,flat
JYOTHYLAB.NS,2024-03-31,2024-04-15,0.0,-0.08041,-0.1663,flat
JYOTHYLAB.NS,2024-06-30,2024-07-09,0.0,-0.29725,-0.30773,flat
JYOTHYLAB.NS,2024-09-30,2024-10-15,0.0,-0.39405,-0.39323,flat
JYOTHYLAB.NS,2024-12-31,2025-01-16,0.0,-0.36082,-0.42043,flat
JYOTHYLAB.NS,2025-03-31,2025-04-09,0.0,-0.33941,-0.47134,flat
JYOTICNC.NS,2024-03-31,2024-04-22,0.0,0.40557,0.33084,flat
JYOTICNC.NS,2024-06-30,2024-07-18,0.0,-0.14654,-0.15131,flat
JYOTICNC.NS,2024-09-30,2024-10-18,0.0,-0.18739,-0.19788,flat
JYOTICNC.NS,2024-12-31,2025-01-21,0.0,-0.3323,-0.40923,flat
JYOTICNC.NS,2025-03-31,2025-04-21,0.0,-0.27842,-0.31295,flat
KAJARIACER.NS,2021-12-31,2022-01-17,0.0,-0.22304,-0.19558,flat
KAJARIACER.NS,2022-03-31,2022-04-21,-0.01,0.03949,0.03809,flat
KAJARIACER.NS,2022-06-30,2022-07-20,0.0,0.36752,0.17303,flat
KAJARIACER.NS,2022-09-30,2022-10-20,-0.01,0.176,0.06659,flat
KAJARIACER.NS,2022-12-31,2023-01-19,0.0,0.32575,0.04155,flat
KAJARIACER.NS,2023-03-31,2023-04-19,0.0,0.09431,-0.31865,flat
KAJARIACER.NS,2023-06-30,2023-07-19,0.0,0.0511,-0.33686,flat
KAJARIACER.NS,2023-09-30,2023-10-13,0.0,-0.04571,-0.35608,flat
KAJARIACER.NS,2023-12-31,2024-01-17,0.0,-0.27211,-0.34515,flat
KAJARIACER.NS,2024-03-31,2024-04-19,0.0,-0.32378,-0.40799,flat
KAJARIACER.NS,2024-06-30,2024-07-15,0.0,-0.09708,-0.0999,flat
KAJARIACER.NS,2024-09-30,2024-10-15,0.0,-0.12515,-0.12433,flat
KAJARIACER.NS,2024-12-31,2025-01-14,-0.01,-0.04948,-0.1177,flat
KAJARIACER.NS,2025-03-31,2025-04-21,0.0,0.49377,0.45924,flat
KALYANKJIL.NS,2021-12-31,2022-01-10,0.0,0.72098,0.73062,flat
KALYANKJIL.NS,2022-03-31,2022-04-12,0.0,0.59535,0.61533,flat
KALYANKJIL.NS,2022-06-30,2022-07-11,0.0,1.73333,1.51837,flat
KALYANKJIL.NS,2022-09-30,2022-10-17,0.0,1.77511,1.64211,flat
KALYANKJIL.NS,2022-12-31,2023-01-10,0.0,2.00385,1.737,flat
KALYANKJIL.NS,2023-03-31,2023-04-10,0.01,2.93992,2.56166,flat
KALYANKJIL.NS,2023-06-30,2023-07-06,0.0,2.38627,1.99604,flat
KALYANKJIL.NS,2023-09-30,2023-10-10,0.0,1.69272,1.34829,flat
KALYANKJIL.NS,2023-12-31,2024-01-08,0.0,0.45135,0.33306,flat
KALYANKJIL.NS,2024-03-31,2024-04-09,0.08,0.2352,0.19235,flat
KALYANKJIL.NS,2024-06-30,2024-07-10,-0.04,0.17001,0.14949,flat
KALYANKJIL.NS,2024-09-30,2024-10-14,2.31,-0.34565,-0.34022,bought
KALYANKJIL.NS,2024-12-31,2025-01-10,-0.05,-0.25191,-0.32926,flat
KALYANKJIL.NS,2025-03-31,2025-04-15,0.0,-0.19467,-0.26664,flat
KANSAINER.NS,2021-12-31,2022-01-17,0.0,-0.30803,-0.28057,flat
KANSAINER.NS,2022-03-31,2022-04-18,0.0,-0.18309,-0.18336,flat
KANSAINER.NS,2022-06-30,2022-07-20,0.0,0.24048,0.04599,flat
KANSAINER.NS,2022-09-30,2022-10-21,0.0,-0.01046,-0.12617,flat
KANSAINER.NS,2022-12-31,2023-01-16,0.0,0.22007,-0.047,flat
KANSAINER.NS,2023-03-31,2023-04-19,0.0,0.10509,-0.30787,flat
KANSAINER.NS,2023-06-30,2023-07-12,0.0,-0.084,-0.4614,flat
KANSAINER.NS,2023-07-05,2023-07-06,0.0,-0.12981,-0.52004,flat
KANSAINER.NS,2023-09-30,2023-10-17,0.0,-0.10861,-0.40529,flat
KANSAINER.NS,2023-12-31,2024-01-11,0.0,-0.26437,-0.35878,flat
KANSAINER.NS,2024-03-31,2024-04-19,0.0,-0.02973,-0.11394,flat
KANSAINER.NS,2024-06-30,2024-07-19,0.0,-0.0756,-0.10075,flat
KANSAINER.NS,2024-09-30,2024-10-18,0.0,-0.10119,-0.11168,flat
KANSAINER.NS,2024-12-31,2025-01-15,0.0,-0.04176,-0.10134,flat
KANSAINER.NS,2025-03-31,2025-04-21,-0.01,-0.23744,-0.27196,flat
KARURVYSYA.NS,2021-12-31,2022-01-18,0.16,1.27786,1.28877,flat
KARURVYSYA.NS,2022-03-31,2022-04-21,0.0,0.97405,0.97265,flat
KARURVYSYA.NS,2022-06-30,2022-07-22,0.0,1.30176,1.11187,flat
KARURVYSYA.NS,2022-09-30,2022-10-21,-0.02,0.60296,0.48725,flat
KARURVYSYA.NS,2022-12-31,2023-01-16,-0.01,0.7217,0.45464,flat
KARURVYSYA.NS,2023-03-31,2023-04-21,-0.01,1.18967,0.76963,flat
KARURVYSYA.NS,2023-06-30,2023-07-18,0.0,0.85285,0.46351,flat
KARURVYSYA.NS,2023-09-30,2023-10-16,0.0,0.57562,0.28205,flat
KARURVYSYA.NS,2023-12-31,2024-01-19,-0.02,0.36249,0.27889,flat
KARURVYSYA.NS,2024-03-31,2024-04-22,-0.02,0.13234,0.05761,flat
KARURVYSYA.NS,2024-06-30,2024-07-22,-0.05,0.29287,0.27724,flat
KARURVYSYA.NS,2024-09-30,2024-10-18,-0.02,0.32726,0.31677,flat
KARURVYSYA.NS,2024-12-31,2025-01-20,0.0,0.57823,0.53191,flat
KARURVYSYA.NS,2025-03-31,2025-04-21,-0.02,0.58445,0.54992,flat
KAYNES.NS,2022-12-31,2023-01-23,0.0,2.64043,2.34779,flat
KAYNES.NS,2023-03-31,2023-04-17,0.0,1.72744,1.32731,flat
KAYNES.NS,2023-06-30,2023-07-14,0.0,1.39441,1.00512,flat
KAYNES.NS,2023-09-30,2023-10-11,0.0,1.01579,0.70517,flat
KAYNES.NS,2023-12-21,2023-12-27,-5.74,1.77338,1.62162,sold
KAYNES.NS,2023-12-31,2024-01-10,0.0,1.54203,1.42464,flat
KAYNES.NS,2024-03-31,2024-04-18,0.0,1.18687,1.11192,flat
KAYNES.NS,2024-06-30,2024-07-18,0.0,0.41858,0.41381,flat
KAYNES.NS,2024-09-30,2024-10-11,-0.08,0.25065,0.25266,flat
KAYNES.NS,2024-12-31,2025-01-13,0.0,-0.41378,-0.51406,flat
KAYNES.NS,2025-03-31,2025-04-21,0.0,-0.30313,-0.33766,flat
KEC.NS,2021-12-31,2022-01-20,0.0,-0.04591,-0.0336,flat
KEC.NS,2022-03-31,2022-04-19,0.0,0.16456,0.149,flat
KEC.NS,2022-06-30,2022-07-20,0.06,0.42869,0.2342,flat
KEC.NS,2022-09-30,2022-10-21,0.0,0.55254,0.43683,flat
KEC.NS,2022-12-31,2023-01-19,0.0,0.35346,0.06926,flat
KEC.NS,2023-03-31,2023-04-18,0.0,0.48667,0.08778,flat
KEC.NS,2023-06-30,2023-07-24,0.0,0.30513,-0.0315,flat
KEC.NS,2023-09-30,2023-10-18,0.0,0.39224,0.07795,flat
KEC.NS,2023-12-31,2024-01-17,0.0,0.29933,0.22629,flat
KEC.NS,2024-03-31,2024-04-19,0.0,0.04443,-0.03978,flat
KEC.NS,2024-06-30,2024-07-19,0.0,-0.0071,-0.03225,flat
KEC.NS,2024-09-26,2024-10-01,-1.78,-0.17427,-0.13052,sold
KEC.NS,2024-09-30,2024-10-21,0.0,-0.13782,-0.16265,flat
KEC.NS,2024-12-31,2025-01-22,0.0,-0.27039,-0.35163,flat
KEC.NS,2025-03-31,2025-04-21,0.0,-0.20506,-0.23958,flat
KEI.NS,2021-12-31,2022-01-13,0.0,0.28631,0.30251,flat
KEI.NS,2022-03-31,2022-04-18,0.0,0.44361,0.44333,flat
KEI.NS,2022-06-30,2022-07-14,0.0,1.20682,0.97317,flat
KEI.NS,2022-09-30,2022-10-21,-0.03,0.61401,0.4983,flat
KEI.NS,2022-12-31,2023-01-18,-0.67,1.09119,0.82559,sold
KEI.NS,2023-03-31,2023-04-20,-0.11,1.30149,0.88866,flat
KEI.NS,2023-06-30,2023-07-20,-0.11,0.68765,0.30836,flat
KEI.NS,2023-09-30,2023-10-16,-0.02,0.43623,0.14266,flat
KEI.NS,2023-12-31,2024-01-19,0.0,0.29311,0.20951,flat
KEI.NS,2024-03-31,2024-04-15,0.0,-0.24549,-0.33137,flat
KEI.NS,2024-06-30,2024-07-22,0.0,-0.0514,-0.06702,flat
KEI.NS,2024-09-30,2024-10-11,-0.02,-0.08729,-0.08528,flat
KEI.NS,2024-11-28,2024-12-02,-2.04,-0.04305,-0.08682,sold
KEI.NS,2024-12-31,2025-01-13,0.0,0.08212,-0.01816,flat
KEI.NS,2025-03-31,2025-04-11,0.0,0.88525,0.77738,flat
KFINTECH.NS,2022-12-31,2023-01-23,0.0,0.89135,0.59871,flat
KFINTECH.NS,2023-03-31,2023-04-20,-0.49,1.53276,1.11992,flat
KFINTECH.NS,2023-06-30,2023-07-20,-0.2,1.31727,0.93798,flat
KFINTECH.NS,2023-09-30,2023-10-23,-0.1,1.24868,0.89727,flat
KFINTECH.NS,2023-12-31,2024-01-15,-10.07,1.09636,1.01325,sold
KFINTECH.NS,2024-03-31,2024-04-16,-0.08,0.99496,0.9089,flat
KFINTECH.NS,2024-06-30,2024-07-18,-5.91,0.67103,0.66625,sold
KFINTECH.NS,2024-09-30,2024-10-16,-0.02,0.02289,0.01926,flat
KFINTECH.NS,2024-12-31,2025-01-20,-0.08,-0.12853,-0.17485,flat
KFINTECH.NS,2025-03-31,2025-04-21,-0.05,-0.19979,-0.23432,flat
KIMS.NS,2021-09-30,2021-10-20,-0.01,0.27403,0.3004,flat
KIMS.NS,2021-12-31,2022-01-10,0.0,0.02137,0.03101,flat
KIMS.NS,2022-03-31,2022-04-11,0.0,0.0573,0.08788,flat
KIMS.NS,2022-06-30,2022-07-20,0.0,0.55775,0.36326,flat
KIMS.NS,2022-09-30,2022-10-19,0.0,0.26064,0.16197,flat
KIMS.NS,2022-12-31,2023-01-20,0.0,0.45465,0.16605,flat
KIMS.NS,2023-03-31,2023-04-19,0.0,0.36093,-0.05203,flat
KIMS.NS,2023-06-30,2023-07-18,0.0,0.13611,-0.25323,flat
KIMS.NS,2023-09-30,2023-10-18,0.0,0.35311,0.03882,flat
KIMS.NS,2023-12-31,2024-01-17,-0.02,0.47733,0.40429,flat
KIMS.NS,2024-03-31,2024-04-16,0.0,0.70819,0.62213,flat
KIMS.NS,2024-06-30,2024-07-18,0.0,0.75934,0.75456,flat
KIMS.NS,2024-09-30,2024-10-21,0.0,0.31779,0.29296,flat
KIMS.NS,2024-12-31,2025-01-21,0.0,-0.0197,-0.09663,flat
KIMS.NS,2025-03-31,2025-04-21,0.0,0.00227,-0.03226,flat
KIRLOSBROS.NS,2020-09-30,2020-10-14,0.0,2.47181,1.87722,flat
KIRLOSBROS.NS,2020-12-31,2021-01-18,0.0,1.65159,1.40229,flat
KIRLOSBROS.NS,2021-03-31,2021-04-12,0.0,0.5252,0.30044,flat
KIRLOSBROS.NS,2021-06-30,2021-07-12,0.0,-0.33914,-0.35695,flat
KIRLOSBROS.NS,2021-09-30,2021-10-13,0.0,-0.16141,-0.1254,flat
KIRLOSBROS.NS,2021-12-31,2022-01-20,0.0,-0.16419,-0.15187,flat
KIRLOSBROS.NS,2022-03-31,2022-04-21,0.0,0.25124,0.24984,flat
KIRLOSBROS.NS,2022-06-30,2022-07-18,0.0,1.26009,1.05182,flat
KIRLOSBROS.NS,2022-09-30,2022-10-20,0.0,1.70594,1.59654,flat
KIRLOSBROS.NS,2022-12-31,2023-01-23,0.0,1.93585,1.64321,flat
KIRLOSBROS.NS,2023-03-31,2023-04-21,0.0,2.16437,1.74432,flat
KIRLOSBROS.NS,2023-06-30,2023-07-20,0.0,2.49706,2.11777,flat
KIRLOSBROS.NS,2023-09-30,2023-10-13,0.0,0.79314,0.48276,flat
KIRLOSBROS.NS,2023-12-31,2024-01-17,0.0,1.11815,1.04511,flat
KIRLOSBROS.NS,2024-03-31,2024-04-18,0.0,0.48466,0.4097,flat
KIRLOSBROS.NS,2024-06-30,2024-07-22,0.0,-0.10589,-0.12151,flat
KIRLOSBROS.NS,2024-09-30,2024-10-18,0.0,0.04129,0.0308,flat
KIRLOSBROS.NS,2024-12-31,2025-01-20,0.0,-0.24226,-0.28858,flat
KIRLOSBROS.NS,2025-03-31,2025-04-15,0.0,0.035,-0.03696,flat
KIRLOSENG.NS,2021-12-31,2022-01-17,0.0,0.73359,0.76104,flat
KIRLOSENG.NS,2022-03-31,2022-04-19,0.0,1.72313,1.70758,flat
KIRLOSENG.NS,2022-06-30,2022-07-18,0.0,1.77922,1.57095,flat
KIRLOSENG.NS,2022-09-30,2022-10-24,0.0,1.07932,0.9739,flat
KIRLOSENG.NS,2022-12-31,2023-01-20,-0.02,1.22365,0.93505,flat
KIRLOSENG.NS,2023-03-31,2023-04-21,-18.17,1.5956,1.17555,sold
KIRLOSENG.NS,2023-06-30,2023-07-21,-0.02,1.90009,1.52415,flat
KIRLOSENG.NS,2023-09-30,2023-10-20,0.0,1.02266,0.70418,flat
KIRLOSENG.NS,2023-12-31,2024-01-15,0.0,0.3479,0.2648,flat
KIRLOSENG.NS,2024-03-31,2024-04-15,-0.02,-0.12006,-0.20595,flat
KIRLOSENG.NS,2024-06-30,2024-07-15,-0.03,-0.30448,-0.30729,flat
KIRLOSENG.NS,2024-09-30,2024-10-21,-0.01,-0.18196,-0.20679,flat
KIRLOSENG.NS,2024-12-31,2025-01-16,-0.01,0.18778,0.12818,flat
KIRLOSENG.NS,2025-03-31,2025-04-21,-0.01,1.31271,1.27818,flat
KNRCON.NS,2021-12-31,2022-01-12,0.0,-0.15373,-0.13639,flat
KNRCON.NS,2022-03-31,2022-04-11,0.0,-0.18542,-0.15484,flat
KNRCON.NS,2022-06-30,2022-07-14,0.15,-0.02999,-0.26364,flat
KNRCON.NS,2022-09-30,2022-10-18,-0.54,0.20639,0.09319,sold
KNRCON.NS,2022-12-31,2023-01-11,0.0,0.01841,-0.26294,flat
KNRCON.NS,2023-03-31,2023-04-10,0.0,0.01621,-0.36204,flat
KNRCON.NS,2023-06-30,2023-07-13,0.0,0.49424,0.11566,flat
KNRCON.NS,2023-09-30,2023-10-13,0.0,0.03309,-0.27729,flat
KNRCON.NS,2023-12-31,2024-01-17,0.0,0.13215,0.05911,flat
KNRCON.NS,2024-03-31,2024-04-12,0.0,-0.10873,-0.1733,flat
KNRCON.NS,2024-06-30,2024-07-09,-2.28,-0.40626,-0.41674,sold
KNRCON.NS,2024-09-30,2024-10-17,0.0,-0.39819,-0.4144,flat
KNRCON.NS,2024-12-31,2025-01-17,0.0,-0.57952,-0.62684,flat
KNRCON.NS,2025-03-31,2025-04-15,0.0,-0.47273,-0.5447,flat
KOLTEPATIL.NS,2021-12-31,2022-01-14,0.0,-0.12321,-0.10346,flat
KOLTEPATIL.NS,2022-03-31,2022-04-19,0.0,-0.13893,-0.15448,flat
KOLTEPATIL.NS,2022-06-30,2022-07-20,0.0,0.46181,0.26732,flat
KOLTEPATIL.NS,2022-09-30,2022-10-21,0.0,0.35886,0.24315,flat
KOLTEPATIL.NS,2022-12-31,2023-01-20,0.0,0.70317,0.41456,flat
KOLTEPATIL.NS,2023-03-31,2023-04-20,0.0,1.14724,0.7344,flat
KOLTEPATIL.NS,2023-06-30,2023-07-24,0.0,0.00656,-0.33007,flat
KOLTEPATIL.NS,2023-09-30,2023-10-19,0.0,-0.25145,-0.56567,flat
KOLTEPATIL.NS,2023-12-31,2024-01-16,0.0,-0.45033,-0.52554,flat
KOLTEPATIL.NS,2024-03-31,2024-04-22,-5.0,-0.35631,-0.43104,sold
KOLTEPATIL.NS,2024-06-30,2024-07-19,0.0,0.10085,0.0757,flat
KOLTEPATIL.NS,2024-09-30,2024-10-17,0.0,0.06589,0.04968,flat
KOLTEPATIL.NS,2024-12-31,2025-01-20,0.0,0.16508,0.11876,flat
KOLTEPATIL.NS,2025-03-31,2025-04-21,0.0,0.09159,0.05706,flat
KOTAKBANK.NS,2021-12-31,2022-01-20,-0.01,-0.0749,-0.06258,flat
KOTAKBANK.NS,2022-03-31,2022-04-22,-0.01,0.12239,0.10059,flat
KOTAKBANK.NS,2022-06-30,2022-07-22,-0.01,0.01673,-0.17316,flat
KOTAKBANK.NS,2022-09-30,2022-10-24,-0.01,-0.08174,-0.18717,flat
KOTAKBANK.NS,2022-12-31,2023-01-23,-0.01,0.02282,-0.26982,flat
KOTAKBANK.NS,2023-03-31,2023-04-11,0.0,-0.01899,-0.40289,flat
KOTAKBANK.NS,2023-06-30,2023-07-24,-0.01,-0.06335,-0.39998,flat
KOTAKBANK.NS,2023-09-30,2023-10-23,-0.01,0.0032,-0.34821,flat
KOTAKBANK.NS,2023-12-31,2024-01-15,-0.02,0.02454,-0.05857,flat
KOTAKBANK.NS,2024-03-31,2024-04-15,-0.01,0.23985,0.15397,flat
KOTAKBANK.NS,2024-06-30,2024-07-11,-0.01,0.18286,0.16255,flat
KOTAKBANK.NS,2024-09-30,2024-10-18,0.0,0.17021,0.15972,flat
KOTAKBANK.NS,2024-12-31,2025-01-10,0.0,0.19201,0.11465,flat
KOTAKBANK.NS,2025-03-31,2025-04-15,-0.01,-0.12549,-0.19746,flat
KPIL.NS,2021-12-31,2022-01-21,-2.97,0.2631,0.28326,sold
KPIL.NS,2022-03-31,2022-04-20,0.0,0.44882,0.43911,flat
KPIL.NS,2022-06-30,2022-07-14,-0.03,0.61471,0.38106,flat
KPIL.NS,2022-09-30,2022-10-20,0.0,0.46491,0.3555,flat
KPIL.NS,2022-12-31,2023-01-20,-0.02,0.46852,0.17992,flat
KPIL.NS,2023-01-16,2023-01-27,-4.29,0.71929,0.36737,sold
KPIL.NS,2023-03-31,2023-04-20,0.0,1.37247,0.95964,flat
KPIL.NS,2023-06-30,2023-07-21,-6.16,1.40756,1.03161,sold
KPIL.NS,2023-09-30,2023-10-20,-0.01,0.82544,0.50696,flat
KPIL.NS,2023-12-31,2024-01-18,-0.48,0.42085,0.34308,flat
KPIL.NS,2024-03-31,2024-04-19,0.0,-0.20922,-0.29343,flat
KPIL.NS,2024-06-30,2024-07-12,-5.35,-0.11652,-0.13056,sold
KPIL.NS,2024-09-30,2024-10-18,0.0,-0.02632,-0.03681,flat
KPIL.NS,2024-12-16,2024-12-18,-1.72,-0.10064,-0.14253,sold
KPIL.NS,2024-12-31,2025-01-17,0.0,-0.05272,-0.10004,flat
KPIL.NS,2025-03-31,2025-04-21,0.0,0.24988,0.21535,flat
KPITTECH.NS,2021-12-31,2022-01-12,-0.03,-0.01152,0.00582,flat
KPITTECH.NS,2022-03-31,2022-04-11,0.0,0.43233,0.4629,flat
KPITTECH.NS,2022-06-30,2022-07-12,0.0,1.2169,0.98651,flat
KPITTECH.NS,2022-09-30,2022-10-14,0.0,0.79218,0.63061,flat
KPITTECH.NS,2022-12-31,2023-01-20,-0.01,1.19722,0.90862,flat
KPITTECH.NS,2023-03-31,2023-04-11,-0.61,0.65299,0.26909,sold
KPITTECH.NS,2023-06-30,2023-07-17,-0.02,0.6558,0.26924,flat
KPITTECH.NS,2023-09-30,2023-10-13,0.0,0.17915,-0.13122,flat
KPITTECH.NS,2023-12-31,2024-01-12,0.0,-0.16126,-0.24487,flat
KPITTECH.NS,2024-03-31,2024-04-12,0.0,-0.20609,-0.27067,flat
KPITTECH.NS,2024-06-30,2024-07-15,0.0,-0.30481,-0.30762,flat
KPITTECH.NS,2024-09-30,2024-10-15,0.0,-0.35524,-0.35442,flat
KPITTECH.NS,2024-12-31,2025-01-15,0.0,-0.16373,-0.2233,flat
KPITTECH.NS,2025-03-31,2025-04-17,0.0,-0.34818,-0.40075,flat
KPRMILL.NS,2021-12-31,2022-01-11,0.0,-0.29032,-0.27583,flat
KPRMILL.NS,2022-03-31,2022-04-21,0.0,-0.06723,-0.06863,flat
KPRMILL.NS,2022-04-26,2022-05-02,0.06,-0.08463,-0.13106,flat
KPRMILL.NS,2022-06-30,2022-07-19,0.0,0.2357,0.02765,flat
KPRMILL.NS,2022-09-30,2022-10-20,0.0,0.42641,0.31701,flat
KPRMILL.NS,2022-12-31,2023-01-23,0.0,0.54014,0.2475,flat
KPRMILL.NS,2023-03-31,2023-04-20,0.0,0.38275,-0.03008,flat
KPRMILL.NS,2023-06-30,2023-07-18,0.0,0.3835,-0.00584,flat
KPRMILL.NS,2023-09-30,2023-10-16,-1.02,0.17771,-0.11586,sold
KPRMILL.NS,2023-12-31,2024-01-12,0.0,0.21956,0.13595,flat
KPRMILL.NS,2024-03-31,2024-04-16,0.0,0.25116,0.1651,flat
KPRMILL.NS,2024-06-30,2024-07-11,0.0,0.41807,0.39776,flat
KPRMILL.NS,2024-09-30,2024-10-15,-3.08,0.06956,0.07039,sold
KPRMILL.NS,2024-12-31,2025-01-17,0.0,-0.11928,-0.1666,flat
KPRMILL.NS,2025-03-31,2025-04-21,0.0,-0.12449,-0.15902,flat
KRBL.NS,2021-09-30,2021-10-21,0.33,0.41815,0.43386,flat
KRBL.NS,2021-12-31,2022-01-14,0.0,0.55316,0.57291,flat
KRBL.NS,2022-03-31,2022-04-21,0.34,0.58794,0.58654,flat
KRBL.NS,2022-06-30,2022-07-07,0.16,0.61564,0.39772,flat
KRBL.NS,2022-09-30,2022-10-21,0.02,-0.04929,-0.165,flat
KRBL.NS,2022-12-31,2023-01-20,0.0,-0.0905,-0.37911,flat
KRBL.NS,2023-03-31,2023-04-18,0.0,-0.13444,-0.53333,flat
KRBL.NS,2023-06-30,2023-07-20,0.0,-0.21866,-0.59795,flat
KRBL.NS,2023-09-20,2023-09-28,0.19,-0.29006,-0.66441,flat
KRBL.NS,2023-09-30,2023-10-16,0.0,-0.28772,-0.58129,flat
KRBL.NS,2023-12-31,2024-01-10,0.0,-0.20642,-0.32381,flat
KRBL.NS,2024-03-31,2024-04-16,0.0,0.08475,-0.00131,flat
KRBL.NS,2024-06-30,2024-07-12,0.0,0.2365,0.22246,flat
KRBL.NS,2024-09-30,2024-10-14,0.0,0.35078,0.35622,flat
KRBL.NS,2024-12-31,2025-01-20,0.0,0.13245,0.08613,flat
KRBL.NS,2025-03-31,2025-04-11,0.0,0.31614,0.20827,flat
KSB.NS,2021-12-31,2022-01-24,0.0,0.42277,0.41311,flat
KSB.NS,2022-03-31,2022-04-22,0.0,0.67658,0.65478,flat
KSB.NS,2022-06-30,2022-07-22,0.0,0.57803,0.38814,flat
KSB.NS,2022-09-30,2022-10-24,0.0,0.51233,0.4069,flat
KSB.NS,2022-12-31,2023-01-23,0.0,1.02491,0.73227,flat
KSB.NS,2023-03-31,2023-04-21,0.0,1.13675,0.7167,flat
KSB.NS,2023-06-30,2023-07-24,0.0,1.16438,0.82775,flat
KSB.NS,2023-09-30,2023-10-17,0.0,0.31915,0.02247,flat
KSB.NS,2023-12-31,2024-01-23,0.0,0.07683,-0.03204,flat
KSB.NS,2024-03-31,2024-04-22,0.0,-0.19022,-0.26495,flat
KSB.NS,2024-06-30,2024-07-22,3.11,-0.07671,-0.09233,bought
KSB.NS,2024-09-30,2024-10-22,0.0,-0.08031,-0.12406,flat
KSB.NS,2024-12-31,2025-01-22,0.0,-0.00495,-0.08619,flat
KSB.NS,2025-03-31,2025-04-22,0.0,0.31717,0.28159,flat
KSCL.NS,2021-09-30,2021-10-19,0.0,-0.13689,-0.10141,flat
KSCL.NS,2021-12-31,2022-01-24,0.16,-0.07176,-0.08142,flat
KSCL.NS,2022-03-31,2022-04-22,0.0,-0.11349,-0.13529,flat
KSCL.NS,2022-06-30,2022-07-21,0.0,0.15465,-0.0329,flat
KSCL.NS,2022-09-30,2022-10-21,0.0,0.35778,0.24207,flat
KSCL.NS,2022-12-30,2023-01-23,2.46,0.33117,0.03853,bought
KSCL.NS,2022-12-31,2023-01-23,0.0,0.33117,0.03853,flat
KSCL.NS,2023-03-31,2023-04-20,0.0,0.6997,0.28686,flat
KSCL.NS,2023-06-30,2023-07-24,0.0,0.84388,0.50725,flat
KSCL.NS,2023-09-30,2023-10-23,0.0,0.44412,0.09271,flat
KSCL.NS,2023-12-31,2024-01-23,0.0,0.3749,0.26603,flat
KSCL.NS,2024-03-18,2024-03-28,0.6,1.35702,1.32986,bought
KSCL.NS,2024-03-31,2024-04-22,0.0,0.83554,0.76081,flat
KSCL.NS,2024-06-30,2024-07-18,0.0,0.17309,0.16832,flat
KSCL.NS,2024-09-30,2024-10-21,0.0,0.19942,0.17459,flat
KSCL.NS,2024-12-31,2025-01-21,0.0,-0.06421,-0.14115,flat
KSCL.NS,2025-03-31,2025-04-21,0.0,-0.39593,-0.43046,flat
KTKBANK.NS,2021-12-31,2022-01-11,0.0,1.42529,1.43978,flat
KTKBANK.NS,2022-03-31,2022-04-13,0.0,1.13457,1.15382,flat
KTKBANK.NS,2022-06-30,2022-07-18,0.0,2.05261,1.84434,flat
KTKBANK.NS,2022-09-30,2022-10-19,0.0,1.62615,1.52748,flat
KTKBANK.NS,2022-12-31,2023-01-20,0.0,0.74761,0.45901,flat
KTKBANK.NS,2023-03-31,2023-04-20,0.0,0.81508,0.40224,flat
KTKBANK.NS,2023-06-30,2023-07-14,0.0,0.15834,-0.23095,flat
KTKBANK.NS,2023-09-30,2023-10-13,0.0,-0.12039,-0.43076,flat
KTKBANK.NS,2023-10-26,2023-10-30,0.0,-0.03539,-0.3908,flat
KTKBANK.NS,2023-12-31,2024-01-15,0.0,-0.30415,-0.38725,flat
KTKBANK.NS,2024-02-28,2024-02-29,0.0,-0.19263,-0.21022,flat
KTKBANK.NS,2024-03-31,2024-04-22,0.0,-0.08695,-0.16168,flat
KTKBANK.NS,2024-06-30,2024-07-12,0.0,-0.09643,-0.11047,flat
KTKBANK.NS,2024-09-30,2024-10-10,0.0,-0.21593,-0.20658,flat
KTKBANK.NS,2024-12-31,2025-01-08,0.0,-0.05207,-0.10824,flat
KTKBANK.NS,2025-03-31,2025-04-11,0.0,0.41867,0.31079,flat
LALPATHLAB.NS,2021-12-31,2022-01-14,0.0,-0.41164,-0.39188,flat
LALPATHLAB.NS,2022-03-31,2022-04-18,0.0,-0.28555,-0.28582,flat
LALPATHLAB.NS,2022-06-30,2022-07-08,-0.18,0.07645,-0.14367,flat
LALPATHLAB.NS,2022-09-30,2022-10-17,0.0,0.02389,-0.10911,flat
LALPATHLAB.NS,2022-12-31,2023-01-23,0.0,0.14475,-0.14789,flat
LALPATHLAB.NS,2023-03-31,2023-04-18,-0.02,0.27058,-0.12831,flat
LALPATHLAB.NS,2023-06-30,2023-07-12,-0.02,0.28864,-0.08877,flat
LALPATHLAB.NS,2023-09-30,2023-10-12,-0.4,0.28934,-0.02189,flat
LALPATHLAB.NS,2023-12-31,2024-01-15,-0.01,0.17073,0.08763,flat
LALPATHLAB.NS,2024-03-31,2024-04-16,0.0,0.20766,0.12159,flat
LALPATHLAB.NS,2024-06-30,2024-07-15,0.0,0.01026,0.00745,flat
LALPATHLAB.NS,2024-09-30,2024-10-17,-0.68,-0.06525,-0.08146,sold
LALPATHLAB.NS,2024-12-31,2025-01-16,-0.01,0.01641,-0.0432,flat
LALPATHLAB.NS,2025-03-31,2025-04-15,0.0,0.04871,-0.02326,flat
LAOPALA.NS,2021-12-31,2022-01-20,0.0,-0.10389,-0.09158,flat
LAOPALA.NS,2022-03-31,2022-04-18,0.0,-0.04739,-0.04766,flat
LAOPALA.NS,2022-06-30,2022-07-20,0.0,0.60393,0.40944,flat
LAOPALA.NS,2022-09-30,2022-10-24,0.0,0.06228,-0.04314,flat
LAOPALA.NS,2022-12-31,2023-01-20,0.0,-0.02835,-0.31696,flat
LAOPALA.NS,2023-03-31,2023-04-19,0.0,-0.07915,-0.49211,flat
LAOPALA.NS,2023-06-30,2023-07-18,0.0,-0.29895,-0.68829,flat
LAOPALA.NS,2023-09-30,2023-10-16,0.0,-0.23238,-0.52595,flat
LAOPALA.NS,2023-12-31,2024-01-16,0.0,-0.16183,-0.23704,flat
LAOPALA.NS,2024-03-31,2024-04-18,0.0,-0.25805,-0.33301,flat
LAOPALA.NS,2024-06-30,2024-07-22,0.0,-0.08987,-0.10549,flat
LAOPALA.NS,2024-09-30,2024-10-11,0.0,-0.31333,-0.31132,flat
LAOPALA.NS,2024-12-31,2025-01-09,0.0,-0.35206,-0.41689,flat
LAOPALA.NS,2025-03-31,2025-04-15,0.2,-0.16645,-0.23842,flat
LATENTVIEW.NS,2021-12-31,2022-01-18,0.0,-0.33176,-0.32086,flat
LATENTVIEW.NS,2022-03-31,2022-04-13,-0.89,-0.28881,-0.26956,sold
LATENTVIEW.NS,2022-06-30,2022-07-13,0.0,0.11724,-0.1243,flat
LATENTVIEW.NS,2022-09-30,2022-10-24,0.0,0.10536,-7e-05,flat
LATENTVIEW.NS,2022-12-31,2023-01-20,-0.9,0.23599,-0.05261,sold
LATENTVIEW.NS,2023-03-31,2023-04-13,-0.57,0.37357,-0.0127,sold
LATENTVIEW.NS,2023-06-30,2023-07-13,0.0,0.47525,0.09668,flat
LATENTVIEW.NS,2023-09-30,2023-10-17,0.0,0.02581,-0.27086,flat
LATENTVIEW.NS,2023-12-31,2024-01-18,-0.32,-0.09894,-0.17671,flat
LATENTVIEW.NS,2024-03-31,2024-04-18,0.0,-0.21896,-0.29391,flat
LATENTVIEW.NS,2024-06-30,2024-07-18,-0.03,-0.17547,-0.18024,flat
LATENTVIEW.NS,2024-09-30,2024-10-17,0.0,-0.10563,-0.12184,flat
LATENTVIEW.NS,2024-12-31,2025-01-16,-0.15,-0.10221,-0.16181,flat
LATENTVIEW.NS,2025-03-31,2025-04-21,0.0,-0.25209,-0.28662,flat
LAURUSLABS.NS,2021-12-31,2022-01-13,-0.03,-0.31912,-0.30292,flat
LAURUSLABS.NS,2022-03-31,2022-04-18,0.0,-0.49952,-0.4998,flat
LAURUSLABS.NS,2022-06-30,2022-07-13,0.0,-0.31209,-0.55363,flat
LAURUSLABS.NS,2022-09-30,2022-10-20,0.0,-0.31834,-0.42775,flat
LAURUSLABS.NS,2022-12-31,2023-01-09,-0.07,0.09141,-0.16991,flat
LAURUSLABS.NS,2023-03-31,2023-04-17,0.0,0.40483,0.00471,flat
LAURUSLABS.NS,2023-06-30,2023-07-17,0.0,0.28625,-0.10031,flat
LAURUSLABS.NS,2023-09-30,2023-10-11,0.0,0.12271,-0.18792,flat
LAURUSLABS.NS,2023-12-31,2024-01-15,-0.01,0.39267,0.30957,flat
LAURUSLABS.NS,2024-03-31,2024-04-09,0.0,0.38564,0.34279,flat
LAURUSLABS.NS,2024-06-30,2024-07-16,-0.01,0.78747,0.77996,flat
LAURUSLABS.NS,2024-09-30,2024-10-11,0.0,0.8449,0.8469,flat
LAURUSLABS.NS,2024-12-31,2025-01-20,0.44,0.71569,0.66937,flat
LAURUSLABS.NS,2025-03-31,2025-04-17,0.0,0.79287,0.7403,flat
LEMONTREE.NS,2021-12-31,2022-01-20,0.0,0.55659,0.56891,flat
LEMONTREE.NS,2022-03-31,2022-04-22,-1.93,0.34839,0.32659,sold
LEMONTREE.NS,2022-06-30,2022-07-22,-0.02,0.40854,0.21864,flat
LEMONTREE.NS,2022-09-30,2022-10-21,-0.32,0.31683,0.20112,flat
LEMONTREE.NS,2022-12-31,2023-01-23,0.0,0.93661,0.64396,flat
LEMONTREE.NS,2023-03-31,2023-04-21,0.0,0.82825,0.4082,flat
LEMONTREE.NS,2023-06-30,2023-07-20,-0.01,0.58486,0.20557,flat
LEMONTREE.NS,2023-09-30,2023-10-20,-0.32,-0.01506,-0.33353,flat
LEMONTREE.NS,2023-12-31,2024-01-19,-0.07,0.03353,-0.05007,flat
LEMONTREE.NS,2024-03-31,2024-04-18,-0.33,0.03811,-0.03685,flat
LEMONTREE.NS,2024-06-30,2024-07-19,-0.08,0.09849,0.07334,flat
LEMONTREE.NS,2024-09-30,2024-10-18,-0.03,0.35037,0.33988,flat
LEMONTREE.NS,2024-12-31,2025-01-13,0.0,-0.00732,-0.1076,flat
LEMONTREE.NS,2025-03-31,2025-04-22,-0.43,-0.19454,-0.23012,flat
LICHSGFIN.NS,2021-12-31,2022-01-18,0.0,0.06029,0.07119,flat
LICHSGFIN.NS,2022-03-31,2022-04-19,0.0,-0.08611,-0.10166,flat
LICHSGFIN.NS,2022-06-30,2022-07-12,0.0,0.09076,-0.13963,flat
LICHSGFIN.NS,2022-09-30,2022-10-19,0.0,0.0879,-0.01078,flat
LICHSGFIN.NS,2022-12-31,2023-01-16,0.0,0.49422,0.22716,flat
LICHSGFIN.NS,2023-03-31,2023-04-13,0.0,1.09901,0.71274,flat
LICHSGFIN.NS,2023-06-30,2023-07-17,0.0,1.0719,0.68533,flat
LICHSGFIN.NS,2023-09-30,2023-10-16,0.0,0.28524,-0.00833,flat
LICHSGFIN.NS,2023-12-31,2024-01-15,0.0,0.01661,-0.06649,flat
LICHSGFIN.NS,2024-03-31,2024-04-16,0.0,-0.04923,-0.13529,flat
LICHSGFIN.NS,2024-06-30,2024-07-18,0.0,-0.21014,-0.21492,flat
LICHSGFIN.NS,2024-09-30,2024-10-16,0.0,-0.06764,-0.07127,flat
LICHSGFIN.NS,2024-12-31,2025-01-15,0.0,-0.06723,-0.12681,flat
LICHSGFIN.NS,2025-03-31,2025-04-21,0.0,-0.07696,-0.11149,flat
LICI.NS,2022-06-30,2022-07-12,0.0,-0.1336,-0.36399,flat
LICI.NS,2022-09-30,2022-10-18,0.0,0.01009,-0.1031,flat
LICI.NS,2022-12-31,2023-01-16,0.0,0.28008,0.01302,flat
LICI.NS,2023-03-31,2023-04-13,0.0,0.81385,0.42758,flat
LICI.NS,2023-06-30,2023-07-18,0.0,0.94122,0.55188,flat
LICI.NS,2023-09-30,2023-10-13,0.0,0.45103,0.14065,flat
LICI.NS,2023-12-31,2024-01-16,0.0,-0.07132,-0.14653,flat
LICI.NS,2024-03-31,2024-04-15,0.0,-0.14189,-0.22778,flat
LICI.NS,2024-06-30,2024-07-19,0.0,-0.16806,-0.19321,flat
LICI.NS,2024-09-30,2024-10-11,0.0,-0.04515,-0.04314,flat
LICI.NS,2024-12-31,2025-01-20,0.0,-0.04713,-0.09346,flat
LICI.NS,2025-03-31,2025-04-09,0.0,0.0877,-0.04423,flat
LINDEINDIA.NS,2021-12-31,2022-01-18,0.0,0.27835,0.28926,flat
LINDEINDIA.NS,2022-03-31,2022-04-20,0.0,0.13459,0.12489,flat
LINDEINDIA.NS,2022-06-30,2022-07-20,0.0,0.36269,0.1682,flat
LINDEINDIA.NS,2022-09-30,2022-10-21,0.0,0.95961,0.8439,flat
LINDEINDIA.NS,2022-12-31,2023-01-19,0.0,0.6428,0.35859,flat
LINDEINDIA.NS,2023-03-31,2023-04-17,0.0,1.02224,0.62212,flat
LINDEINDIA.NS,2023-06-30,2023-07-19,0.0,0.87263,0.48467,flat
LINDEINDIA.NS,2023-09-30,2023-10-17,0.0,0.17576,-0.12092,flat
LINDEINDIA.NS,2023-12-31,2024-01-18,0.0,0.04507,-0.0327,flat
LINDEINDIA.NS,2024-03-31,2024-04-15,0.0,-0.03439,-0.12028,flat
LINDEINDIA.NS,2024-06-30,2024-07-19,0.0,-0.19063,-0.21578,flat
LINDEINDIA.NS,2024-09-30,2024-10-17,0.0,-0.27136,-0.28756,flat
LINDEINDIA.NS,2024-12-31,2025-01-21,0.0,0.01419,-0.06274,flat
LINDEINDIA.NS,2025-03-31,2025-04-11,0.0,0.23579,0.12792,flat
LLOYDSME.NS,2023-07-14,2024-06-05,0.0,1.32781,1.21935,flat
LLOYDSME.NS,2023-09-30,2023-10-09,0.0,0.81507,0.44649,flat
LLOYDSME.NS,2023-12-31,2024-01-15,-0.05,1.39806,1.31496,flat
LLOYDSME.NS,2024-03-31,2024-04-15,-0.01,0.89902,0.81313,flat
LLOYDSME.NS,2024-06-30,2024-07-18,0.0,1.07517,1.07039,flat
LLOYDSME.NS,2024-07-09,2024-07-11,-2.2,1.00131,0.981,sold
LLOYDSME.NS,2024-09-30,2024-10-21,0.0,0.32756,0.30273,flat
LLOYDSME.NS,2024-12-31,2025-01-20,0.0,-0.211,-0.25732,flat
LLOYDSME.NS,2025-03-31,2025-04-15,-0.05,0.37199,0.30002,flat
LMW.NS,2021-12-31,2022-01-19,0.0,0.01285,0.01828,flat
LMW.NS,2022-03-31,2022-04-18,0.0,0.05393,0.05365,flat
LMW.NS,2022-06-30,2022-07-20,0.0,0.40586,0.21137,flat
LMW.NS,2022-09-30,2022-10-19,0.0,0.07976,-0.01891,flat
LMW.NS,2022-12-31,2023-01-16,0.0,0.15459,-0.11247,flat
LMW.NS,2023-03-31,2023-04-19,0.0,0.57543,0.16247,flat
LMW.NS,2023-06-30,2023-07-18,0.0,0.14444,-0.2449,flat
LMW.NS,2023-09-30,2023-10-17,0.0,0.12721,-0.16947,flat
LMW.NS,2023-12-31,2024-01-15,0.0,0.19059,0.10749,flat
LMW.NS,2024-03-31,2024-04-18,0.0,-0.00813,-0.08308,flat
LMW.NS,2024-06-30,2024-07-15,0.0,0.02844,0.02563,flat
LMW.NS,2024-09-30,2024-10-17,0.0,-0.04917,-0.06538,flat
LMW.NS,2024-12-31,2025-01-13,0.0,-0.10932,-0.2096,flat
LMW.NS,2025-03-31,2025-04-16,0.0,-0.08167,-0.13613,flat
LODHA.NS,2021-11-18,2021-11-29,-6.28,-0.25384,-0.34302,sold
LODHA.NS,2021-12-31,2022-01-11,0.0,-0.1768,-0.16231,flat
LODHA.NS,2022-03-31,2022-04-13,0.0,-0.20148,-0.18223,flat
LODHA.NS,2022-06-30,2022-07-11,-0.02,0.28263,0.06766,flat
LODHA.NS,2022-09-30,2022-10-14,0.0,0.66603,0.50446,flat
LODHA.NS,2022-12-12,2022-12-20,-7.2,0.92045,0.68689,sold
LODHA.NS,2022-12-31,2023-01-16,0.0,1.06005,0.79298,flat
LODHA.NS,2023-03-31,2023-04-17,-0.01,1.57538,1.17525,flat
LODHA.NS,2023-06-01,2023-06-06,0.0,1.77785,1.37156,flat
LODHA.NS,2023-06-30,2023-07-14,-0.03,0.97984,0.59055,flat
LODHA.NS,2023-09-30,2023-10-18,-0.03,0.46054,0.14625,flat
LODHA.NS,2023-12-31,2024-01-18,-0.01,0.00491,-0.07286,flat
LODHA.NS,2024-03-07,2024-03-11,-2.25,-0.09741,-0.11557,sold
LODHA.NS,2024-03-31,2024-04-16,-0.51,0.14084,0.05478,sold
LODHA.NS,2024-06-30,2024-07-18,-0.03,-0.02151,-0.02629,flat
LODHA.NS,2024-09-30,2024-10-21,-0.02,0.03841,0.01358,flat
LODHA.NS,2024-12-31,2025-01-16,-0.13,-0.15936,-0.21896,flat
LODHA.NS,2025-03-31,2025-04-21,-0.04,-0.31513,-0.34966,flat
LT.NS,2021-12-31,2022-01-17,0.0,0.10117,0.12863,flat
LT.NS,2022-03-31,2022-04-18,0.0,0.29861,0.29834,flat
LT.NS,2022-06-30,2022-07-19,0.0,0.54939,0.34135,flat
LT.NS,2022-09-30,2022-10-21,0.0,0.57701,0.4613,flat
LT.NS,2022-12-31,2023-01-23,0.0,0.52875,0.23611,flat
LT.NS,2023-03-31,2023-04-17,0.0,0.66841,0.26828,flat
LT.NS,2023-06-30,2023-07-19,0.0,0.55914,0.17118,flat
LT.NS,2023-09-28,2023-10-09,0.0,0.17277,-0.19581,flat
LT.NS,2023-09-30,2023-10-20,0.0,0.21194,-0.10654,flat
LT.NS,2023-12-31,2024-01-11,0.0,0.01828,-0.07612,flat
LT.NS,2024-03-31,2024-04-15,0.0,-0.07605,-0.16194,flat
LT.NS,2024-06-30,2024-07-19,0.0,-0.02794,-0.05309,flat
LT.NS,2024-09-30,2024-10-15,0.0,0.10049,0.10131,flat
LT.NS,2024-12-31,2025-01-15,0.0,0.08575,0.02617,flat
LT.NS,2025-03-31,2025-04-21,0.0,0.2423,0.20777,flat
LTF.NS,2021-12-31,2022-01-10,-0.03,0.16133,0.17098,flat
LTF.NS,2022-03-31,2022-04-13,2.76,0.06862,0.08787,bought
LTF.NS,2022-06-30,2022-07-11,-0.03,0.78439,0.56943,flat
LTF.NS,2022-09-30,2022-10-17,-0.03,0.73952,0.60652,flat
LTF.NS,2022-12-31,2023-01-16,-0.05,0.78124,0.51417,flat
LTF.NS,2023-03-31,2023-04-17,-0.04,0.92158,0.52145,flat
LTF.NS,2023-06-30,2023-07-14,-0.01,0.39661,0.00732,flat
LTF.NS,2023-09-30,2023-10-16,-0.08,0.05437,-0.23919,flat
LTF.NS,2023-12-31,2024-01-12,-0.12,-0.15458,-0.23819,flat
LTF.NS,2024-03-31,2024-04-15,-0.04,0.10135,0.01547,flat
LTF.NS,2024-06-30,2024-07-12,0.51,0.1137,0.09966,bought
LTF.NS,2024-09-30,2024-10-14,-0.08,0.63639,0.64183,flat
LTF.NS,2024-12-31,2025-01-10,-0.04,1.1622,1.08485,flat
LTF.NS,2025-03-31,2025-04-11,-0.01,0.92174,0.81387,flat
LTFOODS.NS,2021-12-31,2022-01-12,0.0,0.51809,0.53544,flat
LTFOODS.NS,2022-03-31,2022-04-13,0.0,0.15404,0.17329,flat
LTFOODS.NS,2022-06-30,2022-07-14,0.0,0.89976,0.6661,flat
LTFOODS.NS,2022-09-30,2022-10-21,0.0,0.35651,0.2408,flat
LTFOODS.NS,2022-12-31,2023-01-23,0.0,0.71829,0.42565,flat
LTFOODS.NS,2023-02-28,2023-03-08,-4.48,0.68317,0.35338,sold
LTFOODS.NS,2023-03-31,2023-04-19,-1.33,1.03159,0.61863,sold
LTFOODS.NS,2023-06-30,2023-07-17,0.0,1.02042,0.63386,flat
LTFOODS.NS,2023-09-30,2023-10-17,0.0,1.1292,0.83252,flat
LTFOODS.NS,2023-12-31,2024-01-17,0.0,0.86304,0.79,flat
LTFOODS.NS,2024-03-31,2024-04-18,0.0,0.75641,0.68146,flat
LTFOODS.NS,2024-06-30,2024-07-19,0.0,0.72176,0.69661,flat
LTFOODS.NS,2024-09-30,2024-10-16,0.0,0.03107,0.02743,flat
LTFOODS.NS,2024-12-31,2025-01-13,0.0,-0.07439,-0.17467,flat
LTFOODS.NS,2025-03-31,2025-04-16,0.0,0.20381,0.14935,flat
LTM.NS,2021-12-31,2022-01-11,-0.02,-0.39942,-0.38493,flat
LTM.NS,2022-03-31,2022-04-18,-0.02,-0.27925,-0.27953,flat
LTM.NS,2022-06-30,2022-07-12,-0.02,0.26788,0.03749,flat
LTM.NS,2022-09-30,2022-10-24,-0.03,0.08546,-0.01997,flat
LTM.NS,2022-11-25,2022-12-05,-5.31,0.17623,0.00591,sold
LTM.NS,2022-12-31,2023-01-19,0.0,0.30645,0.02224,flat
LTM.NS,2023-03-31,2023-04-24,-0.01,0.12511,-0.27873,flat
LTM.NS,2023-06-30,2023-07-24,-0.02,0.11893,-0.2177,flat
LTM.NS,2023-09-30,2023-10-20,0.0,0.07153,-0.24695,flat
LTM.NS,2023-12-31,2024-01-23,-0.02,0.04853,-0.06034,flat
LTM.NS,2024-03-31,2024-04-22,-0.04,-0.0046,-0.07933,flat
LTM.NS,2024-06-30,2024-07-18,0.0,-0.08982,-0.09459,flat
LTM.NS,2024-09-30,2024-10-15,0.0,-0.12301,-0.12218,flat
LTM.NS,2024-12-31,2025-01-21,-0.03,0.05824,-0.0187,flat
LTM.NS,2025-03-31,2025-04-21,0.0,0.03262,-0.00191,flat
LTTS.NS,2021-12-31,2022-01-14,-0.22,-0.38005,-0.3603,flat
LTTS.NS,2022-03-31,2022-04-21,-0.03,-0.11284,-0.11424,flat
LTTS.NS,2022-06-30,2022-07-13,-0.02,0.33407,0.09253,flat
LTTS.NS,2022-09-30,2022-10-20,-0.01,0.20168,0.09227,flat
LTTS.NS,2022-12-31,2023-01-10,-0.02,0.50312,0.23627,flat
LTTS.NS,2023-03-31,2023-04-21,0.0,0.3812,-0.03884,flat
LTTS.NS,2023-06-30,2023-07-18,-0.05,0.29214,-0.09719,flat
LTTS.NS,2023-09-30,2023-10-16,-0.03,0.11798,-0.17559,flat
LTTS.NS,2023-12-31,2024-01-08,-0.02,0.02681,-0.09147,flat
LTTS.NS,2024-03-31,2024-04-16,-0.01,-0.14936,-0.23542,flat
LTTS.NS,2024-06-30,2024-07-18,-0.05,-0.0981,-0.10287,flat
LTTS.NS,2024-09-30,2024-10-21,0.0,-0.18878,-0.21361,flat
LTTS.NS,2024-12-31,2025-01-21,-0.03,-0.27361,-0.35055,flat
LTTS.NS,2025-03-31,2025-04-22,0.0,-0.18054,-0.21612,flat
LUPIN.NS,2021-12-31,2022-01-10,-0.02,-0.18954,-0.1799,flat
LUPIN.NS,2022-03-31,2022-04-13,-0.03,-0.09512,-0.07587,flat
LUPIN.NS,2022-06-30,2022-07-13,0.32,0.47773,0.23619,flat
LUPIN.NS,2022-09-30,2022-10-17,0.01,0.69846,0.56546,flat
LUPIN.NS,2022-12-31,2023-01-11,-0.01,0.90494,0.62359,flat
LUPIN.NS,2023-03-31,2023-04-10,-0.02,1.34177,0.96351,flat
LUPIN.NS,2023-06-30,2023-07-13,-0.01,0.95117,0.57259,flat
LUPIN.NS,2023-09-30,2023-10-11,-0.01,0.84627,0.53565,flat
LUPIN.NS,2023-12-31,2024-01-12,-0.02,0.53713,0.45352,flat
LUPIN.NS,2024-03-31,2024-04-12,-0.03,0.26717,0.2026,flat
LUPIN.NS,2024-06-30,2024-07-15,-0.03,0.05888,0.05607,flat
LUPIN.NS,2024-09-30,2024-10-09,-0.02,-0.14728,-0.12968,flat
LUPIN.NS,2024-12-31,2025-01-16,-0.01,0.03705,-0.02256,flat
LUPIN.NS,2025-03-31,2025-04-17,-0.03,0.20739,0.15482,flat
LUXIND.NS,2021-12-31,2022-01-10,-0.44,-0.58852,-0.57888,flat
LUXIND.NS,2022-03-31,2022-04-13,0.0,-0.43853,-0.41928,flat
LUXIND.NS,2022-06-30,2022-07-14,0.38,-0.18738,-0.42104,flat
LUXIND.NS,2022-09-30,2022-10-21,-0.14,-0.23494,-0.35065,flat
LUXIND.NS,2022-12-31,2023-01-13,0.0,-0.16334,-0.43082,flat
LUXIND.NS,2023-03-31,2023-04-17,0.0,0.12816,-0.27197,flat
LUXIND.NS,2023-06-30,2023-07-21,0.0,0.41856,0.04261,flat
LUXIND.NS,2023-09-30,2023-10-16,0.0,0.36289,0.06932,flat
LUXIND.NS,2023-12-31,2024-01-15,0.0,0.3083,0.2252,flat
LUXIND.NS,2024-03-31,2024-04-15,0.0,0.25396,0.16808,flat
LUXIND.NS,2024-06-30,2024-07-15,0.0,-0.25041,-0.25323,flat
LUXIND.NS,2024-09-30,2024-10-16,0.0,-0.37668,-0.38031,flat
LUXIND.NS,2024-12-31,2025-01-15,0.0,-0.47684,-0.53642,flat
LUXIND.NS,2025-03-31,2025-04-15,0.0,0.21889,0.14692,flat
LXCHEM.NS,2021-03-31,2021-04-13,0.0,1.28824,1.06968,flat
LXCHEM.NS,2021-06-30,2021-07-16,0.0,0.25741,0.21889,flat
LXCHEM.NS,2021-09-30,2021-10-12,0.0,-0.42239,-0.39492,flat
LXCHEM.NS,2021-12-31,2022-01-18,0.0,-0.3597,-0.34879,flat
LXCHEM.NS,2022-03-31,2022-04-13,0.0,-0.38572,-0.36647,flat
LXCHEM.NS,2022-06-30,2022-07-20,-0.39,-0.22126,-0.41575,flat
LXCHEM.NS,2022-09-30,2022-10-20,-0.02,-0.22174,-0.33114,flat
LXCHEM.NS,2022-12-31,2023-01-20,0.0,-0.05702,-0.34562,flat
LXCHEM.NS,2023-03-31,2023-04-19,-0.01,-0.09578,-0.50874,flat
LXCHEM.NS,2023-06-30,2023-07-20,-0.11,-0.00143,-0.38072,flat
LXCHEM.NS,2023-09-30,2023-10-20,0.0,0.00121,-0.31727,flat
LXCHEM.NS,2023-12-31,2024-01-19,-2.56,-0.22973,-0.31333,sold
LXCHEM.NS,2024-03-31,2024-04-08,-0.11,-0.31455,-0.34266,flat
LXCHEM.NS,2024-06-30,2024-07-22,-0.17,-0.19787,-0.21349,flat
LXCHEM.NS,2024-09-30,2024-10-21,-0.05,-0.25873,-0.28356,flat
LXCHEM.NS,2024-12-31,2025-01-22,-0.12,-0.38727,-0.46851,flat
LXCHEM.NS,2025-03-31,2025-04-21,0.0,-0.15467,-0.1892,flat
MAHABANK.NS,2021-12-31,2022-01-11,0.0,0.67357,0.68806,flat
MAHABANK.NS,2022-03-31,2022-04-11,0.0,0.57567,0.60625,flat
MAHABANK.NS,2022-06-30,2022-07-14,0.0,1.24743,1.01378,flat
MAHABANK.NS,2022-09-30,2022-10-17,0.0,1.23334,1.10034,flat
MAHABANK.NS,2022-12-31,2023-01-16,0.0,0.68575,0.41868,flat
MAHABANK.NS,2023-03-31,2023-04-17,0.0,1.37618,0.97605,flat
MAHABANK.NS,2023-06-06,2023-06-16,-4.51,1.38381,0.98964,sold
MAHABANK.NS,2023-06-30,2023-07-13,0.0,1.23747,0.8589,flat
MAHABANK.NS,2023-09-30,2023-10-12,0.0,0.11802,-0.1932,flat
MAHABANK.NS,2023-12-31,2024-01-10,0.0,0.17732,0.05993,flat
MAHABANK.NS,2024-03-31,2024-04-15,0.0,-0.1571,-0.24299,flat
MAHABANK.NS,2024-06-30,2024-07-16,0.0,-0.13788,-0.14538,flat
MAHABANK.NS,2024-09-30,2024-10-10,0.0,0.1285,0.13785,flat
MAHABANK.NS,2024-10-05,2024-10-10,-6.86,0.1285,0.13785,sold
MAHABANK.NS,2024-12-31,2025-01-07,0.0,0.28247,0.23015,flat
MAHABANK.NS,2025-03-31,2025-04-17,0.0,0.7241,0.67153,flat
MAHLIFE.NS,2021-12-31,2022-01-21,-0.11,0.34563,0.36579,flat
MAHLIFE.NS,2022-03-31,2022-04-21,-0.01,-0.00688,-0.00829,flat
MAHLIFE.NS,2022-06-30,2022-07-21,0.0,0.18865,0.0011,flat
MAHLIFE.NS,2022-09-30,2022-10-24,-0.02,0.17069,0.06526,flat
MAHLIFE.NS,2022-12-31,2023-01-23,-0.01,0.55162,0.25898,flat
MAHLIFE.NS,2023-03-31,2023-04-24,-0.02,0.68561,0.28177,flat
MAHLIFE.NS,2023-06-30,2023-07-21,-0.08,0.24648,-0.12947,flat
MAHLIFE.NS,2023-09-30,2023-10-23,-0.01,0.0131,-0.33831,flat
MAHLIFE.NS,2023-12-31,2024-01-23,-0.01,-0.26295,-0.37183,flat
MAHLIFE.NS,2024-03-31,2024-04-19,-0.01,-0.4628,-0.54701,flat
MAHLIFE.NS,2024-06-30,2024-07-22,-0.01,-0.37018,-0.38581,flat
MAHLIFE.NS,2024-09-30,2024-10-22,-0.01,-0.22249,-0.26624,flat
MAHLIFE.NS,2024-12-31,2025-01-22,0.0,-0.12937,-0.21061,flat
MAHLIFE.NS,2025-03-31,2025-04-07,-0.01,0.11364,-0.02382,flat
MAHLOG.NS,2021-12-31,2022-01-19,-0.07,-0.33038,-0.32495,flat
MAHLOG.NS,2022-03-31,2022-04-20,0.0,-0.2461,-0.2558,flat
MAHLOG.NS,2022-06-30,2022-07-18,-0.06,-0.22077,-0.42904,flat
MAHLOG.NS,2022-09-30,2022-10-21,-0.01,-0.34198,-0.45769,flat
MAHLOG.NS,2022-12-31,2023-01-23,-0.01,-0.165,-0.45764,flat
MAHLOG.NS,2023-03-31,2023-04-21,-0.01,0.23069,-0.18936,flat
MAHLOG.NS,2023-06-30,2023-07-10,-0.05,0.40638,0.02043,flat
MAHLOG.NS,2023-09-30,2023-10-16,0.0,0.05151,-0.24206,flat
MAHLOG.NS,2023-12-31,2024-01-19,0.0,-0.16752,-0.25112,flat
MAHLOG.NS,2024-03-31,2024-04-19,0.0,-0.32818,-0.41239,flat
MAHLOG.NS,2024-06-30,2024-07-18,-0.01,-0.28528,-0.29005,flat
MAHLOG.NS,2024-09-30,2024-10-18,0.0,-0.26494,-0.27543,flat
MAHLOG.NS,2024-12-31,2025-01-20,0.0,-0.19961,-0.24593,flat
MAHLOG.NS,2025-03-31,2025-04-21,-0.06,0.34193,0.3074,flat
MAHSCOOTER.NS,2021-12-31,2022-01-20,0.0,0.18457,0.19688,flat
MAHSCOOTER.NS,2022-03-31,2022-04-22,0.0,0.33255,0.31075,flat
MAHSCOOTER.NS,2022-06-30,2022-07-20,0.05,0.61903,0.42454,flat
MAHSCOOTER.NS,2022-09-30,2022-10-21,0.0,0.52227,0.40656,flat
MAHSCOOTER.NS,2022-12-31,2023-01-19,-0.05,0.73917,0.45497,flat
MAHSCOOTER.NS,2023-03-31,2023-04-20,0.0,0.78436,0.37153,flat
MAHSCOOTER.NS,2023-06-30,2023-07-19,0.0,0.71035,0.32239,flat
MAHSCOOTER.NS,2023-09-30,2023-10-20,0.0,0.24357,-0.0749,flat
MAHSCOOTER.NS,2023-12-31,2024-01-18,0.0,0.21449,0.13672,flat
MAHSCOOTER.NS,2024-03-31,2024-04-18,0.0,0.57238,0.49742,flat
MAHSCOOTER.NS,2024-06-30,2024-07-22,0.0,0.59426,0.57863,flat
MAHSCOOTER.NS,2024-09-30,2024-10-18,0.0,0.43513,0.42464,flat
MAHSCOOTER.NS,2024-12-31,2025-01-21,0.0,0.43002,0.35309,flat
MAHSCOOTER.NS,2025-03-31,2025-04-21,0.0,0.10771,0.07318,flat
MAHSEAMLES.NS,2021-12-31,2022-01-17,1.08,0.17519,0.20265,bought
MAHSEAMLES.NS,2022-03-31,2022-04-13,2.1,0.34863,0.36788,bought
MAHSEAMLES.NS,2022-06-30,2022-07-22,0.08,0.44579,0.2559,flat
MAHSEAMLES.NS,2022-09-30,2022-10-19,0.17,0.67657,0.5779,flat
MAHSEAMLES.NS,2022-12-05,2022-12-07,0.35,1.43921,1.24302,flat
MAHSEAMLES.NS,2022-12-31,2023-01-13,0.03,1.9124,1.64491,flat
MAHSEAMLES.NS,2023-03-31,2023-04-17,0.17,1.34927,0.94915,flat
MAHSEAMLES.NS,2023-06-30,2023-07-12,0.0,0.366,-0.0114,flat
MAHSEAMLES.NS,2023-09-30,2023-10-19,0.06,-0.05868,-0.3729,flat
MAHSEAMLES.NS,2023-12-31,2024-01-15,0.0,-0.35167,-0.43477,flat
MAHSEAMLES.NS,2024-03-31,2024-04-09,0.14,-0.20976,-0.25261,flat
MAHSEAMLES.NS,2024-06-30,2024-07-09,0.0,0.12121,0.11073,flat
MAHSEAMLES.NS,2024-09-30,2024-10-17,0.04,-0.04406,-0.06026,flat
MAHSEAMLES.NS,2024-12-31,2025-01-09,0.03,-0.22636,-0.29119,flat
MAHSEAMLES.NS,2025-03-31,2025-04-07,0.79,0.0156,-0.12186,bought
MANAPPURAM.NS,2021-12-31,2022-01-18,0.01,-0.25028,-0.23937,flat
MANAPPURAM.NS,2022-03-31,2022-04-18,0.0,0.07014,0.06986,flat
MANAPPURAM.NS,2022-06-30,2022-07-21,0.09,0.4907,0.30315,flat
MANAPPURAM.NS,2022-09-30,2022-10-21,0.03,0.3297,0.21399,flat
MANAPPURAM.NS,2022-12-31,2023-01-13,0.02,0.47046,0.20298,flat
MANAPPURAM.NS,2023-03-31,2023-04-19,0.0,0.55413,0.14117,flat
MANAPPURAM.NS,2023-06-30,2023-07-17,0.0,0.68992,0.30336,flat
MANAPPURAM.NS,2023-09-30,2023-10-18,0.0,0.12074,-0.19355,flat
MANAPPURAM.NS,2023-12-31,2024-01-23,0.0,0.20984,0.10096,flat
MANAPPURAM.NS,2024-03-31,2024-04-22,0.0,0.24227,0.16754,flat
MANAPPURAM.NS,2024-06-30,2024-07-22,0.04,0.28878,0.27316,flat
MANAPPURAM.NS,2024-09-30,2024-10-21,0.01,0.91081,0.88598,flat
MANAPPURAM.NS,2024-12-31,2025-01-17,0.0,0.53783,0.4905,flat
MANAPPURAM.NS,2025-03-31,2025-04-21,0.0,0.26422,0.22969,flat
MANKIND.NS,2023-06-30,2023-07-18,0.0,0.11484,-0.2745,flat
MANKIND.NS,2023-09-30,2023-10-13,0.0,0.39949,0.08912,flat
MANKIND.NS,2023-12-31,2024-01-09,0.0,0.26775,0.15363,flat
MANKIND.NS,2024-03-31,2024-04-05,-1.62,0.03469,0.00745,sold
MANKIND.NS,2024-06-30,2024-07-15,-0.01,0.23443,0.23162,flat
MANKIND.NS,2024-09-30,2024-10-21,0.0,-0.08664,-0.11148,flat
MANKIND.NS,2024-12-20,2024-12-27,-2.16,-0.24595,-0.30949,sold
MANKIND.NS,2024-12-31,2025-01-14,0.0,-0.20283,-0.27106,flat
MANKIND.NS,2025-03-31,2025-04-21,-0.01,-0.12483,-0.15936,flat
MANYAVAR.NS,2022-03-31,2022-04-22,0.0,0.19023,0.16843,flat
MANYAVAR.NS,2022-06-30,2022-07-21,0.0,0.14435,-0.0432,flat
MANYAVAR.NS,2022-09-30,2022-10-20,0.0,-0.08833,-0.19774,flat
MANYAVAR.NS,2022-12-31,2023-01-23,-0.02,-0.19423,-0.48687,flat
MANYAVAR.NS,2023-03-31,2023-04-24,-0.01,-0.27196,-0.6758,flat
MANYAVAR.NS,2023-06-30,2023-07-20,-9.88,-0.09367,-0.47296,sold
MANYAVAR.NS,2023-09-30,2023-10-23,-0.01,0.08333,-0.26808,flat
MANYAVAR.NS,2023-12-31,2024-01-17,-0.01,-0.05444,-0.12748,flat
MANYAVAR.NS,2024-03-31,2024-04-22,-0.01,-0.14342,-0.21815,flat
MANYAVAR.NS,2024-06-30,2024-07-22,0.0,-0.24088,-0.2565,flat
MANYAVAR.NS,2024-09-30,2024-10-22,-0.01,-0.47017,-0.51392,flat
MANYAVAR.NS,2024-12-31,2025-01-21,0.0,-0.57801,-0.65494,flat
MANYAVAR.NS,2025-03-31,2025-04-22,-0.01,-0.44975,-0.48534,flat
MAPMYINDIA.NS,2021-12-31,2022-01-10,0.0,-0.3846,-0.37495,flat
MAPMYINDIA.NS,2022-03-31,2022-04-18,0.0,-0.37193,-0.3722,flat
MAPMYINDIA.NS,2022-06-30,2022-07-21,0.0,0.03929,-0.14825,flat
MAPMYINDIA.NS,2022-09-30,2022-10-12,-0.42,0.45856,0.28904,flat
MAPMYINDIA.NS,2022-12-31,2023-01-20,0.0,0.66267,0.37407,flat
MAPMYINDIA.NS,2023-03-31,2023-04-20,0.0,0.9948,0.58196,flat
MAPMYINDIA.NS,2023-06-30,2023-07-18,0.0,0.66839,0.27905,flat
MAPMYINDIA.NS,2023-09-30,2023-10-12,-0.38,-0.01098,-0.3222,flat
MAPMYINDIA.NS,2023-12-31,2024-01-09,-0.02,-0.16157,-0.27568,flat
MAPMYINDIA.NS,2024-03-31,2024-04-12,0.0,-0.00848,-0.07306,flat
MAPMYINDIA.NS,2024-06-30,2024-07-12,-0.93,-0.25813,-0.27217,sold
MAPMYINDIA.NS,2024-09-30,2024-10-18,-0.31,-0.15049,-0.16098,flat
MAPMYINDIA.NS,2024-12-31,2025-01-17,0.0,-0.20787,-0.25519,flat
MAPMYINDIA.NS,2025-03-31,2025-04-21,-0.02,-0.47904,-0.51357,flat
MARICO.NS,2021-12-31,2022-01-24,-0.01,0.08319,0.07353,flat
MARICO.NS,2022-03-31,2022-04-22,-0.02,-0.04262,-0.06442,flat
MARICO.NS,2022-06-30,2022-07-21,-0.01,0.10224,-0.08531,flat
MARICO.NS,2022-09-30,2022-10-24,0.0,0.04148,-0.06395,flat
MARICO.NS,2022-12-31,2023-01-20,0.0,0.07663,-0.21197,flat
MARICO.NS,2023-03-31,2023-04-21,-0.06,0.11439,-0.30565,flat
MARICO.NS,2023-06-30,2023-07-20,0.0,0.27484,-0.10445,flat
MARICO.NS,2023-09-30,2023-10-20,-0.02,0.20345,-0.11503,flat
MARICO.NS,2023-12-31,2024-01-19,-0.01,0.28313,0.19953,flat
MARICO.NS,2024-03-31,2024-04-22,-0.04,0.41331,0.33858,flat
MARICO.NS,2024-06-30,2024-07-19,-0.07,0.08343,0.05827,flat
MARICO.NS,2024-09-30,2024-10-18,-0.08,0.10112,0.09063,flat
MARICO.NS,2024-12-31,2025-01-20,-0.09,0.15178,0.10545,flat
MARICO.NS,2025-03-31,2025-04-16,-0.06,0.09807,0.04361,flat
MARUTI.NS,2021-12-31,2022-01-24,0.0,0.10218,0.09251,flat
MARUTI.NS,2022-03-31,2022-04-21,0.0,0.09138,0.08998,flat
MARUTI.NS,2022-06-30,2022-07-20,0.0,0.12216,-0.07233,flat
MARUTI.NS,2022-09-30,2022-10-21,0.0,0.20593,0.09022,flat
MARUTI.NS,2022-12-31,2023-01-23,0.0,0.27784,-0.0148,flat
MARUTI.NS,2023-03-31,2023-04-20,0.11,0.48464,0.07181,flat
MARUTI.NS,2023-06-30,2023-07-20,0.0,0.37987,0.00058,flat
MARUTI.NS,2023-09-30,2023-10-23,0.0,0.06266,-0.28875,flat
MARUTI.NS,2023-11-24,2023-12-01,1.71,0.07544,-0.21397,bought
MARUTI.NS,2023-12-31,2024-01-16,0.0,0.18632,0.1111,flat
MARUTI.NS,2024-03-31,2024-04-22,0.0,-0.06513,-0.13985,flat
MARUTI.NS,2024-06-30,2024-07-18,0.0,-0.00269,-0.00747,flat
MARUTI.NS,2024-09-30,2024-10-18,0.0,0.35894,0.34845,flat
MARUTI.NS,2024-12-31,2025-01-21,0.09,0.26543,0.1885,flat
MARUTI.NS,2025-03-31,2025-04-22,0.0,0.14202,0.10644,flat
MASFIN.NS,2021-12-31,2022-01-21,0.02,0.40964,0.4298,flat
MASFIN.NS,2022-03-31,2022-04-13,0.02,0.12993,0.14918,flat
MASFIN.NS,2022-06-30,2022-07-20,0.07,0.52708,0.33259,flat
MASFIN.NS,2022-09-30,2022-10-21,0.02,0.06948,-0.04623,flat
MASFIN.NS,2022-12-31,2023-01-18,0.0,0.24155,-0.02405,flat
MASFIN.NS,2023-03-31,2023-04-20,0.0,0.2725,-0.14034,flat
MASFIN.NS,2023-06-30,2023-07-18,0.0,0.13724,-0.25209,flat
MASFIN.NS,2023-09-30,2023-10-16,0.0,-0.07552,-0.36909,flat
MASFIN.NS,2023-12-31,2024-01-10,0.0,-0.18062,-0.29801,flat
MASFIN.NS,2024-02-24,2024-02-26,0.0,-0.28701,-0.27033,flat
MASFIN.NS,2024-03-31,2024-04-18,0.0,-0.02948,-0.10443,flat
MASFIN.NS,2024-06-21,2024-07-01,-7.1,0.05959,0.02286,sold
MASFIN.NS,2024-06-30,2024-07-18,0.0,0.1582,0.15343,flat
MASFIN.NS,2024-09-30,2024-10-21,0.0,0.02372,-0.00111,flat
MASFIN.NS,2024-12-31,2025-01-20,0.0,0.30189,0.25556,flat
MASFIN.NS,2025-03-31,2025-04-15,0.0,0.20743,0.13546,flat
MASTEK.NS,2021-12-31,2022-01-19,-0.16,-0.48625,-0.48083,flat
MASTEK.NS,2022-03-31,2022-04-18,-0.29,-0.39213,-0.39241,flat
MASTEK.NS,2022-06-30,2022-07-20,0.01,0.02426,-0.17023,flat
MASTEK.NS,2022-09-30,2022-10-24,-0.03,0.28167,0.17624,flat
MASTEK.NS,2022-12-31,2023-01-23,-0.01,0.83903,0.54639,flat
MASTEK.NS,2023-03-31,2023-04-20,-0.52,0.51959,0.10676,sold
MASTEK.NS,2023-06-30,2023-07-24,-0.18,0.34556,0.00893,flat
MASTEK.NS,2023-09-30,2023-10-19,-0.07,0.21791,-0.09631,flat
MASTEK.NS,2023-12-31,2024-01-19,-0.03,-0.13476,-0.21836,flat
MASTEK.NS,2024-03-31,2024-04-18,-0.21,-0.21685,-0.29181,flat
MASTEK.NS,2024-06-30,2024-07-18,-0.01,-0.0468,-0.05158,flat
MASTEK.NS,2024-09-30,2024-10-18,-0.02,-0.29225,-0.30274,flat
MASTEK.NS,2024-12-31,2025-01-15,-0.01,-0.19681,-0.25638,flat
MASTEK.NS,2025-03-31,2025-04-17,-0.25,-0.24718,-0.29975,flat
MAXHEALTH.NS,2021-12-31,2022-01-13,-0.23,0.11633,0.13252,flat
MAXHEALTH.NS,2022-03-31,2022-04-08,-10.04,0.28469,0.31372,sold
MAXHEALTH.NS,2022-06-30,2022-07-08,0.0,0.68155,0.46143,flat
MAXHEALTH.NS,2022-09-30,2022-10-18,-26.84,0.39906,0.28586,sold
MAXHEALTH.NS,2022-12-31,2023-01-23,-0.02,0.72919,0.43655,flat
MAXHEALTH.NS,2023-03-31,2023-04-17,-0.01,0.70758,0.30746,flat
MAXHEALTH.NS,2023-06-30,2023-07-13,-0.01,0.49881,0.12024,flat
MAXHEALTH.NS,2023-09-30,2023-10-13,0.0,0.55751,0.24714,flat
MAXHEALTH.NS,2023-12-31,2024-01-16,-0.01,0.47254,0.39732,flat
MAXHEALTH.NS,2024-03-31,2024-04-18,0.0,0.37418,0.29922,flat
MAXHEALTH.NS,2024-06-30,2024-07-18,-0.01,0.30792,0.30315,flat
MAXHEALTH.NS,2024-09-30,2024-10-21,0.0,0.24838,0.22355,flat
MAXHEALTH.NS,2024-12-31,2025-01-21,0.0,-0.1099,-0.18683,flat
MAXHEALTH.NS,2025-03-31,2025-04-16,0.0,-0.07141,-0.12587,flat
MAZDOCK.NS,2021-12-31,2022-01-10,0.0,1.82798,1.83763,flat
MAZDOCK.NS,2022-03-31,2022-04-11,0.0,1.37821,1.40879,flat
MAZDOCK.NS,2022-06-30,2022-07-12,0.0,5.75681,5.52642,flat
MAZDOCK.NS,2022-09-30,2022-10-19,0.0,2.0577,1.95903,flat
MAZDOCK.NS,2022-12-31,2023-01-13,0.0,2.0143,1.74681,flat
MAZDOCK.NS,2023-03-31,2023-04-17,0.0,2.45589,2.05576,flat
MAZDOCK.NS,2023-06-30,2023-07-17,0.0,2.13769,1.75113,flat
MAZDOCK.NS,2023-09-30,2023-10-16,0.0,0.89825,0.60468,flat
MAZDOCK.NS,2023-12-31,2024-01-10,0.0,1.13929,1.0219,flat
MAZDOCK.NS,2024-03-31,2024-04-19,0.0,1.57075,1.48654,flat
MAZDOCK.NS,2024-06-30,2024-07-11,0.0,0.0927,0.07239,flat
MAZDOCK.NS,2024-09-30,2024-10-14,0.0,0.32806,0.3335,flat
MAZDOCK.NS,2024-12-31,2025-01-16,0.0,0.05821,-0.00139,flat
MAZDOCK.NS,2025-03-31,2025-04-21,0.0,-0.02337,-0.0579,flat
MEDANTA.NS,2022-12-31,2023-01-20,0.0,1.6525,1.3639,flat
MEDANTA.NS,2023-03-31,2023-04-21,0.0,1.9026,1.48255,flat
MEDANTA.NS,2023-06-30,2023-07-20,-0.01,0.71846,0.33918,flat
MEDANTA.NS,2023-09-30,2023-10-23,-0.01,0.4877,0.13629,flat
MEDANTA.NS,2023-12-31,2024-01-18,-0.01,-0.04104,-0.11881,flat
MEDANTA.NS,2024-03-31,2024-04-22,-0.01,-0.17214,-0.24687,flat
MEDANTA.NS,2024-06-30,2024-07-22,0.0,0.10914,0.09352,flat
MEDANTA.NS,2024-09-30,2024-10-21,0.0,0.28689,0.26206,flat
MEDANTA.NS,2024-12-31,2025-01-21,-0.01,-0.00566,-0.08259,flat
MEDANTA.NS,2025-03-31,2025-04-17,0.0,-0.07949,-0.13206,flat
MEDPLUS.NS,2021-12-31,2022-01-19,0.0,-0.50535,-0.49992,flat
MEDPLUS.NS,2022-03-31,2022-04-22,0.0,-0.25752,-0.27932,flat
MEDPLUS.NS,2022-06-30,2022-07-21,0.0,0.27553,0.08799,flat
MEDPLUS.NS,2022-09-30,2022-10-17,0.0,0.36639,0.23338,flat
MEDPLUS.NS,2022-12-31,2023-01-23,0.0,0.08735,-0.20529,flat
MEDPLUS.NS,2023-03-31,2023-04-24,0.0,-0.0855,-0.48935,flat
MEDPLUS.NS,2023-06-30,2023-07-13,0.0,-0.18118,-0.55975,flat
MEDPLUS.NS,2023-09-30,2023-10-19,-0.02,-0.16786,-0.48208,flat
MEDPLUS.NS,2023-12-31,2024-01-11,0.04,0.02909,-0.06531,flat
MEDPLUS.NS,2024-03-31,2024-04-12,-0.06,0.16635,0.10178,flat
MEDPLUS.NS,2024-06-30,2024-07-18,0.0,0.34054,0.33576,flat
MEDPLUS.NS,2024-09-30,2024-10-21,0.0,0.10654,0.08171,flat
MEDPLUS.NS,2024-12-31,2025-01-20,0.0,0.02198,-0.02434,flat
MEDPLUS.NS,2025-03-31,2025-04-21,-0.05,0.08654,0.05201,flat
METROBRAND.NS,2021-12-31,2022-01-21,0.0,0.29472,0.31488,flat
METROBRAND.NS,2022-03-31,2022-04-22,0.0,0.53083,0.50903,flat
METROBRAND.NS,2022-06-30,2022-07-21,0.0,0.82224,0.63469,flat
METROBRAND.NS,2022-09-30,2022-10-24,-0.02,0.34415,0.23872,flat
METROBRAND.NS,2022-12-31,2023-01-23,-0.04,0.30862,0.01598,flat
METROBRAND.NS,2023-03-31,2023-04-20,0.0,0.27452,-0.13832,flat
METROBRAND.NS,2023-06-30,2023-07-19,-0.01,0.28287,-0.10509,flat
METROBRAND.NS,2023-09-30,2023-10-17,0.0,-0.04104,-0.33771,flat
METROBRAND.NS,2023-12-31,2024-01-17,-0.03,-0.01753,-0.09056,flat
METROBRAND.NS,2024-03-31,2024-04-18,-0.01,0.02172,-0.05323,flat
METROBRAND.NS,2024-06-30,2024-07-16,-0.01,-0.08221,-0.08971,flat
METROBRAND.NS,2024-09-30,2024-10-18,-2.19,-0.06294,-0.07343,sold
METROBRAND.NS,2024-12-31,2025-01-21,-0.03,-0.14711,-0.22404,flat
METROBRAND.NS,2025-03-31,2025-04-21,-0.05,-0.03909,-0.07362,flat
METROPOLIS.NS,2021-12-31,2022-01-13,-0.83,-0.55523,-0.53903,sold
METROPOLIS.NS,2022-03-31,2022-04-19,0.29,-0.49544,-0.511,flat
METROPOLIS.NS,2022-06-30,2022-07-22,0.0,-0.10936,-0.29926,flat
METROPOLIS.NS,2022-09-30,2022-10-24,-0.03,-0.10652,-0.21195,flat
METROPOLIS.NS,2022-12-31,2023-01-23,0.0,0.24769,-0.04495,flat
METROPOLIS.NS,2023-03-31,2023-04-21,-0.01,0.46364,0.04359,flat
METROPOLIS.NS,2023-06-30,2023-07-24,0.0,0.46243,0.1258,flat
METROPOLIS.NS,2023-09-30,2023-10-23,-0.01,0.45208,0.10067,flat
METROPOLIS.NS,2023-12-31,2024-01-23,0.0,0.14064,0.03176,flat
METROPOLIS.NS,2024-03-31,2024-04-22,-0.07,-0.04736,-0.12209,flat
METROPOLIS.NS,2024-06-30,2024-07-22,-0.05,-0.00022,-0.01584,flat
METROPOLIS.NS,2024-09-30,2024-10-21,-0.19,-0.1026,-0.12743,flat
METROPOLIS.NS,2024-12-31,2025-01-21,-0.03,-0.00631,-0.08325,flat
METROPOLIS.NS,2025-03-31,2025-04-22,-0.5,0.09498,0.05939,sold
MFSL.NS,2021-12-31,2022-01-19,0.0,-0.14291,-0.13749,flat
MFSL.NS,2022-03-31,2022-04-13,0.0,-0.20611,-0.18686,flat
MFSL.NS,2022-06-30,2022-07-12,0.0,-0.01539,-0.24577,flat
MFSL.NS,2022-09-30,2022-10-21,0.0,0.32162,0.20591,flat
MFSL.NS,2022-12-31,2023-01-20,-3.27,0.07742,-0.21119,sold
MFSL.NS,2023-03-31,2023-04-12,-1.3,0.70777,0.32554,sold
MFSL.NS,2023-06-30,2023-07-12,0.0,0.32006,-0.05734,flat
MFSL.NS,2023-09-30,2023-10-19,-3.63,0.33433,0.02011,sold
MFSL.NS,2023-12-31,2024-01-19,0.0,0.18566,0.10206,flat
MFSL.NS,2024-03-31,2024-04-15,0.0,0.21304,0.12715,flat
MFSL.NS,2024-06-30,2024-07-18,0.0,0.50433,0.49956,flat
MFSL.NS,2024-09-30,2024-10-11,-3.18,0.30943,0.31144,sold
MFSL.NS,2024-12-31,2025-01-09,0.0,0.51301,0.44817,flat
MFSL.NS,2025-03-31,2025-04-08,-1.6,0.49141,0.37496,sold
MGL.NS,2021-12-31,2022-01-19,0.0,0.0425,0.04793,flat
MGL.NS,2022-03-31,2022-04-20,0.0,0.28804,0.27833,flat
MGL.NS,2022-06-30,2022-07-13,0.0,0.37367,0.13213,flat
MGL.NS,2022-09-30,2022-10-24,0.0,0.34983,0.2444,flat
MGL.NS,2022-12-31,2023-01-13,0.0,0.61763,0.35015,flat
MGL.NS,2023-03-31,2023-04-20,0.0,0.46604,0.05321,flat
MGL.NS,2023-06-30,2023-07-24,0.0,0.75158,0.41495,flat
MGL.NS,2023-09-30,2023-10-23,0.0,0.44559,0.09418,flat
MGL.NS,2023-12-31,2024-01-05,0.0,0.06215,-0.03793,flat
MGL.NS,2024-03-31,2024-04-22,0.0,-0.02277,-0.0975,flat
MGL.NS,2024-06-30,2024-07-22,0.0,-0.15832,-0.17395,flat
MGL.NS,2024-09-30,2024-10-21,0.0,-0.16328,-0.18811,flat
MGL.NS,2024-12-31,2025-01-22,0.0,-0.15448,-0.23572,flat
MGL.NS,2025-03-31,2025-04-21,0.0,-0.10299,-0.13752,flat
MHRIL.NS,2021-12-31,2022-01-21,-0.05,0.21896,0.23911,flat
MHRIL.NS,2022-03-31,2022-04-13,0.0,0.22832,0.24757,flat
MHRIL.NS,2022-06-30,2022-07-20,-0.02,0.52002,0.32553,flat
MHRIL.NS,2022-09-30,2022-10-24,-0.12,0.4151,0.30967,flat
MHRIL.NS,2022-12-31,2023-01-18,-0.05,0.50523,0.23963,flat
MHRIL.NS,2023-03-31,2023-04-19,-0.03,0.50407,0.09112,flat
MHRIL.NS,2023-06-30,2023-07-17,-0.05,0.40036,0.0138,flat
MHRIL.NS,2023-09-30,2023-10-16,-0.14,-0.20595,-0.49952,flat
MHRIL.NS,2023-12-31,2024-01-17,-0.04,-0.17295,-0.24599,flat
MHRIL.NS,2024-03-31,2024-04-16,0.0,-0.19483,-0.28089,flat
MHRIL.NS,2024-06-30,2024-07-22,-0.01,-0.16225,-0.17788,flat
MHRIL.NS,2024-09-30,2024-10-15,0.0,-0.1322,-0.13138,flat
MHRIL.NS,2024-12-31,2025-01-22,-0.01,-0.12179,-0.20303,flat
MHRIL.NS,2025-03-31,2025-04-15,-0.01,-0.12061,-0.19258,flat
MIDHANI.NS,2021-12-31,2022-01-13,0.0,0.22595,0.24215,flat
MIDHANI.NS,2022-03-31,2022-04-18,0.0,-0.04668,-0.04695,flat
MIDHANI.NS,2022-06-30,2022-07-21,0.0,0.8858,0.69825,flat
MIDHANI.NS,2022-09-30,2022-10-19,0.0,0.60286,0.50418,flat
MIDHANI.NS,2022-12-31,2023-01-16,0.0,1.24923,0.98216,flat
MIDHANI.NS,2023-03-31,2023-04-11,0.0,1.16448,0.78058,flat
MIDHANI.NS,2023-06-30,2023-07-11,0.0,0.51289,0.13944,flat
MIDHANI.NS,2023-09-30,2023-10-16,0.0,-0.28303,-0.5766,flat
MIDHANI.NS,2023-12-31,2024-01-23,0.0,-0.27075,-0.37962,flat
MIDHANI.NS,2024-03-31,2024-04-08,0.0,-0.29582,-0.32394,flat
MIDHANI.NS,2024-06-30,2024-07-15,0.0,-0.17587,-0.17868,flat
MIDHANI.NS,2024-09-30,2024-10-18,0.0,0.03154,0.02105,flat
MIDHANI.NS,2024-12-31,2025-01-20,0.0,-0.0096,-0.05592,flat
MIDHANI.NS,2025-03-31,2025-04-15,0.0,0.38442,0.31245,flat
MINDACORP.NS,2021-09-30,2021-10-20,0.0,0.5145,0.54087,flat
MINDACORP.NS,2021-12-31,2022-01-12,0.0,0.27203,0.28937,flat
MINDACORP.NS,2022-03-31,2022-04-19,0.0,0.09111,0.07555,flat
MINDACORP.NS,2022-06-30,2022-07-13,0.0,0.34559,0.10405,flat
MINDACORP.NS,2022-09-30,2022-10-20,0.0,0.72125,0.61184,flat
MINDACORP.NS,2022-12-31,2023-01-11,0.0,0.84761,0.56626,flat
MINDACORP.NS,2023-03-31,2023-04-10,0.0,0.59786,0.2196,flat
MINDACORP.NS,2023-06-30,2023-07-11,0.0,0.55015,0.1767,flat
MINDACORP.NS,2023-09-30,2023-10-11,0.11,0.45947,0.14885,flat
MINDACORP.NS,2023-12-31,2024-01-09,0.0,0.50662,0.39251,flat
MINDACORP.NS,2024-03-31,2024-04-08,0.0,0.2002,0.17209,flat
MINDACORP.NS,2024-06-30,2024-07-09,0.0,0.05156,0.04109,flat
MINDACORP.NS,2024-09-30,2024-10-11,0.0,0.02313,0.02514,flat
MINDACORP.NS,2024-12-31,2025-01-13,0.0,0.07467,-0.02561,flat
MINDACORP.NS,2025-03-31,2025-04-15,0.0,0.06283,-0.00914,flat
MMTC.NS,2021-12-31,2022-01-20,0.0,-0.32639,-0.31408,flat
MMTC.NS,2022-03-31,2022-04-18,0.0,-0.44434,-0.44461,flat
MMTC.NS,2022-06-30,2022-07-18,0.0,-0.14487,-0.35314,flat
MMTC.NS,2022-09-30,2022-10-20,0.0,0.48074,0.37133,flat
MMTC.NS,2022-12-31,2023-01-19,0.0,1.27107,0.98686,flat
MMTC.NS,2023-03-31,2023-04-18,0.0,1.53477,1.13587,flat
MMTC.NS,2023-06-30,2023-07-12,0.0,2.19626,1.81886,flat
MMTC.NS,2023-09-30,2023-10-11,0.0,0.27952,-0.0311,flat
MMTC.NS,2023-12-31,2024-01-09,0.0,0.07961,-0.03451,flat
MMTC.NS,2024-03-31,2024-04-08,0.0,-0.29908,-0.3272,flat
MMTC.NS,2024-06-30,2024-07-11,0.0,-0.19995,-0.22026,flat
MMTC.NS,2024-09-30,2024-10-09,0.0,-0.20459,-0.18698,flat
MMTC.NS,2024-12-31,2025-01-08,0.0,-0.16623,-0.2224,flat
MMTC.NS,2025-03-31,2025-04-08,0.0,0.33634,0.21989,flat
MOIL.NS,2021-12-31,2022-01-14,0.0,0.02659,0.04634,flat
MOIL.NS,2022-02-21,2022-02-28,0.33,-0.04342,-0.07605,flat
MOIL.NS,2022-03-31,2022-04-11,0.0,-0.16925,-0.13868,flat
MOIL.NS,2022-06-30,2022-07-19,0.0,0.30483,0.09679,flat
MOIL.NS,2022-09-30,2022-10-21,0.0,0.55833,0.44262,flat
MOIL.NS,2022-12-31,2023-01-17,0.0,1.1847,0.9044,flat
MOIL.NS,2023-03-31,2023-04-17,0.0,1.8617,1.46157,flat
MOIL.NS,2023-06-30,2023-07-17,0.0,1.62617,1.2396,flat
MOIL.NS,2023-09-30,2023-10-13,0.0,0.38301,0.07264,flat
MOIL.NS,2023-12-31,2024-01-15,0.0,0.07095,-0.01215,flat
MOIL.NS,2024-03-31,2024-04-15,0.0,0.02902,-0.05687,flat
MOIL.NS,2024-06-30,2024-07-18,0.0,-0.22048,-0.22526,flat
MOIL.NS,2024-09-30,2024-10-15,0.0,0.00141,0.00223,flat
MOIL.NS,2024-12-31,2025-01-20,0.0,0.00749,-0.03883,flat
MOIL.NS,2025-03-31,2025-04-17,0.0,0.02161,-0.03096,flat
MOTHERSON.NS,2021-12-31,2022-01-20,0.0,-0.40975,-0.39744,flat
MOTHERSON.NS,2022-03-03,2022-03-11,6.43,-0.21481,-0.22136,bought
MOTHERSON.NS,2022-03-31,2022-04-21,0.0,-0.22794,-0.22934,flat
MOTHERSON.NS,2022-06-30,2022-07-21,0.0,0.0935,-0.09404,flat
MOTHERSON.NS,2022-09-30,2022-10-17,0.0,0.3502,0.2172,flat
MOTHERSON.NS,2022-10-06,2022-10-17,0.0,0.3502,0.2172,flat
MOTHERSON.NS,2022-12-31,2023-01-20,0.0,0.58886,0.30026,flat
MOTHERSON.NS,2023-03-31,2023-04-18,-3.39,0.92133,0.52244,sold
MOTHERSON.NS,2023-06-30,2023-07-21,0.0,1.00588,0.62993,flat
MOTHERSON.NS,2023-09-30,2023-10-23,0.0,0.97242,0.62101,flat
MOTHERSON.NS,2023-12-31,2024-01-23,0.01,0.31008,0.20121,flat
MOTHERSON.NS,2024-03-31,2024-04-18,-4.42,0.07124,-0.00372,sold
MOTHERSON.NS,2024-06-30,2024-07-22,0.0,-0.17884,-0.19447,flat
MOTHERSON.NS,2024-09-20,2024-10-01,-2.23,-0.25438,-0.21063,sold
MOTHERSON.NS,2024-09-30,2024-10-21,0.0,-0.19054,-0.21537,flat
MOTHERSON.NS,2024-12-31,2025-01-17,0.0,0.08251,0.03519,flat
MOTHERSON.NS,2025-03-31,2025-04-21,0.0,0.42466,0.39013,flat
MOTILALOFS.NS,2021-12-31,2022-01-21,-0.08,-0.26219,-0.24203,flat
MOTILALOFS.NS,2022-03-31,2022-04-21,-0.9,-0.29872,-0.30012,sold
MOTILALOFS.NS,2022-06-30,2022-07-22,0.0,0.04441,-0.14549,flat
MOTILALOFS.NS,2022-09-30,2022-10-20,0.08,0.38606,0.27666,flat
MOTILALOFS.NS,2022-12-31,2023-01-16,-0.11,-0.40994,-0.677,flat
MOTILALOFS.NS,2023-03-31,2023-04-12,0.21,-0.08806,-0.47029,flat
MOTILALOFS.NS,2023-06-30,2023-07-19,-0.02,-0.10894,-0.4969,flat
MOTILALOFS.NS,2023-09-30,2023-10-19,-0.13,-0.06875,-0.38297,flat
MOTILALOFS.NS,2023-12-31,2024-01-11,-0.14,0.97034,0.87594,flat
MOTILALOFS.NS,2024-03-31,2024-04-05,-0.23,0.39087,0.36362,flat
MOTILALOFS.NS,2024-06-11,2024-06-20,-0.12,0.26934,0.22488,flat
MOTILALOFS.NS,2024-06-30,2024-07-22,0.0,0.70795,0.69233,flat
MOTILALOFS.NS,2024-09-30,2024-10-18,-0.18,0.01416,0.00367,flat
MOTILALOFS.NS,2024-12-31,2025-01-17,-0.15,-0.04887,-0.09619,flat
MOTILALOFS.NS,2025-03-31,2025-04-21,-0.27,0.15177,0.11724,flat
MPHASIS.NS,2021-09-30,2021-10-13,3.73,-0.31192,-0.27591,bought
MPHASIS.NS,2021-12-31,2022-01-14,-0.05,-0.35321,-0.33346,flat
MPHASIS.NS,2022-03-31,2022-04-18,-0.1,-0.37588,-0.37616,flat
MPHASIS.NS,2022-06-30,2022-07-18,-0.08,0.07869,-0.12958,flat
MPHASIS.NS,2022-09-30,2022-10-17,-0.02,0.03667,-0.09633,flat
MPHASIS.NS,2022-12-31,2023-01-16,-0.05,0.26967,0.00261,flat
MPHASIS.NS,2023-03-31,2023-04-17,-0.02,0.31816,-0.08197,flat
MPHASIS.NS,2023-06-30,2023-07-14,-0.05,0.49562,0.10633,flat
MPHASIS.NS,2023-09-30,2023-10-16,-0.01,0.3167,0.02313,flat
MPHASIS.NS,2023-12-31,2024-01-23,-0.05,0.15647,0.04759,flat
MPHASIS.NS,2024-03-31,2024-04-15,-0.07,0.06982,-0.01606,flat
MPHASIS.NS,2024-06-30,2024-07-15,-15.1,0.0557,0.05289,sold
MPHASIS.NS,2024-09-30,2024-10-14,-0.03,-0.0726,-0.06716,flat
MPHASIS.NS,2024-12-31,2025-01-17,-0.09,-0.00333,-0.05066,flat
MPHASIS.NS,2025-03-31,2025-04-15,-0.09,0.02326,-0.04871,flat
MRF.NS,2021-12-31,2022-01-18,0.06,0.1855,0.19641,flat
MRF.NS,2022-03-31,2022-04-13,0.05,0.28514,0.30439,flat
MRF.NS,2022-06-30,2022-07-19,-0.01,0.28299,0.07495,flat
MRF.NS,2022-09-30,2022-10-24,-0.07,0.25718,0.15175,flat
MRF.NS,2022-12-31,2023-01-20,0.0,0.59364,0.30503,flat
MRF.NS,2023-03-31,2023-04-20,-0.03,0.54036,0.12752,flat
MRF.NS,2023-06-30,2023-07-20,-0.07,0.37857,-0.00072,flat
MRF.NS,2023-09-30,2023-10-23,-0.02,0.13336,-0.21805,flat
MRF.NS,2023-12-31,2024-01-19,0.0,-0.19316,-0.27676,flat
MRF.NS,2024-03-31,2024-04-18,0.03,-0.003,-0.07796,flat
MRF.NS,2024-06-30,2024-07-19,0.0,0.17358,0.14843,flat
MRF.NS,2024-09-30,2024-10-16,-0.01,0.24094,0.2373,flat
MRF.NS,2024-12-31,2025-01-21,0.03,0.20562,0.12869,flat
MRF.NS,2025-03-31,2025-04-17,-0.02,0.04694,-0.00563,flat
MRPL.NS,2021-12-31,2022-01-06,0.0,0.29912,0.29838,flat
MRPL.NS,2022-03-31,2022-04-18,0.0,0.01229,0.01201,flat
MRPL.NS,2022-06-30,2022-07-14,0.0,0.20767,-0.02599,flat
MRPL.NS,2022-09-30,2022-10-21,0.0,0.82343,0.70772,flat
MRPL.NS,2022-12-31,2023-01-10,0.0,2.14058,1.87373,flat
MRPL.NS,2023-03-31,2023-04-12,0.0,3.22082,2.83859,flat
MRPL.NS,2023-06-30,2023-07-06,0.0,1.54889,1.15866,flat
MRPL.NS,2023-09-30,2023-10-09,0.0,0.81757,0.44899,flat
MRPL.NS,2023-12-31,2024-01-09,0.0,0.0651,-0.04902,flat
MRPL.NS,2024-03-31,2024-04-15,0.0,-0.35993,-0.44582,flat
MRPL.NS,2024-06-30,2024-07-10,0.0,-0.35923,-0.37975,flat
MRPL.NS,2024-09-30,2024-10-07,0.0,-0.16449,-0.1712,flat
MRPL.NS,2024-12-31,2025-01-06,0.0,-0.03333,-0.08921,flat
MRPL.NS,2025-03-31,2025-04-09,0.0,0.39497,0.26305,flat
MSUMI.NS,2022-03-31,2022-04-20,0.0,0.11708,0.10737,flat
MSUMI.NS,2022-06-30,2022-07-21,0.0,0.0213,-0.16624,flat
MSUMI.NS,2022-09-30,2022-10-21,0.0,-0.00636,-0.12207,flat
MSUMI.NS,2022-11-18,2022-11-29,0.0,0.01677,-0.16458,flat
MSUMI.NS,2022-12-31,2023-01-23,0.0,0.3729,0.08026,flat
MSUMI.NS,2023-03-31,2023-04-18,0.0,0.40613,0.00724,flat
MSUMI.NS,2023-06-30,2023-07-21,0.0,0.27486,-0.10109,flat
MSUMI.NS,2023-09-30,2023-10-19,0.01,-0.00949,-0.32371,flat
MSUMI.NS,2023-12-31,2024-01-23,-0.01,-0.10102,-0.20989,flat
MSUMI.NS,2024-03-31,2024-04-18,0.0,-0.18959,-0.26455,flat
MSUMI.NS,2024-06-30,2024-07-22,0.0,-0.12111,-0.13673,flat
MSUMI.NS,2024-09-30,2024-10-21,0.0,0.10903,0.0842,flat
MSUMI.NS,2024-12-31,2025-01-16,0.0,0.17889,0.11929,flat
MSUMI.NS,2025-03-31,2025-04-21,0.0,0.09458,0.06005,flat
MTARTECH.NS,2021-12-31,2022-01-14,0.0,-0.28283,-0.26308,flat
MTARTECH.NS,2022-03-31,2022-04-20,0.01,0.04501,0.0353,flat
MTARTECH.NS,2022-06-30,2022-07-14,-2.79,0.71601,0.48235,sold
MTARTECH.NS,2022-09-30,2022-10-21,-0.29,0.55724,0.44153,flat
MTARTECH.NS,2022-12-31,2023-01-20,0.0,0.21384,-0.07476,flat
MTARTECH.NS,2023-03-31,2023-04-17,-0.55,0.07925,-0.32088,sold
MTARTECH.NS,2023-06-30,2023-07-24,-7.49,-0.1687,-0.50533,sold
MTARTECH.NS,2023-09-30,2023-10-23,0.0,-0.36707,-0.71848,flat
MTARTECH.NS,2023-12-31,2024-01-23,-1.88,-0.27748,-0.38635,sold
MTARTECH.NS,2024-03-31,2024-04-22,0.0,-0.17922,-0.25395,flat
MTARTECH.NS,2024-06-30,2024-07-18,-0.84,-0.21276,-0.21753,sold
MTARTECH.NS,2024-09-30,2024-10-09,0.0,0.19296,0.21057,flat
MTARTECH.NS,2024-12-31,2025-01-21,-5.0,0.60532,0.52839,sold
MTARTECH.NS,2025-03-31,2025-04-17,0.35,2.7768,2.72422,flat
MUTHOOTFIN.NS,2021-12-31,2022-01-10,0.0,-0.29901,-0.28937,flat
MUTHOOTFIN.NS,2022-03-31,2022-04-18,0.0,-0.19869,-0.19897,flat
MUTHOOTFIN.NS,2022-06-30,2022-07-21,0.0,0.29967,0.11213,flat
MUTHOOTFIN.NS,2022-09-30,2022-10-20,-0.02,0.25792,0.14851,flat
MUTHOOTFIN.NS,2022-12-31,2023-01-16,0.0,0.33511,0.06805,flat
MUTHOOTFIN.NS,2023-03-31,2023-04-18,0.0,0.60727,0.20837,flat
MUTHOOTFIN.NS,2023-06-30,2023-07-19,0.0,0.44253,0.05457,flat
MUTHOOTFIN.NS,2023-09-30,2023-10-19,0.0,0.59586,0.28164,flat
MUTHOOTFIN.NS,2023-12-31,2024-01-17,0.0,0.53148,0.45845,flat
MUTHOOTFIN.NS,2024-03-31,2024-04-22,0.0,0.34682,0.27209,flat
MUTHOOTFIN.NS,2024-06-30,2024-07-22,0.0,0.48714,0.47152,flat
MUTHOOTFIN.NS,2024-09-30,2024-10-22,0.0,0.68592,0.64217,flat
MUTHOOTFIN.NS,2024-12-31,2025-01-14,0.0,0.87325,0.80502,flat
MUTHOOTFIN.NS,2025-03-31,2025-04-16,0.0,0.71392,0.65946,flat
NAM-INDIA.NS,2021-12-31,2022-01-05,-0.15,-0.26366,-0.25904,flat
NAM-INDIA.NS,2022-03-31,2022-04-11,-0.02,-0.27001,-0.23944,flat
NAM-INDIA.NS,2022-06-30,2022-07-18,-0.06,0.17698,-0.03129,flat
NAM-INDIA.NS,2022-09-30,2022-10-24,-0.06,0.50612,0.40069,flat
NAM-INDIA.NS,2022-12-31,2023-01-13,-0.02,1.05106,0.78357,flat
NAM-INDIA.NS,2023-03-31,2023-04-13,0.0,1.58031,1.19404,flat
NAM-INDIA.NS,2023-06-30,2023-07-12,-0.02,1.19226,0.81485,flat
NAM-INDIA.NS,2023-09-30,2023-10-12,-0.17,0.87634,0.56512,flat
NAM-INDIA.NS,2023-12-31,2024-01-18,-0.37,0.14631,0.06854,flat
NAM-INDIA.NS,2024-03-31,2024-04-22,-0.24,0.10836,0.03363,flat
NAM-INDIA.NS,2024-06-30,2024-07-19,-0.2,0.36377,0.33862,flat
NAM-INDIA.NS,2024-09-30,2024-10-22,-0.17,0.40449,0.36074,flat
NAM-INDIA.NS,2024-12-31,2025-01-21,-0.06,0.29429,0.21736,flat
NAM-INDIA.NS,2025-03-31,2025-04-22,-0.11,0.59017,0.55459,flat
NATCOPHARM.NS,2021-12-31,2022-01-13,-0.01,-0.40783,-0.39163,flat
NATCOPHARM.NS,2022-03-31,2022-04-18,-0.05,-0.27482,-0.27509,flat
NATCOPHARM.NS,2022-06-30,2022-07-19,-0.01,0.25439,0.04635,flat
NATCOPHARM.NS,2022-09-30,2022-10-17,0.0,0.37129,0.23829,flat
NATCOPHARM.NS,2022-12-31,2023-01-11,0.02,0.54482,0.26347,flat
NATCOPHARM.NS,2023-03-31,2023-04-11,0.02,0.75368,0.36978,flat
NATCOPHARM.NS,2023-06-30,2023-07-14,0.92,0.88986,0.50057,bought
NATCOPHARM.NS,2023-09-30,2023-10-11,-0.05,0.56826,0.25764,flat
NATCOPHARM.NS,2023-12-31,2024-01-09,0.0,0.46601,0.35189,flat
NATCOPHARM.NS,2024-03-31,2024-04-15,0.0,-0.13631,-0.22219,flat
NATCOPHARM.NS,2024-06-30,2024-07-11,0.0,-0.13486,-0.15517,flat
NATCOPHARM.NS,2024-09-30,2024-10-15,-0.09,-0.39691,-0.39609,flat
NATCOPHARM.NS,2024-12-31,2025-01-09,0.0,-0.30361,-0.36844,flat
NATCOPHARM.NS,2025-03-31,2025-04-17,-0.06,0.32459,0.27202,flat
NATIONALUM.NS,2021-12-31,2022-01-17,0.0,-0.20472,-0.17727,flat
NATIONALUM.NS,2022-03-31,2022-04-19,0.0,-0.27173,-0.28728,flat
NATIONALUM.NS,2022-06-30,2022-07-14,0.0,0.38747,0.15382,flat
NATIONALUM.NS,2022-09-30,2022-10-21,0.0,0.39292,0.27721,flat
NATIONALUM.NS,2022-12-31,2023-01-23,0.0,0.93171,0.63907,flat
NATIONALUM.NS,2023-03-31,2023-04-19,0.0,1.32281,0.90985,flat
NATIONALUM.NS,2023-06-30,2023-07-19,0.0,1.18139,0.79343,flat
NATIONALUM.NS,2023-09-30,2023-10-11,0.0,1.38147,1.07085,flat
NATIONALUM.NS,2023-12-31,2024-01-16,0.0,0.52215,0.44693,flat
NATIONALUM.NS,2024-03-31,2024-04-18,0.0,-0.09428,-0.16924,flat
NATIONALUM.NS,2024-06-30,2024-07-16,0.0,0.02406,0.01655,flat
NATIONALUM.NS,2024-09-30,2024-10-16,0.0,0.09882,0.09518,flat
NATIONALUM.NS,2024-12-31,2025-01-16,0.0,0.92559,0.86599,flat
NATIONALUM.NS,2025-03-31,2025-04-21,0.0,1.84464,1.81011,flat
NAUKRI.NS,2021-12-31,2022-01-21,0.0,-0.23208,-0.21192,flat
NAUKRI.NS,2022-03-31,2022-04-18,-0.23,-0.21052,-0.2108,flat
NAUKRI.NS,2022-06-30,2022-07-18,-0.06,0.16538,-0.04289,flat
NAUKRI.NS,2022-09-30,2022-10-21,0.0,0.07191,-0.0438,flat
NAUKRI.NS,2022-12-31,2023-01-17,-0.06,0.33935,0.05905,flat
NAUKRI.NS,2023-03-31,2023-04-20,0.0,0.68533,0.27249,flat
NAUKRI.NS,2023-06-30,2023-07-21,0.0,0.56223,0.18628,flat
NAUKRI.NS,2023-09-30,2023-10-23,-0.07,0.84069,0.48929,flat
NAUKRI.NS,2023-12-31,2024-01-23,-0.07,0.54743,0.43856,flat
NAUKRI.NS,2024-03-31,2024-04-22,-0.03,0.22096,0.14623,flat
NAUKRI.NS,2024-06-30,2024-07-22,0.0,0.05485,0.03923,flat
NAUKRI.NS,2024-09-30,2024-10-17,-0.2,-0.13191,-0.14811,flat
NAUKRI.NS,2024-12-31,2025-01-17,-0.05,-0.15695,-0.20427,flat
NAUKRI.NS,2025-03-31,2025-04-22,0.0,-0.28234,-0.31793,flat
NAVA.NS,2021-12-31,2022-01-13,0.25,1.17173,1.18793,flat
NAVA.NS,2022-03-31,2022-04-19,0.0,0.5504,0.53485,flat
NAVA.NS,2022-06-30,2022-07-18,0.02,0.98816,0.77989,flat
NAVA.NS,2022-09-30,2022-10-17,-0.72,1.34433,1.21132,sold
NAVA.NS,2022-12-31,2023-01-18,0.0,0.99758,0.73198,flat
NAVA.NS,2023-03-31,2023-04-18,0.0,1.19394,0.79504,flat
NAVA.NS,2023-06-30,2023-07-20,0.02,1.74865,1.36936,flat
NAVA.NS,2023-09-30,2023-10-17,0.01,1.08117,0.7845,flat
NAVA.NS,2023-12-31,2024-01-19,0.0,0.89012,0.80652,flat
NAVA.NS,2024-03-31,2024-04-18,0.0,0.98713,0.91217,flat
NAVA.NS,2024-06-30,2024-07-22,0.01,0.55021,0.53458,flat
NAVA.NS,2024-09-30,2024-10-15,0.0,0.19558,0.1964,flat
NAVA.NS,2024-12-31,2025-01-13,0.04,0.34153,0.24125,flat
NAVA.NS,2025-03-24,2025-04-02,1.24,0.17622,0.13327,bought
NAVA.NS,2025-03-31,2025-04-15,0.0,0.41984,0.34787,flat
NAVINFLUOR.NS,2021-12-31,2022-01-21,-0.01,-0.01095,0.00921,flat
NAVINFLUOR.NS,2022-03-31,2022-04-20,-0.49,0.20432,0.19461,flat
NAVINFLUOR.NS,2022-06-30,2022-07-19,0.0,0.15422,-0.05382,flat
NAVINFLUOR.NS,2022-09-30,2022-10-24,-0.3,-0.22122,-0.32665,flat
NAVINFLUOR.NS,2022-12-31,2023-01-23,0.0,-0.15789,-0.45053,flat
NAVINFLUOR.NS,2023-03-31,2023-04-18,-0.59,-0.27908,-0.67798,sold
NAVINFLUOR.NS,2023-06-30,2023-07-19,0.0,-0.13608,-0.52404,flat
NAVINFLUOR.NS,2023-09-30,2023-10-12,0.0,-0.10699,-0.41822,flat
NAVINFLUOR.NS,2023-12-31,2024-01-23,0.0,0.16625,0.05738,flat
NAVINFLUOR.NS,2024-03-31,2024-04-19,0.0,0.38504,0.30083,flat
NAVINFLUOR.NS,2024-06-30,2024-07-19,-0.01,0.42953,0.40437,flat
NAVINFLUOR.NS,2024-09-30,2024-10-18,-0.36,0.50224,0.49175,flat
NAVINFLUOR.NS,2024-12-31,2025-01-21,0.0,0.57624,0.49931,flat
NAVINFLUOR.NS,2025-03-31,2025-04-22,0.0,0.5849,0.54932,flat
NAZARA.NS,2021-11-18,2021-11-29,-0.93,-0.45996,-0.54914,sold
NAZARA.NS,2021-11-24,2021-12-06,-0.39,-0.47443,-0.55614,flat
NAZARA.NS,2021-12-31,2022-01-24,-0.06,-0.51444,-0.5241,flat
NAZARA.NS,2022-03-31,2022-04-22,0.0,-0.2839,-0.3057,flat
NAZARA.NS,2022-06-29,2022-07-08,-0.12,0.10454,-0.11557,flat
NAZARA.NS,2022-06-30,2022-07-22,0.0,0.26483,0.07493,flat
NAZARA.NS,2022-09-30,2022-10-24,-0.03,0.20342,0.09799,flat
NAZARA.NS,2022-12-31,2023-01-23,-0.03,0.45137,0.15873,flat
NAZARA.NS,2023-03-31,2023-04-20,-0.09,0.20581,-0.20702,flat
NAZARA.NS,2023-06-30,2023-07-24,0.0,0.39848,0.06185,flat
NAZARA.NS,2023-09-30,2023-10-16,-0.04,0.01258,-0.28099,flat
NAZARA.NS,2023-10-07,2023-10-13,-1.85,0.03369,-0.27668,sold
NAZARA.NS,2023-10-07,2023-10-13,0.0,0.03369,-0.27668,flat
NAZARA.NS,2023-12-31,2024-01-23,0.0,0.05851,-0.05036,flat
NAZARA.NS,2024-03-02,2024-03-12,-0.65,0.42439,0.39003,sold
NAZARA.NS,2024-03-13,2024-03-22,-0.08,0.36537,0.31155,flat
NAZARA.NS,2024-03-31,2024-04-22,0.0,0.58653,0.5118,flat
NAZARA.NS,2024-06-30,2024-07-22,-6.38,0.61905,0.60343,sold
NAZARA.NS,2024-09-30,2024-10-21,0.0,0.17559,0.15076,flat
NAZARA.NS,2024-11-27,2024-12-06,-1.05,-0.1357,-0.14595,sold
NAZARA.NS,2024-12-31,2025-01-22,0.0,0.15018,0.06894,flat
NAZARA.NS,2025-01-17,2025-01-27,-0.21,0.20199,0.08074,flat
NAZARA.NS,2025-03-31,2025-04-21,-0.01,0.11467,0.08014,flat
NBCC.NS,2021-12-31,2022-01-20,0.0,-0.24635,-0.23404,flat
NBCC.NS,2022-03-31,2022-04-11,0.0,-0.06957,-0.03899,flat
NBCC.NS,2022-06-30,2022-07-19,0.0,0.37271,0.16467,flat
NBCC.NS,2022-09-30,2022-10-21,0.0,1.09943,0.98373,flat
NBCC.NS,2022-12-31,2023-01-19,0.0,2.41129,2.12709,flat
NBCC.NS,2023-03-31,2023-04-20,0.0,2.62134,2.20851,flat
NBCC.NS,2023-06-30,2023-07-20,0.0,3.3921,3.01281,flat
NBCC.NS,2023-09-30,2023-10-20,0.0,1.13562,0.81715,flat
NBCC.NS,2023-12-31,2024-01-19,0.0,0.45951,0.37591,flat
NBCC.NS,2024-03-31,2024-04-18,0.0,0.16011,0.08516,flat
NBCC.NS,2024-06-30,2024-07-22,0.0,-0.06901,-0.08463,flat
NBCC.NS,2024-09-30,2024-10-21,0.0,0.09773,0.0729,flat
NBCC.NS,2024-10-09,2024-10-17,0.0,0.02072,0.00451,flat
NBCC.NS,2024-12-31,2025-01-21,0.0,0.05889,-0.01804,flat
NBCC.NS,2025-03-31,2025-04-21,0.0,-0.04735,-0.08188,flat
NCC.NS,2021-12-31,2022-01-18,0.0,0.26415,0.27506,flat
NCC.NS,2022-03-31,2022-04-18,0.0,0.66474,0.66447,flat
NCC.NS,2022-06-30,2022-07-18,1.43,1.4904,1.28213,bought
NCC.NS,2022-07-01,2022-07-12,0.88,1.50347,1.27309,bought
NCC.NS,2022-09-30,2022-10-17,0.0,1.09908,0.96608,flat
NCC.NS,2022-12-31,2023-01-12,0.0,1.09342,0.83642,flat
NCC.NS,2023-03-31,2023-04-13,0.01,1.35152,0.96524,flat
NCC.NS,2023-06-30,2023-07-14,0.0,1.49698,1.10769,flat
NCC.NS,2023-09-30,2023-10-11,0.0,0.88161,0.57099,flat
NCC.NS,2023-12-31,2024-01-10,0.0,0.30314,0.18575,flat
NCC.NS,2024-03-31,2024-04-16,0.0,-0.10515,-0.19122,flat
NCC.NS,2024-06-30,2024-07-09,0.0,-0.32442,-0.3349,flat
NCC.NS,2024-09-30,2024-10-10,0.0,-0.29158,-0.28222,flat
NCC.NS,2024-12-31,2025-01-20,0.02,-0.43008,-0.4764,flat
NCC.NS,2025-03-31,2025-04-16,0.09,-0.25839,-0.31285,flat
NESCO.NS,2021-12-31,2022-01-19,0.0,0.01775,0.02317,flat
NESCO.NS,2022-03-31,2022-04-22,0.0,-0.05215,-0.07395,flat
NESCO.NS,2022-06-30,2022-07-21,0.0,0.16373,-0.02381,flat
NESCO.NS,2022-09-30,2022-10-21,0.0,0.12182,0.00611,flat
NESCO.NS,2022-12-31,2023-01-23,0.0,0.47055,0.17791,flat
NESCO.NS,2023-03-31,2023-04-20,0.0,0.62455,0.21172,flat
NESCO.NS,2023-06-30,2023-07-21,0.0,0.41462,0.03867,flat
NESCO.NS,2023-09-30,2023-10-16,0.0,0.33587,0.0423,flat
NESCO.NS,2023-12-31,2024-01-12,0.0,0.1755,0.09189,flat
NESCO.NS,2024-03-31,2024-04-15,0.0,0.1963,0.11042,flat
NESCO.NS,2024-06-30,2024-07-12,0.0,0.38277,0.36873,flat
NESCO.NS,2024-09-30,2024-10-16,0.0,0.40913,0.40549,flat
NESCO.NS,2024-12-31,2025-01-14,0.0,0.1601,0.09188,flat
NESCO.NS,2025-03-31,2025-04-16,0.0,0.21362,0.15916,flat
NESTLEIND.NS,2023-09-30,2023-10-19,0.0,-0.04446,-0.35868,flat
NESTLEIND.NS,2023-12-31,2024-01-23,0.0,-0.09324,-0.20211,flat
NESTLEIND.NS,2024-03-31,2024-04-19,0.0,-0.00238,-0.08659,flat
NESTLEIND.NS,2024-06-30,2024-07-22,0.0,-0.09296,-0.10858,flat
NESTLEIND.NS,2024-09-30,2024-10-17,0.0,0.08155,0.06534,flat
NESTLEIND.NS,2024-12-31,2025-01-20,0.0,0.18985,0.14352,flat
NESTLEIND.NS,2025-03-31,2025-04-22,0.0,0.22935,0.19377,flat
NETWEB.NS,2023-09-30,2023-10-12,0.0,1.98951,1.67829,flat
NETWEB.NS,2023-12-31,2024-01-17,0.0,0.16162,0.08858,flat
NETWEB.NS,2024-03-31,2024-04-18,-0.41,-0.13841,-0.21336,flat
NETWEB.NS,2024-06-30,2024-07-18,0.0,-0.22139,-0.22617,flat
NETWEB.NS,2024-09-30,2024-10-11,-3.65,0.43962,0.44163,sold
NETWEB.NS,2024-12-31,2025-01-16,0.0,0.28158,0.22198,flat
NETWEB.NS,2025-03-31,2025-04-21,-0.36,1.66763,1.6331,flat
NETWORK18.NS,2021-12-31,2022-01-24,0.0,-0.28806,-0.29773,flat
NETWORK18.NS,2022-03-31,2022-04-22,0.0,-0.41304,-0.43484,flat
NETWORK18.NS,2022-06-30,2022-07-22,0.0,-0.08627,-0.27617,flat
NETWORK18.NS,2022-09-30,2022-10-24,0.0,0.06313,-0.04229,flat
NETWORK18.NS,2022-12-31,2023-01-23,0.0,0.83984,0.5472,flat
NETWORK18.NS,2023-03-31,2023-04-24,0.0,0.54286,0.13902,flat
NETWORK18.NS,2023-06-30,2023-07-21,0.0,0.58639,0.21045,flat
NETWORK18.NS,2023-09-30,2023-10-23,0.0,0.231,-0.12041,flat
NETWORK18.NS,2023-12-31,2024-01-23,0.0,-0.55187,-0.66074,flat
NETWORK18.NS,2024-03-31,2024-04-22,0.0,-0.48085,-0.55558,flat
NETWORK18.NS,2024-06-30,2024-07-22,0.0,-0.23308,-0.24871,flat
NETWORK18.NS,2024-09-30,2024-10-21,0.0,-0.40312,-0.42796,flat
NETWORK18.NS,2024-10-25,2024-10-30,-18.11,-0.41696,-0.45052,sold
NETWORK18.NS,2024-12-31,2025-01-22,0.0,-0.32163,-0.40287,flat
NETWORK18.NS,2025-03-31,2025-04-22,0.0,-0.23979,-0.27537,flat
NEULANDLAB.NS,2021-12-31,2022-01-13,0.0,-0.01864,-0.00244,flat
NEULANDLAB.NS,2022-03-31,2022-04-12,0.0,0.51973,0.53971,flat
NEULANDLAB.NS,2022-06-30,2022-07-18,0.0,1.60965,1.40138,flat
NEULANDLAB.NS,2022-09-30,2022-10-19,0.0,1.52555,1.42688,flat
NEULANDLAB.NS,2022-12-31,2023-01-13,-0.08,2.32664,2.05915,flat
NEULANDLAB.NS,2023-03-31,2023-04-17,0.0,2.4635,2.06337,flat
NEULANDLAB.NS,2023-06-30,2023-07-18,-0.11,1.85746,1.46812,flat
NEULANDLAB.NS,2023-09-30,2023-10-13,-0.06,2.5465,2.23612,flat
NEULANDLAB.NS,2023-12-31,2024-01-15,-3.17,1.45964,1.37654,sold
NEULANDLAB.NS,2024-03-31,2024-04-15,-0.06,0.80285,0.71697,flat
NEULANDLAB.NS,2024-06-30,2024-07-15,-0.02,0.7214,0.71859,flat
NEULANDLAB.NS,2024-09-30,2024-10-18,-0.08,0.14318,0.13269,flat
NEULANDLAB.NS,2024-12-31,2025-01-21,0.04,-0.02723,-0.10416,flat
NEULANDLAB.NS,2025-03-31,2025-04-11,0.0,0.28298,0.17511,flat
NEWGEN.NS,2021-12-31,2022-01-14,0.0,-0.34697,-0.32722,flat
NEWGEN.NS,2022-03-31,2022-04-11,0.0,-0.07354,-0.04297,flat
NEWGEN.NS,2022-06-30,2022-07-18,0.0,1.25124,1.04297,flat
NEWGEN.NS,2022-09-30,2022-10-17,0.0,1.92161,1.78861,flat
NEWGEN.NS,2022-12-31,2023-01-13,0.0,3.36518,3.09769,flat
NEWGEN.NS,2023-03-31,2023-04-17,0.0,2.54577,2.14564,flat
NEWGEN.NS,2023-06-30,2023-07-17,0.0,2.1192,1.73263,flat
NEWGEN.NS,2023-09-30,2023-10-16,0.0,1.63225,1.33868,flat
NEWGEN.NS,2023-12-31,2024-01-15,-0.09,0.43126,0.34816,flat
NEWGEN.NS,2024-01-13,2024-01-23,0.0,0.29392,0.18505,flat
NEWGEN.NS,2024-03-31,2024-04-15,-0.06,0.32573,0.23985,flat
NEWGEN.NS,2024-06-30,2024-07-18,-0.71,-0.10607,-0.11085,sold
NEWGEN.NS,2024-09-30,2024-10-15,0.0,-0.31758,-0.31676,flat
NEWGEN.NS,2024-12-31,2025-01-16,0.0,-0.59994,-0.65954,flat
NEWGEN.NS,2025-03-31,2025-04-17,-0.52,-0.46663,-0.5192,sold
NFL.NS,2021-12-31,2022-01-07,0.0,0.30651,0.311,flat
NFL.NS,2022-03-31,2022-04-13,0.0,0.25103,0.27028,flat
NFL.NS,2022-06-30,2022-07-08,0.0,0.7112,0.49108,flat
NFL.NS,2022-09-30,2022-10-20,0.0,0.46287,0.35347,flat
NFL.NS,2022-12-31,2023-01-16,0.0,0.84553,0.57846,flat
NFL.NS,2023-03-31,2023-04-10,0.0,0.32976,-0.0485,flat
NFL.NS,2023-06-30,2023-07-12,0.0,1.09129,0.71389,flat
NFL.NS,2023-09-30,2023-10-13,0.0,0.48592,0.17555,flat
NFL.NS,2023-12-31,2024-01-11,0.0,0.07217,-0.02223,flat
NFL.NS,2024-03-31,2024-04-16,0.0,-0.09744,-0.1835,flat
NFL.NS,2024-06-30,2024-07-16,0.0,-0.35932,-0.36683,flat
NFL.NS,2024-09-30,2024-10-10,0.0,-0.21668,-0.20732,flat
NFL.NS,2024-12-31,2025-01-17,0.0,-0.27677,-0.32409,flat
NFL.NS,2025-03-31,2025-04-16,0.0,-0.05949,-0.11395,flat
NH.NS,2021-12-31,2022-01-21,0.0,0.1339,0.15406,flat
NH.NS,2022-03-31,2022-04-21,0.0,0.07451,0.0731,flat
NH.NS,2022-06-30,2022-07-18,0.0,0.5601,0.35183,flat
NH.NS,2022-09-30,2022-10-20,0.0,0.41282,0.30341,flat
NH.NS,2022-12-31,2023-01-19,0.0,0.77255,0.48834,flat
NH.NS,2023-03-31,2023-04-21,0.0,0.63698,0.21693,flat
NH.NS,2023-06-30,2023-07-21,0.0,0.19872,-0.17723,flat
NH.NS,2023-09-30,2023-10-20,0.0,0.21198,-0.1065,flat
NH.NS,2023-12-31,2024-01-23,0.0,0.06277,-0.0461,flat
NH.NS,2024-03-31,2024-04-22,0.0,0.41889,0.34416,flat
NH.NS,2024-06-30,2024-07-10,0.0,0.62499,0.60447,flat
NH.NS,2024-09-30,2024-10-17,0.0,0.37486,0.35865,flat
NH.NS,2024-12-31,2025-01-10,0.0,0.46425,0.38689,flat
NH.NS,2025-03-31,2025-04-21,0.0,-0.03425,-0.06878,flat
NHPC.NS,2021-12-31,2022-01-17,0.0,0.43674,0.4642,flat
NHPC.NS,2022-03-31,2022-04-21,0.0,0.30676,0.30536,flat
NHPC.NS,2022-06-30,2022-07-19,0.0,0.5343,0.32626,flat
NHPC.NS,2022-09-30,2022-10-19,0.0,0.29038,0.19171,flat
NHPC.NS,2022-12-31,2023-01-23,0.0,1.45695,1.16431,flat
NHPC.NS,2023-03-31,2023-04-19,0.0,1.228,0.81504,flat
NHPC.NS,2023-06-30,2023-07-20,0.0,1.22603,0.84674,flat
NHPC.NS,2023-09-30,2023-10-19,0.0,0.60839,0.29417,flat
NHPC.NS,2023-12-31,2024-01-12,0.0,0.14763,0.06402,flat
NHPC.NS,2024-03-31,2024-04-19,-3.55,0.02003,-0.06418,sold
NHPC.NS,2024-06-30,2024-07-18,0.0,-0.18334,-0.18811,flat
NHPC.NS,2024-09-30,2024-10-21,0.0,0.06252,0.03769,flat
NHPC.NS,2024-12-31,2025-01-20,0.0,-0.03641,-0.08273,flat
NHPC.NS,2025-03-31,2025-04-21,0.0,-0.00301,-0.03754,flat
NIACL.NS,2021-12-31,2022-01-07,0.0,-0.05466,-0.05017,flat
NIACL.NS,2022-03-31,2022-04-11,0.0,-0.12904,-0.09847,flat
NIACL.NS,2022-06-30,2022-07-11,0.0,0.43741,0.22244,flat
NIACL.NS,2022-09-30,2022-10-19,0.0,0.59723,0.49855,flat
NIACL.NS,2022-12-31,2023-01-09,0.0,0.73211,0.47078,flat
NIACL.NS,2023-03-31,2023-04-17,0.0,1.2317,0.83157,flat
NIACL.NS,2023-06-30,2023-07-12,0.0,1.24077,0.86337,flat
NIACL.NS,2023-09-30,2023-10-10,0.0,0.51576,0.17132,flat
NIACL.NS,2023-12-31,2024-01-17,0.0,-0.21218,-0.28521,flat
NIACL.NS,2024-03-31,2024-04-22,0.0,-0.21973,-0.29446,flat
NIACL.NS,2024-06-30,2024-07-19,0.0,-0.2958,-0.32095,flat
NIACL.NS,2024-09-30,2024-10-10,0.0,-0.09787,-0.08851,flat
NIACL.NS,2024-12-31,2025-01-07,0.0,-0.23632,-0.28863,flat
NIACL.NS,2025-03-31,2025-04-17,0.0,-0.03082,-0.08339,flat
NIITLTD.NS,2021-12-31,2022-01-13,-0.04,-0.33606,-0.31986,flat
NIITLTD.NS,2022-03-31,2022-04-18,-0.05,-0.43718,-0.43746,flat
NIITLTD.NS,2022-06-30,2022-07-20,-0.05,-0.77646,-0.97095,flat
NIITLTD.NS,2022-09-30,2022-10-21,-0.1,-0.5882,-0.70391,flat
NIITLTD.NS,2022-12-31,2023-01-12,-0.02,-0.61679,-0.87379,flat
NIITLTD.NS,2023-03-31,2023-04-20,-0.01,-0.70459,-1.11742,flat
NIITLTD.NS,2023-06-30,2023-07-20,-0.01,0.46943,0.09015,flat
NIITLTD.NS,2023-09-30,2023-10-19,-0.03,0.32719,0.01297,flat
NIITLTD.NS,2023-12-31,2024-01-17,-0.08,0.28226,0.20922,flat
NIITLTD.NS,2024-03-31,2024-04-18,-0.01,0.28835,0.2134,flat
NIITLTD.NS,2024-06-30,2024-07-19,-0.06,0.11687,0.09171,flat
NIITLTD.NS,2024-09-30,2024-10-14,2.6,-0.39708,-0.39164,bought
NIITLTD.NS,2024-12-31,2025-01-10,-0.04,-0.5196,-0.59695,flat
NIITLTD.NS,2025-03-31,2025-04-11,-0.03,-0.37935,-0.48722,flat
NILKAMAL.NS,2021-12-31,2022-01-20,0.0,-0.21796,-0.20564,flat
NILKAMAL.NS,2022-03-31,2022-04-18,0.0,-0.12822,-0.1285,flat
NILKAMAL.NS,2022-06-30,2022-07-22,0.0,0.45395,0.26406,flat
NILKAMAL.NS,2022-09-30,2022-10-24,0.01,0.17498,0.06955,flat
NILKAMAL.NS,2022-12-31,2023-01-20,0.0,0.108,-0.18061,flat
NILKAMAL.NS,2023-03-31,2023-04-17,0.0,-0.01203,-0.41215,flat
NILKAMAL.NS,2023-06-30,2023-07-21,0.0,-0.22866,-0.60461,flat
NILKAMAL.NS,2023-09-30,2023-10-23,0.0,-0.15143,-0.50284,flat
NILKAMAL.NS,2023-12-31,2024-01-23,0.0,-0.21313,-0.32201,flat
NILKAMAL.NS,2024-03-31,2024-04-22,0.0,-0.11967,-0.1944,flat
NILKAMAL.NS,2024-06-30,2024-07-12,0.0,-0.08226,-0.0963,flat
NILKAMAL.NS,2024-09-30,2024-10-15,0.0,-0.16798,-0.16716,flat
NILKAMAL.NS,2024-12-31,2025-01-09,0.0,-0.24953,-0.31436,flat
NILKAMAL.NS,2025-03-31,2025-04-21,0.0,-0.19248,-0.22701,flat
NIVABUPA.NS,2024-12-31,2025-01-15,0.0,-0.02098,-0.08056,flat
NIVABUPA.NS,2025-03-31,2025-04-15,0.0,0.04667,-0.0253,flat
NLCINDIA.NS,2021-12-31,2022-01-20,0.0,0.16799,0.1803,flat
NLCINDIA.NS,2022-03-31,2022-04-21,0.0,0.02586,0.02445,flat
NLCINDIA.NS,2022-06-30,2022-07-18,0.0,0.81702,0.60875,flat
NLCINDIA.NS,2022-09-30,2022-10-19,0.0,0.76587,0.6672,flat
NLCINDIA.NS,2022-12-31,2023-01-20,0.0,2.32922,2.04062,flat
NLCINDIA.NS,2023-03-31,2023-04-19,0.0,2.15442,1.74146,flat
NLCINDIA.NS,2023-06-30,2023-07-18,0.0,1.54254,1.1532,flat
NLCINDIA.NS,2023-09-30,2023-10-19,0.0,0.90606,0.59184,flat
NLCINDIA.NS,2023-12-31,2024-01-18,0.0,-0.07449,-0.15226,flat
NLCINDIA.NS,2024-03-31,2024-04-19,-7.0,0.07518,-0.00903,sold
NLCINDIA.NS,2024-06-30,2024-07-16,0.0,-0.20502,-0.21252,flat
NLCINDIA.NS,2024-09-30,2024-10-21,0.0,0.02063,-0.00421,flat
NLCINDIA.NS,2024-12-31,2025-01-20,0.0,0.06891,0.02259,flat
NLCINDIA.NS,2025-03-31,2025-04-23,0.0,0.32074,0.30069,flat
NMDC.NS,2021-09-30,2021-10-20,-19.21,0.00119,0.02756,sold
NMDC.NS,2021-12-31,2022-01-13,0.0,0.20247,0.21867,flat
NMDC.NS,2022-03-31,2022-04-12,0.0,-0.11109,-0.09112,flat
NMDC.NS,2022-06-30,2022-07-12,0.0,0.45541,0.22502,flat
NMDC.NS,2022-09-30,2022-10-20,0.0,0.60198,0.49257,flat
NMDC.NS,2022-12-31,2023-01-11,0.0,0.73654,0.45519,flat
NMDC.NS,2023-03-31,2023-04-12,0.0,1.1741,0.79187,flat
NMDC.NS,2023-06-30,2023-07-13,0.0,1.16421,0.78563,flat
NMDC.NS,2023-09-30,2023-10-18,0.0,0.44393,0.12964,flat
NMDC.NS,2023-12-31,2024-01-17,0.0,-0.03341,-0.10644,flat
NMDC.NS,2024-03-31,2024-04-16,0.0,-0.11593,-0.20199,flat
NMDC.NS,2024-06-30,2024-07-16,0.0,-0.08913,-0.09663,flat
NMDC.NS,2024-09-30,2024-10-18,0.0,0.00884,-0.00165,flat
NMDC.NS,2024-12-30,2025-01-09,0.0,0.35807,0.29324,flat
NMDC.NS,2024-12-31,2025-01-21,0.0,0.28987,0.21293,flat
NMDC.NS,2025-03-31,2025-04-21,0.0,0.40014,0.36561,flat
NOCIL.NS,2021-12-31,2022-01-14,-0.02,-0.12549,-0.10574,flat
NOCIL.NS,2022-03-31,2022-04-18,-0.01,-0.05699,-0.05727,flat
NOCIL.NS,2022-06-30,2022-07-12,0.0,-0.21384,-0.44423,flat
NOCIL.NS,2022-09-30,2022-10-21,-0.01,-0.12897,-0.24468,flat
NOCIL.NS,2022-12-31,2023-01-18,0.0,0.20355,-0.06205,flat
NOCIL.NS,2023-03-31,2023-04-18,0.0,0.31625,-0.08265,flat
NOCIL.NS,2023-06-30,2023-07-19,0.0,0.58271,0.19475,flat
NOCIL.NS,2023-09-30,2023-10-17,0.0,0.15386,-0.14281,flat
NOCIL.NS,2023-12-31,2024-01-17,0.0,-0.1747,-0.24773,flat
NOCIL.NS,2024-03-31,2024-04-16,0.0,-0.27952,-0.36558,flat
NOCIL.NS,2024-06-30,2024-07-22,0.0,-0.35751,-0.37313,flat
NOCIL.NS,2024-09-30,2024-10-11,-0.05,-0.35685,-0.35484,flat
NOCIL.NS,2024-12-31,2025-01-14,-0.01,-0.44465,-0.51287,flat
NOCIL.NS,2025-03-31,2025-04-21,-0.02,-0.01286,-0.04739,flat
NSLNISP.NS,2023-03-31,2023-04-11,0.0,0.96909,0.58518,flat
NSLNISP.NS,2023-06-30,2023-07-14,0.0,0.31416,-0.07513,flat
NSLNISP.NS,2023-09-30,2023-10-20,0.0,0.08178,-0.2367,flat
NSLNISP.NS,2023-12-31,2024-01-19,0.0,-0.15829,-0.24189,flat
NSLNISP.NS,2024-03-31,2024-04-18,0.0,-0.44505,-0.52001,flat
NSLNISP.NS,2024-06-30,2024-07-16,0.0,-0.32262,-0.33013,flat
NSLNISP.NS,2024-09-30,2024-10-17,0.0,-0.118,-0.13421,flat
NSLNISP.NS,2024-12-31,2025-01-17,0.0,-0.04855,-0.09587,flat
NSLNISP.NS,2025-03-31,2025-04-16,0.0,0.14541,0.09095,flat
NTPC.NS,2021-12-31,2022-01-19,0.0,0.29207,0.29749,flat
NTPC.NS,2022-03-31,2022-04-18,0.0,0.09548,0.0952,flat
NTPC.NS,2022-06-30,2022-07-19,0.0,0.39858,0.19053,flat
NTPC.NS,2022-09-30,2022-10-19,0.0,0.46924,0.37057,flat
NTPC.NS,2022-12-31,2023-01-16,0.0,0.9925,0.72544,flat
NTPC.NS,2023-03-31,2023-04-17,0.0,1.18947,0.78934,flat
NTPC.NS,2023-06-30,2023-07-17,0.0,1.18341,0.79685,flat
NTPC.NS,2023-09-30,2023-10-18,0.0,0.75004,0.43575,flat
NTPC.NS,2023-12-31,2024-01-18,0.0,0.08884,0.01106,flat
NTPC.NS,2024-03-31,2024-04-18,0.0,0.03744,-0.03752,flat
NTPC.NS,2024-06-30,2024-07-18,0.0,-0.07782,-0.0826,flat
NTPC.NS,2024-09-30,2024-10-21,0.0,-0.17637,-0.2012,flat
NTPC.NS,2024-12-31,2025-01-17,0.0,0.05986,0.01253,flat
NTPC.NS,2025-03-31,2025-04-21,0.0,0.14549,0.11096,flat
NTPCGREEN.NS,2024-12-31,2025-01-22,0.0,-0.1898,-0.27104,flat
NTPCGREEN.NS,2025-03-31,2025-04-21,0.0,0.0779,0.04337,flat
NUVAMA.NS,2023-09-30,2023-10-20,0.0,1.76717,1.44869,flat
NUVAMA.NS,2023-12-31,2024-01-17,-0.24,0.52358,0.45054,flat
NUVAMA.NS,2024-03-31,2024-04-22,-0.14,0.21,0.13527,flat
NUVAMA.NS,2024-06-30,2024-07-22,-0.13,0.69095,0.67533,flat
NUVAMA.NS,2024-09-30,2024-10-17,-0.5,0.02183,0.00562,sold
NUVAMA.NS,2024-12-31,2025-01-22,-0.25,0.22276,0.14152,flat
NUVAMA.NS,2025-03-31,2025-04-21,-0.15,0.16503,0.1305,flat
NUVOCO.NS,2021-12-31,2022-01-20,0.0,-0.27032,-0.258,flat
NUVOCO.NS,2022-03-31,2022-04-18,0.39,-0.10912,-0.10939,flat
NUVOCO.NS,2022-06-30,2022-07-08,0.3,0.24664,0.02653,flat
NUVOCO.NS,2022-09-30,2022-10-18,0.07,-0.11162,-0.22481,flat
NUVOCO.NS,2022-12-31,2023-01-13,0.0,-0.12469,-0.39218,flat
NUVOCO.NS,2023-03-31,2023-04-12,0.0,0.03086,-0.35137,flat
NUVOCO.NS,2023-06-30,2023-07-12,0.0,-0.01778,-0.39518,flat
NUVOCO.NS,2023-09-30,2023-10-10,0.0,-0.02593,-0.37037,flat
NUVOCO.NS,2023-12-31,2024-01-11,0.0,0.00612,-0.08829,flat
NUVOCO.NS,2024-03-31,2024-04-19,0.23,0.02082,-0.06339,flat
NUVOCO.NS,2024-06-30,2024-07-19,0.0,0.21895,0.1938,flat
NUVOCO.NS,2024-09-30,2024-10-22,0.0,0.26309,0.21934,flat
NUVOCO.NS,2024-12-31,2025-01-17,0.0,-0.00029,-0.04761,flat
NUVOCO.NS,2025-03-31,2025-04-22,0.0,-0.14029,-0.17587,flat
NYKAA.NS,2021-12-31,2022-01-17,0.0,-0.63154,-0.60408,flat
NYKAA.NS,2022-03-31,2022-04-20,-0.13,-0.60933,-0.61904,flat
NYKAA.NS,2022-06-30,2022-07-14,-0.02,-0.38604,-0.61969,flat
NYKAA.NS,2022-09-30,2022-10-20,-0.03,-0.2782,-0.3876,flat
NYKAA.NS,2022-11-12,2022-11-22,-0.02,-0.01627,-0.17069,flat
NYKAA.NS,2022-12-31,2023-01-19,-0.02,0.26501,-0.01919,flat
NYKAA.NS,2023-03-31,2023-04-21,-0.06,0.46559,0.04554,flat
NYKAA.NS,2023-06-30,2023-07-13,0.0,0.27233,-0.10624,flat
NYKAA.NS,2023-09-30,2023-10-17,-0.02,0.22686,-0.06982,flat
NYKAA.NS,2023-12-31,2024-01-16,-0.02,-0.0331,-0.10832,flat
NYKAA.NS,2024-03-31,2024-04-18,-0.02,0.14678,0.07183,flat
NYKAA.NS,2024-06-30,2024-07-18,-0.02,0.21772,0.21295,flat
NYKAA.NS,2024-09-30,2024-10-07,-0.02,0.36661,0.35989,flat
NYKAA.NS,2024-12-31,2025-01-22,-0.02,0.43946,0.35822,flat
NYKAA.NS,2025-03-31,2025-04-11,0.0,0.44491,0.33704,flat
OBEROIRLTY.NS,2021-12-31,2022-01-12,0.0,-0.12219,-0.10484,flat
OBEROIRLTY.NS,2022-03-31,2022-04-12,0.0,-0.07977,-0.05979,flat
OBEROIRLTY.NS,2022-06-30,2022-07-13,0.0,0.28506,0.04352,flat
OBEROIRLTY.NS,2022-09-30,2022-10-19,0.0,0.22888,0.1302,flat
OBEROIRLTY.NS,2022-12-31,2023-01-20,0.0,0.58129,0.29268,flat
OBEROIRLTY.NS,2023-03-31,2023-04-18,0.0,0.63751,0.23862,flat
OBEROIRLTY.NS,2023-06-30,2023-07-19,0.0,0.75032,0.36236,flat
OBEROIRLTY.NS,2023-09-30,2023-10-13,0.0,0.76993,0.45955,flat
OBEROIRLTY.NS,2023-12-31,2024-01-23,0.0,0.29069,0.18182,flat
OBEROIRLTY.NS,2024-03-31,2024-04-15,0.0,0.16835,0.08246,flat
OBEROIRLTY.NS,2024-06-30,2024-07-15,0.0,0.07451,0.07169,flat
OBEROIRLTY.NS,2024-09-30,2024-10-16,0.0,-0.15853,-0.16217,flat
OBEROIRLTY.NS,2024-12-31,2025-01-17,0.0,-0.26458,-0.3119,flat
OBEROIRLTY.NS,2025-03-31,2025-04-21,0.0,0.03776,0.00323,flat
OFSS.NS,2021-12-31,2022-01-11,-0.03,-0.21016,-0.19567,flat
OFSS.NS,2022-03-31,2022-04-12,-0.01,-0.03271,-0.01274,flat
OFSS.NS,2022-06-30,2022-07-12,-0.09,0.33281,0.10242,flat
OFSS.NS,2022-09-30,2022-10-19,-0.02,0.40576,0.30709,flat
OFSS.NS,2022-12-31,2023-01-13,-0.01,1.27945,1.01196,flat
OFSS.NS,2023-03-31,2023-04-12,-0.01,1.36118,0.97895,flat
OFSS.NS,2023-06-30,2023-07-13,-0.08,1.97437,1.5958,flat
OFSS.NS,2023-09-30,2023-10-13,-0.09,1.68742,1.37705,flat
OFSS.NS,2023-12-31,2024-01-11,-0.03,1.328,1.23359,flat
OFSS.NS,2024-03-31,2024-04-08,-0.03,-0.05049,-0.0786,flat
OFSS.NS,2024-06-30,2024-07-09,-0.04,-0.13072,-0.1412,flat
OFSS.NS,2024-09-30,2024-10-09,-0.02,-0.20734,-0.18973,flat
OFSS.NS,2024-12-31,2025-01-10,-0.07,-0.27153,-0.34888,flat
OFSS.NS,2025-03-31,2025-04-09,-0.03,0.1231,-0.00883,flat
OIL.NS,2021-12-31,2022-01-14,0.0,0.15501,0.17476,flat
OIL.NS,2022-03-31,2022-04-22,0.0,0.16556,0.14376,flat
OIL.NS,2022-06-30,2022-07-18,0.0,0.55381,0.34554,flat
OIL.NS,2022-09-30,2022-10-21,0.0,0.7051,0.58939,flat
OIL.NS,2022-12-31,2023-01-19,0.0,0.95112,0.66691,flat
OIL.NS,2023-03-31,2023-04-20,0.0,1.56215,1.14931,flat
OIL.NS,2023-06-30,2023-07-20,0.0,2.66332,2.28403,flat
OIL.NS,2023-09-30,2023-10-20,0.0,1.26128,0.9428,flat
OIL.NS,2023-12-31,2024-01-17,0.0,0.64015,0.56711,flat
OIL.NS,2024-03-31,2024-04-22,0.0,0.04488,-0.02985,flat
OIL.NS,2024-06-30,2024-07-22,0.0,-0.17261,-0.18824,flat
OIL.NS,2024-07-04,2024-07-12,0.0,-0.25316,-0.2672,flat
OIL.NS,2024-09-30,2024-10-21,0.0,-0.18049,-0.20532,flat
OIL.NS,2024-12-31,2025-01-17,0.0,-0.05478,-0.1021,flat
OIL.NS,2025-03-31,2025-04-21,0.0,0.29036,0.25583,flat
OLAELEC.NS,2024-09-30,2024-10-22,0.0,-0.36297,-0.40672,flat
OLAELEC.NS,2024-12-31,2025-01-22,0.0,-0.57139,-0.65263,flat
OLAELEC.NS,2025-03-31,2025-04-22,0.0,-0.31782,-0.3534,flat
OLECTRA.NS,2021-12-31,2022-01-20,-0.12,-0.40148,-0.38917,flat
OLECTRA.NS,2022-03-31,2022-04-11,-1.6,-0.00914,0.02143,sold
OLECTRA.NS,2022-06-30,2022-07-15,0.0,0.9479,0.72492,flat
OLECTRA.NS,2022-09-30,2022-10-19,0.0,0.83416,0.73549,flat
OLECTRA.NS,2022-12-31,2023-01-23,0.0,2.76696,2.47432,flat
OLECTRA.NS,2023-03-31,2023-04-17,0.0,1.77936,1.37923,flat
OLECTRA.NS,2023-06-30,2023-07-20,0.0,0.30564,-0.07365,flat
OLECTRA.NS,2023-09-30,2023-10-20,0.0,0.47345,0.15498,flat
OLECTRA.NS,2023-12-31,2024-01-10,0.0,-0.1725,-0.28989,flat
OLECTRA.NS,2024-03-31,2024-04-18,0.0,-0.31865,-0.39361,flat
OLECTRA.NS,2024-06-30,2024-07-12,0.0,-0.29226,-0.3063,flat
OLECTRA.NS,2024-09-30,2024-10-16,0.0,-0.15781,-0.16145,flat
OLECTRA.NS,2024-12-31,2025-01-20,0.0,-0.30134,-0.34766,flat
OLECTRA.NS,2025-03-31,2025-04-17,0.0,-0.00294,-0.05551,flat
OMAXE.NS,2021-12-31,2022-01-19,0.0,-0.24471,-0.23929,flat
OMAXE.NS,2022-03-31,2022-04-21,0.0,-0.43274,-0.43414,flat
OMAXE.NS,2022-06-30,2022-07-18,0.0,-0.48824,-0.6965,flat
OMAXE.NS,2022-09-30,2022-10-21,0.0,-0.11735,-0.23306,flat
OMAXE.NS,2022-12-31,2023-01-23,0.0,0.55596,0.26332,flat
OMAXE.NS,2023-03-31,2023-04-20,0.0,0.78597,0.37314,flat
OMAXE.NS,2023-06-30,2023-07-20,0.0,1.97724,1.59795,flat
OMAXE.NS,2023-09-30,2023-10-19,0.0,0.34179,0.02757,flat
OMAXE.NS,2023-12-31,2024-01-23,0.0,0.0164,-0.09247,flat
OMAXE.NS,2024-03-31,2024-04-22,0.0,-0.14904,-0.22377,flat
OMAXE.NS,2024-06-30,2024-07-22,0.0,-0.24205,-0.25767,flat
OMAXE.NS,2024-09-30,2024-10-21,0.0,-0.33582,-0.36065,flat
OMAXE.NS,2024-12-31,2025-01-20,0.0,-0.14375,-0.19007,flat
OMAXE.NS,2025-03-31,2025-04-21,0.0,0.02726,-0.00727,flat
ONESOURCE.NS,2024-12-31,2025-01-30,0.0,-0.31028,-0.4106,flat
ONESOURCE.NS,2025-03-31,2025-04-21,-3.52,0.16063,0.1261,sold
ONGC.NS,2021-12-31,2022-01-19,0.0,-0.02915,-0.02373,flat
ONGC.NS,2022-03-31,2022-04-19,-1.5,0.00077,-0.01478,sold
ONGC.NS,2022-06-30,2022-07-15,-0.02,0.49118,0.2682,flat
ONGC.NS,2022-09-30,2022-10-21,0.0,0.55133,0.43562,flat
ONGC.NS,2022-12-31,2023-01-20,0.0,0.73202,0.44341,flat
ONGC.NS,2023-03-31,2023-04-21,0.0,0.8569,0.43685,flat
ONGC.NS,2023-06-30,2023-07-20,0.0,1.14198,0.76269,flat
ONGC.NS,2023-09-30,2023-10-20,0.0,0.50531,0.18683,flat
ONGC.NS,2023-12-31,2024-01-23,0.0,0.16981,0.06093,flat
ONGC.NS,2024-03-31,2024-04-19,0.0,-0.04127,-0.12548,flat
ONGC.NS,2024-06-30,2024-07-22,0.0,-0.19634,-0.21196,flat
ONGC.NS,2024-09-30,2024-10-21,0.0,-0.03818,-0.06302,flat
ONGC.NS,2024-12-31,2025-01-20,0.0,-0.0331,-0.07942,flat
ONGC.NS,2025-03-31,2025-04-21,0.0,0.27155,0.23702,flat
ORIENTCEM.NS,2021-12-31,2022-01-17,0.0,-0.23627,-0.20881,flat
ORIENTCEM.NS,2022-03-31,2022-04-18,0.0,-0.14615,-0.14643,flat
ORIENTCEM.NS,2022-06-30,2022-07-18,0.53,0.31261,0.10435,bought
ORIENTCEM.NS,2022-09-30,2022-10-24,0.0,0.5815,0.47607,flat
ORIENTCEM.NS,2022-12-31,2023-01-18,0.0,1.11871,0.85311,flat
ORIENTCEM.NS,2023-03-31,2023-04-18,0.0,0.91214,0.51324,flat
ORIENTCEM.NS,2023-06-30,2023-07-18,0.0,1.37124,0.9819,flat
ORIENTCEM.NS,2023-09-30,2023-10-18,0.0,0.67195,0.35766,flat
ORIENTCEM.NS,2023-12-31,2024-01-17,0.0,0.26973,0.19669,flat
ORIENTCEM.NS,2024-03-31,2024-04-16,0.0,0.78054,0.69448,flat
ORIENTCEM.NS,2024-06-30,2024-07-18,0.0,-0.24192,-0.24669,flat
ORIENTCEM.NS,2024-09-30,2024-10-16,0.0,-0.34246,-0.34609,flat
ORIENTCEM.NS,2024-12-31,2025-01-20,-0.04,-0.52001,-0.56634,flat
ORIENTCEM.NS,2025-03-31,2025-04-21,0.0,-0.58837,-0.6229,flat
ORIENTELEC.NS,2021-12-31,2022-01-10,0.0,-0.29013,-0.28049,flat
ORIENTELEC.NS,2022-03-31,2022-04-18,0.0,-0.31588,-0.31616,flat
ORIENTELEC.NS,2022-06-30,2022-07-22,0.0,-0.19054,-0.38043,flat
ORIENTELEC.NS,2022-09-30,2022-10-24,-0.1,-0.1952,-0.30063,flat
ORIENTELEC.NS,2022-12-31,2023-01-17,0.0,-0.18649,-0.46678,flat
ORIENTELEC.NS,2023-03-31,2023-04-19,-0.01,-0.00481,-0.41777,flat
ORIENTELEC.NS,2023-06-30,2023-07-18,-0.1,0.20397,-0.18537,flat
ORIENTELEC.NS,2023-09-30,2023-10-16,0.0,-0.07254,-0.36611,flat
ORIENTELEC.NS,2023-12-31,2024-01-19,0.0,-0.01416,-0.09776,flat
ORIENTELEC.NS,2024-03-31,2024-04-22,0.0,0.08064,0.00591,flat
ORIENTELEC.NS,2024-06-30,2024-07-22,0.0,-0.19061,-0.20624,flat
ORIENTELEC.NS,2024-09-30,2024-10-16,0.0,-0.11854,-0.12217,flat
ORIENTELEC.NS,2024-12-31,2025-01-21,0.0,-0.22485,-0.30179,flat
ORIENTELEC.NS,2025-03-31,2025-04-21,0.0,-0.12029,-0.15482,flat
PAGEIND.NS,2021-12-31,2022-01-13,-0.72,-0.07865,-0.06245,sold
PAGEIND.NS,2022-03-31,2022-04-11,0.0,-0.16299,-0.13241,flat
PAGEIND.NS,2022-06-30,2022-07-11,-1.07,-0.1554,-0.37037,sold
PAGEIND.NS,2022-09-30,2022-10-17,0.0,-0.26602,-0.39902,flat
PAGEIND.NS,2022-12-31,2023-01-19,0.0,-0.07574,-0.35995,flat
PAGEIND.NS,2023-03-31,2023-04-18,0.0,-0.0793,-0.4782,flat
PAGEIND.NS,2023-06-30,2023-07-18,0.0,0.17786,-0.21148,flat
PAGEIND.NS,2023-09-30,2023-10-12,-1.01,0.10883,-0.2024,sold
PAGEIND.NS,2023-12-31,2024-01-15,0.0,0.26694,0.18384,flat
PAGEIND.NS,2024-03-31,2024-04-18,0.0,0.28646,0.21151,flat
PAGEIND.NS,2024-06-30,2024-07-16,-0.07,0.16485,0.15734,flat
PAGEIND.NS,2024-09-30,2024-10-17,-0.75,-0.07278,-0.08899,sold
PAGEIND.NS,2024-12-31,2025-01-14,-1.4,-0.28028,-0.34851,sold
PAGEIND.NS,2025-03-31,2025-04-21,0.0,-0.16317,-0.1977,flat
PARADEEP.NS,2022-06-30,2022-07-20,0.0,0.3687,0.17421,flat
PARADEEP.NS,2022-09-30,2022-10-24,0.0,-0.01142,-0.11685,flat
PARADEEP.NS,2022-12-31,2023-01-19,0.0,0.32752,0.04331,flat
PARADEEP.NS,2023-03-31,2023-04-19,0.0,0.33486,-0.0781,flat
PARADEEP.NS,2023-06-30,2023-07-10,0.0,0.38782,0.00187,flat
PARADEEP.NS,2023-09-30,2023-10-11,-0.02,0.30428,-0.00635,flat
PARADEEP.NS,2023-12-31,2024-01-11,0.0,0.59034,0.49593,flat
PARADEEP.NS,2024-03-31,2024-04-15,0.0,1.09125,1.00537,flat
PARADEEP.NS,2024-06-30,2024-07-18,0.0,1.1146,1.10982,flat
PARADEEP.NS,2024-09-30,2024-10-21,0.0,0.86567,0.84083,flat
PARADEEP.NS,2024-12-31,2025-01-17,-0.03,0.1126,0.06528,flat
PARADEEP.NS,2025-03-31,2025-04-15,0.0,0.03478,-0.03719,flat
PATANJALI.NS,2021-12-31,2022-01-05,0.0,0.40276,0.40738,flat
PATANJALI.NS,2022-03-31,2022-04-07,0.0,0.1866,0.20613,flat
PATANJALI.NS,2022-04-05,2022-04-12,-18.08,0.02181,0.04179,sold
PATANJALI.NS,2022-06-30,2022-07-21,0.0,0.25782,0.07028,flat
PATANJALI.NS,2022-09-30,2022-10-19,0.0,-0.12136,-0.22004,flat
PATANJALI.NS,2022-12-31,2023-01-09,0.0,0.31914,0.05781,flat
PATANJALI.NS,2023-03-31,2023-04-17,0.0,0.5874,0.18728,flat
PATANJALI.NS,2023-06-30,2023-07-12,0.0,0.35676,-0.02064,flat
PATANJALI.NS,2023-09-30,2023-10-12,-7.0,0.34128,0.03005,sold
PATANJALI.NS,2023-12-31,2024-01-05,0.0,0.17017,0.07009,flat
PATANJALI.NS,2024-03-31,2024-04-18,-0.05,0.40631,0.33136,flat
PATANJALI.NS,2024-06-30,2024-07-12,-0.96,0.20395,0.18991,sold
PATANJALI.NS,2024-09-30,2024-10-16,-3.05,0.00638,0.00274,sold
PATANJALI.NS,2024-12-31,2025-01-13,-0.28,-0.1161,-0.21638,flat
PATANJALI.NS,2025-03-31,2025-04-22,-0.03,-0.28286,-0.31845,flat
PAYTM.NS,2021-12-31,2022-01-24,0.0,-0.41784,-0.42751,flat
PAYTM.NS,2022-03-31,2022-04-22,0.0,0.04476,0.02296,flat
PAYTM.NS,2022-06-30,2022-07-20,0.0,0.05824,-0.13625,flat
PAYTM.NS,2022-09-30,2022-10-24,0.0,0.44431,0.33889,flat
PAYTM.NS,2022-12-31,2023-01-23,0.0,-0.10449,-0.39713,flat
PAYTM.NS,2023-02-18,2023-02-28,0.0,-0.34902,-0.74643,flat
PAYTM.NS,2023-03-31,2023-04-20,0.0,-0.43305,-0.84589,flat
PAYTM.NS,2023-06-30,2023-07-24,0.0,-0.37731,-0.71394,flat
PAYTM.NS,2023-09-30,2023-10-11,0.0,-0.29359,-0.60422,flat
PAYTM.NS,2023-12-31,2024-01-15,0.0,0.22623,0.14313,flat
PAYTM.NS,2024-03-31,2024-04-10,0.0,1.19236,1.14022,flat
PAYTM.NS,2024-06-30,2024-07-15,0.0,1.13265,1.12984,flat
PAYTM.NS,2024-09-30,2024-10-14,0.0,0.79098,0.79642,flat
PAYTM.NS,2024-12-31,2025-01-10,0.0,0.5837,0.50634,flat
PAYTM.NS,2025-03-31,2025-04-11,0.0,0.38236,0.27449,flat
PCBL.NS,2021-10-05,2021-10-26,-4.84,0.12534,0.12291,sold
PCBL.NS,2021-12-31,2022-01-12,0.53,0.03105,0.04839,bought
PCBL.NS,2022-03-31,2022-04-19,0.0,0.10712,0.09157,flat
PCBL.NS,2022-06-30,2022-07-20,0.0,0.3785,0.18401,flat
PCBL.NS,2022-09-30,2022-10-21,0.03,0.48679,0.37108,flat
PCBL.NS,2022-12-31,2023-01-16,0.0,1.75095,1.48389,flat
PCBL.NS,2023-03-31,2023-04-17,0.0,1.26927,0.86914,flat
PCBL.NS,2023-06-30,2023-07-17,0.0,0.93466,0.5481,flat
PCBL.NS,2023-09-30,2023-10-17,0.0,1.29991,1.00323,flat
PCBL.NS,2023-12-31,2024-01-16,0.0,0.34494,0.26972,flat
PCBL.NS,2024-03-31,2024-04-18,0.0,0.51062,0.43566,flat
PCBL.NS,2024-06-30,2024-07-22,0.0,0.43329,0.41766,flat
PCBL.NS,2024-09-30,2024-10-21,0.0,-0.19053,-0.21536,flat
PCBL.NS,2024-12-31,2025-01-20,0.0,-0.27908,-0.32541,flat
PCBL.NS,2025-03-31,2025-04-21,0.0,-0.29393,-0.32846,flat
PERSISTENT.NS,2021-12-31,2022-01-17,0.0,-0.0044,0.02306,flat
PERSISTENT.NS,2022-03-31,2022-04-21,0.0,0.15316,0.15176,flat
PERSISTENT.NS,2022-06-30,2022-07-11,0.0,0.53383,0.31887,flat
PERSISTENT.NS,2022-09-30,2022-10-21,0.0,0.67323,0.55753,flat
PERSISTENT.NS,2022-12-31,2023-01-18,0.0,1.14566,0.88006,flat
PERSISTENT.NS,2023-03-31,2023-04-24,0.0,0.52853,0.12469,flat
PERSISTENT.NS,2023-06-30,2023-07-21,-0.2,0.96385,0.5879,flat
PERSISTENT.NS,2023-09-30,2023-10-23,0.0,0.86725,0.51584,flat
PERSISTENT.NS,2023-12-31,2024-01-23,0.0,0.47618,0.36731,flat
PERSISTENT.NS,2024-03-31,2024-04-22,-0.04,0.54874,0.47401,flat
PERSISTENT.NS,2024-06-30,2024-07-18,0.0,0.17396,0.16918,flat
PERSISTENT.NS,2024-09-30,2024-10-18,-0.36,0.06446,0.05397,flat
PERSISTENT.NS,2024-12-31,2025-01-17,0.0,0.03872,-0.0086,flat
PERSISTENT.NS,2025-03-31,2025-04-21,0.0,-0.01363,-0.04816,flat
PETRONET.NS,2021-12-31,2022-01-24,0.0,0.10832,0.09866,flat
PETRONET.NS,2022-03-31,2022-04-08,0.0,0.23039,0.25942,flat
PETRONET.NS,2022-06-30,2022-07-12,0.0,0.07448,-0.1559,flat
PETRONET.NS,2022-09-30,2022-10-24,0.0,0.03238,-0.07304,flat
PETRONET.NS,2022-12-31,2023-01-20,0.0,0.25174,-0.03686,flat
PETRONET.NS,2023-03-31,2023-04-19,0.0,0.36962,-0.04334,flat
PETRONET.NS,2023-06-30,2023-07-20,0.0,0.73541,0.35612,flat
PETRONET.NS,2023-09-30,2023-10-10,0.0,0.61219,0.26776,flat
PETRONET.NS,2023-12-31,2024-01-15,0.0,0.46589,0.38279,flat
PETRONET.NS,2024-03-31,2024-04-16,0.0,0.04519,-0.04087,flat
PETRONET.NS,2024-06-30,2024-07-19,0.0,-0.0778,-0.10295,flat
PETRONET.NS,2024-09-30,2024-10-22,0.0,-0.17181,-0.21555,flat
PETRONET.NS,2024-12-31,2025-01-14,0.0,-0.12865,-0.19687,flat
PETRONET.NS,2025-03-31,2025-04-21,0.0,-0.08247,-0.117,flat
PFC.NS,2021-12-31,2022-01-21,0.0,0.25703,0.27719,flat
PFC.NS,2022-03-31,2022-04-21,0.0,0.49862,0.49722,flat
PFC.NS,2022-06-30,2022-07-22,0.0,1.56962,1.37973,flat
PFC.NS,2022-09-30,2022-10-24,0.0,2.11447,2.00904,flat
PFC.NS,2022-12-31,2023-01-23,0.0,2.96568,2.67304,flat
PFC.NS,2023-03-31,2023-04-21,0.0,2.93409,2.51404,flat
PFC.NS,2023-06-30,2023-07-06,0.0,2.15401,1.76377,flat
PFC.NS,2023-09-22,2023-09-26,0.0,1.07001,0.70907,flat
PFC.NS,2023-09-30,2023-10-23,0.0,0.95855,0.60714,flat
PFC.NS,2023-12-31,2024-01-23,0.0,0.08199,-0.02688,flat
PFC.NS,2024-03-31,2024-04-22,0.0,0.06046,-0.01427,flat
PFC.NS,2024-06-30,2024-07-22,0.0,-0.19219,-0.20781,flat
PFC.NS,2024-09-30,2024-10-21,0.0,-0.11002,-0.13485,flat
PFC.NS,2024-12-31,2025-01-21,0.0,-0.0661,-0.14303,flat
PFC.NS,2025-03-31,2025-04-16,0.0,0.15468,0.10022,flat
PFIZER.NS,2021-12-31,2022-01-13,0.0,-0.14755,-0.13135,flat
PFIZER.NS,2022-03-31,2022-04-11,0.0,-0.1456,-0.11502,flat
PFIZER.NS,2022-06-30,2022-07-20,0.0,-0.06604,-0.26053,flat
PFIZER.NS,2022-09-30,2022-10-24,0.0,-0.0861,-0.19152,flat
PFIZER.NS,2022-12-31,2023-01-11,0.0,0.00912,-0.27223,flat
PFIZER.NS,2023-03-31,2023-04-17,0.0,0.12847,-0.27166,flat
PFIZER.NS,2023-06-30,2023-07-21,0.0,0.47001,0.09406,flat
PFIZER.NS,2023-09-30,2023-10-20,0.0,0.29665,-0.02183,flat
PFIZER.NS,2023-12-31,2024-01-23,0.0,0.08533,-0.02355,flat
PFIZER.NS,2024-03-31,2024-04-18,0.0,0.03912,-0.03584,flat
PFIZER.NS,2024-06-30,2024-07-22,0.0,0.09254,0.07692,flat
PFIZER.NS,2024-09-30,2024-10-17,0.0,-0.05825,-0.07446,flat
PFIZER.NS,2024-12-31,2025-01-21,0.0,-0.02214,-0.09907,flat
PFIZER.NS,2025-03-31,2025-04-21,0.0,0.18337,0.14884,flat
PGEL.NS,2021-12-31,2022-01-24,-0.12,0.46402,0.45436,flat
PGEL.NS,2022-03-31,2022-04-21,0.0,0.72337,0.72197,flat
PGEL.NS,2022-06-30,2022-07-22,0.0,0.61688,0.42698,flat
PGEL.NS,2022-09-30,2022-10-24,-0.47,0.79899,0.69356,flat
PGEL.NS,2022-12-31,2023-01-18,-3.91,0.71861,0.45301,sold
PGEL.NS,2022-12-31,2023-01-11,0.0,0.79615,0.5148,flat
PGEL.NS,2023-03-31,2023-04-17,0.0,0.38466,-0.01547,flat
PGEL.NS,2023-06-30,2023-07-20,-0.13,1.86997,1.49068,flat
PGEL.NS,2023-09-02,2023-09-04,-7.61,2.23339,1.83835,sold
PGEL.NS,2023-09-30,2023-10-20,0.0,2.0269,1.70842,flat
PGEL.NS,2023-12-31,2024-01-19,0.0,2.462,2.3784,flat
PGEL.NS,2024-03-31,2024-04-22,0.11,3.48199,3.40726,flat
PGEL.NS,2024-06-30,2024-07-19,-0.14,1.25923,1.23408,flat
PGEL.NS,2024-07-10,2024-07-22,0.0,1.16449,1.14887,flat
PGEL.NS,2024-09-30,2024-10-21,-0.14,-0.02504,-0.04987,flat
PGEL.NS,2024-12-10,2024-12-20,-4.05,-0.36742,-0.43288,sold
PGEL.NS,2024-12-31,2025-01-22,0.0,-0.30045,-0.38169,flat
PGEL.NS,2025-03-31,2025-04-07,0.0,-0.30917,-0.44663,flat
PGHH.NS,2021-12-31,2022-01-07,0.0,-0.09548,-0.09098,flat
PGHH.NS,2022-03-31,2022-04-07,0.0,-0.01625,0.00329,flat
PGHH.NS,2022-06-30,2022-07-18,0.0,0.09676,-0.11151,flat
PGHH.NS,2022-09-30,2022-10-21,0.0,0.20438,0.08867,flat
PGHH.NS,2022-12-31,2023-01-10,0.0,0.25789,-0.00896,flat
PGHH.NS,2023-03-31,2023-04-20,0.0,0.16876,-0.24407,flat
PGHH.NS,2023-06-30,2023-07-18,0.0,0.08868,-0.30066,flat
PGHH.NS,2023-09-30,2023-10-23,0.0,-0.02331,-0.37472,flat
PGHH.NS,2023-12-31,2024-01-23,0.0,-0.14181,-0.25068,flat
PGHH.NS,2024-03-31,2024-04-18,0.0,-0.10301,-0.17797,flat
PGHH.NS,2024-06-30,2024-07-18,0.0,-0.21566,-0.22043,flat
PGHH.NS,2024-09-30,2024-10-21,0.0,-0.16728,-0.19212,flat
PGHH.NS,2024-12-31,2025-01-23,0.0,-0.17683,-0.2484,flat
PGHH.NS,2025-03-31,2025-04-22,0.0,-0.25393,-0.28951,flat
PGHL.NS,2021-12-31,2022-01-21,0.0,-0.19662,-0.17646,flat
PGHL.NS,2022-03-31,2022-04-22,0.0,0.13459,0.11279,flat
PGHL.NS,2022-06-30,2022-07-19,0.0,0.231,0.02296,flat
PGHL.NS,2022-09-30,2022-10-24,0.0,0.27992,0.17449,flat
PGHL.NS,2022-12-31,2023-01-20,0.0,0.29063,0.00203,flat
PGHL.NS,2023-03-31,2023-04-21,0.0,0.07766,-0.34239,flat
PGHL.NS,2023-06-30,2023-07-20,0.0,0.0782,-0.30109,flat
PGHL.NS,2023-09-30,2023-10-23,0.0,0.08843,-0.26298,flat
PGHL.NS,2023-12-31,2024-01-23,0.0,0.0613,-0.04757,flat
PGHL.NS,2024-03-31,2024-04-15,0.0,0.14814,0.06226,flat
PGHL.NS,2024-06-30,2024-07-19,0.0,0.18067,0.15552,flat
PGHL.NS,2024-09-30,2024-10-08,0.0,0.18704,0.1963,flat
PGHL.NS,2024-12-31,2025-01-10,0.0,0.05795,-0.01941,flat
PGHL.NS,2025-03-31,2025-04-22,0.0,0.0307,-0.00488,flat
PHOENIXLTD.NS,2021-12-31,2022-01-18,-0.05,0.41674,0.42765,flat
PHOENIXLTD.NS,2022-01-13,2022-01-24,1.91,0.4948,0.48514,bought
PHOENIXLTD.NS,2022-03-31,2022-04-22,-0.01,0.42098,0.39918,flat
PHOENIXLTD.NS,2022-06-30,2022-07-20,-0.01,0.4141,0.21961,flat
PHOENIXLTD.NS,2022-09-30,2022-10-21,-0.01,0.28292,0.16721,flat
PHOENIXLTD.NS,2022-09-30,2022-10-21,0.0,0.28292,0.16721,flat
PHOENIXLTD.NS,2022-12-31,2023-01-16,0.0,0.58697,0.3199,flat
PHOENIXLTD.NS,2023-03-31,2023-04-20,-0.01,1.28794,0.87511,flat
PHOENIXLTD.NS,2023-06-30,2023-07-21,0.0,1.12086,0.74491,flat
PHOENIXLTD.NS,2023-09-30,2023-10-23,-0.01,0.72319,0.37178,flat
PHOENIXLTD.NS,2023-12-31,2024-01-23,0.0,0.33662,0.22775,flat
PHOENIXLTD.NS,2024-03-31,2024-04-15,-0.01,0.11628,0.03039,flat
PHOENIXLTD.NS,2024-06-30,2024-07-22,-0.01,-0.22096,-0.23659,flat
PHOENIXLTD.NS,2024-09-23,2024-10-01,0.0,-0.07915,-0.0354,flat
PHOENIXLTD.NS,2024-09-30,2024-10-21,0.0,0.09009,0.06526,flat
PHOENIXLTD.NS,2024-12-31,2025-01-21,-0.01,0.13748,0.06055,flat
PHOENIXLTD.NS,2025-03-31,2025-04-22,0.0,0.06591,0.03032,flat
PIDILITIND.NS,2021-12-31,2022-01-14,-0.01,-0.08768,-0.06793,flat
PIDILITIND.NS,2022-03-31,2022-04-18,-0.04,0.02843,0.02815,flat
PIDILITIND.NS,2022-06-30,2022-07-14,0.0,0.1679,-0.06575,flat
PIDILITIND.NS,2022-09-30,2022-10-21,0.0,-0.11972,-0.23543,flat
PIDILITIND.NS,2022-12-31,2023-01-18,0.0,0.03612,-0.22948,flat
PIDILITIND.NS,2023-03-31,2023-04-21,0.0,0.2297,-0.19035,flat
PIDILITIND.NS,2023-06-30,2023-07-20,-0.02,0.17699,-0.2023,flat
PIDILITIND.NS,2023-09-30,2023-10-17,-0.06,0.3091,0.01243,flat
PIDILITIND.NS,2023-12-31,2024-01-16,-0.02,0.02627,-0.04894,flat
PIDILITIND.NS,2024-03-31,2024-04-16,-0.07,0.07394,-0.01212,flat
PIDILITIND.NS,2024-06-30,2024-07-19,-0.02,-0.05772,-0.08287,flat
PIDILITIND.NS,2024-09-30,2024-10-17,-0.15,-0.03152,-0.04773,flat
PIDILITIND.NS,2024-12-31,2025-01-20,0.0,0.04538,-0.00094,flat
PIDILITIND.NS,2025-03-31,2025-04-21,-0.1,-0.0712,-0.10573,flat
PIIND.NS,2021-12-31,2022-01-21,0.0,0.14286,0.16302,flat
PIIND.NS,2022-03-31,2022-04-18,0.0,0.06738,0.0671,flat
PIIND.NS,2022-06-30,2022-07-14,0.0,0.28287,0.04922,flat
PIIND.NS,2022-09-30,2022-10-21,-0.65,0.08086,-0.03485,sold
PIIND.NS,2022-12-31,2023-01-20,0.0,0.05643,-0.23218,flat
PIIND.NS,2023-03-31,2023-04-24,0.0,0.15814,-0.2457,flat
PIIND.NS,2023-06-30,2023-07-18,0.0,0.20781,-0.18153,flat
PIIND.NS,2023-09-30,2023-10-19,0.0,0.28906,-0.02516,flat
PIIND.NS,2023-12-31,2024-01-19,0.0,0.00956,-0.07404,flat
PIIND.NS,2024-03-31,2024-04-22,0.0,-0.01433,-0.08906,flat
PIIND.NS,2024-06-30,2024-07-22,0.0,0.03045,0.01483,flat
PIIND.NS,2024-09-30,2024-10-21,0.0,-0.17602,-0.20085,flat
PIIND.NS,2024-12-31,2025-01-13,0.0,-0.04864,-0.14892,flat
PIIND.NS,2025-03-31,2025-04-21,0.0,-0.1557,-0.19023,flat
PNB.NS,2021-12-31,2022-01-10,0.0,0.43863,0.44828,flat
PNB.NS,2022-03-31,2022-04-18,0.0,0.39041,0.39013,flat
PNB.NS,2022-06-30,2022-07-13,0.0,1.09981,0.85827,flat
PNB.NS,2022-09-30,2022-10-19,0.0,0.79801,0.69934,flat
PNB.NS,2022-12-31,2023-01-16,0.0,0.7971,0.53003,flat
PNB.NS,2023-03-31,2023-04-12,0.0,1.86004,1.47781,flat
PNB.NS,2023-06-30,2023-07-14,0.0,0.99945,0.61016,flat
PNB.NS,2023-09-30,2023-10-11,0.0,0.26327,-0.04735,flat
PNB.NS,2023-12-31,2024-01-09,0.0,0.06701,-0.04711,flat
PNB.NS,2024-03-31,2024-04-15,0.0,-0.21546,-0.30134,flat
PNB.NS,2024-06-30,2024-07-10,0.0,-0.03127,-0.05179,flat
PNB.NS,2024-09-27,2024-10-04,-3.07,0.11112,0.12358,sold
PNB.NS,2024-09-30,2024-10-09,0.0,0.13939,0.15699,flat
PNB.NS,2024-12-31,2025-01-09,0.0,0.29774,0.23291,flat
PNB.NS,2025-03-31,2025-04-09,0.0,0.22615,0.09423,flat
PNBHOUSING.NS,2021-09-30,2021-10-21,-0.06,-0.21433,-0.19861,flat
PNBHOUSING.NS,2021-12-31,2022-01-24,-0.01,0.20175,0.19209,flat
PNBHOUSING.NS,2022-03-31,2022-04-11,0.0,0.25723,0.28781,flat
PNBHOUSING.NS,2022-06-30,2022-07-22,0.0,1.13316,0.94327,flat
PNBHOUSING.NS,2022-09-30,2022-10-17,0.0,1.22337,1.09037,flat
PNBHOUSING.NS,2022-12-31,2023-01-23,-0.04,0.82176,0.52912,flat
PNBHOUSING.NS,2023-03-31,2023-04-21,-0.01,0.8615,0.44145,flat
PNBHOUSING.NS,2023-05-04,2023-05-10,-4.37,0.59687,0.22693,sold
PNBHOUSING.NS,2023-06-30,2023-07-20,0.0,0.24078,-0.1385,flat
PNBHOUSING.NS,2023-09-30,2023-10-23,-0.01,0.35396,0.00255,flat
PNBHOUSING.NS,2023-12-31,2024-01-23,-0.01,-0.0022,-0.11107,flat
PNBHOUSING.NS,2024-03-31,2024-04-19,0.0,0.27777,0.19356,flat
PNBHOUSING.NS,2024-06-30,2024-07-22,0.0,0.32618,0.31055,flat
PNBHOUSING.NS,2024-09-30,2024-10-21,-0.02,0.01883,-0.00601,flat
PNBHOUSING.NS,2024-12-31,2025-01-13,0.0,0.19341,0.09313,flat
PNBHOUSING.NS,2025-03-31,2025-04-21,-0.01,0.04184,0.00731,flat
PNCINFRA.NS,2021-12-31,2022-01-21,0.0,0.04392,0.06408,flat
PNCINFRA.NS,2022-03-31,2022-04-18,0.0,0.12672,0.12645,flat
PNCINFRA.NS,2022-06-30,2022-07-11,0.0,0.41814,0.20317,flat
PNCINFRA.NS,2022-09-30,2022-10-20,0.0,0.32212,0.21271,flat
PNCINFRA.NS,2022-12-31,2023-01-20,0.0,0.35565,0.06705,flat
PNCINFRA.NS,2023-03-31,2023-04-18,0.0,0.58765,0.18876,flat
PNCINFRA.NS,2023-06-30,2023-07-17,0.0,0.47707,0.0905,flat
PNCINFRA.NS,2023-09-30,2023-10-23,0.0,-0.04908,-0.40049,flat
PNCINFRA.NS,2023-12-31,2024-01-18,0.0,-0.27648,-0.35426,flat
PNCINFRA.NS,2024-03-31,2024-04-18,0.0,-0.37001,-0.44497,flat
PNCINFRA.NS,2024-06-30,2024-07-19,0.0,-0.37542,-0.40057,flat
PNCINFRA.NS,2024-09-30,2024-10-18,0.0,-0.38178,-0.39227,flat
PNCINFRA.NS,2024-12-31,2025-01-22,0.0,-0.32156,-0.4028,flat
PNCINFRA.NS,2025-03-31,2025-04-21,0.0,-0.20742,-0.24195,flat
POLICYBZR.NS,2021-12-31,2022-01-18,0.0,-0.57995,-0.56904,flat
POLICYBZR.NS,2022-03-31,2022-04-18,0.0,-0.24547,-0.24574,flat
POLICYBZR.NS,2022-06-30,2022-07-20,0.0,0.34827,0.15378,flat
POLICYBZR.NS,2022-09-30,2022-10-21,0.0,0.8604,0.74469,flat
POLICYBZR.NS,2022-12-31,2023-01-19,0.0,1.28467,1.00046,flat
POLICYBZR.NS,2023-03-31,2023-04-18,0.0,1.11431,0.71542,flat
POLICYBZR.NS,2023-06-30,2023-07-20,0.0,0.8562,0.47692,flat
POLICYBZR.NS,2023-09-30,2023-10-25,0.0,1.46372,1.12021,flat
POLICYBZR.NS,2023-12-31,2024-01-19,0.0,0.90741,0.82381,flat
POLICYBZR.NS,2024-03-31,2024-04-18,0.0,0.31264,0.23768,flat
POLICYBZR.NS,2024-06-30,2024-07-22,0.0,0.22186,0.20623,flat
POLICYBZR.NS,2024-09-30,2024-10-21,0.0,0.04386,0.01903,flat
POLICYBZR.NS,2024-12-31,2025-01-20,0.0,-0.06858,-0.1149,flat
POLICYBZR.NS,2025-03-31,2025-04-21,0.0,-0.01086,-0.04539,flat
POLYCAB.NS,2021-12-31,2022-01-24,-0.21,0.15219,0.14253,flat
POLYCAB.NS,2022-03-31,2022-04-19,-0.07,0.21848,0.20293,flat
POLYCAB.NS,2022-06-30,2022-07-15,-0.09,1.19106,0.96808,flat
POLYCAB.NS,2022-09-30,2022-10-24,-0.02,0.83464,0.72921,flat
POLYCAB.NS,2022-12-31,2023-01-23,-1.36,0.57424,0.2816,sold
POLYCAB.NS,2023-03-31,2023-04-24,-0.41,0.86646,0.46262,flat
POLYCAB.NS,2023-06-30,2023-07-21,-0.21,0.47872,0.10277,flat
POLYCAB.NS,2023-09-30,2023-10-23,-0.08,0.26728,-0.08413,flat
POLYCAB.NS,2023-12-31,2024-01-23,-0.12,0.39452,0.28565,flat
POLYCAB.NS,2024-03-31,2024-04-16,-0.55,0.05132,-0.03474,sold
POLYCAB.NS,2024-06-30,2024-07-22,-0.22,0.09386,0.07824,flat
POLYCAB.NS,2024-09-30,2024-10-11,-1.96,0.02331,0.02532,sold
POLYCAB.NS,2024-12-31,2025-01-21,-0.01,0.06206,-0.01487,flat
POLYCAB.NS,2025-03-31,2025-04-15,-0.01,0.52549,0.45352,flat
POLYMED.NS,2021-12-31,2022-01-20,-0.01,-0.04521,-0.0329,flat
POLYMED.NS,2022-03-31,2022-04-18,-0.1,0.06118,0.0609,flat
POLYMED.NS,2022-06-30,2022-07-19,8.68,0.48319,0.27514,bought
POLYMED.NS,2022-09-30,2022-10-20,-0.01,0.46277,0.35336,flat
POLYMED.NS,2022-12-31,2023-01-20,0.0,0.69164,0.40304,flat
POLYMED.NS,2023-03-31,2023-04-20,-0.02,0.71206,0.29922,flat
POLYMED.NS,2023-06-30,2023-07-18,0.0,0.7779,0.38856,flat
POLYMED.NS,2023-09-30,2023-10-20,-0.15,1.08028,0.7618,flat
POLYMED.NS,2023-12-31,2024-01-18,0.0,0.56311,0.48534,flat
POLYMED.NS,2024-03-31,2024-04-18,-0.01,0.61571,0.54076,flat
POLYMED.NS,2024-06-30,2024-07-19,12.88,0.00663,-0.01852,bought
POLYMED.NS,2024-08-22,2024-08-29,-3.47,-0.10198,-0.06954,sold
POLYMED.NS,2024-09-30,2024-10-21,0.0,-0.22248,-0.24732,flat
POLYMED.NS,2024-12-31,2025-01-17,-0.12,-0.36517,-0.41249,flat
POLYMED.NS,2025-03-31,2025-04-21,0.0,-0.38096,-0.41549,flat
POLYPLEX.NS,2021-12-31,2022-01-21,0.0,-0.10453,-0.08437,flat
POLYPLEX.NS,2022-03-31,2022-04-19,0.0,-0.48473,-0.50028,flat
POLYPLEX.NS,2022-06-30,2022-07-18,0.0,-0.38194,-0.59021,flat
POLYPLEX.NS,2022-09-30,2022-10-21,0.0,-0.37612,-0.49183,flat
POLYPLEX.NS,2022-12-31,2023-01-17,0.0,-0.31295,-0.59324,flat
POLYPLEX.NS,2023-03-31,2023-04-13,0.0,-0.24182,-0.62809,flat
POLYPLEX.NS,2023-06-30,2023-07-20,0.0,-0.09018,-0.46947,flat
POLYPLEX.NS,2023-09-30,2023-10-20,0.0,0.02435,-0.29413,flat
POLYPLEX.NS,2023-12-31,2024-01-18,-24.28,-0.01626,-0.09403,sold
POLYPLEX.NS,2024-03-31,2024-04-19,0.0,0.48321,0.399,flat
POLYPLEX.NS,2024-06-30,2024-07-18,0.0,0.08922,0.08444,flat
POLYPLEX.NS,2024-09-30,2024-10-17,0.0,-0.10772,-0.12393,flat
POLYPLEX.NS,2024-12-31,2025-01-21,0.0,-0.30702,-0.38395,flat
POLYPLEX.NS,2025-03-31,2025-04-21,0.0,-0.24693,-0.28146,flat
POONAWALLA.NS,2021-12-31,2022-01-13,-4.27,0.06738,0.08358,sold
POONAWALLA.NS,2022-03-31,2022-04-21,-6.75,-0.02209,-0.02349,sold
POONAWALLA.NS,2022-06-30,2022-07-12,-0.01,0.48493,0.25454,flat
POONAWALLA.NS,2022-09-30,2022-10-20,-0.01,0.09327,-0.01614,flat
POONAWALLA.NS,2022-12-31,2023-01-18,0.57,0.58171,0.31611,bought
POONAWALLA.NS,2023-03-31,2023-04-12,0.09,0.72532,0.3431,flat
POONAWALLA.NS,2023-06-30,2023-07-13,-0.02,3e-05,-0.37854,flat
POONAWALLA.NS,2023-09-30,2023-10-11,-0.02,-0.03379,-0.34442,flat
POONAWALLA.NS,2023-12-31,2024-01-10,-0.03,-0.33395,-0.45134,flat
POONAWALLA.NS,2024-03-31,2024-04-15,0.06,-0.16296,-0.24885,flat
POONAWALLA.NS,2024-06-30,2024-07-12,-0.04,0.10746,0.09342,flat
POONAWALLA.NS,2024-09-30,2024-10-10,-0.22,0.39784,0.40719,flat
POONAWALLA.NS,2024-12-31,2025-01-08,0.49,0.43303,0.37686,flat
POONAWALLA.NS,2025-03-31,2025-04-09,0.17,0.19943,0.06751,flat
POWERGRID.NS,2021-12-31,2022-01-13,0.0,0.12069,0.13689,flat
POWERGRID.NS,2022-03-31,2022-04-13,0.0,0.06783,0.08708,flat
POWERGRID.NS,2022-06-30,2022-07-20,0.0,0.26803,0.07354,flat
POWERGRID.NS,2022-09-30,2022-10-17,0.0,0.34336,0.21036,flat
POWERGRID.NS,2022-12-31,2023-01-16,0.0,0.6148,0.34773,flat
POWERGRID.NS,2023-03-31,2023-04-13,0.0,0.76968,0.38341,flat
POWERGRID.NS,2023-06-30,2023-07-19,0.0,1.0168,0.62884,flat
POWERGRID.NS,2023-09-30,2023-10-17,0.0,0.60581,0.30914,flat
POWERGRID.NS,2023-12-31,2024-01-17,0.0,0.24769,0.17465,flat
POWERGRID.NS,2024-03-31,2024-04-19,0.0,0.13358,0.04937,flat
POWERGRID.NS,2024-06-30,2024-07-15,0.0,-0.11481,-0.11763,flat
POWERGRID.NS,2024-09-30,2024-10-21,0.0,-0.09415,-0.11898,flat
POWERGRID.NS,2024-12-31,2025-01-21,0.0,-0.11224,-0.18917,flat
POWERGRID.NS,2025-03-31,2025-04-15,0.0,0.08219,0.01022,flat
POWERINDIA.NS,2021-12-31,2022-01-19,0.0,0.12273,0.12816,flat
POWERINDIA.NS,2022-03-31,2022-04-21,0.0,-0.002,-0.0034,flat
POWERINDIA.NS,2022-06-30,2022-07-11,0.0,0.2217,0.00674,flat
POWERINDIA.NS,2022-09-30,2022-10-17,0.0,0.28156,0.14856,flat
POWERINDIA.NS,2022-12-31,2023-01-12,0.0,0.75724,0.50024,flat
POWERINDIA.NS,2023-03-31,2023-04-19,0.0,1.84829,1.43533,flat
POWERINDIA.NS,2023-06-30,2023-07-14,0.0,1.73302,1.34373,flat
POWERINDIA.NS,2023-09-30,2023-10-16,0.0,1.92622,1.63265,flat
POWERINDIA.NS,2023-12-31,2024-01-11,0.0,1.1547,1.06029,flat
POWERINDIA.NS,2024-03-31,2024-04-16,0.0,0.84192,0.75586,flat
POWERINDIA.NS,2024-06-30,2024-07-10,0.0,0.4343,0.41378,flat
POWERINDIA.NS,2024-09-30,2024-10-14,0.0,0.0956,0.10104,flat
POWERINDIA.NS,2024-12-31,2025-01-13,0.0,0.33361,0.23333,flat
POWERINDIA.NS,2025-03-13,2025-03-21,-3.69,1.07901,1.09494,sold
POWERINDIA.NS,2025-03-31,2025-04-15,0.0,1.5234,1.45143,flat
PPLPHARMA.NS,2022-12-31,2023-01-23,0.0,0.26643,-0.02621,flat
PPLPHARMA.NS,2023-03-31,2023-04-24,0.0,1.15876,0.75492,flat
PPLPHARMA.NS,2023-06-30,2023-07-19,0.0,0.78179,0.39383,flat
PPLPHARMA.NS,2023-08-22,2023-08-28,0.23,1.15772,0.76502,flat
PPLPHARMA.NS,2023-09-27,2023-10-09,0.0,1.31456,0.94597,flat
PPLPHARMA.NS,2023-09-30,2023-10-20,0.0,1.70151,1.38303,flat
PPLPHARMA.NS,2023-12-31,2024-01-23,0.0,0.61605,0.50717,flat
PPLPHARMA.NS,2024-03-31,2024-04-22,0.0,0.50116,0.42643,flat
PPLPHARMA.NS,2024-06-30,2024-07-22,-0.07,0.34277,0.32714,flat
PPLPHARMA.NS,2024-09-30,2024-10-21,0.0,-0.10885,-0.13368,flat
PPLPHARMA.NS,2024-12-31,2025-01-20,0.0,-0.36976,-0.41609,flat
PPLPHARMA.NS,2025-03-31,2025-04-22,0.0,-0.28605,-0.32163,flat
PRAJIND.NS,2021-12-31,2022-01-06,0.0,-0.02085,-0.02159,flat
PRAJIND.NS,2022-03-31,2022-04-13,0.0,-0.17325,-0.154,flat
PRAJIND.NS,2022-06-30,2022-07-20,0.0,0.11491,-0.07958,flat
PRAJIND.NS,2022-09-30,2022-10-24,-0.01,0.245,0.13957,flat
PRAJIND.NS,2022-12-31,2023-01-10,0.05,0.45388,0.18703,flat
PRAJIND.NS,2023-03-31,2023-04-18,-0.05,0.54401,0.14512,flat
PRAJIND.NS,2023-06-30,2023-07-12,0.0,0.77816,0.40076,flat
PRAJIND.NS,2023-09-30,2023-10-13,0.0,0.26161,-0.04877,flat
PRAJIND.NS,2023-12-31,2024-01-09,-0.01,0.49966,0.38554,flat
PRAJIND.NS,2024-03-31,2024-04-12,0.0,0.04063,-0.02394,flat
PRAJIND.NS,2024-06-30,2024-07-10,0.0,-0.31597,-0.33649,flat
PRAJIND.NS,2024-09-30,2024-10-14,0.0,-0.55257,-0.54713,flat
PRAJIND.NS,2024-12-31,2025-01-08,0.0,-0.60996,-0.66613,flat
PRAJIND.NS,2025-03-31,2025-04-08,0.0,-0.27238,-0.38883,flat
PREMIERENE.NS,2024-09-30,2024-10-21,0.0,0.05667,0.03184,flat
PREMIERENE.NS,2024-12-31,2025-01-21,0.0,-0.39124,-0.46817,flat
PREMIERENE.NS,2025-03-31,2025-04-04,0.0,0.1417,0.05274,flat
PRESTIGE.NS,2021-12-31,2022-01-24,0.0,-0.1309,-0.14057,flat
PRESTIGE.NS,2022-03-31,2022-04-22,0.0,0.00956,-0.01224,flat
PRESTIGE.NS,2022-06-30,2022-07-22,0.0,0.32496,0.13507,flat
PRESTIGE.NS,2022-09-30,2022-10-24,0.0,0.72253,0.6171,flat
PRESTIGE.NS,2022-12-31,2023-01-20,0.0,1.81164,1.52304,flat
PRESTIGE.NS,2023-03-31,2023-04-21,0.0,2.0494,1.62935,flat
PRESTIGE.NS,2023-06-30,2023-07-21,0.0,2.13397,1.75802,flat
PRESTIGE.NS,2023-09-30,2023-10-23,0.0,1.19898,0.84758,flat
PRESTIGE.NS,2023-12-31,2024-01-23,0.0,0.18231,0.07344,flat
PRESTIGE.NS,2024-03-31,2024-04-19,0.0,0.06987,-0.01434,flat
PRESTIGE.NS,2024-06-30,2024-07-22,0.0,-0.04209,-0.05771,flat
PRESTIGE.NS,2024-09-05,2024-09-12,-4.54,-0.12049,-0.10116,sold
PRESTIGE.NS,2024-09-30,2024-10-21,0.0,0.01972,-0.00511,flat
PRESTIGE.NS,2024-12-31,2025-01-22,0.0,0.08326,0.00202,flat
PRESTIGE.NS,2025-03-31,2025-04-22,0.0,0.10081,0.06523,flat
PRINCEPIPE.NS,2021-12-31,2022-01-10,-0.31,-0.14217,-0.13253,flat
PRINCEPIPE.NS,2022-03-31,2022-04-13,0.0,-0.15172,-0.13247,flat
PRINCEPIPE.NS,2022-06-30,2022-07-12,0.0,0.07058,-0.15981,flat
PRINCEPIPE.NS,2022-09-30,2022-10-18,0.0,0.11144,-0.00175,flat
PRINCEPIPE.NS,2022-12-31,2023-01-18,0.0,0.18129,-0.08431,flat
PRINCEPIPE.NS,2023-03-31,2023-04-17,-2.0,0.05192,-0.3482,sold
PRINCEPIPE.NS,2023-06-30,2023-07-13,0.0,0.05801,-0.32056,flat
PRINCEPIPE.NS,2023-09-30,2023-10-13,0.0,-0.23753,-0.5479,flat
PRINCEPIPE.NS,2023-12-31,2024-01-15,0.0,-0.45305,-0.53615,flat
PRINCEPIPE.NS,2024-03-31,2024-04-18,0.0,-0.5827,-0.65765,flat
PRINCEPIPE.NS,2024-06-30,2024-07-15,0.0,-0.49442,-0.49724,flat
PRINCEPIPE.NS,2024-09-30,2024-10-11,0.0,-0.40078,-0.39877,flat
PRINCEPIPE.NS,2024-12-31,2025-01-09,0.0,-0.38661,-0.45144,flat
PRINCEPIPE.NS,2025-03-31,2025-04-21,0.0,0.01454,-0.01999,flat
PRIVISCL.NS,2021-12-31,2022-01-12,0.0,-0.49698,-0.47964,flat
PRIVISCL.NS,2022-03-31,2022-04-12,-0.01,-0.49253,-0.47256,flat
PRIVISCL.NS,2022-06-30,2022-07-15,0.0,0.00459,-0.21839,flat
PRIVISCL.NS,2022-09-30,2022-10-17,0.0,-0.13519,-0.2682,flat
PRIVISCL.NS,2022-12-31,2023-01-17,0.0,0.08669,-0.19361,flat
PRIVISCL.NS,2023-03-31,2023-04-17,0.0,0.08408,-0.31605,flat
PRIVISCL.NS,2023-06-30,2023-07-17,0.0,0.4584,0.07184,flat
PRIVISCL.NS,2023-09-30,2023-10-12,0.0,0.40703,0.09581,flat
PRIVISCL.NS,2023-12-31,2024-01-11,0.0,0.6212,0.5268,flat
PRIVISCL.NS,2024-03-31,2024-04-16,0.0,0.75532,0.66926,flat
PRIVISCL.NS,2024-06-30,2024-07-16,0.0,0.54405,0.53654,flat
PRIVISCL.NS,2024-09-30,2024-10-17,0.0,0.68758,0.67137,flat
PRIVISCL.NS,2024-12-31,2025-01-10,0.0,0.46757,0.39021,flat
PRIVISCL.NS,2025-03-31,2025-04-21,0.0,0.73057,0.69604,flat
PRSMJOHNSN.NS,2022-03-31,2022-04-18,0.0,0.0057,0.00542,flat
PRSMJOHNSN.NS,2022-06-30,2022-07-11,0.0,0.12999,-0.08498,flat
PRSMJOHNSN.NS,2022-09-30,2022-10-14,0.0,0.03602,-0.12555,flat
PRSMJOHNSN.NS,2022-12-31,2023-01-16,0.0,0.62307,0.356,flat
PRSMJOHNSN.NS,2023-03-31,2023-04-19,0.0,0.28195,-0.13101,flat
PRSMJOHNSN.NS,2023-06-30,2023-07-21,0.0,0.34237,-0.03358,flat
PRSMJOHNSN.NS,2023-09-30,2023-10-16,0.0,0.43301,0.13944,flat
PRSMJOHNSN.NS,2023-12-31,2024-01-16,0.0,-0.24387,-0.31909,flat
PRSMJOHNSN.NS,2024-03-31,2024-04-18,0.0,-0.22565,-0.3006,flat
PRSMJOHNSN.NS,2024-06-30,2024-07-19,0.0,0.03184,0.00669,flat
PRSMJOHNSN.NS,2024-09-30,2024-10-11,0.0,-0.25244,-0.25043,flat
PRSMJOHNSN.NS,2024-12-31,2025-01-15,0.0,-0.12107,-0.18064,flat
PRSMJOHNSN.NS,2025-03-31,2025-04-21,0.0,-0.0173,-0.05183,flat
PTC.NS,2021-12-31,2022-01-13,0.0,-0.02048,-0.00428,flat
PTC.NS,2022-03-31,2022-04-11,0.0,0.01312,0.0437,flat
PTC.NS,2022-06-30,2022-07-19,0.0,0.46101,0.25297,flat
PTC.NS,2022-09-30,2022-10-19,0.0,0.97602,0.87735,flat
PTC.NS,2022-12-31,2023-01-18,0.0,1.53233,1.26673,flat
PTC.NS,2023-03-31,2023-04-13,0.0,1.54164,1.15537,flat
PTC.NS,2023-06-30,2023-07-14,0.0,1.12024,0.73095,flat
PTC.NS,2023-09-30,2023-10-13,0.0,0.31599,0.00561,flat
PTC.NS,2023-12-31,2024-01-12,0.0,-0.24773,-0.33134,flat
PTC.NS,2024-03-31,2024-04-16,0.0,-0.08103,-0.1671,flat
PTC.NS,2024-06-30,2024-07-11,0.0,-0.08239,-0.1027,flat
PTC.NS,2024-09-30,2024-10-16,0.0,-0.06082,-0.06446,flat
PTC.NS,2024-12-31,2025-01-13,0.0,0.29168,0.1914,flat
PTC.NS,2025-03-31,2025-04-11,0.0,0.1721,0.06423,flat
PTCIL.NS,2023-06-30,2023-07-21,0.0,2.57497,2.19902,flat
PTCIL.NS,2023-09-30,2023-10-12,-0.9,1.22771,0.91649,sold
PTCIL.NS,2023-12-31,2024-01-18,-0.07,1.01489,0.93711,flat
PTCIL.NS,2024-01-04,2024-01-18,-2.97,1.01489,0.93711,sold
PTCIL.NS,2024-03-31,2024-04-18,-1.04,0.72918,0.65422,sold
PTCIL.NS,2024-06-30,2024-07-22,-0.07,0.04864,0.03301,flat
PTCIL.NS,2024-09-03,2024-09-16,-3.04,0.02803,0.04812,sold
PTCIL.NS,2024-09-30,2024-10-16,-0.04,0.27005,0.26642,flat
PTCIL.NS,2024-12-31,2025-01-22,-0.05,0.2322,0.15097,flat
PTCIL.NS,2025-03-31,2025-04-21,0.0,0.10918,0.07465,flat
PVRINOX.NS,2021-12-31,2022-01-17,-0.02,0.02406,0.05152,flat
PVRINOX.NS,2022-03-31,2022-04-19,-0.01,-0.1729,-0.18846,flat
PVRINOX.NS,2022-06-30,2022-07-20,-0.02,-0.17805,-0.37254,flat
PVRINOX.NS,2022-09-30,2022-10-24,-0.02,-0.06848,-0.17391,flat
PVRINOX.NS,2022-12-31,2023-01-23,-0.03,-0.11612,-0.40876,flat
PVRINOX.NS,2023-02-22,2023-03-14,10.52,-0.12969,-0.52221,bought
PVRINOX.NS,2023-03-31,2023-04-17,0.0,-0.0787,-0.47883,flat
PVRINOX.NS,2023-06-30,2023-07-17,0.15,0.06582,-0.32074,flat
PVRINOX.NS,2023-09-30,2023-10-19,0.23,-0.10518,-0.4194,flat
PVRINOX.NS,2023-12-31,2024-01-09,0.0,-0.29459,-0.40871,flat
PVRINOX.NS,2024-03-31,2024-04-12,0.0,-0.31507,-0.37965,flat
PVRINOX.NS,2024-06-30,2024-07-19,0.0,-0.27283,-0.29799,flat
PVRINOX.NS,2024-09-30,2024-10-21,-0.35,-0.254,-0.27883,flat
PVRINOX.NS,2024-12-31,2025-01-20,0.0,-0.12628,-0.1726,flat
PVRINOX.NS,2025-03-31,2025-04-21,0.04,0.0835,0.04897,flat
QUESS.NS,2021-12-31,2022-01-11,-0.04,-0.48899,-0.47449,flat
QUESS.NS,2022-03-31,2022-04-12,0.09,-0.44574,-0.42577,flat
QUESS.NS,2022-06-30,2022-07-18,-0.03,-0.2779,-0.48617,flat
QUESS.NS,2022-09-30,2022-10-24,-0.03,-0.24277,-0.34819,flat
QUESS.NS,2022-12-31,2023-01-12,0.09,0.24277,-0.01423,flat
QUESS.NS,2023-03-31,2023-04-17,4.84,0.73162,0.33149,bought
QUESS.NS,2023-06-30,2023-07-14,-0.06,0.60863,0.21934,flat
QUESS.NS,2023-09-30,2023-10-19,-0.01,0.64616,0.33194,flat
QUESS.NS,2023-12-31,2024-01-09,-0.02,0.31099,0.19687,flat
QUESS.NS,2024-03-31,2024-04-18,-0.01,-0.43308,-0.50804,flat
QUESS.NS,2024-06-30,2024-07-18,0.0,-0.48223,-0.48701,flat
QUESS.NS,2024-09-30,2024-10-10,-0.05,-0.66314,-0.65379,flat
QUESS.NS,2024-12-31,2025-01-09,-0.02,-0.65865,-0.72348,flat
QUESS.NS,2025-03-31,2025-04-17,0.42,-0.36747,-0.42005,flat
RADICO.NS,2021-12-31,2022-01-20,0.0,-0.08339,-0.07108,flat
RADICO.NS,2022-03-31,2022-04-18,0.0,0.25904,0.25876,flat
RADICO.NS,2022-06-30,2022-07-13,0.0,0.48082,0.23928,flat
RADICO.NS,2022-09-30,2022-10-18,0.0,0.13378,0.02059,flat
RADICO.NS,2022-12-31,2023-01-19,0.0,0.56388,0.27967,flat
RADICO.NS,2023-03-31,2023-04-19,0.0,0.61829,0.20533,flat
RADICO.NS,2023-06-30,2023-07-13,0.0,0.29023,-0.08834,flat
RADICO.NS,2023-09-30,2023-10-10,-0.01,0.81188,0.46745,flat
RADICO.NS,2023-12-31,2024-01-11,0.0,0.37836,0.28396,flat
RADICO.NS,2024-03-31,2024-04-15,0.0,0.44699,0.3611,flat
RADICO.NS,2024-06-30,2024-07-18,0.0,0.63725,0.63247,flat
RADICO.NS,2024-09-30,2024-10-11,-0.02,0.39594,0.39795,flat
RADICO.NS,2024-12-31,2025-01-10,0.0,0.26936,0.19201,flat
RADICO.NS,2025-03-31,2025-04-15,-0.01,0.32807,0.2561,flat
RAILTEL.NS,2021-12-31,2022-01-18,0.0,0.0813,0.09221,flat
RAILTEL.NS,2022-03-31,2022-04-11,0.0,0.00412,0.0347,flat
RAILTEL.NS,2022-06-30,2022-07-20,0.0,0.77273,0.57824,flat
RAILTEL.NS,2022-09-30,2022-10-21,0.0,1.16235,1.04664,flat
RAILTEL.NS,2022-12-31,2023-01-20,0.0,2.38975,2.10115,flat
RAILTEL.NS,2023-03-31,2023-04-24,0.0,2.55612,2.15228,flat
RAILTEL.NS,2023-06-30,2023-07-21,0.0,2.2663,1.89035,flat
RAILTEL.NS,2023-09-30,2023-10-23,0.0,0.97093,0.61952,flat
RAILTEL.NS,2023-12-31,2024-01-23,0.0,-0.00193,-0.1108,flat
RAILTEL.NS,2024-03-31,2024-04-18,0.0,-0.16248,-0.23744,flat
RAILTEL.NS,2024-06-30,2024-07-18,0.0,-0.22952,-0.23429,flat
RAILTEL.NS,2024-09-30,2024-10-16,0.0,-0.14827,-0.1519,flat
RAILTEL.NS,2024-12-31,2025-01-20,0.0,-0.19995,-0.24628,flat
RAILTEL.NS,2025-03-31,2025-04-22,0.0,0.03789,0.00231,flat
RAIN.NS,2021-12-31,2022-01-07,0.0,-0.27554,-0.27105,flat
RAIN.NS,2022-03-31,2022-04-08,0.0,-0.17957,-0.15054,flat
RAIN.NS,2022-06-30,2022-07-12,0.0,0.12275,-0.10763,flat
RAIN.NS,2022-09-30,2022-10-11,0.0,0.02069,-0.16583,flat
RAIN.NS,2022-12-31,2023-01-10,0.0,-0.15167,-0.41852,flat
RAIN.NS,2023-03-31,2023-04-11,0.0,0.16074,-0.22317,flat
RAIN.NS,2023-06-30,2023-07-12,0.0,-0.03431,-0.41171,flat
RAIN.NS,2023-09-30,2023-10-09,0.0,0.09291,-0.27567,flat
RAIN.NS,2023-12-31,2024-01-12,0.0,0.02357,-0.06004,flat
RAIN.NS,2024-03-31,2024-04-09,0.0,-0.16567,-0.20852,flat
RAIN.NS,2024-06-30,2024-07-08,0.0,-0.10156,-0.11512,flat
RAIN.NS,2024-09-30,2024-10-09,0.0,-0.22864,-0.21103,flat
RAIN.NS,2024-12-31,2025-01-07,0.0,-0.17224,-0.22456,flat
RAIN.NS,2025-03-31,2025-04-08,0.04,-0.0128,-0.12925,flat
RAINBOW.NS,2022-06-30,2022-07-19,0.0,1.17032,0.96227,flat
RAINBOW.NS,2022-09-30,2022-10-19,0.0,0.68811,0.58944,flat
RAINBOW.NS,2022-12-31,2023-01-23,0.0,0.62851,0.33587,flat
RAINBOW.NS,2023-03-31,2023-04-24,0.0,0.85231,0.44847,flat
RAINBOW.NS,2023-06-30,2023-07-20,0.0,0.06969,-0.3096,flat
RAINBOW.NS,2023-09-30,2023-10-20,0.0,0.50336,0.18488,flat
RAINBOW.NS,2023-12-31,2024-01-23,0.0,0.16056,0.05169,flat
RAINBOW.NS,2024-03-31,2024-04-22,0.0,0.04879,-0.02594,flat
RAINBOW.NS,2024-06-30,2024-07-22,0.05,0.42388,0.40825,flat
RAINBOW.NS,2024-09-30,2024-10-21,-0.03,-0.02392,-0.04875,flat
RAINBOW.NS,2024-12-31,2025-01-20,0.0,-0.18327,-0.2296,flat
RAINBOW.NS,2025-03-31,2025-04-21,0.0,-0.16474,-0.19927,flat
RAJESHEXPO.NS,2020-06-30,2020-07-27,0.01,0.31683,-0.19496,flat
RAJESHEXPO.NS,2021-06-30,2021-07-22,0.0,0.03633,0.00185,flat
RAJESHEXPO.NS,2021-09-30,2021-10-22,0.0,0.04263,0.0529,flat
RAJESHEXPO.NS,2021-12-31,2022-03-04,0.0,-0.1406,-0.20615,flat
RAJESHEXPO.NS,2022-03-31,2022-04-12,0.0,-0.12596,-0.10598,flat
RAJESHEXPO.NS,2022-06-30,2022-07-22,0.0,-0.10773,-0.29762,flat
RAJESHEXPO.NS,2022-09-30,2022-10-18,0.0,-0.39044,-0.50363,flat
RAJESHEXPO.NS,2022-12-31,2023-01-12,0.0,-0.56346,-0.82046,flat
RAJESHEXPO.NS,2023-03-31,2023-04-17,0.0,-0.44106,-0.84119,flat
RAJESHEXPO.NS,2023-06-30,2023-07-24,0.0,-0.43019,-0.76682,flat
RAJESHEXPO.NS,2023-09-30,2023-10-23,0.5,-0.39298,-0.74439,bought
RAJESHEXPO.NS,2023-12-31,2024-01-23,0.0,-0.47839,-0.58726,flat
RAJESHEXPO.NS,2024-03-31,2024-04-16,0.0,-0.31877,-0.40483,flat
RAJESHEXPO.NS,2024-06-30,2024-07-18,0.0,-0.35728,-0.36206,flat
RAJESHEXPO.NS,2024-09-30,2024-10-11,0.0,-0.38003,-0.37802,flat
RAJESHEXPO.NS,2024-12-31,2025-05-15,0.0,-0.45988,-0.45385,flat
RALLIS.NS,2021-12-31,2022-01-19,0.0,-0.25442,-0.24899,flat
RALLIS.NS,2022-03-31,2022-04-21,0.0,-0.31741,-0.31881,flat
RALLIS.NS,2022-06-30,2022-07-18,0.0,0.04892,-0.15935,flat
RALLIS.NS,2022-09-30,2022-10-21,0.0,-0.06268,-0.17839,flat
RALLIS.NS,2022-12-31,2023-01-23,0.0,0.16821,-0.12443,flat
RALLIS.NS,2023-03-31,2023-04-20,0.0,0.33461,-0.07822,flat
RALLIS.NS,2023-06-30,2023-07-14,0.0,0.63712,0.24783,flat
RALLIS.NS,2023-09-30,2023-10-23,4.99,0.66503,0.31362,bought
RALLIS.NS,2023-12-31,2024-01-23,0.0,-0.05856,-0.16743,flat
RALLIS.NS,2024-03-31,2024-04-22,0.0,-0.14963,-0.22436,flat
RALLIS.NS,2024-06-30,2024-07-22,0.0,0.09264,0.07702,flat
RALLIS.NS,2024-09-30,2024-10-21,0.0,-0.22486,-0.24969,flat
RALLIS.NS,2024-12-31,2025-01-17,0.0,-0.0656,-0.11293,flat
RALLIS.NS,2025-03-31,2025-04-21,0.0,0.11194,0.07741,flat
RAMCOCEM.NS,2021-12-31,2022-01-12,-0.05,-0.3137,-0.29636,flat
RAMCOCEM.NS,2022-03-31,2022-04-08,-0.14,-0.06613,-0.0371,flat
RAMCOCEM.NS,2022-06-30,2022-07-08,0.0,0.41712,0.197,flat
RAMCOCEM.NS,2022-09-30,2022-10-24,-0.03,0.41206,0.30663,flat
RAMCOCEM.NS,2022-12-31,2023-01-13,0.0,0.35982,0.09234,flat
RAMCOCEM.NS,2023-03-31,2023-04-18,0.0,0.05798,-0.34092,flat
RAMCOCEM.NS,2023-06-30,2023-07-07,-0.19,-0.15855,-0.53819,flat
RAMCOCEM.NS,2023-09-30,2023-10-12,0.0,-0.15762,-0.46884,flat
RAMCOCEM.NS,2023-12-31,2024-01-11,0.0,-0.1163,-0.21071,flat
RAMCOCEM.NS,2024-03-31,2024-04-15,0.18,0.2108,0.12492,flat
RAMCOCEM.NS,2024-06-30,2024-07-12,0.0,0.48748,0.47344,flat
RAMCOCEM.NS,2024-09-30,2024-10-14,0.0,0.17879,0.18422,flat
RAMCOCEM.NS,2024-12-31,2025-01-20,0.46,0.2139,0.16758,flat
RAMCOCEM.NS,2025-03-31,2025-04-08,-0.19,0.08383,-0.03262,flat
RATNAMANI.NS,2021-12-31,2022-01-06,0.0,0.54149,0.54075,flat
RATNAMANI.NS,2022-03-31,2022-04-18,0.0,0.35939,0.35911,flat
RATNAMANI.NS,2022-06-30,2022-07-06,0.0,0.45687,0.23733,flat
RATNAMANI.NS,2022-07-05,2022-07-07,0.0,0.46743,0.2495,flat
RATNAMANI.NS,2022-09-30,2022-10-19,-0.06,0.33954,0.24087,flat
RATNAMANI.NS,2022-12-31,2023-01-10,0.0,0.67119,0.40434,flat
RATNAMANI.NS,2023-03-31,2023-04-17,-0.04,0.42454,0.02441,flat
RATNAMANI.NS,2023-06-30,2023-07-17,-0.29,0.38043,-0.00613,flat
RATNAMANI.NS,2023-09-30,2023-10-17,0.0,0.35852,0.06185,flat
RATNAMANI.NS,2023-12-31,2024-01-09,0.0,-0.1042,-0.21832,flat
RATNAMANI.NS,2024-03-31,2024-04-09,0.0,-0.13134,-0.17419,flat
RATNAMANI.NS,2024-06-30,2024-07-15,0.0,-0.2245,-0.22732,flat
RATNAMANI.NS,2024-09-30,2024-10-09,0.0,-0.34206,-0.32445,flat
RATNAMANI.NS,2024-12-31,2025-01-22,0.0,-0.29651,-0.37775,flat
RATNAMANI.NS,2025-03-31,2025-04-09,0.0,-0.0851,-0.21702,flat
RAYMOND.NS,2021-12-31,2022-01-20,-0.08,0.93514,0.94745,flat
RAYMOND.NS,2022-03-31,2022-04-19,0.12,0.81594,0.80038,flat
RAYMOND.NS,2022-06-30,2022-07-21,0.0,0.96194,0.77439,flat
RAYMOND.NS,2022-09-30,2022-10-20,-0.01,0.49399,0.38458,flat
RAYMOND.NS,2022-12-31,2023-01-18,0.0,0.12211,-0.14349,flat
RAYMOND.NS,2023-03-31,2023-04-10,0.0,0.56427,0.18601,flat
RAYMOND.NS,2023-06-30,2023-07-19,-0.04,0.07606,-0.3119,flat
RAYMOND.NS,2023-09-30,2023-10-16,0.0,-0.12457,-0.41814,flat
RAYMOND.NS,2023-12-31,2024-01-12,0.0,-0.12227,-0.20588,flat
RAYMOND.NS,2024-03-31,2024-04-18,0.0,-0.21129,-0.28625,flat
RAYMOND.NS,2024-06-30,2024-07-22,-0.1,-0.63777,-0.65339,flat
RAYMOND.NS,2024-09-30,2024-10-16,-0.14,-0.66481,-0.66845,flat
RAYMOND.NS,2024-12-31,2025-01-14,0.0,-0.74845,-0.81668,flat
RAYMOND.NS,2025-03-31,2025-04-21,0.0,-0.69281,-0.72734,flat
RAYMONDLSL.NS,2024-09-30,2024-10-18,0.0,-0.50574,-0.51623,flat
RAYMONDLSL.NS,2024-12-31,2025-01-14,0.0,-0.52862,-0.59684,flat
RAYMONDLSL.NS,2025-03-31,2025-04-21,0.0,-0.23093,-0.26546,flat
RBA.NS,2021-12-31,2022-01-14,-0.04,-0.20174,-0.18199,flat
RBA.NS,2022-02-16,2022-02-21,-11.56,-0.17903,-0.18131,sold
RBA.NS,2022-03-31,2022-04-18,0.0,-0.11515,-0.11543,flat
RBA.NS,2022-06-30,2022-07-18,-0.05,-0.01567,-0.22394,flat
RBA.NS,2022-09-30,2022-10-21,-0.01,-0.07785,-0.19356,flat
RBA.NS,2022-12-31,2023-01-13,-0.08,0.04855,-0.21894,flat
RBA.NS,2023-03-31,2023-04-19,-0.01,0.06273,-0.35023,flat
RBA.NS,2023-06-30,2023-07-19,-0.01,-0.02571,-0.41367,flat
RBA.NS,2023-09-30,2023-10-16,-25.37,-0.23208,-0.52565,sold
RBA.NS,2023-12-31,2024-01-16,-0.04,-0.41273,-0.48794,flat
RBA.NS,2024-03-31,2024-04-10,0.0,-0.22877,-0.28091,flat
RBA.NS,2024-06-30,2024-07-11,-0.06,-0.26824,-0.28855,flat
RBA.NS,2024-09-30,2024-10-16,-2.16,-0.32369,-0.32733,sold
RBA.NS,2024-12-31,2025-01-20,-0.01,-0.19625,-0.24257,flat
RBA.NS,2025-03-26,2025-04-07,-1.89,-0.04541,-0.18287,sold
RBA.NS,2025-03-31,2025-04-16,0.0,-0.12703,-0.18149,flat
RBLBANK.NS,2021-12-31,2022-01-12,0.0,0.14753,0.16487,flat
RBLBANK.NS,2022-03-31,2022-04-12,0.0,0.13548,0.15546,flat
RBLBANK.NS,2022-06-30,2022-07-18,0.0,1.59953,1.39126,flat
RBLBANK.NS,2022-09-30,2022-10-18,0.0,0.75496,0.64177,flat
RBLBANK.NS,2022-12-31,2023-01-11,0.0,0.47557,0.19422,flat
RBLBANK.NS,2023-03-31,2023-04-20,0.0,0.75197,0.33914,flat
RBLBANK.NS,2023-06-30,2023-07-17,0.0,0.05218,-0.33439,flat
RBLBANK.NS,2023-09-30,2023-10-16,0.0,-0.33122,-0.62479,flat
RBLBANK.NS,2023-12-31,2024-01-08,0.0,-0.43926,-0.55755,flat
RBLBANK.NS,2024-03-31,2024-04-15,0.0,-0.23137,-0.31725,flat
RBLBANK.NS,2024-06-30,2024-07-18,0.0,0.06,0.05522,flat
RBLBANK.NS,2024-09-30,2024-10-11,0.0,0.50612,0.50813,flat
RBLBANK.NS,2024-12-31,2025-01-09,0.0,0.97711,0.91228,flat
RBLBANK.NS,2025-03-31,2025-04-21,0.0,0.67639,0.64186,flat
RCF.NS,2021-12-31,2022-01-07,0.0,0.6618,0.66629,flat
RCF.NS,2022-03-31,2022-04-13,0.0,0.03856,0.05781,flat
RCF.NS,2022-06-30,2022-07-13,0.0,0.41513,0.17359,flat
RCF.NS,2022-09-30,2022-10-21,0.0,0.29011,0.1744,flat
RCF.NS,2022-12-31,2023-01-13,0.0,0.46264,0.19515,flat
RCF.NS,2023-03-31,2023-04-17,0.0,0.45391,0.05378,flat
RCF.NS,2023-06-30,2023-07-14,0.0,0.91957,0.53028,flat
RCF.NS,2023-09-30,2023-10-10,0.0,0.41527,0.07084,flat
RCF.NS,2023-12-31,2024-01-12,0.0,-0.00649,-0.0901,flat
RCF.NS,2024-03-31,2024-04-09,0.0,-0.03989,-0.08274,flat
RCF.NS,2024-06-30,2024-07-10,0.0,-0.28376,-0.30428,flat
RCF.NS,2024-09-30,2024-10-16,0.0,-0.14188,-0.14552,flat
RCF.NS,2024-12-31,2025-01-14,0.0,-0.18894,-0.25717,flat
RCF.NS,2025-03-31,2025-04-08,0.0,0.08162,-0.03483,flat
RECLTD.NS,2021-09-30,2021-10-22,-8.01,-0.02552,-0.01526,sold
RECLTD.NS,2021-12-31,2022-01-20,0.0,0.32891,0.34122,flat
RECLTD.NS,2022-03-31,2022-04-19,0.0,0.44355,0.428,flat
RECLTD.NS,2022-06-30,2022-07-19,0.0,1.03616,0.82812,flat
RECLTD.NS,2022-09-30,2022-10-24,0.0,2.41457,2.30914,flat
RECLTD.NS,2022-12-31,2023-01-20,0.0,3.30662,3.01801,flat
RECLTD.NS,2023-03-31,2023-04-21,0.0,3.83012,3.41007,flat
RECLTD.NS,2023-06-30,2023-07-18,0.0,3.19164,2.8023,flat
RECLTD.NS,2023-09-30,2023-10-16,0.0,0.7919,0.49833,flat
RECLTD.NS,2023-12-31,2024-01-18,0.0,0.02256,-0.05521,flat
RECLTD.NS,2024-03-31,2024-04-19,0.0,0.06067,-0.02354,flat
RECLTD.NS,2024-06-30,2024-07-18,0.0,-0.33412,-0.33889,flat
RECLTD.NS,2024-09-30,2024-10-17,0.0,-0.27711,-0.29332,flat
RECLTD.NS,2024-12-31,2025-01-20,0.0,-0.22068,-0.267,flat
RECLTD.NS,2025-03-31,2025-04-16,0.0,-0.07201,-0.12647,flat
REDINGTON.NS,2021-12-31,2022-01-14,0.0,0.15169,0.17144,flat
REDINGTON.NS,2022-03-31,2022-04-20,0.0,0.11184,0.10214,flat
REDINGTON.NS,2022-06-30,2022-07-19,0.0,0.50044,0.2924,flat
REDINGTON.NS,2022-09-30,2022-10-21,0.0,0.09836,-0.01735,flat
REDINGTON.NS,2022-12-31,2023-01-20,0.0,0.00295,-0.28565,flat
REDINGTON.NS,2023-03-31,2023-04-20,0.0,0.35098,-0.06185,flat
REDINGTON.NS,2023-06-30,2023-07-21,0.0,0.15262,-0.22333,flat
REDINGTON.NS,2023-09-30,2023-10-19,0.0,0.23766,-0.07656,flat
REDINGTON.NS,2023-12-31,2024-01-23,0.0,0.24457,0.13569,flat
REDINGTON.NS,2024-03-31,2024-04-18,0.0,0.14042,0.06547,flat
REDINGTON.NS,2024-06-30,2024-07-22,0.0,0.53379,0.51816,flat
REDINGTON.NS,2024-09-30,2024-10-21,0.0,0.53508,0.51025,flat
REDINGTON.NS,2024-12-31,2025-01-21,0.0,0.2142,0.13727,flat
REDINGTON.NS,2025-03-31,2025-04-22,0.0,-0.02118,-0.05677,flat
RELAXO.NS,2021-12-31,2022-01-07,-0.14,-0.33266,-0.32817,flat
RELAXO.NS,2022-03-31,2022-04-13,0.0,-0.26793,-0.24868,flat
RELAXO.NS,2022-06-30,2022-07-13,0.0,-0.05027,-0.29181,flat
RELAXO.NS,2022-09-30,2022-10-18,0.0,-0.08396,-0.19716,flat
RELAXO.NS,2022-12-31,2023-01-16,0.24,-0.03671,-0.30378,flat
RELAXO.NS,2023-03-31,2023-04-11,0.23,-0.00512,-0.38902,flat
RELAXO.NS,2023-06-30,2023-07-11,0.02,-0.07713,-0.45058,flat
RELAXO.NS,2023-09-30,2023-10-13,0.0,-0.16336,-0.47374,flat
RELAXO.NS,2023-12-31,2024-01-16,0.0,-0.37115,-0.44637,flat
RELAXO.NS,2024-03-31,2024-04-10,0.0,-0.50207,-0.55421,flat
RELAXO.NS,2024-06-30,2024-07-19,0.0,-0.39315,-0.41831,flat
RELAXO.NS,2024-09-30,2024-10-11,0.0,-0.44285,-0.44084,flat
RELAXO.NS,2024-12-31,2025-01-16,0.0,-0.3631,-0.4227,flat
RELAXO.NS,2025-03-31,2025-04-21,0.0,-0.25681,-0.29134,flat
RELIANCE.NS,2021-12-08,2021-12-20,0.01,0.10232,0.0502,flat
RELIANCE.NS,2021-12-31,2022-01-24,-0.01,-0.00439,-0.01406,flat
RELIANCE.NS,2022-03-31,2022-04-22,0.05,-0.11976,-0.14156,flat
RELIANCE.NS,2022-06-30,2022-07-22,-0.04,0.107,-0.08289,flat
RELIANCE.NS,2022-09-30,2022-10-24,-0.05,0.00309,-0.10233,flat
RELIANCE.NS,2022-12-31,2023-01-23,-0.08,0.30427,0.01163,flat
RELIANCE.NS,2023-03-31,2023-04-21,-0.08,0.35761,-0.06244,flat
RELIANCE.NS,2023-06-30,2023-07-21,-0.02,0.18532,-0.19062,flat
RELIANCE.NS,2023-09-30,2023-10-23,-0.12,0.18699,-0.16442,flat
RELIANCE.NS,2023-12-31,2024-01-23,0.03,-0.05365,-0.16252,flat
RELIANCE.NS,2024-03-31,2024-04-22,0.01,-0.05095,-0.12568,flat
RELIANCE.NS,2024-06-30,2024-07-22,0.02,-0.06198,-0.0776,flat
RELIANCE.NS,2024-09-30,2024-10-22,-0.09,0.11128,0.06753,flat
RELIANCE.NS,2024-10-29,2024-11-11,0.0,0.19861,0.14402,flat
RELIANCE.NS,2024-12-31,2025-01-22,-0.11,0.09354,0.0123,flat
RELIANCE.NS,2025-03-31,2025-04-22,-0.02,0.10834,0.07276,flat
RELINFRA.NS,2021-12-31,2022-01-24,0.0,0.27365,0.26399,flat
RELINFRA.NS,2022-03-31,2022-04-22,0.0,0.22227,0.20046,flat
RELINFRA.NS,2022-06-30,2022-07-18,0.0,0.71345,0.50518,flat
RELINFRA.NS,2022-09-30,2022-10-24,0.0,0.21631,0.11089,flat
RELINFRA.NS,2022-11-16,2022-11-22,-0.22,0.32166,0.16724,flat
RELINFRA.NS,2022-12-07,2022-12-09,-0.2,0.37932,0.16792,flat
RELINFRA.NS,2022-12-31,2023-01-23,0.0,0.66006,0.36742,flat
RELINFRA.NS,2023-01-13,2023-01-23,17.61,0.66006,0.36742,bought
RELINFRA.NS,2023-03-31,2023-04-24,-3.5,0.11625,-0.28759,sold
RELINFRA.NS,2023-06-30,2023-07-24,-0.02,0.20129,-0.13534,flat
RELINFRA.NS,2023-09-05,2023-09-11,-2.09,0.80219,0.42119,sold
RELINFRA.NS,2023-09-30,2023-10-23,0.0,0.71458,0.36317,flat
RELINFRA.NS,2023-12-31,2024-01-23,-0.06,0.20398,0.09511,flat
RELINFRA.NS,2024-03-31,2024-04-22,0.0,0.31472,0.24,flat
RELINFRA.NS,2024-06-30,2024-07-22,0.0,1.02436,1.00874,flat
RELINFRA.NS,2024-09-30,2024-10-21,0.0,-0.15801,-0.18285,flat
RELINFRA.NS,2025-03-31,2025-04-21,0.0,-0.71001,-0.74454,flat
RENUKA.NS,2021-12-31,2022-01-14,0.0,0.64145,0.6612,flat
RENUKA.NS,2022-03-31,2022-04-07,0.0,-0.06061,-0.04107,flat
RENUKA.NS,2022-06-30,2022-07-11,0.0,-0.11633,-0.33129,flat
RENUKA.NS,2022-09-30,2022-10-19,0.0,-0.2256,-0.32427,flat
RENUKA.NS,2022-12-31,2023-01-13,0.0,-0.18835,-0.45584,flat
RENUKA.NS,2023-03-31,2023-04-13,0.0,-0.04432,-0.4306,flat
RENUKA.NS,2023-06-30,2023-07-19,0.0,0.18056,-0.20741,flat
RENUKA.NS,2023-09-30,2023-10-19,0.0,-0.20469,-0.51891,flat
RENUKA.NS,2023-12-31,2024-01-18,0.0,-0.20422,-0.282,flat
RENUKA.NS,2024-03-31,2024-04-12,0.0,-0.32567,-0.39025,flat
RENUKA.NS,2024-06-30,2024-07-15,0.0,-0.35101,-0.35382,flat
RENUKA.NS,2024-09-30,2024-10-11,0.0,-0.3777,-0.37569,flat
RENUKA.NS,2024-12-31,2025-01-20,0.0,-0.38554,-0.43186,flat
RENUKA.NS,2025-03-31,2025-04-08,0.0,0.04103,-0.07542,flat
REPCOHOME.NS,2021-12-31,2022-01-18,0.0,-0.12253,-0.11162,flat
REPCOHOME.NS,2022-03-31,2022-04-12,0.0,-0.01922,0.00075,flat
REPCOHOME.NS,2022-06-30,2022-07-14,0.0,1.38582,1.15216,flat
REPCOHOME.NS,2022-09-30,2022-10-18,0.0,0.7622,0.64901,flat
REPCOHOME.NS,2022-12-31,2023-01-12,0.0,0.69203,0.43503,flat
REPCOHOME.NS,2023-03-31,2023-04-12,0.0,1.71544,1.33321,flat
REPCOHOME.NS,2023-06-30,2023-07-14,0.0,0.73262,0.34333,flat
REPCOHOME.NS,2023-09-30,2023-10-18,0.0,0.10977,-0.20452,flat
REPCOHOME.NS,2023-12-31,2024-01-15,0.0,-0.05231,-0.13541,flat
REPCOHOME.NS,2024-03-31,2024-04-18,0.0,-0.15662,-0.23158,flat
REPCOHOME.NS,2024-06-30,2024-07-16,0.0,-0.18973,-0.19723,flat
REPCOHOME.NS,2024-09-30,2024-10-10,0.0,-0.21461,-0.20525,flat
REPCOHOME.NS,2024-12-31,2025-01-09,0.0,0.01433,-0.0505,flat
REPCOHOME.NS,2025-03-31,2025-04-16,0.0,0.11286,0.0584,flat
RHIM.NS,2021-12-31,2022-01-13,3.7,1.05332,1.06952,bought
RHIM.NS,2022-03-31,2022-04-20,0.0,0.04958,0.03988,flat
RHIM.NS,2022-06-30,2022-07-12,0.0,0.17956,-0.05083,flat
RHIM.NS,2022-09-30,2022-10-20,0.0,-0.0632,-0.17261,flat
RHIM.NS,2022-12-31,2023-01-13,0.0,-0.15423,-0.42172,flat
RHIM.NS,2023-01-05,2023-01-13,-10.08,-0.15423,-0.42172,sold
RHIM.NS,2023-03-31,2023-04-11,0.0,0.04905,-0.33486,flat
RHIM.NS,2023-04-06,2023-04-11,-4.64,0.04905,-0.33486,sold
RHIM.NS,2023-06-21,2023-07-07,0.6,-0.05221,-0.43185,bought
RHIM.NS,2023-06-30,2023-07-11,-0.6,-0.06893,-0.44238,sold
RHIM.NS,2023-09-30,2023-10-11,0.6,-0.2087,-0.51932,bought
RHIM.NS,2023-12-31,2024-01-12,0.0,-0.37985,-0.46346,flat
RHIM.NS,2024-03-31,2024-04-12,0.0,-0.22649,-0.29106,flat
RHIM.NS,2024-06-30,2024-07-18,0.0,-0.12502,-0.12979,flat
RHIM.NS,2024-09-30,2024-10-14,0.0,-0.24862,-0.24319,flat
RHIM.NS,2024-12-31,2025-01-20,0.0,-0.16318,-0.2095,flat
RHIM.NS,2025-03-31,2025-04-15,0.0,-0.16331,-0.23528,flat
RITES.NS,2021-12-31,2022-01-21,0.0,0.32656,0.34672,flat
RITES.NS,2022-03-31,2022-04-22,0.0,0.49013,0.46833,flat
RITES.NS,2022-06-30,2022-07-15,0.0,1.18677,0.96379,flat
RITES.NS,2022-09-30,2022-10-20,0.0,0.29249,0.18308,flat
RITES.NS,2022-12-31,2023-01-18,0.0,1.22173,0.95613,flat
RITES.NS,2023-03-31,2023-04-21,0.0,1.115,0.69496,flat
RITES.NS,2023-06-30,2023-07-18,0.0,0.91299,0.52365,flat
RITES.NS,2023-09-30,2023-10-12,0.0,0.27114,-0.04008,flat
RITES.NS,2023-12-31,2024-01-19,0.0,-0.06706,-0.15066,flat
RITES.NS,2024-03-31,2024-04-12,0.0,-0.29159,-0.35617,flat
RITES.NS,2024-06-30,2024-07-22,0.0,-0.23164,-0.24726,flat
RITES.NS,2024-09-21,2024-09-30,0.0,-0.24906,-0.2047,flat
RITES.NS,2024-09-30,2024-10-09,0.0,-0.20995,-0.19234,flat
RITES.NS,2024-12-31,2025-01-15,0.0,-0.13966,-0.19924,flat
RITES.NS,2025-03-31,2025-04-17,0.0,-0.01827,-0.07085,flat
RKFORGE.NS,2021-12-31,2022-01-13,0.02,0.38522,0.40142,flat
RKFORGE.NS,2022-03-31,2022-04-21,0.2,0.71291,0.7115,flat
RKFORGE.NS,2022-06-30,2022-07-20,0.0,2.50349,2.309,flat
RKFORGE.NS,2022-09-30,2022-10-19,0.03,1.61167,1.513,flat
RKFORGE.NS,2022-12-31,2023-01-13,0.0,1.76705,1.49957,flat
RKFORGE.NS,2023-03-31,2023-04-13,0.0,1.51233,1.12605,flat
RKFORGE.NS,2023-06-30,2023-07-19,0.0,0.73347,0.34551,flat
RKFORGE.NS,2023-09-30,2023-10-16,1.14,0.38274,0.08917,bought
RKFORGE.NS,2023-09-30,2023-10-16,0.0,0.38274,0.08917,flat
RKFORGE.NS,2023-11-13,2023-11-23,-4.27,0.27755,-0.03199,sold
RKFORGE.NS,2023-12-31,2024-01-23,0.0,0.02889,-0.07998,flat
RKFORGE.NS,2024-03-31,2024-04-22,0.03,-0.17858,-0.25331,flat
RKFORGE.NS,2024-06-30,2024-07-22,0.0,-0.29785,-0.31347,flat
RKFORGE.NS,2024-09-30,2024-10-21,0.0,-0.46061,-0.48544,flat
RKFORGE.NS,2024-12-31,2025-01-16,-0.01,-0.48116,-0.54076,flat
RKFORGE.NS,2025-03-31,2025-04-21,-0.03,-0.1626,-0.19713,flat
ROSSARI.NS,2021-12-31,2022-01-10,0.0,-0.42895,-0.41931,flat
ROSSARI.NS,2022-03-31,2022-04-11,0.0,-0.30245,-0.27187,flat
ROSSARI.NS,2022-06-30,2022-07-14,0.0,0.02953,-0.20413,flat
ROSSARI.NS,2022-09-30,2022-10-18,-0.1,-0.13733,-0.25052,flat
ROSSARI.NS,2022-12-31,2023-01-11,-0.02,0.09289,-0.18846,flat
ROSSARI.NS,2023-03-31,2023-04-10,-0.01,-0.01834,-0.3966,flat
ROSSARI.NS,2023-06-30,2023-07-11,0.0,-0.07,-0.44345,flat
ROSSARI.NS,2023-09-30,2023-10-06,-0.08,0.04586,-0.30591,flat
ROSSARI.NS,2023-12-31,2024-01-09,-0.02,0.01269,-0.10143,flat
ROSSARI.NS,2024-03-31,2024-04-08,-0.01,-0.03198,-0.0601,flat
ROSSARI.NS,2024-06-30,2024-07-22,0.0,-0.12442,-0.14004,flat
ROSSARI.NS,2024-09-30,2024-10-18,-0.05,-0.2568,-0.26729,flat
ROSSARI.NS,2024-12-31,2025-01-13,-0.08,-0.36769,-0.46797,flat
ROSSARI.NS,2025-03-31,2025-04-15,-0.01,-0.25706,-0.32903,flat
ROUTE.NS,2021-11-12,2021-11-16,-4.87,-0.32229,-0.32125,sold
ROUTE.NS,2021-12-31,2022-01-13,-0.27,-0.37227,-0.35607,flat
ROUTE.NS,2022-03-31,2022-04-20,-0.16,-0.18768,-0.19739,flat
ROUTE.NS,2022-06-30,2022-07-19,0.0,0.14178,-0.06627,flat
ROUTE.NS,2022-09-30,2022-10-21,-1.26,0.21121,0.0955,sold
ROUTE.NS,2022-12-31,2023-01-19,-0.12,0.3718,0.08759,flat
ROUTE.NS,2023-03-31,2023-04-20,-0.12,0.22266,-0.19017,flat
ROUTE.NS,2023-06-30,2023-07-20,0.0,0.1024,-0.27689,flat
ROUTE.NS,2023-09-30,2023-10-16,-0.17,-0.04244,-0.33601,flat
ROUTE.NS,2023-12-31,2024-01-19,0.0,-0.25117,-0.33477,flat
ROUTE.NS,2024-03-31,2024-04-18,-0.15,-0.36264,-0.4376,flat
ROUTE.NS,2024-06-30,2024-07-22,25.11,-0.4631,-0.47872,bought
ROUTE.NS,2024-09-30,2024-10-10,-8.21,-0.52442,-0.51506,sold
ROUTE.NS,2024-12-31,2025-01-20,-0.04,-0.55256,-0.59888,flat
ROUTE.NS,2025-03-31,2025-04-21,0.0,-0.47117,-0.5057,flat
RPOWER.NS,2021-12-31,2022-01-24,0.0,-0.18033,-0.18999,flat
RPOWER.NS,2022-03-31,2022-04-22,0.0,-0.18395,-0.20575,flat
RPOWER.NS,2022-06-30,2022-07-25,0.0,0.47186,0.27776,flat
RPOWER.NS,2022-09-30,2022-10-24,0.0,0.03323,-0.0722,flat
RPOWER.NS,2022-12-30,2023-01-09,0.02,1.05155,0.79022,flat
RPOWER.NS,2022-12-31,2023-01-23,0.0,1.18182,0.88918,flat
RPOWER.NS,2023-01-13,2023-01-23,-0.01,1.18182,0.88918,flat
RPOWER.NS,2023-03-31,2023-04-24,0.0,1.27119,0.86735,flat
RPOWER.NS,2023-06-30,2023-07-24,0.0,1.09649,0.75986,flat
RPOWER.NS,2023-09-05,2023-09-11,-0.5,0.83413,0.45314,sold
RPOWER.NS,2023-09-30,2023-10-23,0.0,1.57665,1.22524,flat
RPOWER.NS,2023-12-31,2024-01-23,0.0,0.35447,0.24559,flat
RPOWER.NS,2024-03-13,2024-03-20,-1.25,0.79791,0.70745,sold
RPOWER.NS,2024-03-31,2024-04-22,0.0,0.45684,0.38211,flat
RPOWER.NS,2024-06-30,2024-07-22,0.0,1.20554,1.18991,flat
RPOWER.NS,2024-09-30,2024-10-18,0.02,0.06478,0.05429,flat
RPOWER.NS,2025-03-31,2025-04-21,0.0,-0.33175,-0.36628,flat
RPOWER.NS,2025-05-07,2025-05-14,1.72,-0.38479,-0.38938,bought
RRKABEL.NS,2023-09-30,2023-10-20,0.0,0.1077,-0.21078,flat
RRKABEL.NS,2023-12-31,2024-01-23,0.0,-0.13902,-0.24789,flat
RRKABEL.NS,2024-03-31,2024-04-15,0.0,-0.37737,-0.46326,flat
RRKABEL.NS,2024-06-30,2024-07-22,-0.88,-0.15912,-0.17474,sold
RRKABEL.NS,2024-09-30,2024-10-17,-0.1,-0.27392,-0.29013,flat
RRKABEL.NS,2024-12-31,2025-01-21,0.02,0.04804,-0.02889,flat
RRKABEL.NS,2025-03-31,2025-04-21,0.0,0.688,0.65347,flat
RTNINDIA.NS,2021-12-31,2022-01-21,0.0,-0.26178,-0.24162,flat
RTNINDIA.NS,2022-03-31,2022-04-21,0.0,-0.14767,-0.14907,flat
RTNINDIA.NS,2022-06-30,2022-07-20,0.0,-0.056,-0.25049,flat
RTNINDIA.NS,2022-09-30,2022-10-24,0.06,0.04868,-0.05675,flat
RTNINDIA.NS,2022-12-31,2023-01-19,0.0,0.84029,0.55608,flat
RTNINDIA.NS,2023-03-31,2023-04-24,0.0,0.86449,0.46065,flat
RTNINDIA.NS,2023-06-30,2023-07-17,0.0,0.85054,0.46398,flat
RTNINDIA.NS,2023-09-30,2023-10-23,0.0,0.48263,0.13122,flat
RTNINDIA.NS,2023-12-31,2024-01-12,0.0,-0.29679,-0.3804,flat
RTNINDIA.NS,2024-03-31,2024-04-18,0.0,-0.40137,-0.47633,flat
RTNINDIA.NS,2024-06-30,2024-07-22,0.0,-0.221,-0.23663,flat
RTNINDIA.NS,2024-09-30,2024-10-18,0.0,-0.28549,-0.29598,flat
RTNINDIA.NS,2024-12-31,2025-01-16,0.0,-0.39834,-0.45795,flat
RTNINDIA.NS,2025-03-31,2025-04-21,0.0,-0.19543,-0.22996,flat
RUSTOMJEE.NS,2022-12-31,2023-01-19,-10.01,0.35533,0.07113,sold
RUSTOMJEE.NS,2023-03-31,2023-04-10,0.0,0.52405,0.14579,flat
RUSTOMJEE.NS,2023-06-30,2023-07-12,0.0,0.18103,-0.19638,flat
RUSTOMJEE.NS,2023-09-30,2023-10-19,0.0,0.26289,-0.05133,flat
RUSTOMJEE.NS,2023-12-31,2024-01-11,0.0,-0.10846,-0.20287,flat
RUSTOMJEE.NS,2024-03-31,2024-04-12,0.0,-0.20806,-0.27264,flat
RUSTOMJEE.NS,2024-05-27,2024-06-28,-8.34,-0.05175,-0.0944,sold
RUSTOMJEE.NS,2024-06-30,2024-07-18,0.0,-0.115,-0.11977,flat
RUSTOMJEE.NS,2024-09-30,2024-10-16,-0.01,-0.19819,-0.20183,flat
RUSTOMJEE.NS,2024-12-31,2025-01-10,0.0,-0.27162,-0.34898,flat
RUSTOMJEE.NS,2025-03-31,2025-04-17,0.0,-0.2439,-0.29647,flat
RVNL.NS,2021-12-31,2022-01-10,0.0,1.32741,1.33706,flat
RVNL.NS,2022-03-31,2022-04-20,0.0,2.05226,2.04256,flat
RVNL.NS,2022-06-30,2022-07-21,0.0,3.03755,2.85001,flat
RVNL.NS,2022-09-30,2022-10-20,0.0,3.52738,3.41797,flat
RVNL.NS,2022-12-31,2023-01-23,0.0,2.9699,2.67726,flat
RVNL.NS,2023-03-31,2023-04-21,0.0,2.73523,2.31518,flat
RVNL.NS,2023-06-30,2023-07-19,0.0,4.02763,3.63967,flat
RVNL.NS,2023-07-28,2023-08-04,-5.36,3.68611,3.31613,sold
RVNL.NS,2023-09-30,2023-10-23,0.0,1.99704,1.64563,flat
RVNL.NS,2023-12-31,2024-01-19,0.0,0.47404,0.39044,flat
RVNL.NS,2024-03-31,2024-04-22,0.0,0.36988,0.29515,flat
RVNL.NS,2024-06-30,2024-07-19,0.0,-0.38875,-0.4139,flat
RVNL.NS,2024-09-30,2024-10-17,0.0,-0.32256,-0.33877,flat
RVNL.NS,2024-12-31,2025-01-20,0.0,-0.24561,-0.29194,flat
RVNL.NS,2025-03-31,2025-04-21,0.0,-0.1702,-0.20473,flat
SADBHAV.NS,2021-12-31,2022-01-18,0.0,-0.64392,-0.63301,flat
SADBHAV.NS,2022-03-31,2022-04-19,-0.23,-0.68546,-0.70101,flat
SADBHAV.NS,2022-06-30,2022-08-11,-4.06,-0.15862,-0.26876,sold
SADBHAV.NS,2022-09-30,2022-10-21,-2.0,0.44898,0.33327,sold
SADBHAV.NS,2022-12-31,2023-01-16,-0.87,0.46392,0.19685,sold
SADBHAV.NS,2023-03-31,2023-04-17,0.0,1.99024,1.59012,flat
SADBHAV.NS,2023-06-30,2023-07-17,0.0,1.80654,1.41998,flat
SADBHAV.NS,2023-09-30,2023-10-12,0.0,0.77765,0.46642,flat
SADBHAV.NS,2023-12-31,2024-01-10,0.09,-0.05616,-0.17354,flat
SADBHAV.NS,2024-03-31,2024-04-19,-1.57,-0.53581,-0.62002,sold
SADBHAV.NS,2024-06-30,2024-07-19,0.0,-0.53619,-0.56134,flat
SADBHAV.NS,2024-09-30,2024-10-22,0.0,-0.61373,-0.65748,flat
SADBHAV.NS,2024-12-31,2025-01-22,0.0,-0.66281,-0.74405,flat
SADBHAV.NS,2025-03-31,2025-04-22,0.0,-0.25153,-0.28711,flat
SAFARI.NS,2021-12-31,2022-01-12,-0.01,0.93815,0.9555,flat
SAFARI.NS,2022-03-31,2022-04-11,0.13,1.29543,1.32601,flat
SAFARI.NS,2022-06-30,2022-07-08,-0.01,2.16292,1.9428,flat
SAFARI.NS,2022-08-30,2022-09-09,-2.77,1.33227,1.19417,sold
SAFARI.NS,2022-09-30,2022-10-24,0.0,1.32809,1.22266,flat
SAFARI.NS,2022-12-31,2023-01-12,-0.01,1.10603,0.84903,flat
SAFARI.NS,2023-03-31,2023-04-17,0.0,0.83578,0.43566,flat
SAFARI.NS,2023-06-30,2023-07-20,0.0,0.38395,0.00466,flat
SAFARI.NS,2023-09-30,2023-10-11,-0.26,0.04136,-0.26926,flat
SAFARI.NS,2023-12-13,2023-12-20,-0.09,0.22992,0.03844,flat
SAFARI.NS,2023-12-31,2024-01-18,0.0,0.22513,0.14735,flat
SAFARI.NS,2024-02-29,2024-03-07,-1.15,0.01601,0.02318,sold
SAFARI.NS,2024-03-31,2024-04-15,0.0,0.01022,-0.07566,flat
SAFARI.NS,2024-06-30,2024-07-15,0.0,0.02379,0.02098,flat
SAFARI.NS,2024-09-30,2024-10-09,-0.31,-0.16148,-0.14388,flat
SAFARI.NS,2024-12-31,2025-01-20,-0.01,-0.13764,-0.18396,flat
SAFARI.NS,2025-03-31,2025-04-21,0.0,-0.2945,-0.32903,flat
SAGILITY.NS,2024-12-31,2025-01-17,0.0,0.06246,0.01514,flat
SAGILITY.NS,2025-03-31,2025-04-17,0.0,-0.02697,-0.07954,flat
SAIL.NS,2021-12-31,2022-01-20,0.0,-0.09998,-0.08766,flat
SAIL.NS,2022-03-31,2022-04-21,0.0,-0.1737,-0.1751,flat
SAIL.NS,2022-06-30,2022-07-20,0.0,0.2869,0.09241,flat
SAIL.NS,2022-09-30,2022-10-20,0.0,0.07261,-0.03679,flat
SAIL.NS,2022-12-31,2023-01-23,0.0,0.40156,0.10892,flat
SAIL.NS,2023-03-31,2023-04-21,0.0,1.0541,0.63405,flat
SAIL.NS,2023-06-30,2023-07-21,0.0,0.6433,0.26735,flat
SAIL.NS,2023-09-30,2023-10-18,0.0,0.33932,0.02503,flat
SAIL.NS,2023-12-31,2024-01-15,0.0,-0.03312,-0.11622,flat
SAIL.NS,2024-03-31,2024-04-19,0.0,-0.19426,-0.27848,flat
SAIL.NS,2024-06-30,2024-07-18,0.0,-0.07332,-0.07809,flat
SAIL.NS,2024-09-30,2024-10-21,0.0,0.04008,0.01525,flat
SAIL.NS,2024-12-31,2025-01-31,0.0,0.49274,0.39532,flat
SAIL.NS,2025-03-31,2025-04-21,0.0,0.62045,0.58593,flat
SAILIFE.NS,2024-12-31,2025-01-21,0.0,0.18936,0.11243,flat
SAILIFE.NS,2025-03-31,2025-04-21,-0.07,0.45145,0.41692,flat
SAMMAANCAP.NS,2021-12-31,2022-01-21,-11.97,-0.46411,-0.44395,sold
SAMMAANCAP.NS,2022-03-31,2022-04-21,-0.06,-0.34525,-0.34666,flat
SAMMAANCAP.NS,2022-06-30,2022-07-22,-0.07,0.43106,0.24117,flat
SAMMAANCAP.NS,2022-09-30,2022-10-24,0.0,0.27913,0.1737,flat
SAMMAANCAP.NS,2022-12-31,2023-01-18,0.0,0.53156,0.26596,flat
SAMMAANCAP.NS,2023-03-31,2023-04-20,-9.59,0.86321,0.45038,sold
SAMMAANCAP.NS,2023-06-30,2023-07-20,0.0,0.55584,0.17655,flat
SAMMAANCAP.NS,2023-09-30,2023-10-13,0.0,-0.07905,-0.38942,flat
SAMMAANCAP.NS,2023-12-31,2024-01-23,0.0,-0.13993,-0.2488,flat
SAMMAANCAP.NS,2024-02-15,2024-02-23,0.0,-0.46708,-0.44657,flat
SAMMAANCAP.NS,2024-03-31,2024-04-22,0.0,-0.27168,-0.34641,flat
SAMMAANCAP.NS,2024-06-30,2024-07-22,0.0,-0.20781,-0.22343,flat
SAMMAANCAP.NS,2024-08-29,2024-09-09,0.0,-0.13887,-0.1256,flat
SAMMAANCAP.NS,2024-09-30,2024-10-18,0.0,0.3062,0.29571,flat
SAMMAANCAP.NS,2024-12-31,2025-01-22,0.0,-0.08744,-0.16868,flat
SAMMAANCAP.NS,2025-01-27,2025-01-29,0.0,-0.00116,-0.10313,flat
SAMMAANCAP.NS,2025-03-31,2025-04-22,0.0,0.13636,0.10077,flat
SANOFI.NS,2021-12-31,2022-01-18,0.0,-0.17209,-0.16118,flat
SANOFI.NS,2022-03-31,2022-04-13,0.0,-0.15881,-0.13956,flat
SANOFI.NS,2022-06-30,2022-07-18,0.0,0.14321,-0.06506,flat
SANOFI.NS,2022-09-30,2022-10-19,0.0,0.37568,0.277,flat
SANOFI.NS,2022-12-31,2023-01-16,0.0,0.57307,0.306,flat
SANOFI.NS,2023-03-31,2023-04-21,0.0,0.56426,0.14421,flat
SANOFI.NS,2023-06-30,2023-07-20,0.0,-0.03059,-0.40988,flat
SANOFI.NS,2023-09-30,2023-10-20,0.0,-0.07331,-0.39179,flat
SANOFI.NS,2023-12-31,2024-01-18,0.0,-0.36366,-0.44143,flat
SANOFI.NS,2024-03-31,2024-04-16,0.0,-0.20717,-0.29323,flat
SANOFI.NS,2024-06-30,2024-07-18,0.0,-0.05177,-0.05655,flat
SANOFI.NS,2024-09-30,2024-10-21,0.0,-0.28615,-0.31099,flat
SANOFI.NS,2024-12-31,2025-01-21,0.0,-0.218,-0.29493,flat
SANOFI.NS,2025-03-31,2025-04-21,0.0,-0.42319,-0.45772,flat
SAPPHIRE.NS,2021-12-31,2022-01-21,0.0,-0.06997,-0.04981,flat
SAPPHIRE.NS,2022-03-31,2022-04-21,0.0,-0.06205,-0.06345,flat
SAPPHIRE.NS,2022-06-30,2022-07-21,0.0,0.2534,0.06586,flat
SAPPHIRE.NS,2022-09-30,2022-10-24,0.0,-0.10911,-0.21453,flat
SAPPHIRE.NS,2022-12-31,2023-01-23,-6.36,0.09158,-0.20106,sold
SAPPHIRE.NS,2023-03-31,2023-04-24,0.0,0.1832,-0.22064,flat
SAPPHIRE.NS,2023-06-30,2023-07-24,-0.04,0.14592,-0.19071,flat
SAPPHIRE.NS,2023-09-30,2023-10-23,-3.18,0.20961,-0.1418,sold
SAPPHIRE.NS,2023-12-31,2024-01-23,-10.38,0.01661,-0.09226,sold
SAPPHIRE.NS,2024-03-31,2024-04-19,-0.46,0.08352,-0.00069,flat
SAPPHIRE.NS,2024-06-30,2024-07-22,-0.02,0.11909,0.10346,flat
SAPPHIRE.NS,2024-09-30,2024-10-18,-4.62,-0.175,-0.18549,sold
SAPPHIRE.NS,2024-12-31,2025-01-21,-0.07,-0.3918,-0.46873,flat
SAPPHIRE.NS,2025-03-31,2025-04-22,-0.05,-0.35604,-0.39162,flat
SARDAEN.NS,2021-12-31,2022-01-14,0.0,0.3673,0.38705,flat
SARDAEN.NS,2022-03-31,2022-04-18,0.0,-0.17071,-0.17099,flat
SARDAEN.NS,2022-06-30,2022-07-19,-1.49,1.10291,0.89487,sold
SARDAEN.NS,2022-09-30,2022-10-19,1.63,1.49198,1.39331,bought
SARDAEN.NS,2022-12-31,2023-01-16,0.0,1.15208,0.88502,flat
SARDAEN.NS,2023-03-31,2023-04-17,0.0,1.10417,0.70405,flat
SARDAEN.NS,2023-06-30,2023-07-13,0.0,0.69832,0.31975,flat
SARDAEN.NS,2023-09-30,2023-10-17,0.0,1.04108,0.74441,flat
SARDAEN.NS,2023-12-31,2024-01-18,0.0,0.73712,0.65935,flat
SARDAEN.NS,2024-03-31,2024-04-18,0.0,1.15792,1.08297,flat
SARDAEN.NS,2024-06-30,2024-07-19,0.0,0.67018,0.64503,flat
SARDAEN.NS,2024-09-30,2024-10-17,0.52,0.07612,0.05991,bought
SARDAEN.NS,2024-12-31,2025-01-20,0.0,0.09565,0.04933,flat
SARDAEN.NS,2025-03-31,2025-04-17,0.0,0.28207,0.22949,flat
SAREGAMA.NS,2021-11-10,2021-11-12,0.0,-0.15174,-0.14994,flat
SAREGAMA.NS,2021-12-31,2022-01-14,-6.12,-0.32873,-0.30898,sold
SAREGAMA.NS,2022-03-31,2022-04-22,0.0,-0.25775,-0.27955,flat
SAREGAMA.NS,2022-06-30,2022-07-21,0.84,0.03042,-0.15713,bought
SAREGAMA.NS,2022-09-30,2022-10-21,0.0,-0.06814,-0.18385,flat
SAREGAMA.NS,2022-12-31,2023-01-09,0.0,-0.02256,-0.28389,flat
SAREGAMA.NS,2023-03-31,2023-04-24,0.0,0.39204,-0.0118,flat
SAREGAMA.NS,2023-06-30,2023-07-24,0.34,0.13937,-0.19726,flat
SAREGAMA.NS,2023-09-30,2023-10-23,0.26,0.5573,0.20589,flat
SAREGAMA.NS,2023-12-31,2024-01-23,0.0,0.41859,0.30971,flat
SAREGAMA.NS,2024-03-31,2024-04-22,0.0,0.31977,0.24504,flat
SAREGAMA.NS,2024-06-30,2024-07-22,0.13,-0.05957,-0.07519,flat
SAREGAMA.NS,2024-09-30,2024-10-22,0.16,-0.09145,-0.1352,flat
SAREGAMA.NS,2024-12-31,2025-01-21,0.12,-0.36745,-0.44438,flat
SAREGAMA.NS,2025-03-31,2025-04-22,0.15,-0.37159,-0.40717,flat
SBFC.NS,2023-09-30,2023-10-20,0.03,0.02769,-0.29079,flat
SBFC.NS,2023-12-31,2024-01-23,-0.32,0.00059,-0.10828,flat
SBFC.NS,2024-03-31,2024-04-22,-3.07,0.16045,0.08572,sold
SBFC.NS,2024-06-30,2024-07-22,-5.47,0.43023,0.41461,sold
SBFC.NS,2024-09-30,2024-10-11,-0.14,0.20007,0.20208,flat
SBFC.NS,2024-12-31,2025-01-17,-0.3,0.17662,0.1293,flat
SBFC.NS,2025-03-31,2025-04-22,-1.42,-0.09858,-0.13416,sold
SBICARD.NS,2021-12-31,2022-01-20,0.1,-0.16678,-0.15446,flat
SBICARD.NS,2022-03-31,2022-04-18,0.12,-0.0438,-0.04408,flat
SBICARD.NS,2022-06-30,2022-07-19,0.05,0.01849,-0.18955,flat
SBICARD.NS,2022-09-30,2022-10-21,-0.23,-0.12994,-0.24564,flat
SBICARD.NS,2022-12-31,2023-01-20,-0.36,-0.05049,-0.33909,flat
SBICARD.NS,2023-03-31,2023-04-21,-0.03,-0.03976,-0.4598,flat
SBICARD.NS,2023-06-30,2023-07-20,-0.06,-0.15278,-0.53207,flat
SBICARD.NS,2023-09-30,2023-10-23,-0.02,-0.10012,-0.45153,flat
SBICARD.NS,2023-12-31,2024-01-23,-0.19,0.06536,-0.04351,flat
SBICARD.NS,2024-03-31,2024-04-22,-0.12,0.19106,0.11633,flat
SBICARD.NS,2024-06-30,2024-07-22,-0.01,0.22081,0.20519,flat
SBICARD.NS,2024-09-30,2024-10-21,-0.01,0.25668,0.23185,flat
SBICARD.NS,2024-12-31,2025-01-17,-0.01,0.0432,-0.00413,flat
SBICARD.NS,2025-03-31,2025-04-21,0.0,-0.28575,-0.32028,flat
SBILIFE.NS,2021-12-31,2022-01-10,0.0,0.07021,0.07985,flat
SBILIFE.NS,2022-03-31,2022-04-19,-0.21,-0.01445,-0.03001,flat
SBILIFE.NS,2022-06-30,2022-07-07,0.0,0.17677,-0.04115,flat
SBILIFE.NS,2022-09-30,2022-10-24,-0.02,0.09022,-0.01521,flat
SBILIFE.NS,2022-12-31,2023-01-11,-0.01,0.11824,-0.16311,flat
SBILIFE.NS,2023-03-31,2023-04-13,0.0,0.29411,-0.09216,flat
SBILIFE.NS,2023-06-30,2023-07-10,0.0,0.25575,-0.1302,flat
SBILIFE.NS,2023-09-30,2023-10-13,-0.01,0.24444,-0.06594,flat
SBILIFE.NS,2023-12-31,2024-01-12,-0.01,0.01907,-0.06454,flat
SBILIFE.NS,2024-03-31,2024-04-19,-0.01,0.20162,0.11741,flat
SBILIFE.NS,2024-06-30,2024-07-19,-0.01,0.10029,0.07514,flat
SBILIFE.NS,2024-09-30,2024-10-17,-0.02,0.09061,0.07441,flat
SBILIFE.NS,2024-12-31,2025-01-14,-0.01,0.36935,0.30112,flat
SBILIFE.NS,2025-03-31,2025-04-15,0.0,0.17154,0.09957,flat
SBIN.NS,2021-12-31,2022-01-19,-0.02,0.17027,0.17569,flat
SBIN.NS,2022-03-31,2022-04-22,-0.01,0.17324,0.15144,flat
SBIN.NS,2022-06-30,2022-07-07,-0.02,0.22395,0.00602,flat
SBIN.NS,2022-09-30,2022-10-18,-0.05,0.0081,-0.10509,flat
SBIN.NS,2022-12-31,2023-01-12,-0.02,0.03691,-0.22009,flat
SBIN.NS,2023-03-31,2023-04-19,-0.01,0.55943,0.14647,flat
SBIN.NS,2023-06-30,2023-07-17,-0.02,0.47432,0.08776,flat
SBIN.NS,2023-09-30,2023-10-13,0.02,0.40219,0.09182,flat
SBIN.NS,2023-12-31,2024-01-12,0.0,0.2091,0.12549,flat
SBIN.NS,2024-03-31,2024-04-16,0.05,0.10023,0.01416,flat
SBIN.NS,2024-06-30,2024-07-09,0.0,-0.04204,-0.05252,flat
SBIN.NS,2024-09-30,2024-10-15,-0.03,0.15047,0.15129,flat
SBIN.NS,2024-12-31,2025-01-21,-0.08,0.42923,0.35229,flat
SBIN.NS,2025-03-31,2025-04-21,0.0,0.36306,0.32853,flat
SCHAEFFLER.NS,2021-09-30,2021-10-18,0.0,0.93013,0.98081,flat
SCHAEFFLER.NS,2021-12-31,2022-01-18,0.0,0.42277,0.43368,flat
SCHAEFFLER.NS,2022-03-31,2022-04-20,0.0,0.35049,0.34079,flat
SCHAEFFLER.NS,2022-06-30,2022-07-15,0.0,0.30571,0.08273,flat
SCHAEFFLER.NS,2022-09-30,2022-10-19,0.0,-0.06071,-0.15938,flat
SCHAEFFLER.NS,2022-12-31,2023-01-13,0.0,0.16853,-0.09896,flat
SCHAEFFLER.NS,2023-03-31,2023-04-10,0.0,0.07379,-0.30447,flat
SCHAEFFLER.NS,2023-06-30,2023-07-11,0.0,0.28069,-0.09276,flat
SCHAEFFLER.NS,2023-09-30,2023-10-16,0.0,0.17266,-0.12091,flat
SCHAEFFLER.NS,2023-12-31,2024-01-10,0.0,-0.0015,-0.11888,flat
SCHAEFFLER.NS,2024-03-31,2024-04-12,0.0,0.02897,-0.0356,flat
SCHAEFFLER.NS,2024-06-30,2024-07-11,0.0,0.01742,-0.00289,flat
SCHAEFFLER.NS,2024-09-30,2024-10-17,0.0,-0.01755,-0.03376,flat
SCHAEFFLER.NS,2024-12-31,2025-01-20,0.0,0.13248,0.08616,flat
SCHAEFFLER.NS,2025-03-31,2025-04-15,0.0,0.36755,0.29558,flat
SCHNEIDER.NS,2021-12-31,2022-01-18,0.0,0.71429,0.72519,flat
SCHNEIDER.NS,2022-03-31,2022-04-13,0.0,0.31429,0.33354,flat
SCHNEIDER.NS,2022-06-30,2022-07-19,0.0,1.59844,1.39039,flat
SCHNEIDER.NS,2022-09-30,2022-10-21,0.0,0.86643,0.75072,flat
SCHNEIDER.NS,2022-12-31,2023-01-13,0.0,1.19325,0.92576,flat
SCHNEIDER.NS,2023-03-31,2023-04-17,0.0,3.48592,3.08579,flat
SCHNEIDER.NS,2023-06-30,2023-07-17,0.0,1.83931,1.45275,flat
SCHNEIDER.NS,2023-09-30,2023-10-19,0.0,1.22879,0.91457,flat
SCHNEIDER.NS,2023-12-31,2024-01-18,0.0,0.45195,0.37417,flat
SCHNEIDER.NS,2024-03-31,2024-04-18,0.0,-0.19988,-0.27484,flat
SCHNEIDER.NS,2024-06-30,2024-07-22,0.0,0.17879,0.16317,flat
SCHNEIDER.NS,2024-09-30,2024-10-17,0.0,-0.01874,-0.03495,flat
SCHNEIDER.NS,2024-12-31,2025-01-15,0.0,-0.19004,-0.24962,flat
SCHNEIDER.NS,2025-03-31,2025-04-16,0.0,0.93952,0.88506,flat
SCI.NS,2021-12-31,2022-01-11,0.0,0.06629,0.08078,flat
SCI.NS,2022-03-31,2022-04-21,0.0,-0.31895,-0.32036,flat
SCI.NS,2022-06-30,2022-07-13,0.0,-0.03831,-0.27985,flat
SCI.NS,2022-09-30,2022-10-19,0.0,0.13401,0.03534,flat
SCI.NS,2022-12-31,2023-01-17,0.0,0.45605,0.17576,flat
SCI.NS,2023-03-31,2023-04-20,0.0,1.47176,1.05893,flat
SCI.NS,2023-06-30,2023-07-19,0.0,1.90577,1.51781,flat
SCI.NS,2023-09-30,2023-10-13,0.0,0.45738,0.14701,flat
SCI.NS,2023-12-31,2024-01-18,0.0,0.09117,0.01339,flat
SCI.NS,2024-03-31,2024-04-18,0.0,-0.17328,-0.24824,flat
SCI.NS,2024-06-30,2024-07-16,0.0,-0.32431,-0.33182,flat
SCI.NS,2024-09-30,2024-10-16,0.0,-0.03778,-0.04142,flat
SCI.NS,2024-12-31,2025-01-23,0.0,0.1908,0.11923,flat
SCI.NS,2025-03-31,2025-04-17,0.0,0.74618,0.69361,flat
SFL.NS,2021-12-31,2022-01-21,0.0,-0.3135,-0.29334,flat
SFL.NS,2022-03-31,2022-04-21,0.0,-0.45238,-0.45378,flat
SFL.NS,2022-06-30,2022-07-20,0.0,-0.1243,-0.31879,flat
SFL.NS,2022-09-30,2022-10-21,0.0,-0.18777,-0.30348,flat
SFL.NS,2022-12-23,2022-12-29,0.0,-0.06945,-0.3234,flat
SFL.NS,2022-12-31,2023-01-11,0.0,-0.04706,-0.32841,flat
SFL.NS,2023-03-31,2023-04-21,0.0,-0.14546,-0.5655,flat
SFL.NS,2023-06-30,2023-07-13,0.0,-0.08031,-0.45888,flat
SFL.NS,2023-08-26,2023-09-29,-7.47,-0.20019,-0.56559,sold
SFL.NS,2023-09-30,2023-10-19,0.0,-0.27946,-0.59368,flat
SFL.NS,2023-12-31,2024-01-23,0.0,-0.19005,-0.29893,flat
SFL.NS,2024-03-31,2024-04-22,0.0,-0.27929,-0.35402,flat
SFL.NS,2024-06-30,2024-07-19,0.0,-0.3334,-0.35855,flat
SFL.NS,2024-09-30,2024-10-21,0.0,-0.22396,-0.24879,flat
SFL.NS,2024-12-31,2025-01-22,0.22,-0.4479,-0.52914,flat
SFL.NS,2025-03-31,2025-04-16,-0.01,-0.19512,-0.24958,flat
SHARDACROP.NS,2021-12-31,2022-01-10,0.0,0.36043,0.37007,flat
SHARDACROP.NS,2022-03-31,2022-04-08,0.0,-0.34467,-0.31564,flat
SHARDACROP.NS,2022-06-30,2022-07-11,0.0,-0.18842,-0.40339,flat
SHARDACROP.NS,2022-09-30,2022-10-17,0.0,-0.00214,-0.13514,flat
SHARDACROP.NS,2022-12-31,2023-01-10,0.0,-0.10599,-0.37284,flat
SHARDACROP.NS,2023-03-31,2023-04-10,0.0,-0.23392,-0.61218,flat
SHARDACROP.NS,2023-06-30,2023-07-12,0.0,0.01117,-0.36623,flat
SHARDACROP.NS,2023-09-30,2023-10-09,0.0,0.45964,0.09106,flat
SHARDACROP.NS,2023-12-31,2024-01-08,0.0,0.66796,0.54967,flat
SHARDACROP.NS,2024-03-31,2024-04-04,0.0,0.37376,0.36949,flat
SHARDACROP.NS,2024-06-30,2024-07-04,0.0,0.74999,0.72192,flat
SHARDACROP.NS,2024-09-30,2024-10-08,0.0,0.44202,0.45128,flat
SHARDACROP.NS,2024-12-31,2025-01-06,0.0,0.0114,-0.04448,flat
SHARDACROP.NS,2025-03-31,2025-04-07,0.0,1.32987,1.19241,flat
SHILPAMED.NS,2021-11-12,2021-11-18,-3.24,-0.51211,-0.53683,sold
SHILPAMED.NS,2021-12-31,2022-01-19,0.0,-0.53941,-0.53398,flat
SHILPAMED.NS,2022-03-31,2022-04-11,0.0,-0.45869,-0.42811,flat
SHILPAMED.NS,2022-06-30,2022-07-15,0.0,-0.23937,-0.46235,flat
SHILPAMED.NS,2022-09-30,2022-10-20,0.0,0.04841,-0.06099,flat
SHILPAMED.NS,2022-12-31,2023-01-10,0.0,0.1858,-0.08105,flat
SHILPAMED.NS,2023-03-31,2023-04-20,0.0,1.15359,0.74076,flat
SHILPAMED.NS,2023-06-30,2023-07-10,0.0,1.25451,0.86856,flat
SHILPAMED.NS,2023-09-30,2023-10-12,0.0,1.34107,1.02984,flat
SHILPAMED.NS,2023-12-31,2024-01-10,0.0,1.60984,1.49246,flat
SHILPAMED.NS,2024-03-31,2024-04-19,0.0,0.26789,0.18368,flat
SHILPAMED.NS,2024-04-13,2024-04-19,-5.62,0.26789,0.18368,sold
SHILPAMED.NS,2024-06-30,2024-07-15,0.0,0.39983,0.39702,flat
SHILPAMED.NS,2024-09-30,2024-10-18,-0.06,-0.15643,-0.16693,flat
SHILPAMED.NS,2024-12-31,2025-01-21,-0.1,-0.31441,-0.39134,flat
SHILPAMED.NS,2025-03-31,2025-04-17,0.0,0.24369,0.19112,flat
SHOPERSTOP.NS,2021-12-31,2022-01-12,0.1,1.01937,1.03671,flat
SHOPERSTOP.NS,2022-03-31,2022-04-21,0.04,0.30149,0.30009,flat
SHOPERSTOP.NS,2022-06-30,2022-07-19,0.0,0.40539,0.19735,flat
SHOPERSTOP.NS,2022-09-30,2022-10-21,-0.04,-0.18362,-0.29933,flat
SHOPERSTOP.NS,2022-12-31,2023-01-20,-0.05,0.10341,-0.18519,flat
SHOPERSTOP.NS,2023-03-31,2023-04-19,0.0,0.2074,-0.20556,flat
SHOPERSTOP.NS,2023-06-30,2023-07-18,0.0,-0.0007,-0.39004,flat
SHOPERSTOP.NS,2023-09-30,2023-10-18,0.09,-0.02671,-0.341,flat
SHOPERSTOP.NS,2023-12-31,2024-01-18,0.0,-0.18178,-0.25955,flat
SHOPERSTOP.NS,2024-03-31,2024-04-18,-0.01,-0.22187,-0.29683,flat
SHOPERSTOP.NS,2024-06-30,2024-07-16,0.04,-0.33003,-0.33753,flat
SHOPERSTOP.NS,2024-09-30,2024-10-18,-0.01,-0.29922,-0.30971,flat
SHOPERSTOP.NS,2024-12-31,2025-01-10,-0.02,-0.36816,-0.44552,flat
SHOPERSTOP.NS,2025-03-31,2025-04-21,-0.03,-0.44677,-0.4813,flat
SHREECEM.NS,2021-12-31,2022-01-18,0.0,-0.14824,-0.13733,flat
SHREECEM.NS,2022-03-31,2022-04-18,0.0,-0.0577,-0.05798,flat
SHREECEM.NS,2022-06-30,2022-07-19,0.0,0.21445,0.0064,flat
SHREECEM.NS,2022-09-30,2022-10-21,0.0,0.2442,0.12849,flat
SHREECEM.NS,2022-12-31,2023-01-18,0.0,0.17167,-0.09393,flat
SHREECEM.NS,2023-03-31,2023-04-20,0.0,0.01186,-0.40098,flat
SHREECEM.NS,2023-06-30,2023-07-19,0.0,0.15883,-0.22913,flat
SHREECEM.NS,2023-09-30,2023-10-16,0.0,-0.06033,-0.3539,flat
SHREECEM.NS,2023-12-31,2024-01-11,0.0,-0.06425,-0.15865,flat
SHREECEM.NS,2024-03-31,2024-04-10,0.0,0.2211,0.16896,flat
SHREECEM.NS,2024-06-30,2024-07-12,0.0,0.11913,0.10509,flat
SHREECEM.NS,2024-09-30,2024-10-14,0.0,0.21281,0.21824,flat
SHREECEM.NS,2024-12-31,2025-01-13,0.0,0.11324,0.01296,flat
SHREECEM.NS,2025-03-31,2025-04-17,0.0,-0.18563,-0.2382,flat
SHRIRAMFIN.NS,2021-12-31,2022-01-20,0.48,0.05015,0.06246,flat
SHRIRAMFIN.NS,2022-03-31,2022-04-18,0.39,0.20922,0.20895,flat
SHRIRAMFIN.NS,2022-06-30,2022-07-18,2.85,0.33841,0.13014,bought
SHRIRAMFIN.NS,2022-09-30,2022-10-19,0.07,0.51771,0.41904,flat
SHRIRAMFIN.NS,2022-12-12,2022-12-14,-4.13,0.5153,0.32875,sold
SHRIRAMFIN.NS,2022-12-31,2023-01-19,0.05,0.95188,0.66767,flat
SHRIRAMFIN.NS,2023-03-31,2023-04-20,0.22,0.96021,0.54738,flat
SHRIRAMFIN.NS,2023-06-30,2023-07-20,-0.03,0.70978,0.33049,flat
SHRIRAMFIN.NS,2023-09-30,2023-10-19,-0.03,0.72909,0.41487,flat
SHRIRAMFIN.NS,2023-12-31,2024-01-19,-0.02,0.22229,0.13869,flat
SHRIRAMFIN.NS,2024-03-31,2024-04-22,-0.01,0.28921,0.21448,flat
SHRIRAMFIN.NS,2024-06-30,2024-07-19,-0.01,0.18858,0.16343,flat
SHRIRAMFIN.NS,2024-09-30,2024-10-18,-0.01,0.08686,0.07637,flat
SHRIRAMFIN.NS,2024-12-31,2025-01-22,0.0,1.00226,0.92102,flat
SHRIRAMFIN.NS,2025-03-31,2025-04-21,0.0,0.37036,0.33583,flat
SHYAMMETL.NS,2021-09-30,2021-10-08,0.0,-0.17999,-0.14419,flat
SHYAMMETL.NS,2021-12-31,2022-01-21,0.0,-0.0904,-0.07024,flat
SHYAMMETL.NS,2022-03-31,2022-04-21,0.0,-0.15404,-0.15545,flat
SHYAMMETL.NS,2022-06-30,2022-07-21,0.0,0.34293,0.15538,flat
SHYAMMETL.NS,2022-09-30,2022-10-21,0.0,0.49182,0.37611,flat
SHYAMMETL.NS,2022-12-31,2023-01-17,0.0,1.38125,1.10095,flat
SHYAMMETL.NS,2023-03-31,2023-04-11,0.0,1.12568,0.74178,flat
SHYAMMETL.NS,2023-06-30,2023-07-12,0.0,0.96325,0.58585,flat
SHYAMMETL.NS,2023-09-30,2023-10-11,-6.73,0.90024,0.58962,sold
SHYAMMETL.NS,2023-12-31,2024-01-12,0.0,0.17642,0.09281,flat
SHYAMMETL.NS,2024-01-05,2024-01-15,-7.03,0.17025,0.08715,sold
SHYAMMETL.NS,2024-03-31,2024-04-15,0.0,0.50984,0.42395,flat
SHYAMMETL.NS,2024-06-30,2024-07-10,0.0,0.29196,0.27144,flat
SHYAMMETL.NS,2024-09-30,2024-10-18,0.0,0.0114,0.00091,flat
SHYAMMETL.NS,2024-12-31,2025-01-14,0.0,0.07535,0.00713,flat
SHYAMMETL.NS,2025-03-31,2025-04-16,0.0,-0.08322,-0.13768,flat
SIEMENS.NS,2021-12-31,2022-01-20,0.0,0.24955,0.26186,flat
SIEMENS.NS,2022-03-31,2022-04-21,0.0,0.45373,0.45233,flat
SIEMENS.NS,2022-06-30,2022-07-21,0.0,0.38406,0.19652,flat
SIEMENS.NS,2022-09-30,2022-10-21,0.0,0.2263,0.11059,flat
SIEMENS.NS,2022-12-31,2023-01-23,0.0,0.37433,0.08169,flat
SIEMENS.NS,2023-03-31,2023-04-21,0.0,0.8141,0.39405,flat
SIEMENS.NS,2023-06-30,2023-07-21,0.0,0.91032,0.53438,flat
SIEMENS.NS,2023-09-30,2023-10-20,0.0,1.03499,0.71651,flat
SIEMENS.NS,2023-12-31,2024-01-19,0.0,0.41197,0.32837,flat
SIEMENS.NS,2024-03-31,2024-04-22,0.0,-0.13164,-0.20637,flat
SIEMENS.NS,2024-06-30,2024-07-22,0.0,-0.23834,-0.25396,flat
SIEMENS.NS,2024-09-30,2024-10-21,0.0,-0.27795,-0.30278,flat
SIEMENS.NS,2024-12-31,2025-01-21,0.0,-0.13973,-0.21666,flat
SIEMENS.NS,2025-03-31,2025-04-22,0.0,0.32218,0.28659,flat
SIGNATURE.NS,2023-09-30,2023-10-23,0.0,1.62052,1.26911,flat
SIGNATURE.NS,2023-12-31,2024-01-23,0.0,0.06889,-0.03998,flat
SIGNATURE.NS,2024-03-31,2024-04-19,0.0,-0.08399,-0.1682,flat
SIGNATURE.NS,2024-06-30,2024-07-22,0.0,-0.19995,-0.21557,flat
SIGNATURE.NS,2024-09-30,2024-10-21,0.0,-0.25478,-0.27961,flat
SIGNATURE.NS,2024-12-31,2025-01-21,0.0,-0.25509,-0.33202,flat
SIGNATURE.NS,2025-03-31,2025-04-21,0.0,-0.25149,-0.28602,flat
SIS.NS,2021-12-31,2022-01-18,-1.19,-0.20714,-0.19623,sold
SIS.NS,2022-03-31,2022-04-18,-0.07,-0.25721,-0.25748,flat
SIS.NS,2022-06-30,2022-07-22,0.0,-0.02164,-0.21153,flat
SIS.NS,2022-09-30,2022-10-20,-0.07,0.01372,-0.09569,flat
SIS.NS,2022-12-31,2023-01-19,0.11,0.27525,-0.00896,flat
SIS.NS,2023-03-31,2023-04-19,0.0,0.23887,-0.17409,flat
SIS.NS,2023-06-30,2023-07-20,0.0,0.04211,-0.33718,flat
SIS.NS,2023-09-30,2023-10-19,-0.01,-0.11307,-0.42729,flat
SIS.NS,2023-12-31,2024-01-23,0.0,-0.33414,-0.44301,flat
SIS.NS,2024-03-31,2024-04-18,0.12,-0.26492,-0.33988,flat
SIS.NS,2024-06-30,2024-07-18,-0.01,-0.11153,-0.1163,flat
SIS.NS,2024-09-30,2024-10-21,0.16,-0.14436,-0.16919,flat
SIS.NS,2024-12-31,2025-01-22,0.24,-0.02231,-0.10355,flat
SIS.NS,2025-03-31,2025-04-21,-0.11,0.0771,0.04257,flat
SJVN.NS,2021-12-31,2022-01-11,0.0,0.13263,0.14712,flat
SJVN.NS,2022-03-31,2022-04-08,0.0,0.21447,0.2435,flat
SJVN.NS,2022-06-30,2022-07-15,0.0,1.05755,0.83457,flat
SJVN.NS,2022-09-30,2022-10-18,0.0,1.12967,1.01648,flat
SJVN.NS,2022-12-31,2023-01-06,0.0,2.02617,1.72788,flat
SJVN.NS,2023-03-31,2023-04-18,0.0,3.11132,2.71243,flat
SJVN.NS,2023-06-30,2023-07-11,0.0,2.09021,1.71676,flat
SJVN.NS,2023-09-30,2023-10-09,-4.92,0.7794,0.41081,sold
SJVN.NS,2023-12-31,2024-01-09,0.0,0.08623,-0.02789,flat
SJVN.NS,2024-03-31,2024-04-08,0.0,-0.28435,-0.31246,flat
SJVN.NS,2024-06-30,2024-07-08,0.0,-0.30406,-0.31762,flat
SJVN.NS,2024-09-30,2024-10-14,0.0,-0.232,-0.22656,flat
SJVN.NS,2024-12-31,2025-01-08,0.0,-0.21688,-0.27305,flat
SJVN.NS,2025-03-31,2025-04-08,0.0,-0.13428,-0.25073,flat
SKFINDIA.NS,2021-12-31,2022-01-19,0.0,0.13486,0.14029,flat
SKFINDIA.NS,2022-03-31,2022-04-19,0.0,0.21888,0.20332,flat
SKFINDIA.NS,2022-06-30,2022-07-14,0.0,0.41591,0.18226,flat
SKFINDIA.NS,2022-09-30,2022-10-19,0.0,0.10475,0.00608,flat
SKFINDIA.NS,2022-12-31,2023-01-13,0.0,0.00631,-0.26118,flat
SKFINDIA.NS,2023-03-31,2023-04-20,0.0,0.11269,-0.30014,flat
SKFINDIA.NS,2023-06-30,2023-07-19,0.0,0.08565,-0.30231,flat
SKFINDIA.NS,2023-09-30,2023-10-17,0.0,-0.01631,-0.31298,flat
SKFINDIA.NS,2023-12-31,2024-01-15,0.0,-0.06244,-0.14554,flat
SKFINDIA.NS,2024-03-31,2024-04-12,0.0,-0.13995,-0.20452,flat
SKFINDIA.NS,2024-06-30,2024-07-10,0.0,-0.18441,-0.20493,flat
SKFINDIA.NS,2024-09-30,2024-10-21,0.0,-0.59179,-0.61662,flat
SKFINDIA.NS,2024-12-31,2025-01-09,0.0,-0.57458,-0.63941,flat
SKFINDIA.NS,2025-03-31,2025-04-16,0.0,-0.56223,-0.61669,flat
SOBHA.NS,2016-03-31,2016-04-21,0.0,0.2586,0.01925,flat
SOBHA.NS,2016-06-30,2016-07-15,0.0,0.22629,0.01662,flat
SOBHA.NS,2016-09-30,2016-10-17,-0.34,0.75038,0.53528,flat
SOBHA.NS,2016-12-31,2017-01-20,0.0,1.13994,0.77796,flat
SOBHA.NS,2017-03-31,2017-04-20,0.0,0.37978,0.22018,flat
SOBHA.NS,2017-06-30,2017-07-21,-4.16,0.17048,0.08049,sold
SOBHA.NS,2017-09-30,2017-10-13,0.0,-0.04645,-0.00614,flat
SOBHA.NS,2017-12-31,2018-01-18,-0.14,-0.09968,-0.01984,flat
SOBHA.NS,2018-03-31,2018-04-12,0.0,-0.07546,-0.11223,flat
SOBHA.NS,2018-06-30,2018-07-18,0.0,0.21032,0.23455,flat
SOBHA.NS,2018-09-30,2018-10-17,0.0,-0.01322,-0.12116,flat
SOBHA.NS,2018-12-31,2019-01-18,0.03,-0.09435,-0.17327,flat
SOBHA.NS,2019-03-31,2019-04-18,0.0,-0.61878,-0.39886,flat
SOBHA.NS,2019-09-30,2019-10-22,-4.22,-0.31182,-0.34697,sold
SOBHA.NS,2019-12-31,2020-01-20,0.0,0.09243,-0.10608,flat
SOBHA.NS,2020-03-31,2020-04-13,0.03,1.92524,1.2626,flat
SOBHA.NS,2020-06-30,2020-07-14,0.12,1.94568,1.36742,flat
SOBHA.NS,2020-09-30,2020-10-15,0.09,2.10037,1.47864,flat
SOBHA.NS,2020-12-31,2021-01-21,0.0,0.77708,0.55178,flat
SOBHA.NS,2021-03-31,2021-04-16,0.0,0.36634,0.15519,flat
SOBHA.NS,2021-06-30,2021-07-15,0.0,0.03184,-0.00052,flat
SOBHA.NS,2021-09-30,2021-10-13,0.0,-0.21689,-0.18088,flat
SOBHA.NS,2021-12-31,2022-01-19,0.0,-0.4187,-0.41327,flat
SOBHA.NS,2022-03-31,2022-04-22,0.0,-0.32757,-0.34937,flat
SOBHA.NS,2022-06-30,2022-07-22,0.0,-0.10938,-0.29927,flat
SOBHA.NS,2022-09-30,2022-10-21,0.0,0.11926,0.00355,flat
SOBHA.NS,2022-12-31,2023-01-20,0.0,1.32877,1.04017,flat
SOBHA.NS,2023-03-31,2023-04-21,0.27,3.09373,2.67368,flat
SOBHA.NS,2023-06-30,2023-07-18,0.02,2.30026,1.91092,flat
SOBHA.NS,2023-09-30,2023-10-19,0.0,1.0995,0.78528,flat
SOBHA.NS,2023-12-31,2024-01-12,0.0,-0.09298,-0.17659,flat
SOBHA.NS,2024-03-31,2024-04-18,0.0,-0.22184,-0.2968,flat
SOBHA.NS,2024-06-30,2024-07-15,0.0,-0.09844,-0.10125,flat
SOBHA.NS,2024-07-11,2024-07-22,0.49,-0.08956,-0.10519,flat
SOBHA.NS,2024-09-30,2024-10-21,0.0,-0.07973,-0.10456,flat
SOBHA.NS,2024-12-31,2025-01-22,0.0,0.15369,0.07245,flat
SOBHA.NS,2025-01-21,2025-01-30,0.0,0.1677,0.06739,flat
SOBHA.NS,2025-03-13,2025-03-21,0.11,-0.05614,-0.04021,flat
SOBHA.NS,2025-03-31,2025-04-21,0.0,0.15776,0.12323,flat
SOBHA.NS,2025-05-13,2025-05-19,0.0,0.03796,0.03659,flat
SOLARA.NS,2021-09-30,2021-10-21,0.0,-0.70482,-0.6891,flat
SOLARA.NS,2021-12-31,2022-01-14,-1.56,-0.64031,-0.62056,sold
SOLARA.NS,2022-03-31,2022-04-13,0.2,-0.53937,-0.52012,flat
SOLARA.NS,2022-06-30,2022-07-12,0.69,0.03146,-0.19893,bought
SOLARA.NS,2022-09-30,2022-10-17,0.0,-0.23003,-0.36303,flat
SOLARA.NS,2022-12-31,2023-01-12,0.0,-0.09932,-0.35632,flat
SOLARA.NS,2023-03-31,2023-04-19,0.57,0.41215,-0.00081,bought
SOLARA.NS,2023-06-30,2023-07-17,-1.66,0.61364,0.22707,sold
SOLARA.NS,2023-09-30,2023-10-16,-2.12,1.15551,0.86194,sold
SOLARA.NS,2023-12-31,2024-01-12,-6.7,0.58228,0.49867,sold
SOLARA.NS,2024-03-31,2024-04-15,0.0,0.3044,0.21852,flat
SOLARA.NS,2024-06-19,2024-06-24,6.78,0.36328,0.30356,bought
SOLARA.NS,2024-06-30,2024-07-19,0.0,0.23622,0.21107,flat
SOLARA.NS,2024-09-30,2024-10-21,0.0,-0.28139,-0.30622,flat
SOLARA.NS,2024-12-31,2025-01-22,-0.04,-0.23153,-0.31277,flat
SOLARA.NS,2025-03-31,2025-04-21,0.71,-0.08172,-0.11625,bought
SOLARINDS.NS,2021-12-31,2022-01-13,0.0,0.88241,0.89861,flat
SOLARINDS.NS,2022-03-31,2022-04-11,0.0,0.27662,0.30719,flat
SOLARINDS.NS,2022-06-30,2022-07-08,0.0,0.37147,0.15136,flat
SOLARINDS.NS,2022-09-30,2022-10-19,0.0,0.34388,0.24521,flat
SOLARINDS.NS,2022-12-31,2023-01-12,0.0,0.57892,0.32192,flat
SOLARINDS.NS,2023-03-31,2023-04-12,0.0,1.27074,0.88851,flat
SOLARINDS.NS,2023-06-30,2023-07-11,0.0,2.02775,1.6543,flat
SOLARINDS.NS,2023-09-30,2023-10-13,0.0,0.95072,0.64035,flat
SOLARINDS.NS,2023-12-31,2024-01-15,0.0,0.33798,0.25488,flat
SOLARINDS.NS,2024-03-31,2024-04-12,0.0,0.50601,0.44143,flat
SOLARINDS.NS,2024-06-30,2024-07-15,0.0,0.24155,0.23874,flat
SOLARINDS.NS,2024-09-30,2024-10-14,0.0,0.24502,0.25046,flat
SOLARINDS.NS,2024-12-31,2025-01-09,0.0,0.33699,0.27216,flat
SOLARINDS.NS,2025-03-31,2025-04-21,0.0,0.22751,0.19298,flat
SONACOMS.NS,2021-12-31,2022-01-13,-0.12,-0.43954,-0.42334,flat
SONACOMS.NS,2022-03-31,2022-04-20,0.0,-0.2942,-0.3039,flat
SONACOMS.NS,2022-06-30,2022-07-20,0.0,0.03898,-0.15551,flat
SONACOMS.NS,2022-09-30,2022-10-21,-13.59,0.15157,0.03586,sold
SONACOMS.NS,2022-12-31,2023-01-17,-0.06,0.43614,0.15584,flat
SONACOMS.NS,2023-03-31,2023-04-18,-20.53,0.39118,-0.00772,sold
SONACOMS.NS,2023-06-30,2023-07-24,-3.24,0.13895,-0.19768,sold
SONACOMS.NS,2023-09-30,2023-10-16,0.0,0.25543,-0.03814,flat
SONACOMS.NS,2023-12-31,2024-01-16,-0.05,-0.10529,-0.18051,flat
SONACOMS.NS,2024-03-31,2024-04-22,0.0,-0.25199,-0.32672,flat
SONACOMS.NS,2024-06-30,2024-07-08,0.0,-0.33326,-0.34683,flat
SONACOMS.NS,2024-09-09,2024-09-13,-1.67,-0.38766,-0.37055,sold
SONACOMS.NS,2024-09-30,2024-10-16,0.0,-0.2982,-0.30183,flat
SONACOMS.NS,2024-12-31,2025-01-15,-0.01,-0.21646,-0.27604,flat
SONACOMS.NS,2025-03-31,2025-04-11,-0.01,0.37721,0.26934,flat
SONATSOFTW.NS,2021-12-31,2022-01-11,0.0,-0.08375,-0.06926,flat
SONATSOFTW.NS,2022-03-31,2022-04-20,0.0,0.41136,0.40166,flat
SONATSOFTW.NS,2022-06-30,2022-07-20,0.0,1.09995,0.90546,flat
SONATSOFTW.NS,2022-09-12,2022-09-15,0.0,0.92607,0.81547,flat
SONATSOFTW.NS,2022-09-30,2022-10-18,0.0,1.1342,1.02101,flat
SONATSOFTW.NS,2022-12-31,2023-01-11,0.0,1.6907,1.40934,flat
SONATSOFTW.NS,2023-03-31,2023-04-18,0.0,0.72994,0.33105,flat
SONATSOFTW.NS,2023-06-30,2023-07-18,0.0,0.46909,0.07975,flat
SONATSOFTW.NS,2023-09-30,2023-10-13,0.0,0.12448,-0.18589,flat
SONATSOFTW.NS,2023-12-13,2023-12-18,0.0,-0.20416,-0.37589,flat
SONATSOFTW.NS,2023-12-31,2024-01-12,0.0,-0.25863,-0.34225,flat
SONATSOFTW.NS,2024-03-31,2024-04-09,0.0,-0.58256,-0.62541,flat
SONATSOFTW.NS,2024-06-30,2024-07-19,0.0,-0.34243,-0.36759,flat
SONATSOFTW.NS,2024-09-30,2024-10-17,0.0,-0.39002,-0.40623,flat
SONATSOFTW.NS,2024-12-31,2025-01-16,0.0,-0.45517,-0.51477,flat
SONATSOFTW.NS,2025-03-31,2025-04-21,0.0,-0.18155,-0.21608,flat
SOUTHBANK.NS,2021-12-31,2022-01-11,0.0,1.1044,1.11889,flat
SOUTHBANK.NS,2022-03-31,2022-04-12,0.0,0.83432,0.8543,flat
SOUTHBANK.NS,2022-06-30,2022-07-19,0.0,1.56688,1.35883,flat
SOUTHBANK.NS,2022-09-30,2022-10-20,0.0,1.34001,1.23061,flat
SOUTHBANK.NS,2022-12-31,2023-01-20,0.0,1.08207,0.79347,flat
SOUTHBANK.NS,2023-03-31,2023-04-20,0.0,1.01006,0.59723,flat
SOUTHBANK.NS,2023-06-30,2023-07-18,0.0,0.2105,-0.17884,flat
SOUTHBANK.NS,2023-09-30,2023-10-18,0.0,-0.05782,-0.37211,flat
SOUTHBANK.NS,2023-12-31,2024-01-18,0.0,-0.14084,-0.21861,flat
SOUTHBANK.NS,2024-03-27,2024-04-08,0.0,-0.13453,-0.16264,flat
SOUTHBANK.NS,2024-03-31,2024-04-22,0.0,-0.103,-0.17772,flat
SOUTHBANK.NS,2024-06-30,2024-07-16,0.0,0.09752,0.09001,flat
SOUTHBANK.NS,2024-09-30,2024-10-21,0.0,0.55291,0.52807,flat
SOUTHBANK.NS,2024-12-31,2025-01-15,0.0,0.72538,0.6658,flat
SOUTHBANK.NS,2025-03-31,2025-04-21,0.0,0.5426,0.50807,flat
SPANDANA.NS,2021-12-31,2022-01-14,0.0,0.4745,0.49425,flat
SPANDANA.NS,2022-03-17,2022-03-21,0.33,0.39885,0.41246,flat
SPANDANA.NS,2022-03-31,2022-04-19,0.0,0.37297,0.35742,flat
SPANDANA.NS,2022-05-21,2022-06-01,0.97,0.85275,0.71614,bought
SPANDANA.NS,2022-06-30,2022-07-18,0.0,0.83961,0.63134,flat
SPANDANA.NS,2022-09-30,2022-10-21,-0.56,0.51901,0.4033,sold
SPANDANA.NS,2022-12-31,2023-01-17,-0.02,0.79375,0.51345,flat
SPANDANA.NS,2023-03-31,2023-04-18,-0.01,0.53368,0.13478,flat
SPANDANA.NS,2023-06-30,2023-07-14,-0.59,-0.0399,-0.42918,sold
SPANDANA.NS,2023-09-30,2023-10-16,-2.0,-0.42768,-0.72125,sold
SPANDANA.NS,2023-12-31,2024-01-15,-0.52,-0.71606,-0.79916,sold
SPANDANA.NS,2024-03-31,2024-04-22,-0.14,-0.67201,-0.74674,flat
SPANDANA.NS,2024-06-30,2024-07-15,-2.9,-0.60202,-0.60484,sold
SPANDANA.NS,2024-09-30,2024-10-21,-1.02,-0.48504,-0.50987,sold
SPANDANA.NS,2024-12-31,2025-01-16,-7.7,-0.3455,-0.4051,sold
SPANDANA.NS,2025-03-31,2025-04-21,0.0,-0.31099,-0.34552,flat
SPARC.NS,2021-12-31,2022-01-18,0.0,-0.35469,-0.34378,flat
SPARC.NS,2022-03-21,2022-03-31,0.99,-0.38121,-0.37213,bought
SPARC.NS,2022-03-31,2022-04-21,0.0,-0.30561,-0.30701,flat
SPARC.NS,2022-06-30,2022-07-20,0.0,0.06436,-0.13013,flat
SPARC.NS,2022-09-30,2022-10-24,0.0,-0.00868,-0.1141,flat
SPARC.NS,2022-12-31,2023-01-18,-0.87,0.79729,0.53169,sold
SPARC.NS,2023-01-06,2023-01-17,-2.55,0.77247,0.49217,sold
SPARC.NS,2023-03-31,2023-04-24,0.0,0.15022,-0.25362,flat
SPARC.NS,2023-06-30,2023-07-21,0.0,-0.01571,-0.39165,flat
SPARC.NS,2023-09-30,2023-10-13,0.0,-0.0935,-0.40387,flat
SPARC.NS,2023-12-31,2024-01-12,0.0,-0.54421,-0.62782,flat
SPARC.NS,2024-03-31,2024-04-12,0.0,-0.6266,-0.69118,flat
SPARC.NS,2024-06-30,2024-07-22,0.0,-0.30842,-0.32405,flat
SPARC.NS,2024-09-30,2024-10-16,0.0,-0.38209,-0.38573,flat
SPARC.NS,2024-12-31,2025-01-22,0.0,-0.28677,-0.36801,flat
SPARC.NS,2025-03-31,2025-04-21,0.0,-0.03919,-0.07372,flat
SPLPETRO.NS,2022-06-30,2022-07-21,0.08,0.02201,-0.16554,flat
SPLPETRO.NS,2022-09-30,2022-10-21,0.0,0.62352,0.50781,flat
SPLPETRO.NS,2022-12-31,2023-01-20,0.1,0.70807,0.41947,flat
SPLPETRO.NS,2023-01-07,2023-01-23,0.0,0.73855,0.44591,flat
SPLPETRO.NS,2023-03-31,2023-04-20,0.0,0.85016,0.43732,flat
SPLPETRO.NS,2023-06-30,2023-07-19,0.0,0.93971,0.55175,flat
SPLPETRO.NS,2023-09-30,2023-10-20,0.0,0.34184,0.02336,flat
SPLPETRO.NS,2023-12-31,2024-01-18,0.0,0.09993,0.02215,flat
SPLPETRO.NS,2024-03-31,2024-04-19,0.0,0.01742,-0.06679,flat
SPLPETRO.NS,2024-06-30,2024-07-22,0.0,-0.067,-0.08263,flat
SPLPETRO.NS,2024-09-30,2024-10-21,0.0,0.02524,0.00041,flat
SPLPETRO.NS,2024-12-31,2025-01-22,0.0,-0.1377,-0.21894,flat
SPLPETRO.NS,2025-03-31,2025-04-22,0.0,0.29281,0.25723,flat
SRF.NS,2021-10-15,2021-10-19,0.0,0.10774,0.14322,flat
SRF.NS,2021-12-31,2022-01-13,-0.04,-0.18061,-0.16441,flat
SRF.NS,2022-03-31,2022-04-18,0.0,-0.04134,-0.04162,flat
SRF.NS,2022-06-30,2022-07-13,0.0,0.01138,-0.23016,flat
SRF.NS,2022-09-30,2022-10-21,-0.2,-0.13853,-0.25424,flat
SRF.NS,2022-12-31,2023-01-20,0.0,0.10015,-0.18845,flat
SRF.NS,2023-03-31,2023-04-19,0.0,0.07057,-0.34239,flat
SRF.NS,2023-06-30,2023-07-19,0.0,0.1856,-0.20236,flat
SRF.NS,2023-09-30,2023-10-18,0.0,0.00931,-0.30498,flat
SRF.NS,2023-12-31,2024-01-15,0.0,0.10963,0.02653,flat
SRF.NS,2024-03-31,2024-04-22,-0.23,0.18064,0.10591,flat
SRF.NS,2024-06-30,2024-07-19,-0.04,0.36661,0.34146,flat
SRF.NS,2024-09-30,2024-10-18,0.0,0.32855,0.31806,flat
SRF.NS,2024-12-31,2025-01-22,0.0,0.12251,0.04127,flat
SRF.NS,2025-03-31,2025-04-22,0.0,-0.15369,-0.18927,flat
STAR.NS,2021-12-31,2022-01-21,0.0,-0.22789,-0.20773,flat
STAR.NS,2022-03-31,2022-04-21,1.0,-0.01489,-0.0163,bought
STAR.NS,2022-06-30,2022-07-21,-0.23,0.33338,0.14584,flat
STAR.NS,2022-09-30,2022-10-21,0.7,0.67724,0.56153,bought
STAR.NS,2022-12-31,2023-01-19,-0.18,1.13773,0.85353,flat
STAR.NS,2023-03-31,2023-04-18,-2.62,1.78158,1.38268,sold
STAR.NS,2023-06-30,2023-07-21,-0.2,1.46134,1.08539,flat
STAR.NS,2023-09-30,2023-10-19,-0.29,1.98265,1.66843,flat
STAR.NS,2023-12-31,2024-01-23,-0.39,0.01059,-0.09828,flat
STAR.NS,2024-03-31,2024-04-22,-1.51,-0.22582,-0.30055,sold
STAR.NS,2024-06-30,2024-07-19,-0.02,-0.02933,-0.05449,flat
STAR.NS,2024-09-30,2024-10-18,-0.02,-0.49768,-0.50817,flat
STAR.NS,2024-12-31,2025-01-20,0.98,0.30518,0.25885,bought
STAR.NS,2025-03-31,2025-04-21,1.48,0.64917,0.61464,bought
STARCEMENT.NS,2021-12-31,2022-01-11,0.17,0.14712,0.16161,flat
STARCEMENT.NS,2022-03-31,2022-04-18,0.27,0.18269,0.18241,flat
STARCEMENT.NS,2022-06-30,2022-07-20,0.04,0.64951,0.45502,flat
STARCEMENT.NS,2022-09-30,2022-10-24,0.06,0.49928,0.39386,flat
STARCEMENT.NS,2022-12-31,2023-01-19,-0.4,0.60716,0.32295,flat
STARCEMENT.NS,2023-03-31,2023-04-19,0.09,1.01061,0.59765,flat
STARCEMENT.NS,2023-06-30,2023-07-21,-0.36,0.44664,0.07069,flat
STARCEMENT.NS,2023-09-30,2023-10-19,-0.21,0.16952,-0.1447,flat
STARCEMENT.NS,2023-12-31,2024-01-15,-0.07,0.22272,0.13962,flat
STARCEMENT.NS,2024-03-31,2024-04-22,0.11,-0.05003,-0.12476,flat
STARCEMENT.NS,2024-06-30,2024-07-22,-0.1,0.11875,0.10313,flat
STARCEMENT.NS,2024-09-30,2024-10-10,-0.02,0.23503,0.24439,flat
STARCEMENT.NS,2024-12-31,2025-01-15,-8.78,0.04577,-0.01381,sold
STARCEMENT.NS,2025-03-31,2025-04-17,-0.03,0.06382,0.01124,flat
STARHEALTH.NS,2021-12-31,2022-01-14,0.0,-0.36153,-0.34178,flat
STARHEALTH.NS,2022-03-31,2022-04-22,0.0,-0.14232,-0.16412,flat
STARHEALTH.NS,2022-06-30,2022-07-15,-0.06,0.04575,-0.17723,flat
STARHEALTH.NS,2022-09-30,2022-10-21,-0.21,-0.18683,-0.30254,flat
STARHEALTH.NS,2022-12-31,2023-01-19,-0.35,0.0933,-0.1909,flat
STARHEALTH.NS,2023-03-31,2023-04-17,0.0,-0.05427,-0.4544,flat
STARHEALTH.NS,2023-06-30,2023-07-19,-0.03,-0.05067,-0.43863,flat
STARHEALTH.NS,2023-09-30,2023-10-19,-0.23,-0.13295,-0.44717,flat
STARHEALTH.NS,2023-12-31,2024-01-23,-0.08,-0.22909,-0.33796,flat
STARHEALTH.NS,2024-03-31,2024-04-18,-0.02,-0.30044,-0.3754,flat
STARHEALTH.NS,2024-06-30,2024-07-18,-0.02,-0.24224,-0.24701,flat
STARHEALTH.NS,2024-09-30,2024-10-15,-0.21,-0.11943,-0.11861,flat
STARHEALTH.NS,2024-12-31,2025-01-09,-0.01,-0.06126,-0.12609,flat
STARHEALTH.NS,2025-03-31,2025-04-21,-0.01,0.30995,0.27542,flat
STLTECH.NS,2021-12-31,2022-01-13,-0.04,-0.32578,-0.30958,flat
STLTECH.NS,2022-03-31,2022-04-20,-0.04,-0.21989,-0.2296,flat
STLTECH.NS,2022-06-30,2022-07-15,-0.01,0.06321,-0.15977,flat
STLTECH.NS,2022-09-30,2022-10-18,-0.04,-0.06404,-0.17723,flat
STLTECH.NS,2022-12-31,2023-01-19,-0.02,-0.20644,-0.49064,flat
STLTECH.NS,2023-03-31,2023-04-19,-0.04,-0.11593,-0.52889,flat
STLTECH.NS,2023-06-30,2023-07-17,0.0,-0.00874,-0.3953,flat
STLTECH.NS,2023-09-30,2023-10-16,-0.05,-0.28033,-0.5739,flat
STLTECH.NS,2023-12-31,2024-01-15,-0.01,-0.28135,-0.36446,flat
STLTECH.NS,2024-03-31,2024-04-18,-0.01,-0.47441,-0.54937,flat
STLTECH.NS,2024-04-12,2024-04-22,-9.79,-0.49764,-0.57237,sold
STLTECH.NS,2024-06-30,2024-07-11,-0.01,-0.17233,-0.19264,flat
STLTECH.NS,2024-09-30,2024-10-18,-0.01,-0.02572,-0.03621,flat
STLTECH.NS,2024-12-31,2025-01-10,0.0,-0.15797,-0.23533,flat
STLTECH.NS,2025-03-31,2025-04-22,-0.01,2.45482,2.41924,flat
SUDARSCHEM.NS,2021-12-31,2022-01-19,0.0,-0.32411,-0.31868,flat
SUDARSCHEM.NS,2022-03-31,2022-04-20,0.09,-0.20784,-0.21754,flat
SUDARSCHEM.NS,2022-06-30,2022-07-21,0.0,0.05285,-0.13469,flat
SUDARSCHEM.NS,2022-09-30,2022-10-21,0.0,0.19357,0.07786,flat
SUDARSCHEM.NS,2022-12-31,2023-01-23,0.0,0.34836,0.05572,flat
SUDARSCHEM.NS,2023-03-31,2023-04-21,0.0,0.79958,0.37953,flat
SUDARSCHEM.NS,2023-06-30,2023-07-24,0.0,0.99038,0.65375,flat
SUDARSCHEM.NS,2023-09-30,2023-10-20,0.0,1.13321,0.81473,flat
SUDARSCHEM.NS,2023-12-31,2024-01-19,0.0,1.02376,0.94016,flat
SUDARSCHEM.NS,2024-03-31,2024-04-22,-2.6,0.67742,0.60269,sold
SUDARSCHEM.NS,2024-06-30,2024-07-18,-2.67,0.36388,0.3591,sold
SUDARSCHEM.NS,2024-09-30,2024-10-21,0.0,0.16674,0.1419,flat
SUDARSCHEM.NS,2024-12-31,2025-01-20,-3.0,-0.21546,-0.26178,sold
SUDARSCHEM.NS,2025-01-13,2025-01-15,-0.72,-0.19731,-0.25688,sold
SUDARSCHEM.NS,2025-01-29,2025-01-31,-2.55,-0.03182,-0.12924,sold
SUDARSCHEM.NS,2025-03-31,2025-04-21,-0.39,-0.16996,-0.20449,flat
SUMICHEM.NS,2021-12-31,2022-01-13,0.0,0.23248,0.24868,flat
SUMICHEM.NS,2022-03-31,2022-04-13,0.0,-0.01691,0.00234,flat
SUMICHEM.NS,2022-06-30,2022-07-06,0.0,-0.09887,-0.31841,flat
SUMICHEM.NS,2022-09-30,2022-10-18,0.0,-0.25047,-0.36366,flat
SUMICHEM.NS,2022-12-31,2023-01-13,0.0,-0.191,-0.45849,flat
SUMICHEM.NS,2023-03-31,2023-04-11,0.0,-0.02305,-0.40695,flat
SUMICHEM.NS,2023-06-30,2023-07-06,0.0,0.16402,-0.22622,flat
SUMICHEM.NS,2023-09-30,2023-10-13,0.0,0.2239,-0.08647,flat
SUMICHEM.NS,2023-12-31,2024-01-11,0.0,0.22336,0.12896,flat
SUMICHEM.NS,2024-03-31,2024-04-09,0.0,0.43686,0.39401,flat
SUMICHEM.NS,2024-06-30,2024-07-10,0.0,0.13999,0.11947,flat
SUMICHEM.NS,2024-09-30,2024-10-16,0.0,-0.07084,-0.07447,flat
SUMICHEM.NS,2024-12-31,2025-01-15,0.0,-0.12528,-0.18486,flat
SUMICHEM.NS,2025-03-31,2025-04-11,0.0,-0.21247,-0.32034,flat
SUNDARMFIN.NS,2021-12-31,2022-01-13,0.0,-0.04236,-0.02616,flat
SUNDARMFIN.NS,2022-03-31,2022-04-18,2.6,0.15624,0.15597,bought
SUNDARMFIN.NS,2022-06-30,2022-07-21,0.0,0.40256,0.21502,flat
SUNDARMFIN.NS,2022-09-30,2022-10-18,0.0,0.39519,0.28199,flat
SUNDARMFIN.NS,2022-12-31,2023-01-12,0.0,0.58006,0.32306,flat
SUNDARMFIN.NS,2023-03-31,2023-04-13,0.0,1.0517,0.66543,flat
SUNDARMFIN.NS,2023-06-30,2023-07-17,0.0,0.67236,0.2858,flat
SUNDARMFIN.NS,2023-09-30,2023-10-13,0.0,0.48691,0.17653,flat
SUNDARMFIN.NS,2023-12-31,2024-01-11,-0.61,0.25806,0.16365,sold
SUNDARMFIN.NS,2024-03-31,2024-04-15,-0.01,0.15792,0.07203,flat
SUNDARMFIN.NS,2024-06-30,2024-07-18,-0.01,0.23839,0.23362,flat
SUNDARMFIN.NS,2024-09-30,2024-10-16,-0.63,-0.07433,-0.07797,sold
SUNDARMFIN.NS,2024-12-31,2025-01-14,-0.01,0.10475,0.03652,flat
SUNDARMFIN.NS,2025-03-31,2025-04-21,0.0,-0.11598,-0.15051,flat
SUNDRMFAST.NS,2021-12-31,2022-01-14,0.0,0.11496,0.13471,flat
SUNDRMFAST.NS,2022-03-31,2022-04-21,0.16,0.23763,0.23623,flat
SUNDRMFAST.NS,2022-06-30,2022-07-20,0.0,0.54792,0.35343,flat
SUNDRMFAST.NS,2022-09-30,2022-10-31,-1.18,0.37966,0.26715,sold
SUNDRMFAST.NS,2022-12-31,2023-01-23,0.0,0.25587,-0.03677,flat
SUNDRMFAST.NS,2023-03-31,2023-04-18,0.0,0.04702,-0.35187,flat
SUNDRMFAST.NS,2023-06-30,2023-07-19,0.0,0.13664,-0.25132,flat
SUNDRMFAST.NS,2023-09-30,2023-10-18,0.0,0.01746,-0.29683,flat
SUNDRMFAST.NS,2023-12-31,2024-01-17,0.0,-0.20036,-0.2734,flat
SUNDRMFAST.NS,2024-03-31,2024-04-16,0.0,-0.14177,-0.22783,flat
SUNDRMFAST.NS,2024-06-30,2024-07-18,0.0,-0.27554,-0.28031,flat
SUNDRMFAST.NS,2024-09-30,2024-10-16,-1.56,-0.33188,-0.33552,sold
SUNDRMFAST.NS,2024-12-31,2025-01-20,0.0,-0.14644,-0.19276,flat
SUNDRMFAST.NS,2025-03-31,2025-04-17,0.0,-0.09904,-0.15161,flat
SUNPHARMA.NS,2021-12-31,2022-01-21,0.0,0.30459,0.32475,flat
SUNPHARMA.NS,2022-03-31,2022-04-20,0.0,0.06308,0.05338,flat
SUNPHARMA.NS,2022-06-30,2022-07-21,0.0,0.32805,0.1405,flat
SUNPHARMA.NS,2022-09-30,2022-10-19,0.0,0.14231,0.04363,flat
SUNPHARMA.NS,2022-12-31,2023-01-20,0.0,0.38161,0.093,flat
SUNPHARMA.NS,2023-03-31,2023-04-24,0.0,0.55762,0.15378,flat
SUNPHARMA.NS,2023-06-30,2023-07-21,0.0,0.59798,0.22203,flat
SUNPHARMA.NS,2023-09-30,2023-10-23,0.0,0.67038,0.31897,flat
SUNPHARMA.NS,2023-12-31,2024-01-17,0.0,0.38779,0.31475,flat
SUNPHARMA.NS,2024-03-31,2024-04-19,0.0,0.2205,0.13629,flat
SUNPHARMA.NS,2024-06-30,2024-07-22,0.0,0.07588,0.06026,flat
SUNPHARMA.NS,2024-09-30,2024-10-17,0.0,-0.09731,-0.11352,flat
SUNPHARMA.NS,2024-12-31,2025-01-21,0.0,-0.07776,-0.15469,flat
SUNPHARMA.NS,2025-03-31,2025-04-21,0.0,0.0112,-0.02333,flat
SUNTECK.NS,2021-12-31,2022-01-11,-0.02,-0.35942,-0.34493,flat
SUNTECK.NS,2022-03-31,2022-04-20,0.0,-0.38912,-0.39883,flat
SUNTECK.NS,2022-06-30,2022-07-22,0.0,-0.30503,-0.49493,flat
SUNTECK.NS,2022-09-30,2022-10-20,0.0,0.11701,0.0076,flat
SUNTECK.NS,2022-12-31,2023-01-17,-0.01,0.23889,-0.04141,flat
SUNTECK.NS,2023-03-31,2023-04-21,0.1,0.4602,0.04015,flat
SUNTECK.NS,2023-06-30,2023-07-21,0.0,0.55146,0.17551,flat
SUNTECK.NS,2023-09-30,2023-10-16,0.0,0.12188,-0.17169,flat
SUNTECK.NS,2023-12-31,2024-01-15,-3.97,0.0177,-0.0654,sold
SUNTECK.NS,2024-03-31,2024-04-09,-0.01,-0.12857,-0.17142,flat
SUNTECK.NS,2024-06-30,2024-07-19,0.0,-0.26955,-0.2947,flat
SUNTECK.NS,2024-09-30,2024-10-21,0.0,-0.24688,-0.27171,flat
SUNTECK.NS,2024-12-31,2025-01-15,0.0,-0.14429,-0.20387,flat
SUNTECK.NS,2025-03-31,2025-04-22,0.04,-0.11569,-0.15128,flat
SUNTV.NS,2021-12-31,2022-01-10,0.0,-0.0324,-0.02276,flat
SUNTV.NS,2022-03-31,2022-04-11,0.0,-0.1813,-0.15072,flat
SUNTV.NS,2022-06-30,2022-07-20,0.0,0.28766,0.09317,flat
SUNTV.NS,2022-09-30,2022-10-20,0.0,0.21141,0.102,flat
SUNTV.NS,2022-12-31,2023-01-16,0.0,0.39149,0.12443,flat
SUNTV.NS,2023-03-31,2023-04-17,0.0,0.54467,0.14454,flat
SUNTV.NS,2023-06-30,2023-07-18,0.0,0.77974,0.39041,flat
SUNTV.NS,2023-09-30,2023-10-17,0.0,0.16477,-0.1319,flat
SUNTV.NS,2023-12-31,2024-01-12,0.0,-0.07,-0.15361,flat
SUNTV.NS,2024-03-31,2024-04-12,0.0,0.07717,0.01259,flat
SUNTV.NS,2024-06-30,2024-07-18,0.0,-0.25238,-0.25715,flat
SUNTV.NS,2024-09-30,2024-10-16,0.0,-0.25156,-0.25519,flat
SUNTV.NS,2024-12-31,2025-01-21,0.0,-0.14111,-0.21804,flat
SUNTV.NS,2025-03-31,2025-04-11,0.0,0.01007,-0.0978,flat
SUPRAJIT.NS,2022-03-31,2022-04-21,0.03,-0.04642,-0.04782,flat
SUPRAJIT.NS,2022-06-30,2022-07-20,0.0,0.22077,0.02628,flat
SUPRAJIT.NS,2022-09-30,2022-10-21,0.0,0.15641,0.0407,flat
SUPRAJIT.NS,2022-12-31,2023-01-18,0.0,0.20216,-0.06344,flat
SUPRAJIT.NS,2023-03-31,2023-04-21,0.0,0.17263,-0.24742,flat
SUPRAJIT.NS,2023-06-30,2023-07-21,0.0,0.21267,-0.16328,flat
SUPRAJIT.NS,2023-09-30,2023-10-23,-0.02,0.40858,0.05717,flat
SUPRAJIT.NS,2023-12-31,2024-01-23,0.0,0.01775,-0.09112,flat
SUPRAJIT.NS,2024-03-31,2024-04-22,-0.01,-0.06562,-0.14035,flat
SUPRAJIT.NS,2024-06-30,2024-07-15,0.0,-0.09277,-0.09558,flat
SUPRAJIT.NS,2024-09-30,2024-10-16,0.03,-0.14416,-0.14779,flat
SUPRAJIT.NS,2024-12-31,2025-01-21,0.0,0.04905,-0.02788,flat
SUPRAJIT.NS,2025-03-31,2025-04-21,-0.03,0.04263,0.0081,flat
SUPREMEIND.NS,2022-03-31,2022-04-18,0.0,0.36181,0.36154,flat
SUPREMEIND.NS,2022-06-30,2022-07-20,0.0,0.943,0.74851,flat
SUPREMEIND.NS,2022-09-30,2022-10-21,0.0,1.18204,1.06633,flat
SUPREMEIND.NS,2022-12-31,2023-01-17,0.0,0.74917,0.46887,flat
SUPREMEIND.NS,2023-03-31,2023-04-19,0.0,0.92291,0.50995,flat
SUPREMEIND.NS,2023-06-30,2023-07-18,0.0,0.53863,0.14929,flat
SUPREMEIND.NS,2023-09-30,2023-10-17,0.0,-0.06063,-0.3573,flat
SUPREMEIND.NS,2023-12-31,2024-01-12,0.0,-0.0735,-0.15711,flat
SUPREMEIND.NS,2024-03-31,2024-04-10,0.0,-0.14264,-0.19478,flat
SUPREMEIND.NS,2024-06-30,2024-07-11,0.0,-0.26801,-0.28832,flat
SUPREMEIND.NS,2024-09-30,2024-10-17,0.0,-0.20231,-0.21852,flat
SUPREMEIND.NS,2024-12-31,2025-01-14,0.0,-0.22107,-0.2893,flat
SUPREMEIND.NS,2025-03-31,2025-04-11,0.0,0.17475,0.06688,flat
SUZLON.NS,2021-12-26,2022-01-05,-0.37,0.12837,0.13299,flat
SUZLON.NS,2021-12-31,2022-01-18,0.0,-0.12964,-0.11873,flat
SUZLON.NS,2022-03-31,2022-04-20,-0.19,-0.16927,-0.17897,flat
SUZLON.NS,2022-05-24,2022-05-25,-0.93,0.47087,0.31053,sold
SUZLON.NS,2022-06-30,2022-07-18,0.0,2.25864,2.05037,flat
SUZLON.NS,2022-09-23,2022-09-26,-0.42,2.4328,2.26108,flat
SUZLON.NS,2022-09-30,2022-10-24,0.0,2.47727,2.37184,flat
SUZLON.NS,2022-10-31,2022-11-10,0.0,4.07229,3.93284,flat
SUZLON.NS,2022-12-31,2023-01-23,0.0,3.98462,3.69197,flat
SUZLON.NS,2023-03-31,2023-04-21,0.0,4.24528,3.82523,flat
SUZLON.NS,2023-06-30,2023-07-24,0.0,2.3925,2.05587,flat
SUZLON.NS,2023-08-14,2023-08-16,-1.21,2.89926,2.49797,sold
SUZLON.NS,2023-09-30,2023-10-20,0.0,1.06,0.74152,flat
SUZLON.NS,2023-12-31,2024-01-19,0.0,0.26093,0.17733,flat
SUZLON.NS,2024-03-31,2024-04-18,0.0,0.41677,0.34181,flat
SUZLON.NS,2024-06-30,2024-07-22,-0.02,0.18591,0.17029,flat
SUZLON.NS,2024-09-30,2024-10-21,-0.02,-0.23956,-0.26439,flat
SUZLON.NS,2024-12-31,2025-01-17,0.0,-0.19599,-0.24331,flat
SUZLON.NS,2025-03-31,2025-04-11,0.0,0.02962,-0.07825,flat
SWANCORP.NS,2022-03-31,2022-04-21,-0.8,-0.30335,-0.30476,sold
SWANCORP.NS,2022-03-31,2022-04-05,0.0,-0.0703,-0.04113,flat
SWANCORP.NS,2022-06-30,2022-07-22,0.0,0.00293,-0.18696,flat
SWANCORP.NS,2022-09-30,2022-10-20,0.0,0.77008,0.66067,flat
SWANCORP.NS,2022-12-31,2023-01-20,0.0,0.79374,0.50514,flat
SWANCORP.NS,2023-03-31,2023-04-19,0.0,1.90752,1.49456,flat
SWANCORP.NS,2023-06-30,2023-07-12,0.0,2.05561,1.67821,flat
SWANCORP.NS,2023-09-30,2023-10-17,0.0,0.498,0.20132,flat
SWANCORP.NS,2023-12-31,2024-01-17,0.0,-0.00521,-0.07825,flat
SWANCORP.NS,2024-02-29,2024-03-11,-10.13,-0.41126,-0.42942,sold
SWANCORP.NS,2024-03-31,2024-04-18,0.0,-0.32657,-0.40152,flat
SWANCORP.NS,2024-06-30,2024-07-22,0.0,-0.25566,-0.27128,flat
SWANCORP.NS,2024-09-30,2024-10-21,0.0,-0.13571,-0.16054,flat
SWANCORP.NS,2024-12-31,2025-01-21,0.0,-0.32456,-0.4015,flat
SWANCORP.NS,2025-03-31,2025-04-15,0.0,-0.17618,-0.24815,flat
SWIGGY.NS,2024-12-31,2025-01-21,0.0,-0.26552,-0.34246,flat
SWIGGY.NS,2025-03-31,2025-04-22,0.0,-0.19907,-0.23465,flat
SWIGGY.NS,2025-05-02,2025-05-27,0.0,-0.20772,-0.19374,flat
SWSOLAR.NS,2021-12-30,2022-01-05,4.74,-0.29876,-0.29414,bought
SWSOLAR.NS,2021-12-31,2022-01-20,0.0,-0.33235,-0.32004,flat
SWSOLAR.NS,2022-03-31,2022-04-22,4.46,-0.21612,-0.23792,bought
SWSOLAR.NS,2022-06-30,2022-07-20,0.0,0.26179,0.0673,flat
SWSOLAR.NS,2022-09-30,2022-10-24,-1.87,-0.11493,-0.22035,sold
SWSOLAR.NS,2022-12-31,2023-01-23,-3.96,1.12645,0.83381,sold
SWSOLAR.NS,2023-03-31,2023-04-24,0.0,1.22755,0.82371,flat
SWSOLAR.NS,2023-06-30,2023-07-21,-3.69,0.80414,0.42819,sold
SWSOLAR.NS,2023-09-30,2023-10-23,-1.48,1.259,0.90759,sold
SWSOLAR.NS,2023-12-14,2023-12-26,-12.77,0.0691,-0.11677,sold
SWSOLAR.NS,2023-12-31,2024-01-23,-1.81,-0.3757,-0.48458,sold
SWSOLAR.NS,2024-03-31,2024-04-22,-0.04,-0.53752,-0.61225,flat
SWSOLAR.NS,2024-06-30,2024-07-22,-0.03,-0.54827,-0.56389,flat
SWSOLAR.NS,2024-09-30,2024-10-22,-7.16,-0.62251,-0.66626,sold
SWSOLAR.NS,2024-12-31,2025-01-21,-0.02,-0.51346,-0.59039,flat
SWSOLAR.NS,2025-03-31,2025-04-22,0.0,-0.32566,-0.36124,flat
SYMPHONY.NS,2021-12-31,2022-01-07,0.0,-0.01634,-0.01185,flat
SYMPHONY.NS,2022-03-31,2022-04-08,0.0,-0.16206,-0.13303,flat
SYMPHONY.NS,2022-06-30,2022-07-13,0.0,0.03383,-0.20771,flat
SYMPHONY.NS,2022-09-30,2022-10-20,0.0,-0.03892,-0.14833,flat
SYMPHONY.NS,2022-12-31,2023-01-10,0.0,-0.05942,-0.32627,flat
SYMPHONY.NS,2023-03-31,2023-04-06,0.0,-0.02293,-0.40002,flat
SYMPHONY.NS,2023-06-30,2023-07-12,0.14,0.30228,-0.07512,flat
SYMPHONY.NS,2023-09-30,2023-10-11,0.0,0.91487,0.60425,flat
SYMPHONY.NS,2023-12-31,2024-01-10,0.0,0.44038,0.32299,flat
SYMPHONY.NS,2024-03-31,2024-04-08,0.0,0.17126,0.14315,flat
SYMPHONY.NS,2024-06-30,2024-07-08,0.0,0.03032,0.01676,flat
SYMPHONY.NS,2024-09-30,2024-10-14,0.04,-0.50715,-0.50171,flat
SYMPHONY.NS,2024-12-31,2025-01-20,0.0,-0.35037,-0.39669,flat
SYMPHONY.NS,2025-03-31,2025-04-07,0.0,-0.25158,-0.38904,flat
SYNGENE.NS,2021-12-31,2022-01-13,-0.01,-0.03159,-0.01539,flat
SYNGENE.NS,2022-03-31,2022-04-21,0.0,0.03327,0.03186,flat
SYNGENE.NS,2022-06-30,2022-07-18,-0.12,0.24654,0.03827,flat
SYNGENE.NS,2022-09-30,2022-10-17,-5.43,0.28975,0.15674,sold
SYNGENE.NS,2022-12-31,2023-01-13,0.0,0.1286,-0.13889,flat
SYNGENE.NS,2023-03-31,2023-04-19,-9.98,0.13396,-0.279,sold
SYNGENE.NS,2023-06-30,2023-07-21,-0.08,0.05741,-0.31854,flat
SYNGENE.NS,2023-09-30,2023-10-16,-0.01,0.12806,-0.16551,flat
SYNGENE.NS,2023-12-31,2024-01-18,0.0,0.06984,-0.00793,flat
SYNGENE.NS,2024-03-31,2024-04-22,0.0,-0.10669,-0.18142,flat
SYNGENE.NS,2024-06-30,2024-07-22,-0.07,-0.10889,-0.12452,flat
SYNGENE.NS,2024-09-30,2024-10-18,0.0,-0.24649,-0.25698,flat
SYNGENE.NS,2024-12-31,2025-01-20,-1.98,-0.40288,-0.44921,sold
SYNGENE.NS,2025-03-31,2025-04-21,0.0,-0.39124,-0.42577,flat
SYRMA.NS,2022-09-30,2022-10-21,0.0,1.23182,1.11611,flat
SYRMA.NS,2022-12-31,2023-01-20,-0.15,1.161,0.8724,flat
SYRMA.NS,2023-03-31,2023-04-20,0.0,0.67952,0.26668,flat
SYRMA.NS,2023-06-30,2023-07-21,0.0,0.04877,-0.32718,flat
SYRMA.NS,2023-09-30,2023-10-20,-0.06,-0.20843,-0.52691,flat
SYRMA.NS,2023-12-31,2024-01-19,-0.32,-0.17031,-0.25391,flat
SYRMA.NS,2024-03-31,2024-04-18,0.0,0.03877,-0.03619,flat
SYRMA.NS,2024-06-30,2024-07-19,0.0,0.54864,0.52348,flat
SYRMA.NS,2024-09-30,2024-10-22,0.0,1.02784,0.98409,flat
SYRMA.NS,2024-12-31,2025-01-17,-0.31,0.25215,0.20483,flat
SYRMA.NS,2025-03-31,2025-04-21,-0.06,0.9616,0.92708,flat
TAKE.NS,2021-12-31,2022-01-20,0.0,-0.50056,-0.48825,flat
TAKE.NS,2022-03-31,2022-04-20,0.0,-0.49094,-0.50064,flat
TAKE.NS,2022-06-30,2022-07-21,0.0,-0.33205,-0.51959,flat
TAKE.NS,2022-09-30,2022-10-21,0.0,-0.19794,-0.31365,flat
TAKE.NS,2022-12-31,2023-01-19,0.0,0.25,-0.03421,flat
TAKE.NS,2023-03-31,2023-04-18,0.0,0.49363,0.09473,flat
TAKE.NS,2023-06-30,2023-07-21,0.0,0.11388,-0.26207,flat
TAKE.NS,2023-09-30,2023-10-18,0.0,-0.15962,-0.47391,flat
TAKE.NS,2023-12-31,2024-01-23,0.0,-0.5619,-0.67078,flat
TAKE.NS,2024-03-31,2024-04-18,0.0,-0.61224,-0.6872,flat
TAKE.NS,2024-06-30,2024-07-22,0.0,-0.46281,-0.47843,flat
TAKE.NS,2024-09-30,2024-10-21,0.0,0.31758,0.29274,flat
TAKE.NS,2024-12-31,2025-01-21,0.0,1.55312,1.47619,flat
TAKE.NS,2025-03-31,2025-04-22,0.0,3.86704,3.83146,flat
TANLA.NS,2021-12-31,2022-01-11,1.23,-0.60114,-0.58665,bought
TANLA.NS,2022-03-31,2022-04-08,0.0,-0.58973,-0.5607,flat
TANLA.NS,2022-06-30,2022-07-12,0.0,0.14424,-0.08615,flat
TANLA.NS,2022-09-30,2022-10-20,0.0,0.20238,0.09297,flat
TANLA.NS,2022-12-31,2023-01-18,-0.01,0.41045,0.14485,flat
TANLA.NS,2023-03-31,2023-04-17,0.44,0.46507,0.06495,flat
TANLA.NS,2023-06-30,2023-07-06,0.0,-0.04268,-0.43292,flat
TANLA.NS,2023-09-30,2023-10-12,-0.01,-0.31532,-0.62654,flat
TANLA.NS,2023-12-31,2024-01-11,-0.01,-0.43243,-0.52684,flat
TANLA.NS,2024-03-31,2024-04-05,0.0,-0.47018,-0.49742,flat
TANLA.NS,2024-06-30,2024-07-15,0.0,-0.32379,-0.3266,flat
TANLA.NS,2024-09-30,2024-10-15,-0.03,-0.2484,-0.24758,flat
TANLA.NS,2024-12-31,2025-01-14,-0.02,-0.32277,-0.391,flat
TANLA.NS,2025-03-31,2025-04-15,0.0,0.05828,-0.01368,flat
TARIL.NS,2021-12-31,2022-01-13,0.0,1.13712,1.15332,flat
TARIL.NS,2022-03-31,2022-04-13,0.0,0.78289,0.80214,flat
TARIL.NS,2022-06-30,2022-07-20,0.0,2.03261,1.83812,flat
TARIL.NS,2022-09-30,2022-10-20,0.0,1.93553,1.82613,flat
TARIL.NS,2022-12-31,2023-01-16,0.0,4.39059,4.12352,flat
TARIL.NS,2023-03-31,2023-04-18,0.0,8.7386,8.33971,flat
TARIL.NS,2023-06-30,2023-07-19,0.0,5.96518,5.57722,flat
TARIL.NS,2023-09-30,2023-10-20,0.0,4.77962,4.46114,flat
TARIL.NS,2023-10-13,2023-10-30,-5.26,4.88225,4.52684,sold
TARIL.NS,2023-12-31,2024-01-18,0.0,2.23401,2.15623,flat
TARIL.NS,2024-03-31,2024-04-08,0.0,1.31018,1.28207,flat
TARIL.NS,2024-06-14,2024-06-24,-3.49,0.3184,0.25868,sold
TARIL.NS,2024-06-30,2024-07-09,0.0,0.30995,0.29947,flat
TARIL.NS,2024-09-30,2024-10-07,0.0,0.53132,0.52461,flat
TARIL.NS,2024-12-31,2025-01-17,-1.8,-0.54402,-0.59134,sold
TARIL.NS,2025-02-17,2025-02-20,0.0,-0.24867,-0.34491,flat
TARIL.NS,2025-03-31,2025-04-07,0.0,-0.31535,-0.45281,flat
TASTYBITE.NS,2021-12-31,2022-01-17,0.0,-0.25642,-0.22896,flat
TASTYBITE.NS,2022-03-31,2022-04-20,0.0,-0.23318,-0.24289,flat
TASTYBITE.NS,2022-06-30,2022-07-21,0.0,0.1702,-0.01734,flat
TASTYBITE.NS,2022-09-30,2022-10-21,0.0,0.32929,0.21358,flat
TASTYBITE.NS,2022-12-31,2023-01-11,0.0,0.33259,0.05124,flat
TASTYBITE.NS,2023-03-31,2023-04-17,0.0,0.28854,-0.11158,flat
TASTYBITE.NS,2023-06-30,2023-07-18,0.0,-0.2219,-0.61124,flat
TASTYBITE.NS,2023-09-30,2023-10-23,0.0,-0.24001,-0.59142,flat
TASTYBITE.NS,2023-12-31,2024-01-23,0.0,-0.29806,-0.40693,flat
TASTYBITE.NS,2024-03-31,2024-04-18,0.0,-0.21601,-0.29096,flat
TASTYBITE.NS,2024-06-30,2024-07-22,0.0,0.09583,0.0802,flat
TASTYBITE.NS,2024-09-30,2024-10-22,0.0,-0.26992,-0.31366,flat
TASTYBITE.NS,2024-12-31,2025-01-22,0.0,-0.33724,-0.41848,flat
TASTYBITE.NS,2025-03-31,2025-04-22,0.0,-0.1896,-0.22518,flat
TATACHEM.NS,2021-12-31,2022-01-20,0.0,-0.03446,-0.02215,flat
TATACHEM.NS,2022-03-31,2022-04-20,0.0,-0.02654,-0.03624,flat
TATACHEM.NS,2022-06-30,2022-07-20,0.0,0.17244,-0.02205,flat
TATACHEM.NS,2022-09-30,2022-10-24,0.0,-0.15601,-0.26144,flat
TATACHEM.NS,2022-12-31,2023-01-23,0.0,0.0388,-0.25384,flat
TATACHEM.NS,2023-03-31,2023-04-24,0.0,0.17051,-0.23333,flat
TATACHEM.NS,2023-06-30,2023-07-20,0.0,0.12509,-0.25419,flat
TATACHEM.NS,2023-09-30,2023-10-20,0.0,0.15115,-0.16733,flat
TATACHEM.NS,2023-12-31,2024-01-23,0.0,-0.02267,-0.13154,flat
TATACHEM.NS,2024-03-31,2024-04-22,0.0,-0.22097,-0.2957,flat
TATACHEM.NS,2024-06-30,2024-07-22,0.0,-0.10283,-0.11846,flat
TATACHEM.NS,2024-09-30,2024-10-16,0.0,-0.16074,-0.16438,flat
TATACHEM.NS,2024-12-31,2025-01-22,0.0,-0.23361,-0.31485,flat
TATACHEM.NS,2025-03-31,2025-04-22,0.0,-0.05028,-0.08587,flat
TATACOMM.NS,2021-12-31,2022-01-21,0.0,-0.06638,-0.04622,flat
TATACOMM.NS,2022-03-31,2022-04-18,0.0,-0.01989,-0.02017,flat
TATACOMM.NS,2022-06-30,2022-07-19,0.0,0.69853,0.49048,flat
TATACOMM.NS,2022-09-30,2022-10-17,0.0,0.36905,0.23605,flat
TATACOMM.NS,2022-12-31,2023-01-12,0.0,0.23673,-0.02027,flat
TATACOMM.NS,2023-03-31,2023-04-19,0.0,0.47278,0.05982,flat
TATACOMM.NS,2023-06-30,2023-07-07,0.0,0.16452,-0.21512,flat
TATACOMM.NS,2023-09-30,2023-10-12,0.0,-0.01134,-0.32256,flat
TATACOMM.NS,2023-12-31,2024-01-11,0.0,-0.00223,-0.09664,flat
TATACOMM.NS,2024-03-31,2024-04-16,0.0,-0.13857,-0.22464,flat
TATACOMM.NS,2024-06-30,2024-07-18,0.0,-0.05765,-0.06242,flat
TATACOMM.NS,2024-09-30,2024-10-14,0.0,0.00221,0.00765,flat
TATACOMM.NS,2024-12-31,2025-01-10,0.0,0.03601,-0.04135,flat
TATACOMM.NS,2025-03-31,2025-04-21,0.0,0.03092,-0.00361,flat
TATACONSUM.NS,2021-12-31,2022-01-20,0.01,0.03108,0.0434,flat
TATACONSUM.NS,2022-03-31,2022-04-21,0.0,-0.07323,-0.07463,flat
TATACONSUM.NS,2022-06-30,2022-07-15,0.0,0.10364,-0.11935,flat
TATACONSUM.NS,2022-09-30,2022-10-24,0.0,0.18073,0.07531,flat
TATACONSUM.NS,2022-12-31,2023-01-23,-0.27,0.58312,0.29048,flat
TATACONSUM.NS,2023-03-31,2023-04-21,-0.01,0.57483,0.15478,flat
TATACONSUM.NS,2023-06-30,2023-07-13,0.01,0.45329,0.07472,flat
TATACONSUM.NS,2023-09-30,2023-10-16,-0.03,0.07832,-0.21525,flat
TATACONSUM.NS,2023-12-31,2024-01-23,0.0,-0.15038,-0.25925,flat
TATACONSUM.NS,2024-01-19,2024-01-24,-0.86,-0.10982,-0.21932,sold
TATACONSUM.NS,2024-03-31,2024-04-12,-0.01,-0.00427,-0.06885,flat
TATACONSUM.NS,2024-06-30,2024-07-22,0.0,-0.09181,-0.10744,flat
TATACONSUM.NS,2024-08-23,2024-09-02,0.29,-0.09948,-0.06028,flat
TATACONSUM.NS,2024-09-30,2024-10-14,0.0,0.05486,0.0603,flat
TATACONSUM.NS,2024-12-31,2025-01-21,0.0,0.17291,0.09598,flat
TATACONSUM.NS,2025-03-31,2025-04-17,0.0,0.04365,-0.00892,flat
TATAELXSI.NS,2021-12-31,2022-01-13,-0.21,-0.01671,-0.00051,flat
TATAELXSI.NS,2022-03-31,2022-04-18,-0.24,-0.1959,-0.19618,flat
TATAELXSI.NS,2022-06-30,2022-07-14,-0.16,-0.05531,-0.28896,flat
TATAELXSI.NS,2022-09-30,2022-10-20,0.0,0.03884,-0.07057,flat
TATAELXSI.NS,2022-12-31,2023-01-18,0.0,0.22217,-0.04343,flat
TATAELXSI.NS,2023-03-31,2023-04-18,0.0,0.1244,-0.2745,flat
TATAELXSI.NS,2023-06-30,2023-07-19,0.0,-0.06698,-0.45494,flat
TATAELXSI.NS,2023-09-30,2023-10-19,0.0,-0.06929,-0.38351,flat
TATAELXSI.NS,2023-12-31,2024-01-10,0.0,-0.28499,-0.40238,flat
TATAELXSI.NS,2024-03-31,2024-04-15,0.0,-0.23998,-0.32587,flat
TATAELXSI.NS,2024-06-30,2024-07-16,0.0,-0.10425,-0.11176,flat
TATAELXSI.NS,2024-09-30,2024-10-16,-0.01,-0.26828,-0.27192,flat
TATAELXSI.NS,2024-12-31,2025-01-10,0.0,-0.05528,-0.13263,flat
TATAELXSI.NS,2025-03-31,2025-04-21,0.0,-0.21783,-0.25236,flat
TATAINVEST.NS,2021-12-31,2022-01-18,0.0,0.55239,0.5633,flat
TATAINVEST.NS,2022-03-31,2022-04-20,0.0,0.49636,0.48666,flat
TATAINVEST.NS,2022-06-30,2022-07-19,0.0,0.76942,0.56138,flat
TATAINVEST.NS,2022-09-30,2022-10-19,0.0,0.30743,0.20876,flat
TATAINVEST.NS,2022-12-31,2023-01-17,0.0,1.12983,0.84953,flat
TATAINVEST.NS,2023-03-31,2023-04-12,0.0,2.49969,2.11746,flat
TATAINVEST.NS,2023-06-30,2023-07-18,0.0,1.69091,1.30157,flat
TATAINVEST.NS,2023-09-30,2023-10-17,0.0,0.98095,0.68427,flat
TATAINVEST.NS,2023-12-31,2024-01-18,0.0,0.30964,0.23186,flat
TATAINVEST.NS,2024-03-31,2024-04-12,0.0,-0.09268,-0.15725,flat
TATAINVEST.NS,2024-06-30,2024-07-19,0.0,0.07766,0.05251,flat
TATAINVEST.NS,2024-09-30,2024-10-10,0.0,0.36452,0.37388,flat
TATAINVEST.NS,2024-12-31,2025-01-20,0.0,-0.03255,-0.07888,flat
TATAINVEST.NS,2025-03-31,2025-04-17,0.0,0.13889,0.08632,flat
TATAPOWER.NS,2021-12-31,2022-01-14,0.0,-0.15326,-0.13351,flat
TATAPOWER.NS,2022-03-31,2022-04-20,0.0,-0.19973,-0.20944,flat
TATAPOWER.NS,2022-06-30,2022-07-21,0.0,0.02927,-0.15827,flat
TATAPOWER.NS,2022-09-30,2022-10-20,0.0,0.08862,-0.02078,flat
TATAPOWER.NS,2022-12-31,2023-01-20,0.0,0.89417,0.60556,flat
TATAPOWER.NS,2023-03-31,2023-04-20,0.0,1.30873,0.89589,flat
TATAPOWER.NS,2023-06-30,2023-07-11,0.0,0.85534,0.48189,flat
TATAPOWER.NS,2023-09-30,2023-10-19,0.0,0.70229,0.38807,flat
TATAPOWER.NS,2023-12-31,2024-01-23,0.0,0.0219,-0.08697,flat
TATAPOWER.NS,2024-03-31,2024-04-19,0.0,-0.07281,-0.15702,flat
TATAPOWER.NS,2024-06-30,2024-07-22,0.0,-0.0495,-0.06513,flat
TATAPOWER.NS,2024-09-30,2024-10-21,0.0,-0.11281,-0.13764,flat
TATAPOWER.NS,2024-12-31,2025-01-21,0.0,-0.02394,-0.10087,flat
TATAPOWER.NS,2025-03-31,2025-04-22,0.0,0.1687,0.13312,flat
TATASTEEL.NS,2021-10-30,2021-11-10,0.0,-0.13519,-0.14436,flat
TATASTEEL.NS,2021-12-27,2022-01-05,-0.49,0.06372,0.06834,flat
TATASTEEL.NS,2021-12-31,2022-01-13,0.0,0.05685,0.07305,flat
TATASTEEL.NS,2022-03-14,2022-03-24,0.0,-0.2001,-0.16693,flat
TATASTEEL.NS,2022-03-31,2022-04-21,0.0,-0.12868,-0.13008,flat
TATASTEEL.NS,2022-06-30,2022-07-15,0.0,0.34951,0.12653,flat
TATASTEEL.NS,2022-08-01,2022-08-11,0.0,0.09605,-0.01409,flat
TATASTEEL.NS,2022-09-30,2022-10-24,0.0,0.21172,0.10629,flat
TATASTEEL.NS,2022-12-31,2023-01-19,-0.02,0.13628,-0.14793,flat
TATASTEEL.NS,2023-03-18,2023-03-29,0.0,0.64514,0.18719,flat
TATASTEEL.NS,2023-03-31,2023-04-21,0.0,0.628,0.20795,flat
TATASTEEL.NS,2023-06-30,2023-07-14,0.0,0.41549,0.0262,flat
TATASTEEL.NS,2023-09-30,2023-10-19,0.0,0.20612,-0.1081,flat
TATASTEEL.NS,2023-11-22,2023-12-04,-0.2,0.17418,-0.08643,flat
TATASTEEL.NS,2023-12-31,2024-01-23,0.0,0.02815,-0.08073,flat
TATASTEEL.NS,2024-01-21,2024-02-01,-0.24,0.00304,-0.09278,flat
TATASTEEL.NS,2024-02-08,2024-02-19,-0.27,-0.01076,-0.02581,flat
TATASTEEL.NS,2024-03-31,2024-04-18,0.0,-0.11498,-0.18994,flat
TATASTEEL.NS,2024-06-30,2024-07-19,0.0,0.05575,0.0306,flat
TATASTEEL.NS,2024-09-30,2024-10-18,0.0,0.14877,0.13828,flat
TATASTEEL.NS,2024-12-31,2025-01-21,0.0,0.52946,0.45253,flat
TATASTEEL.NS,2025-03-31,2025-04-21,0.0,0.58115,0.54663,flat
TATATECH.NS,2023-12-31,2024-01-18,0.0,-0.33821,-0.41598,flat
TATATECH.NS,2024-03-31,2024-04-19,0.0,-0.31546,-0.39968,flat
TATATECH.NS,2024-06-30,2024-07-15,0.0,-0.29416,-0.29697,flat
TATATECH.NS,2024-09-30,2024-10-17,-0.17,-0.33739,-0.35359,flat
TATATECH.NS,2024-12-31,2025-01-16,0.0,-0.17863,-0.23823,flat
TATATECH.NS,2025-03-31,2025-04-22,0.0,-0.17644,-0.21203,flat
TBOTEK.NS,2024-06-30,2024-07-22,0.0,-0.1879,-0.20353,flat
TBOTEK.NS,2024-09-30,2024-10-18,0.0,-0.06055,-0.07104,flat
TBOTEK.NS,2024-12-31,2025-01-14,0.0,-0.09933,-0.16756,flat
TBOTEK.NS,2025-03-31,2025-04-21,0.0,0.14016,0.10563,flat
TCI.NS,2021-12-31,2022-01-05,0.0,-0.202,-0.19738,flat
TCI.NS,2022-03-31,2022-04-21,0.03,-0.09506,-0.09646,flat
TCI.NS,2022-06-30,2022-07-18,0.0,0.08474,-0.12353,flat
TCI.NS,2022-09-30,2022-10-17,2.46,0.00815,-0.12486,bought
TCI.NS,2022-12-31,2023-01-17,0.0,0.3976,0.1173,flat
TCI.NS,2023-03-31,2023-04-12,-0.04,0.42873,0.0465,flat
TCI.NS,2023-06-30,2023-07-17,-0.05,0.34009,-0.04647,flat
TCI.NS,2023-09-30,2023-10-12,0.0,0.29902,-0.0122,flat
TCI.NS,2023-12-31,2024-01-08,-0.02,0.3101,0.19182,flat
TCI.NS,2024-03-31,2024-04-18,0.0,0.3348,0.25985,flat
TCI.NS,2024-06-30,2024-07-22,0.02,0.28265,0.26703,flat
TCI.NS,2024-09-27,2024-10-07,-0.16,0.20187,0.19516,flat
TCI.NS,2024-09-30,2024-10-15,0.0,0.15964,0.16047,flat
TCI.NS,2024-12-31,2025-01-14,-0.04,-0.06507,-0.13329,flat
TCI.NS,2025-03-31,2025-04-21,0.07,-0.13596,-0.17049,flat
TCIEXP.NS,2021-12-31,2022-01-06,0.0,-0.15476,-0.15549,flat
TCIEXP.NS,2022-03-31,2022-04-08,-0.01,-0.19118,-0.16215,flat
TCIEXP.NS,2022-06-30,2022-07-18,0.0,-0.01937,-0.22764,flat
TCIEXP.NS,2022-09-30,2022-10-19,-0.03,-0.29092,-0.38959,flat
TCIEXP.NS,2022-12-31,2023-01-11,0.21,-0.24361,-0.52496,flat
TCIEXP.NS,2023-03-31,2023-04-13,2.79,-0.29444,-0.68071,bought
TCIEXP.NS,2023-06-30,2023-07-20,0.0,-0.19655,-0.57584,flat
TCIEXP.NS,2023-09-30,2023-10-09,-0.04,-0.25386,-0.62245,flat
TCIEXP.NS,2023-12-31,2024-01-09,0.0,-0.39621,-0.51033,flat
TCIEXP.NS,2024-03-31,2024-04-08,-0.02,-0.38024,-0.40835,flat
TCIEXP.NS,2024-06-30,2024-07-10,0.0,-0.36784,-0.38836,flat
TCIEXP.NS,2024-09-30,2024-10-08,-0.06,-0.35,-0.34074,flat
TCIEXP.NS,2024-12-31,2025-01-10,0.0,-0.34351,-0.42086,flat
TCIEXP.NS,2025-03-31,2025-04-09,0.0,-0.14068,-0.2726,flat
TCS.NS,2021-12-31,2022-01-13,0.0,-0.09827,-0.08207,flat
TCS.NS,2022-03-31,2022-04-13,0.11,-0.10662,-0.08737,flat
TCS.NS,2022-06-30,2022-07-11,0.0,0.16314,-0.05182,flat
TCS.NS,2022-09-30,2022-10-24,0.0,0.10351,-0.00192,flat
TCS.NS,2022-12-31,2023-01-23,0.0,0.18438,-0.10826,flat
TCS.NS,2023-03-31,2023-04-24,0.0,0.23448,-0.16937,flat
TCS.NS,2023-06-30,2023-07-20,0.0,0.2941,-0.08519,flat
TCS.NS,2023-09-30,2023-10-13,0.0,0.15826,-0.15211,flat
TCS.NS,2023-12-31,2024-01-23,0.11,0.09529,-0.01358,flat
TCS.NS,2024-03-31,2024-04-19,-0.64,-0.0724,-0.15661,sold
TCS.NS,2024-06-30,2024-07-22,0.0,-0.24118,-0.25681,flat
TCS.NS,2024-09-30,2024-10-15,0.0,-0.24026,-0.23944,flat
TCS.NS,2024-12-31,2025-01-20,0.0,-0.1988,-0.24512,flat
TCS.NS,2025-03-31,2025-04-21,0.0,-0.23856,-0.27309,flat
TEAMLEASE.NS,2021-12-31,2022-01-11,0.0,-0.38958,-0.37508,flat
TEAMLEASE.NS,2022-03-31,2022-04-18,-1.0,-0.45372,-0.45399,sold
TEAMLEASE.NS,2022-06-30,2022-07-12,0.0,-0.29727,-0.52765,flat
TEAMLEASE.NS,2022-09-30,2022-10-17,0.0,-0.13118,-0.26418,flat
TEAMLEASE.NS,2022-12-31,2023-01-16,0.0,0.22156,-0.04551,flat
TEAMLEASE.NS,2023-03-31,2023-04-18,0.0,0.50107,0.10218,flat
TEAMLEASE.NS,2023-06-30,2023-07-17,0.1,0.40505,0.01848,flat
TEAMLEASE.NS,2023-09-30,2023-10-17,0.0,0.08354,-0.21314,flat
TEAMLEASE.NS,2023-12-31,2024-01-12,0.0,-0.18312,-0.26673,flat
TEAMLEASE.NS,2024-03-31,2024-04-09,0.0,-0.41845,-0.4613,flat
TEAMLEASE.NS,2024-06-30,2024-07-11,0.0,-0.31456,-0.33487,flat
TEAMLEASE.NS,2024-09-30,2024-10-09,0.0,-0.43337,-0.41576,flat
TEAMLEASE.NS,2024-12-31,2025-01-20,0.0,-0.49843,-0.54476,flat
TEAMLEASE.NS,2025-03-31,2025-04-22,0.0,-0.35696,-0.39254,flat
TECHM.NS,2021-12-31,2022-01-14,-0.03,-0.36512,-0.34537,flat
TECHM.NS,2022-03-31,2022-04-20,-0.41,-0.2029,-0.2126,flat
TECHM.NS,2022-06-30,2022-07-20,-0.02,0.13082,-0.06367,flat
TECHM.NS,2022-09-30,2022-10-21,-0.02,0.13004,0.01433,flat
TECHM.NS,2022-12-31,2023-01-18,-0.03,0.30392,0.03833,flat
TECHM.NS,2023-03-31,2023-04-17,-0.01,0.19876,-0.20136,flat
TECHM.NS,2023-06-30,2023-07-20,-0.02,0.30228,-0.07701,flat
TECHM.NS,2023-09-30,2023-10-16,-0.03,0.49172,0.19816,flat
TECHM.NS,2023-12-31,2024-01-16,-0.02,0.34106,0.26584,flat
TECHM.NS,2024-03-31,2024-04-18,-0.02,0.27365,0.19869,flat
TECHM.NS,2024-06-30,2024-07-22,-0.04,0.02951,0.01389,flat
TECHM.NS,2024-09-30,2024-10-17,-0.02,-0.10579,-0.122,flat
TECHM.NS,2024-12-31,2025-01-21,-0.02,0.1057,0.02877,flat
TECHM.NS,2025-03-31,2025-04-22,0.0,0.0912,0.05562,flat
TECHNOE.NS,2021-12-31,2022-01-17,0.0,0.432,0.45946,flat
TECHNOE.NS,2022-03-31,2022-04-20,0.01,0.17128,0.16157,flat
TECHNOE.NS,2022-06-30,2022-07-19,-0.01,0.601,0.39295,flat
TECHNOE.NS,2022-09-30,2022-10-18,0.02,0.82111,0.70792,flat
TECHNOE.NS,2022-12-31,2023-01-05,0.96,1.14559,0.85317,bought
TECHNOE.NS,2023-03-31,2023-04-21,0.35,1.99386,1.57381,flat
TECHNOE.NS,2023-06-30,2023-07-07,0.0,2.77629,2.39665,flat
TECHNOE.NS,2023-09-30,2023-10-13,0.0,1.99275,1.68238,flat
TECHNOE.NS,2023-12-31,2024-01-17,0.0,0.39726,0.32422,flat
TECHNOE.NS,2024-03-31,2024-04-12,0.0,0.3739,0.30932,flat
TECHNOE.NS,2024-06-30,2024-07-22,0.0,-0.04814,-0.06377,flat
TECHNOE.NS,2024-07-19,2024-07-31,-4.59,-0.15568,-0.12718,sold
TECHNOE.NS,2024-09-30,2024-10-08,0.0,-0.15771,-0.14845,flat
TECHNOE.NS,2024-12-31,2025-01-15,0.0,-0.27738,-0.33696,flat
TECHNOE.NS,2025-03-31,2025-04-21,0.0,0.1003,0.06577,flat
TEGA.NS,2021-12-31,2022-01-14,0.0,-0.01644,0.00331,flat
TEGA.NS,2022-03-31,2022-04-18,0.0,0.42526,0.42498,flat
TEGA.NS,2022-06-30,2022-07-21,0.0,1.04719,0.85965,flat
TEGA.NS,2022-09-30,2022-10-20,0.0,0.57789,0.46848,flat
TEGA.NS,2022-12-31,2023-01-18,0.0,0.95265,0.68705,flat
TEGA.NS,2023-03-31,2023-04-12,-0.07,1.17768,0.79545,flat
TEGA.NS,2023-06-30,2023-07-18,-4.11,0.80986,0.42052,sold
TEGA.NS,2023-09-30,2023-10-17,-0.11,1.17396,0.87728,flat
TEGA.NS,2023-12-31,2024-01-23,0.0,0.39296,0.28409,flat
TEGA.NS,2024-03-31,2024-04-22,-0.09,-0.04064,-0.11537,flat
TEGA.NS,2024-06-30,2024-07-19,0.0,0.13441,0.10926,flat
TEGA.NS,2024-09-30,2024-10-18,0.0,0.01936,0.00886,flat
TEGA.NS,2024-12-31,2025-01-21,0.01,0.04767,-0.02926,flat
TEGA.NS,2025-03-31,2025-04-21,0.0,0.17205,0.13752,flat
TEJASNET.NS,2021-10-29,2021-11-17,37.37,0.29421,0.28883,bought
TEJASNET.NS,2021-12-31,2022-01-14,-0.05,0.08652,0.10627,flat
TEJASNET.NS,2022-03-31,2022-04-18,-0.15,0.35953,0.35925,flat
TEJASNET.NS,2022-04-08,2022-04-18,15.28,0.35953,0.35925,bought
TEJASNET.NS,2022-06-30,2022-07-14,-0.05,0.81414,0.58049,flat
TEJASNET.NS,2022-09-30,2022-10-19,-0.2,0.23027,0.13159,flat
TEJASNET.NS,2022-12-31,2023-01-16,-0.23,0.36653,0.09946,flat
TEJASNET.NS,2023-02-06,2023-02-09,4.41,0.36154,0.01279,bought
TEJASNET.NS,2023-03-31,2023-04-17,-0.01,0.6134,0.21327,flat
TEJASNET.NS,2023-06-30,2023-07-11,-0.4,0.71475,0.3413,flat
TEJASNET.NS,2023-09-30,2023-10-17,-0.05,0.42683,0.13015,flat
TEJASNET.NS,2023-12-31,2024-01-17,-0.12,0.0481,-0.02493,flat
TEJASNET.NS,2024-03-31,2024-04-12,-0.2,0.13374,0.06916,flat
TEJASNET.NS,2024-06-30,2024-07-18,-0.1,-0.56325,-0.56802,flat
TEJASNET.NS,2024-09-30,2024-10-18,-0.08,-0.5448,-0.55529,flat
TEJASNET.NS,2024-12-31,2025-01-22,-1.41,-0.70185,-0.78309,sold
TEJASNET.NS,2025-03-31,2025-04-15,-0.18,-0.53114,-0.60311,flat
THERMAX.NS,2021-12-31,2022-01-12,0.0,-0.01119,0.00616,flat
THERMAX.NS,2022-03-31,2022-04-19,0.0,0.06292,0.04737,flat
THERMAX.NS,2022-06-30,2022-07-19,0.0,0.21029,0.00224,flat
THERMAX.NS,2022-09-30,2022-10-20,0.0,0.39485,0.28545,flat
THERMAX.NS,2022-12-31,2023-01-12,0.0,0.5124,0.2554,flat
THERMAX.NS,2023-03-31,2023-04-18,0.0,0.93383,0.53493,flat
THERMAX.NS,2023-06-30,2023-07-14,0.0,1.19049,0.80121,flat
THERMAX.NS,2023-09-30,2023-10-10,0.0,0.76843,0.42399,flat
THERMAX.NS,2023-12-31,2024-01-08,0.0,0.26714,0.14886,flat
THERMAX.NS,2024-03-31,2024-04-10,0.0,-0.24532,-0.29746,flat
THERMAX.NS,2024-06-30,2024-07-12,0.0,-0.25716,-0.2712,flat
THERMAX.NS,2024-09-30,2024-10-08,0.0,-0.37027,-0.36101,flat
THERMAX.NS,2024-12-31,2025-01-13,0.0,-0.18875,-0.28903,flat
THERMAX.NS,2025-03-31,2025-04-11,0.0,0.31892,0.21105,flat
THYROCARE.NS,2021-12-31,2022-01-18,-0.04,-0.43306,-0.42215,flat
THYROCARE.NS,2022-03-31,2022-04-20,0.0,-0.45691,-0.46662,flat
THYROCARE.NS,2022-06-30,2022-07-21,0.0,-0.01273,-0.20027,flat
THYROCARE.NS,2022-09-30,2022-10-24,-0.04,-0.11266,-0.21809,flat
THYROCARE.NS,2022-12-31,2023-01-19,0.0,0.13362,-0.15059,flat
THYROCARE.NS,2023-03-31,2023-04-20,0.0,0.36961,-0.04322,flat
THYROCARE.NS,2023-06-30,2023-07-21,0.0,0.39504,0.0191,flat
THYROCARE.NS,2023-09-30,2023-10-19,0.0,0.72455,0.41033,flat
THYROCARE.NS,2023-12-31,2024-01-17,-0.03,0.26984,0.1968,flat
THYROCARE.NS,2024-03-31,2024-04-18,0.0,0.49392,0.41896,flat
THYROCARE.NS,2024-06-30,2024-07-15,0.0,0.88743,0.88462,flat
THYROCARE.NS,2024-09-30,2024-10-21,0.0,0.46446,0.43963,flat
THYROCARE.NS,2024-12-31,2025-01-20,-0.05,0.65622,0.6099,flat
THYROCARE.NS,2025-03-31,2025-04-16,0.0,0.71479,0.66033,flat
TIINDIA.NS,2021-09-30,2021-10-21,-0.17,0.94098,0.9567,flat
TIINDIA.NS,2021-12-31,2022-01-20,-0.01,0.43041,0.44272,flat
TIINDIA.NS,2022-03-31,2022-04-21,-0.02,0.42961,0.42821,flat
TIINDIA.NS,2022-06-30,2022-07-20,-0.01,0.42458,0.23009,flat
TIINDIA.NS,2022-09-30,2022-10-24,0.0,0.15944,0.05401,flat
TIINDIA.NS,2022-12-31,2023-01-23,-0.02,0.40996,0.11732,flat
TIINDIA.NS,2023-03-31,2023-04-24,-0.22,0.49442,0.09058,flat
TIINDIA.NS,2023-06-30,2023-07-20,-0.08,0.2941,-0.08519,flat
TIINDIA.NS,2023-09-30,2023-10-23,-0.02,0.54037,0.18896,flat
TIINDIA.NS,2023-12-31,2024-01-23,-1.01,-0.16292,-0.2718,sold
TIINDIA.NS,2024-03-31,2024-04-19,0.0,-0.24351,-0.32772,flat
TIINDIA.NS,2024-06-30,2024-07-22,-0.06,-0.28688,-0.30251,flat
TIINDIA.NS,2024-09-30,2024-10-22,-0.07,-0.3025,-0.34625,flat
TIINDIA.NS,2024-12-31,2025-01-21,-0.86,-0.32449,-0.40142,sold
TIINDIA.NS,2025-03-31,2025-04-21,-0.01,0.15879,0.12426,flat
TIMETECHNO.NS,2021-12-31,2022-01-20,0.0,-0.04051,-0.0282,flat
TIMETECHNO.NS,2022-03-31,2022-04-22,0.0,-0.14875,-0.17055,flat
TIMETECHNO.NS,2022-06-30,2022-07-21,0.0,0.31344,0.1259,flat
TIMETECHNO.NS,2022-09-30,2022-10-24,0.0,0.59481,0.48938,flat
TIMETECHNO.NS,2022-12-31,2023-01-20,0.0,0.98007,0.69146,flat
TIMETECHNO.NS,2023-03-31,2023-04-24,0.14,2.3947,1.99086,flat
TIMETECHNO.NS,2023-06-30,2023-07-11,0.22,1.53861,1.16516,flat
TIMETECHNO.NS,2023-09-30,2023-10-12,0.0,1.86593,1.55471,flat
TIMETECHNO.NS,2023-12-31,2024-01-23,-0.18,1.34797,1.2391,flat
TIMETECHNO.NS,2024-03-31,2024-04-19,0.05,0.32794,0.24373,flat
TIMETECHNO.NS,2024-06-30,2024-07-15,0.0,0.39475,0.39193,flat
TIMETECHNO.NS,2024-09-30,2024-10-18,0.0,-0.05892,-0.06941,flat
TIMETECHNO.NS,2024-12-31,2025-01-16,0.0,-0.20468,-0.26428,flat
TIMETECHNO.NS,2025-03-31,2025-04-21,0.06,-0.0122,-0.04673,flat
TIMKEN.NS,2021-12-31,2022-01-13,0.0,0.51366,0.52986,flat
TIMKEN.NS,2022-03-31,2022-04-20,0.0,0.39924,0.38953,flat
TIMKEN.NS,2022-06-30,2022-07-15,0.0,0.22836,0.00537,flat
TIMKEN.NS,2022-09-30,2022-10-20,0.0,-0.0343,-0.1437,flat
TIMKEN.NS,2022-12-31,2023-01-17,0.0,0.04523,-0.23507,flat
TIMKEN.NS,2023-03-31,2023-04-19,0.0,0.05677,-0.35619,flat
TIMKEN.NS,2023-06-30,2023-07-13,-10.1,0.16433,-0.21424,sold
TIMKEN.NS,2023-09-30,2023-10-13,0.0,0.11012,-0.20026,flat
TIMKEN.NS,2023-12-31,2024-01-12,0.0,-0.16216,-0.24577,flat
TIMKEN.NS,2024-03-31,2024-04-18,0.0,-0.16851,-0.24347,flat
TIMKEN.NS,2024-06-30,2024-07-16,-6.65,-0.10952,-0.11703,sold
TIMKEN.NS,2024-09-30,2024-10-16,0.0,-0.20607,-0.20971,flat
TIMKEN.NS,2024-12-31,2025-01-16,0.0,0.05525,-0.00435,flat
TIMKEN.NS,2025-03-31,2025-04-21,0.0,0.36487,0.33034,flat
TITAGARH.NS,2021-12-31,2022-01-20,1.23,0.94136,0.95367,bought
TITAGARH.NS,2022-03-31,2022-04-20,0.05,1.9269,1.9172,flat
TITAGARH.NS,2022-06-30,2022-07-20,0.21,4.28822,4.09373,flat
TITAGARH.NS,2022-09-30,2022-10-20,0.0,3.5795,3.4701,flat
TITAGARH.NS,2022-12-31,2023-01-13,0.56,3.9457,3.67821,bought
TITAGARH.NS,2023-03-31,2023-04-19,0.01,2.47084,2.05788,flat
TITAGARH.NS,2023-06-30,2023-07-21,-0.01,1.43691,1.06096,flat
TITAGARH.NS,2023-07-07,2023-07-11,-2.85,2.10727,1.73382,sold
TITAGARH.NS,2023-09-30,2023-10-20,0.0,0.44789,0.12942,flat
TITAGARH.NS,2023-12-13,2023-12-14,-2.51,0.21395,0.03324,sold
TITAGARH.NS,2023-12-31,2024-01-18,0.0,-0.13059,-0.20836,flat
TITAGARH.NS,2024-03-31,2024-04-19,0.0,-0.20083,-0.28504,flat
TITAGARH.NS,2024-06-30,2024-07-22,-2.0,-0.44213,-0.45775,sold
TITAGARH.NS,2024-09-30,2024-10-21,0.0,-0.2127,-0.23753,flat
TITAGARH.NS,2024-12-31,2025-01-20,0.0,-0.28193,-0.32825,flat
TITAGARH.NS,2025-03-31,2025-04-21,0.0,-0.00463,-0.03916,flat
TITAN.NS,2021-12-31,2022-01-14,0.0,-0.07685,-0.0571,flat
TITAN.NS,2022-03-31,2022-04-18,0.0,0.05831,0.05804,flat
TITAN.NS,2022-06-30,2022-07-18,0.0,0.35816,0.14989,flat
TITAN.NS,2022-09-30,2022-10-20,0.0,0.18974,0.08034,flat
TITAN.NS,2022-12-31,2023-01-16,0.0,0.57217,0.30511,flat
TITAN.NS,2023-03-31,2023-04-17,0.0,0.37499,-0.02514,flat
TITAN.NS,2023-06-30,2023-07-19,0.0,0.15844,-0.22953,flat
TITAN.NS,2023-09-30,2023-10-23,0.0,0.02631,-0.32509,flat
TITAN.NS,2023-12-31,2024-01-19,0.0,-0.11253,-0.19613,flat
TITAN.NS,2024-03-31,2024-04-19,0.0,-0.05134,-0.13555,flat
TITAN.NS,2024-06-30,2024-07-12,0.0,0.06619,0.05215,flat
TITAN.NS,2024-09-30,2024-10-18,0.0,0.10192,0.09143,flat
TITAN.NS,2024-12-31,2025-01-16,0.0,0.2152,0.1556,flat
TITAN.NS,2025-03-31,2025-04-11,0.0,0.38119,0.27332,flat
TMB.NS,2022-09-30,2022-10-20,0.0,0.18891,0.0795,flat
TMB.NS,2022-12-31,2023-01-20,0.0,0.06579,-0.22281,flat
TMB.NS,2023-03-31,2023-04-20,0.0,0.20997,-0.20287,flat
TMB.NS,2023-06-30,2023-07-13,0.0,0.08303,-0.29554,flat
TMB.NS,2023-09-30,2023-10-13,0.0,-0.23726,-0.54763,flat
TMB.NS,2023-12-31,2024-01-15,0.0,-0.08807,-0.17117,flat
TMB.NS,2024-03-31,2024-04-19,0.0,-0.05756,-0.14177,flat
TMB.NS,2024-06-30,2024-07-16,0.0,-0.00422,-0.01173,flat
TMB.NS,2024-09-30,2024-10-18,0.0,0.0434,0.03291,flat
TMB.NS,2024-12-31,2025-01-13,0.0,0.28681,0.18653,flat
TMB.NS,2025-03-31,2025-04-15,0.0,0.56719,0.49522,flat
TMPV.NS,2021-12-31,2022-01-19,-0.01,-0.1895,-0.18407,flat
TMPV.NS,2022-03-31,2022-04-20,0.0,0.08546,0.07576,flat
TMPV.NS,2022-06-30,2022-07-19,0.0,0.42768,0.21964,flat
TMPV.NS,2022-09-30,2022-10-24,0.0,0.57024,0.46481,flat
TMPV.NS,2022-12-31,2023-01-23,-0.01,1.1584,0.86575,flat
TMPV.NS,2023-03-31,2023-04-21,0.0,1.18804,0.76799,flat
TMPV.NS,2023-06-30,2023-07-20,0.0,0.85808,0.47879,flat
TMPV.NS,2023-09-30,2023-10-23,-0.01,0.31099,-0.04042,flat
TMPV.NS,2023-12-31,2024-01-23,-0.01,-0.12404,-0.23291,flat
TMPV.NS,2024-03-31,2024-04-18,-0.01,-0.32125,-0.3962,flat
TMPV.NS,2024-06-30,2024-07-22,0.0,-0.2957,-0.31132,flat
TMPV.NS,2024-09-01,2024-09-11,-4.5,-0.26315,-0.25627,sold
TMPV.NS,2024-09-30,2024-10-17,0.72,-0.54089,-0.5571,bought
TMPV.NS,2024-12-31,2025-01-20,0.0,-0.55643,-0.60275,flat
TMPV.NS,2025-03-31,2025-04-17,0.0,-0.42499,-0.47756,flat
TORNTPHARM.NS,2021-12-31,2022-01-14,0.0,0.01965,0.0394,flat
TORNTPHARM.NS,2022-03-31,2022-04-18,0.0,0.15625,0.15597,flat
TORNTPHARM.NS,2022-06-30,2022-07-14,0.0,0.31011,0.07645,flat
TORNTPHARM.NS,2022-07-13,2022-07-14,0.0,0.31011,0.07645,flat
TORNTPHARM.NS,2022-09-30,2022-10-14,0.0,0.20195,0.04038,flat
TORNTPHARM.NS,2022-12-31,2023-01-16,0.0,0.59646,0.3294,flat
TORNTPHARM.NS,2023-03-31,2023-04-18,0.0,0.70889,0.31,flat
TORNTPHARM.NS,2023-06-30,2023-07-19,0.0,0.6653,0.27734,flat
TORNTPHARM.NS,2023-09-30,2023-10-10,0.0,0.83488,0.49045,flat
TORNTPHARM.NS,2023-12-31,2024-01-15,0.0,0.33241,0.24931,flat
TORNTPHARM.NS,2024-03-31,2024-04-22,0.0,0.29468,0.21995,flat
TORNTPHARM.NS,2024-06-30,2024-07-15,0.0,0.20378,0.20097,flat
TORNTPHARM.NS,2024-09-30,2024-10-14,0.0,0.03701,0.04245,flat
TORNTPHARM.NS,2024-12-31,2025-01-17,-2.94,0.25058,0.20326,sold
TORNTPHARM.NS,2025-03-31,2025-04-21,0.0,0.2965,0.26197,flat
TORNTPOWER.NS,2021-12-31,2022-01-12,0.0,-0.14265,-0.1253,flat
TORNTPOWER.NS,2022-03-31,2022-04-18,0.0,-0.00406,-0.00434,flat
TORNTPOWER.NS,2022-06-30,2022-07-13,0.0,0.34014,0.0986,flat
TORNTPOWER.NS,2022-09-30,2022-10-21,0.0,0.56791,0.4522,flat
TORNTPOWER.NS,2022-12-31,2023-01-13,0.0,1.18466,0.91717,flat
TORNTPOWER.NS,2023-03-31,2023-04-17,0.0,1.95086,1.55073,flat
TORNTPOWER.NS,2023-06-30,2023-07-17,0.0,1.64339,1.25683,flat
TORNTPOWER.NS,2023-09-30,2023-10-05,0.0,1.69273,1.31605,flat
TORNTPOWER.NS,2023-12-31,2024-01-15,0.0,0.42596,0.34286,flat
TORNTPOWER.NS,2024-03-31,2024-04-22,0.0,0.06712,-0.00761,flat
TORNTPOWER.NS,2024-06-30,2024-07-19,0.0,-0.09803,-0.12318,flat
TORNTPOWER.NS,2024-09-30,2024-10-11,0.0,-0.28055,-0.27854,flat
TORNTPOWER.NS,2024-12-05,2024-12-09,-2.48,-0.2043,-0.22294,sold
TORNTPOWER.NS,2024-12-31,2025-01-14,0.0,-0.02704,-0.09526,flat
TORNTPOWER.NS,2025-03-31,2025-04-17,0.0,0.12963,0.07706,flat
TRENT.NS,2022-03-31,2022-04-13,0.0,0.12291,0.14217,flat
TRENT.NS,2022-06-30,2022-07-20,0.0,0.41441,0.21992,flat
TRENT.NS,2022-09-30,2022-10-24,0.0,0.50905,0.40362,flat
TRENT.NS,2022-12-31,2023-01-13,0.0,1.67621,1.40873,flat
TRENT.NS,2023-03-31,2023-04-21,0.0,2.36231,1.94226,flat
TRENT.NS,2023-06-30,2023-07-18,0.0,2.32667,1.93733,flat
TRENT.NS,2023-09-30,2023-10-16,0.0,2.49433,2.20076,flat
TRENT.NS,2023-12-31,2024-01-12,0.0,0.75238,0.66877,flat
TRENT.NS,2024-03-31,2024-04-18,0.0,0.25941,0.18446,flat
TRENT.NS,2024-06-30,2024-07-12,0.0,-0.04081,-0.05485,flat
TRENT.NS,2024-09-30,2024-10-21,0.0,-0.36877,-0.3936,flat
TRENT.NS,2024-12-31,2025-01-14,0.0,-0.58468,-0.6529,flat
TRENT.NS,2025-03-31,2025-04-11,0.0,-0.38123,-0.48911,flat
TRIDENT.NS,2021-12-31,2022-01-12,-0.08,-0.42446,-0.40712,flat
TRIDENT.NS,2022-03-31,2022-04-21,0.0,-0.43429,-0.43569,flat
TRIDENT.NS,2022-06-30,2022-07-21,0.0,-0.20051,-0.38806,flat
TRIDENT.NS,2022-09-30,2022-10-24,0.0,-0.01565,-0.12107,flat
TRIDENT.NS,2022-12-31,2023-01-23,0.0,0.4467,0.15406,flat
TRIDENT.NS,2023-03-31,2023-04-24,0.25,0.30099,-0.10285,flat
TRIDENT.NS,2023-06-30,2023-07-21,0.0,0.16027,-0.21568,flat
TRIDENT.NS,2023-09-30,2023-10-20,0.0,-0.01509,-0.33357,flat
TRIDENT.NS,2023-12-31,2024-01-18,0.0,-0.36177,-0.43954,flat
TRIDENT.NS,2024-03-31,2024-04-15,0.0,-0.23318,-0.31907,flat
TRIDENT.NS,2024-06-30,2024-07-18,0.0,-0.17904,-0.18381,flat
TRIDENT.NS,2024-09-30,2024-10-21,0.0,-0.14433,-0.16916,flat
TRIDENT.NS,2024-12-31,2025-01-20,0.0,-0.18943,-0.23576,flat
TRIDENT.NS,2025-03-31,2025-04-21,0.49,-0.03357,-0.0681,flat
TRITURBINE.NS,2022-03-31,2022-04-19,0.0,0.6843,0.66875,flat
TRITURBINE.NS,2022-06-30,2022-07-19,0.0,1.57929,1.37125,flat
TRITURBINE.NS,2022-09-30,2022-10-21,-11.84,0.18096,0.06525,sold
TRITURBINE.NS,2022-12-31,2023-01-18,0.0,0.27711,0.01152,flat
TRITURBINE.NS,2023-03-31,2023-04-19,-0.1,0.60333,0.19037,flat
TRITURBINE.NS,2023-06-30,2023-07-13,0.0,0.51536,0.13679,flat
TRITURBINE.NS,2023-09-30,2023-10-18,0.0,0.79753,0.48324,flat
TRITURBINE.NS,2023-12-31,2024-01-11,0.0,0.72984,0.63543,flat
TRITURBINE.NS,2024-03-31,2024-04-12,0.0,-0.06068,-0.12526,flat
TRITURBINE.NS,2024-06-30,2024-07-11,0.0,0.04039,0.02008,flat
TRITURBINE.NS,2024-09-30,2024-10-17,0.0,-0.31063,-0.32684,flat
TRITURBINE.NS,2024-12-31,2025-01-15,0.0,-0.32666,-0.38624,flat
TRITURBINE.NS,2025-03-31,2025-04-21,0.0,0.14422,0.10969,flat
TRIVENI.NS,2021-12-31,2022-01-17,0.0,0.08594,0.1134,flat
TRIVENI.NS,2022-03-31,2022-04-20,0.0,-0.14935,-0.15905,flat
TRIVENI.NS,2022-06-30,2022-07-19,0.0,0.22704,0.01899,flat
TRIVENI.NS,2022-09-30,2022-10-19,-0.17,0.34319,0.24452,flat
TRIVENI.NS,2022-12-31,2023-01-18,-7.03,0.16061,-0.10499,sold
TRIVENI.NS,2023-03-08,2023-03-20,-0.25,0.24793,-0.18341,flat
TRIVENI.NS,2023-03-31,2023-04-19,0.0,0.33386,-0.0791,flat
TRIVENI.NS,2023-06-30,2023-07-13,0.0,0.48878,0.11021,flat
TRIVENI.NS,2023-09-30,2023-10-18,0.0,0.02421,-0.29008,flat
TRIVENI.NS,2023-12-31,2024-01-11,0.0,0.21389,0.11949,flat
TRIVENI.NS,2024-03-31,2024-04-12,0.0,0.23042,0.16584,flat
TRIVENI.NS,2024-06-30,2024-07-11,0.0,-0.12251,-0.14282,flat
TRIVENI.NS,2024-09-30,2024-10-17,0.0,-0.17012,-0.18633,flat
TRIVENI.NS,2024-12-31,2025-01-13,0.0,-0.13526,-0.23554,flat
TRIVENI.NS,2025-03-31,2025-04-11,0.0,0.09506,-0.01281,flat
TTKPRESTIG.NS,2021-12-15,2021-12-28,0.0,-0.1714,-0.21551,flat
TTKPRESTIG.NS,2021-12-31,2022-01-19,0.0,-0.2047,-0.19927,flat
TTKPRESTIG.NS,2022-03-31,2022-04-12,0.0,-0.13265,-0.11268,flat
TTKPRESTIG.NS,2022-06-30,2022-07-13,0.0,-0.04942,-0.29096,flat
TTKPRESTIG.NS,2022-09-30,2022-10-19,0.0,-0.19135,-0.29002,flat
TTKPRESTIG.NS,2022-12-31,2023-01-12,0.0,-0.02809,-0.28509,flat
TTKPRESTIG.NS,2023-03-31,2023-04-10,0.0,-0.02021,-0.39847,flat
TTKPRESTIG.NS,2023-06-30,2023-07-17,0.0,0.17014,-0.21642,flat
TTKPRESTIG.NS,2023-09-30,2023-10-20,0.0,0.07005,-0.24843,flat
TTKPRESTIG.NS,2023-12-31,2024-01-10,0.0,0.01465,-0.10274,flat
TTKPRESTIG.NS,2024-03-31,2024-04-18,0.0,-0.06611,-0.14106,flat
TTKPRESTIG.NS,2024-06-30,2024-07-19,0.0,-0.27931,-0.30446,flat
TTKPRESTIG.NS,2024-09-30,2024-10-21,0.11,-0.25581,-0.28064,flat
TTKPRESTIG.NS,2024-12-31,2025-01-21,0.0,-0.19886,-0.27579,flat
TTKPRESTIG.NS,2025-03-31,2025-04-08,0.0,-0.219,-0.33545,flat
TTML.NS,2021-12-31,2022-01-13,0.0,-0.66628,-0.65008,flat
TTML.NS,2022-03-31,2022-04-12,0.0,-0.68873,-0.66876,flat
TTML.NS,2022-06-30,2022-07-13,0.0,-0.30174,-0.54328,flat
TTML.NS,2022-09-30,2022-10-17,0.0,-0.21583,-0.34883,flat
TTML.NS,2022-12-31,2023-01-09,0.0,0.02369,-0.23764,flat
TTML.NS,2023-03-31,2023-04-10,0.0,0.2338,-0.14446,flat
TTML.NS,2023-06-30,2023-07-10,0.0,0.36495,-0.021,flat
TTML.NS,2023-09-30,2023-10-11,0.0,-0.23697,-0.54759,flat
TTML.NS,2023-12-31,2024-01-05,0.0,-0.23821,-0.33829,flat
TTML.NS,2024-03-31,2024-04-08,0.0,-0.25492,-0.28303,flat
TTML.NS,2024-06-30,2024-07-18,0.0,-0.35628,-0.36106,flat
TTML.NS,2024-09-30,2024-10-14,0.0,-0.31332,-0.30788,flat
TTML.NS,2024-12-31,2025-01-14,0.0,-0.37315,-0.44138,flat
TTML.NS,2025-03-31,2025-04-15,0.0,-0.22562,-0.29759,flat
TVSMOTOR.NS,2021-12-31,2022-01-14,0.0,0.54889,0.56864,flat
TVSMOTOR.NS,2022-03-31,2022-04-22,-1.45,0.77194,0.75014,sold
TVSMOTOR.NS,2022-06-30,2022-07-15,0.0,0.50697,0.28399,flat
TVSMOTOR.NS,2022-09-30,2022-10-21,0.0,0.41596,0.30025,flat
TVSMOTOR.NS,2022-12-31,2023-01-18,-0.54,0.96323,0.69764,sold
TVSMOTOR.NS,2023-03-31,2023-04-20,0.0,0.83354,0.42071,flat
TVSMOTOR.NS,2023-06-30,2023-07-20,0.0,0.92872,0.54943,flat
TVSMOTOR.NS,2023-09-30,2023-10-23,0.0,0.58942,0.23801,flat
TVSMOTOR.NS,2023-12-31,2024-01-19,0.0,0.21477,0.13117,flat
TVSMOTOR.NS,2024-03-31,2024-04-22,0.0,0.39653,0.3218,flat
TVSMOTOR.NS,2024-06-30,2024-07-22,0.0,0.15795,0.14233,flat
TVSMOTOR.NS,2024-09-30,2024-10-21,0.0,0.33506,0.31023,flat
TVSMOTOR.NS,2024-12-31,2025-01-22,0.0,0.6145,0.53326,flat
TVSMOTOR.NS,2025-03-31,2025-04-22,0.0,0.30229,0.26671,flat
TVTODAY.NS,2021-12-31,2022-01-11,0.0,-0.35864,-0.34415,flat
TVTODAY.NS,2022-03-31,2022-04-12,0.0,-0.39803,-0.37806,flat
TVTODAY.NS,2022-06-30,2022-07-13,0.0,-0.00241,-0.24395,flat
TVTODAY.NS,2022-09-30,2022-10-17,0.0,0.0326,-0.1004,flat
TVTODAY.NS,2022-12-31,2023-01-10,0.0,0.25583,-0.01102,flat
TVTODAY.NS,2023-03-31,2023-04-17,0.0,0.24747,-0.15266,flat
TVTODAY.NS,2023-06-30,2023-07-17,0.0,0.25595,-0.13061,flat
TVTODAY.NS,2023-09-30,2023-10-13,0.0,-0.01327,-0.32364,flat
TVTODAY.NS,2023-12-31,2024-01-16,0.0,-0.15922,-0.23443,flat
TVTODAY.NS,2024-03-31,2024-04-15,0.0,-0.21021,-0.2961,flat
TVTODAY.NS,2024-06-30,2024-07-09,0.0,-0.266,-0.27648,flat
TVTODAY.NS,2024-09-30,2024-10-09,0.0,-0.33413,-0.31652,flat
TVTODAY.NS,2024-12-31,2025-01-10,0.0,-0.33535,-0.4127,flat
TVTODAY.NS,2025-03-31,2025-04-11,0.0,-0.26728,-0.37515,flat
UBL.NS,2021-12-31,2022-01-21,0.0,-0.00866,0.0115,flat
UBL.NS,2022-03-31,2022-04-21,0.0,-0.01307,-0.01448,flat
UBL.NS,2022-06-30,2022-07-21,0.0,-0.05316,-0.2407,flat
UBL.NS,2022-09-30,2022-10-18,0.0,-0.04895,-0.16214,flat
UBL.NS,2022-12-31,2023-01-09,0.0,0.10482,-0.15651,flat
UBL.NS,2023-03-31,2023-04-10,0.0,0.31821,-0.06005,flat
UBL.NS,2023-06-30,2023-07-07,0.0,0.36314,-0.0165,flat
UBL.NS,2023-09-30,2023-10-09,-1.72,0.27007,-0.09852,sold
UBL.NS,2023-12-31,2024-01-08,-0.16,0.04107,-0.07722,flat
UBL.NS,2024-03-31,2024-04-09,0.0,0.18271,0.13986,flat
UBL.NS,2024-06-30,2024-07-18,0.0,-0.02198,-0.02675,flat
UBL.NS,2024-09-30,2024-10-17,0.0,-0.07282,-0.08903,flat
UBL.NS,2024-12-31,2025-01-17,0.0,-0.25746,-0.30478,flat
UBL.NS,2025-03-31,2025-04-17,0.0,-0.30762,-0.36019,flat
UCOBANK.NS,2021-12-31,2022-01-05,0.0,1.23308,1.2377,flat
UCOBANK.NS,2022-03-31,2022-04-07,0.0,1.16535,1.18489,flat
UCOBANK.NS,2022-06-30,2022-07-07,0.0,1.48214,1.26422,flat
UCOBANK.NS,2022-09-30,2022-10-11,0.0,2.53219,2.34568,flat
UCOBANK.NS,2022-12-31,2023-01-10,0.0,0.39394,0.12709,flat
UCOBANK.NS,2023-03-31,2023-04-05,0.0,1.12992,0.74149,flat
UCOBANK.NS,2023-06-30,2023-07-10,0.0,0.97492,0.58897,flat
UCOBANK.NS,2023-09-30,2023-10-10,0.0,0.10787,-0.23656,flat
UCOBANK.NS,2023-12-31,2024-01-08,0.0,0.06731,-0.05098,flat
UCOBANK.NS,2024-03-31,2024-04-08,0.0,-0.45495,-0.48306,flat
UCOBANK.NS,2024-06-30,2024-07-08,0.0,-0.4075,-0.42106,flat
UCOBANK.NS,2024-09-30,2024-10-07,0.0,-0.27705,-0.28377,flat
UCOBANK.NS,2024-12-31,2025-01-13,0.0,-0.22157,-0.32185,flat
UCOBANK.NS,2025-03-28,2025-04-07,-4.44,-0.03354,-0.171,sold
UCOBANK.NS,2025-03-31,2025-04-07,0.0,-0.03354,-0.171,flat
UFLEX.NS,2021-12-31,2022-01-12,0.0,0.10136,0.11871,flat
UFLEX.NS,2022-03-31,2022-04-19,0.0,-0.40709,-0.42264,flat
UFLEX.NS,2022-06-30,2022-07-15,0.56,-0.28678,-0.50976,bought
UFLEX.NS,2022-09-30,2022-10-21,0.0,-0.40365,-0.51936,flat
UFLEX.NS,2022-12-31,2023-01-18,0.0,-0.18571,-0.45131,flat
UFLEX.NS,2023-03-31,2023-04-19,0.0,0.13506,-0.27789,flat
UFLEX.NS,2023-06-30,2023-07-19,0.0,0.38025,-0.00771,flat
UFLEX.NS,2023-09-30,2023-10-17,0.0,0.24723,-0.04945,flat
UFLEX.NS,2023-12-31,2024-01-16,0.0,0.01085,-0.06436,flat
UFLEX.NS,2024-03-31,2024-04-18,0.0,0.27366,0.1987,flat
UFLEX.NS,2024-06-30,2024-07-19,0.0,0.12042,0.09527,flat
UFLEX.NS,2024-09-30,2024-10-14,0.0,-0.21696,-0.21152,flat
UFLEX.NS,2024-12-31,2025-01-15,0.0,-0.06293,-0.12251,flat
UFLEX.NS,2025-03-31,2025-04-16,0.0,-0.26455,-0.31901,flat
UJJIVANSFB.NS,2021-12-31,2022-01-11,0.0,0.40633,0.42082,flat
UJJIVANSFB.NS,2022-03-31,2022-04-13,0.0,0.54885,0.5681,flat
UJJIVANSFB.NS,2022-06-30,2022-07-11,0.0,1.74984,1.53488,flat
UJJIVANSFB.NS,2022-09-15,2022-09-20,-9.64,1.08045,0.96369,sold
UJJIVANSFB.NS,2022-09-30,2022-10-13,0.0,1.47808,1.30292,flat
UJJIVANSFB.NS,2022-12-31,2023-01-09,0.0,1.06146,0.80014,flat
UJJIVANSFB.NS,2023-03-31,2023-04-12,-0.01,1.03199,0.64976,flat
UJJIVANSFB.NS,2023-06-30,2023-07-10,0.0,0.12187,-0.26408,flat
UJJIVANSFB.NS,2023-09-30,2023-10-12,-0.01,-0.32467,-0.63589,flat
UJJIVANSFB.NS,2023-12-31,2024-01-12,-0.06,-0.39887,-0.48248,flat
UJJIVANSFB.NS,2024-03-31,2024-04-15,-0.08,-0.1017,-0.18758,flat
UJJIVANSFB.NS,2024-05-06,2024-05-08,-73.52,-0.12054,-0.22119,sold
UJJIVANSFB.NS,2024-06-30,2024-07-16,0.0,0.07309,0.06559,flat
UJJIVANSFB.NS,2024-09-30,2024-10-10,0.0,0.20134,0.21069,flat
UJJIVANSFB.NS,2024-12-31,2025-01-08,0.0,0.62867,0.57249,flat
UJJIVANSFB.NS,2025-03-31,2025-04-17,0.0,0.36627,0.3137,flat
ULTRACEMCO.NS,2021-12-31,2022-01-11,0.0,-0.03676,-0.02227,flat
ULTRACEMCO.NS,2022-03-31,2022-04-20,0.0,0.10174,0.09203,flat
ULTRACEMCO.NS,2022-06-30,2022-07-18,0.0,0.41105,0.20278,flat
ULTRACEMCO.NS,2022-09-30,2022-10-21,0.0,0.32644,0.21073,flat
ULTRACEMCO.NS,2022-12-31,2023-01-16,0.0,0.37476,0.10769,flat
ULTRACEMCO.NS,2023-03-31,2023-04-21,0.0,0.36292,-0.05712,flat
ULTRACEMCO.NS,2023-06-30,2023-07-19,0.0,0.4422,0.05424,flat
ULTRACEMCO.NS,2023-09-30,2023-10-19,0.0,0.32318,0.00896,flat
ULTRACEMCO.NS,2023-12-31,2024-01-15,0.0,0.15411,0.07101,flat
ULTRACEMCO.NS,2024-03-31,2024-04-22,-0.01,0.2482,0.17347,flat
ULTRACEMCO.NS,2024-06-30,2024-07-11,0.04,0.08411,0.0638,flat
ULTRACEMCO.NS,2024-09-30,2024-10-21,0.0,0.11241,0.08758,flat
ULTRACEMCO.NS,2024-12-31,2025-01-21,0.01,0.20437,0.12743,flat
ULTRACEMCO.NS,2025-03-31,2025-04-21,-0.77,-0.00353,-0.03806,sold
UNIONBANK.NS,2021-09-30,2021-10-08,0.0,0.21157,0.24737,flat
UNIONBANK.NS,2021-12-31,2022-01-07,0.0,0.8227,0.82719,flat
UNIONBANK.NS,2022-03-31,2022-04-20,0.0,0.93067,0.92097,flat
UNIONBANK.NS,2022-06-30,2022-07-13,0.0,1.33289,1.09134,flat
UNIONBANK.NS,2022-09-30,2022-10-18,0.0,1.13933,1.02613,flat
UNIONBANK.NS,2022-12-31,2023-01-11,0.0,0.79064,0.50929,flat
UNIONBANK.NS,2023-03-31,2023-04-17,0.0,1.12398,0.72385,flat
UNIONBANK.NS,2023-06-30,2023-07-21,0.0,0.56501,0.18906,flat
UNIONBANK.NS,2023-08-25,2023-09-05,-6.5,0.41804,0.02865,sold
UNIONBANK.NS,2023-09-30,2023-10-19,0.0,0.16843,-0.14579,flat
UNIONBANK.NS,2023-12-31,2024-01-19,0.0,-0.15,-0.2336,flat
UNIONBANK.NS,2024-02-26,2024-02-29,-2.23,-0.17366,-0.19125,sold
UNIONBANK.NS,2024-03-31,2024-04-19,0.0,-0.0622,-0.14642,flat
UNIONBANK.NS,2024-06-30,2024-07-19,0.0,0.05699,0.03183,flat
UNIONBANK.NS,2024-09-30,2024-10-11,0.0,0.25756,0.25957,flat
UNIONBANK.NS,2024-12-31,2025-01-17,0.0,0.64326,0.59594,flat
UNIONBANK.NS,2025-03-31,2025-04-22,0.0,0.35213,0.31654,flat
UNITDSPR.NS,2021-12-31,2022-01-21,0.0,-0.14695,-0.12679,flat
UNITDSPR.NS,2022-03-31,2022-04-20,0.0,-0.10074,-0.11045,flat
UNITDSPR.NS,2022-06-30,2022-07-08,0.0,0.19544,-0.02467,flat
UNITDSPR.NS,2022-09-30,2022-10-24,0.0,0.2355,0.13007,flat
UNITDSPR.NS,2022-12-31,2023-01-20,0.0,0.31908,0.03048,flat
UNITDSPR.NS,2023-03-31,2023-04-19,-0.05,0.56319,0.15023,flat
UNITDSPR.NS,2023-06-30,2023-07-19,0.0,0.46691,0.07895,flat
UNITDSPR.NS,2023-09-30,2023-10-20,-0.01,0.40407,0.0856,flat
UNITDSPR.NS,2023-12-31,2024-01-19,0.0,0.32415,0.24055,flat
UNITDSPR.NS,2024-03-31,2024-04-18,0.0,0.3559,0.28094,flat
UNITDSPR.NS,2024-06-30,2024-07-22,0.0,0.02357,0.00795,flat
UNITDSPR.NS,2024-09-30,2024-10-21,0.0,-0.08706,-0.11189,flat
UNITDSPR.NS,2024-12-31,2025-01-22,0.0,-0.07575,-0.15699,flat
UNITDSPR.NS,2025-03-31,2025-04-22,0.0,-0.11544,-0.15102,flat
UNOMINDA.NS,2021-12-31,2022-01-17,0.0,-0.11566,-0.08821,flat
UNOMINDA.NS,2022-03-31,2022-04-18,0.0,0.09438,0.0941,flat
UNOMINDA.NS,2022-06-08,2022-06-14,-0.01,0.3469,0.13689,flat
UNOMINDA.NS,2022-06-19,2022-06-23,-0.02,0.31605,0.06935,flat
UNOMINDA.NS,2022-06-28,2022-07-01,-0.02,0.22324,-0.01263,flat
UNOMINDA.NS,2022-06-30,2022-07-11,0.0,0.10455,-0.11042,flat
UNOMINDA.NS,2022-07-11,2022-07-13,0.0,0.08937,-0.15217,flat
UNOMINDA.NS,2022-08-08,2022-08-16,-0.05,0.11182,0.00549,flat
UNOMINDA.NS,2022-09-03,2022-09-09,-0.02,0.0518,-0.08631,flat
UNOMINDA.NS,2022-09-30,2022-10-17,2.77,0.06197,-0.07103,bought
UNOMINDA.NS,2022-10-24,2022-11-03,-0.01,0.16891,0.05691,flat
UNOMINDA.NS,2022-12-31,2023-01-13,-0.03,0.32656,0.05907,flat
UNOMINDA.NS,2023-03-31,2023-04-17,-0.01,0.40335,0.00323,flat
UNOMINDA.NS,2023-06-30,2023-07-17,-0.01,0.83433,0.44776,flat
UNOMINDA.NS,2023-09-30,2023-10-16,-1.32,0.56179,0.26823,sold
UNOMINDA.NS,2023-12-31,2024-01-15,0.0,0.35187,0.26877,flat
UNOMINDA.NS,2024-03-31,2024-04-18,0.03,0.24205,0.1671,flat
UNOMINDA.NS,2024-06-30,2024-07-19,-0.01,0.12725,0.10209,flat
UNOMINDA.NS,2024-09-30,2024-10-18,0.0,0.25065,0.24016,flat
UNOMINDA.NS,2024-12-31,2025-01-16,0.0,0.0721,0.0125,flat
UNOMINDA.NS,2025-03-31,2025-04-21,0.0,0.25627,0.22174,flat
UPL.NS,2017-09-30,2017-10-12,0.0,-0.19422,-0.16617,flat
UPL.NS,2017-12-31,2018-01-22,-0.02,-0.04554,0.04666,flat
UPL.NS,2018-03-31,2018-04-18,-0.12,0.29457,0.25669,flat
UPL.NS,2018-06-30,2018-07-17,0.03,0.53667,0.57008,flat
UPL.NS,2018-09-30,2018-10-16,0.16,0.40387,0.31439,flat
UPL.NS,2018-12-31,2019-01-18,0.01,0.03882,-0.0401,flat
UPL.NS,2019-03-31,2019-04-15,-0.03,-0.41384,-0.21631,flat
UPL.NS,2019-06-30,2019-07-22,0.0,-0.25155,-0.22862,flat
UPL.NS,2019-07-04,2019-07-09,0.0,-0.29123,-0.24146,flat
UPL.NS,2019-09-30,2019-10-17,0.0,-0.22377,-0.2627,flat
UPL.NS,2019-12-31,2020-01-22,0.0,0.05693,-0.1237,flat
UPL.NS,2020-03-31,2020-04-29,0.0,0.7332,0.1435,flat
UPL.NS,2020-06-30,2020-07-21,-0.01,0.83009,0.32115,flat
UPL.NS,2020-09-30,2020-10-21,0.0,0.65158,0.06452,flat
UPL.NS,2020-12-31,2021-01-21,0.14,0.36766,0.14236,flat
UPL.NS,2021-03-31,2021-04-22,0.1,0.3653,0.14902,flat
UPL.NS,2021-06-30,2021-07-22,0.0,-0.12277,-0.15724,flat
UPL.NS,2021-09-30,2021-10-22,0.0,0.02712,0.03739,flat
UPL.NS,2021-12-31,2022-01-20,0.29,-0.07499,-0.06268,flat
UPL.NS,2022-03-31,2022-04-20,0.21,-0.12157,-0.13128,flat
UPL.NS,2022-06-30,2022-07-21,0.51,-0.1014,-0.28894,bought
UPL.NS,2022-09-30,2022-10-21,0.0,-0.21861,-0.33432,flat
UPL.NS,2022-12-31,2023-01-23,1.78,-0.27674,-0.56938,bought
UPL.NS,2023-03-31,2023-04-21,1.61,-0.31123,-0.73128,bought
UPL.NS,2023-06-30,2023-07-19,0.0,-0.0909,-0.47886,flat
UPL.NS,2023-09-30,2023-10-20,0.0,-0.08094,-0.39941,flat
UPL.NS,2023-12-31,2024-01-17,0.0,-0.01399,-0.08703,flat
UPL.NS,2024-03-31,2024-04-22,0.0,0.35947,0.28474,flat
UPL.NS,2024-06-30,2024-07-19,0.0,0.3551,0.32995,flat
UPL.NS,2024-09-30,2024-10-21,0.0,0.25781,0.23298,flat
UPL.NS,2024-12-20,2024-12-30,0.99,0.62159,0.54368,bought
UPL.NS,2024-12-31,2025-01-16,0.0,0.294,0.2344,flat
UPL.NS,2025-01-17,2025-01-30,-0.01,0.31949,0.21917,flat
UPL.NS,2025-03-31,2025-04-17,0.0,-0.01653,-0.0691,flat
USHAMART.NS,2021-12-31,2022-01-11,-0.34,0.91165,0.92614,flat
USHAMART.NS,2022-03-31,2022-04-07,-0.53,0.5548,0.57433,sold
USHAMART.NS,2022-06-30,2022-07-18,-0.22,1.71221,1.50394,flat
USHAMART.NS,2022-09-30,2022-10-18,-0.34,1.0607,0.94751,flat
USHAMART.NS,2022-12-31,2023-01-09,-0.4,0.71944,0.45811,flat
USHAMART.NS,2023-03-31,2023-04-10,-0.04,0.73107,0.35282,flat
USHAMART.NS,2023-06-30,2023-07-14,-0.38,0.21676,-0.17253,flat
USHAMART.NS,2023-09-30,2023-10-12,-0.37,0.20261,-0.10861,flat
USHAMART.NS,2023-12-31,2024-01-19,-0.1,0.00928,-0.07432,flat
USHAMART.NS,2024-03-31,2024-04-09,-1.36,-0.07988,-0.12273,sold
USHAMART.NS,2024-06-30,2024-07-22,-0.94,0.03379,0.01817,sold
USHAMART.NS,2024-09-30,2024-10-21,-1.57,0.09561,0.07078,sold
USHAMART.NS,2024-12-31,2025-01-22,-0.06,0.18956,0.10832,flat
USHAMART.NS,2025-03-31,2025-04-21,0.41,0.47476,0.44024,flat
UTIAMC.NS,2021-12-31,2022-01-12,0.0,-0.24218,-0.22483,flat
UTIAMC.NS,2022-03-31,2022-04-13,0.0,-0.28268,-0.26342,flat
UTIAMC.NS,2022-06-30,2022-07-21,0.0,0.16746,-0.02008,flat
UTIAMC.NS,2022-09-30,2022-10-24,0.0,0.01193,-0.09349,flat
UTIAMC.NS,2022-12-31,2023-01-11,0.0,0.08447,-0.19688,flat
UTIAMC.NS,2023-03-31,2023-04-10,0.0,0.39208,0.01383,flat
UTIAMC.NS,2023-06-30,2023-07-19,0.0,0.34863,-0.03933,flat
UTIAMC.NS,2023-09-30,2023-10-23,0.0,0.87362,0.52221,flat
UTIAMC.NS,2023-12-31,2024-01-12,0.0,0.42747,0.34386,flat
UTIAMC.NS,2024-03-31,2024-04-18,0.0,0.24398,0.16902,flat
UTIAMC.NS,2024-06-30,2024-07-16,0.0,0.38678,0.37928,flat
UTIAMC.NS,2024-09-30,2024-10-11,0.0,0.17408,0.17609,flat
UTIAMC.NS,2024-12-31,2025-01-08,0.0,-0.11033,-0.1665,flat
UTIAMC.NS,2025-03-31,2025-04-09,0.0,0.1001,-0.03183,flat
VAIBHAVGBL.NS,2021-12-31,2022-01-14,-0.02,-0.44162,-0.42187,flat
VAIBHAVGBL.NS,2022-03-31,2022-04-19,0.0,-0.33337,-0.34893,flat
VAIBHAVGBL.NS,2022-06-30,2022-07-15,-0.12,0.16607,-0.05691,flat
VAIBHAVGBL.NS,2022-09-30,2022-10-20,-0.07,0.20158,0.09217,flat
VAIBHAVGBL.NS,2022-12-31,2023-01-13,0.02,0.75597,0.48848,flat
VAIBHAVGBL.NS,2023-03-31,2023-04-17,-0.65,0.32993,-0.0702,sold
VAIBHAVGBL.NS,2023-06-30,2023-07-17,-0.05,0.02014,-0.36643,flat
VAIBHAVGBL.NS,2023-09-30,2023-10-10,-0.08,-0.33477,-0.6792,flat
VAIBHAVGBL.NS,2023-12-31,2024-01-10,0.11,-0.25838,-0.37577,flat
VAIBHAVGBL.NS,2024-03-31,2024-04-08,-0.02,-0.41643,-0.44454,flat
VAIBHAVGBL.NS,2024-06-30,2024-07-12,-0.04,-0.24278,-0.25682,flat
VAIBHAVGBL.NS,2024-09-30,2024-10-10,0.12,-0.23517,-0.22582,flat
VAIBHAVGBL.NS,2024-12-31,2025-01-16,0.0,-0.22471,-0.28431,flat
VAIBHAVGBL.NS,2025-03-31,2025-04-16,0.0,-0.00485,-0.05931,flat
VAKRANGEE.NS,2021-12-31,2022-01-24,0.0,-0.3363,-0.34596,flat
VAKRANGEE.NS,2022-03-31,2022-04-18,0.0,-0.53025,-0.53053,flat
VAKRANGEE.NS,2022-06-30,2022-07-18,0.0,-0.43126,-0.63953,flat
VAKRANGEE.NS,2022-09-30,2022-10-20,0.0,-0.41599,-0.52539,flat
VAKRANGEE.NS,2022-12-31,2023-01-16,0.0,-0.09385,-0.36091,flat
VAKRANGEE.NS,2023-03-31,2023-04-10,0.0,0.48201,0.10375,flat
VAKRANGEE.NS,2023-06-30,2023-07-19,0.0,0.374,-0.01396,flat
VAKRANGEE.NS,2023-09-30,2023-10-18,0.0,0.2987,-0.01559,flat
VAKRANGEE.NS,2023-12-31,2024-01-11,0.0,0.4385,0.3441,flat
VAKRANGEE.NS,2024-03-31,2024-04-08,0.0,-0.57534,-0.60345,flat
VAKRANGEE.NS,2024-06-30,2024-07-22,-0.68,-0.51462,-0.53025,sold
VAKRANGEE.NS,2024-09-30,2024-10-21,-0.25,-0.70072,-0.72555,flat
VAKRANGEE.NS,2024-12-31,2025-01-17,0.0,-0.79105,-0.83837,flat
VAKRANGEE.NS,2025-03-31,2025-04-21,-1.62,-0.30868,-0.34321,sold
VARROC.NS,2021-12-31,2022-01-10,0.0,-0.21518,-0.20553,flat
VARROC.NS,2022-03-31,2022-04-08,0.0,-0.32941,-0.30038,flat
VARROC.NS,2022-06-30,2022-07-08,0.0,0.11942,-0.1007,flat
VARROC.NS,2022-09-30,2022-10-14,0.0,0.60174,0.44017,flat
VARROC.NS,2022-12-31,2023-01-09,0.0,0.86679,0.60547,flat
VARROC.NS,2023-03-31,2023-04-10,0.0,0.95,0.57174,flat
VARROC.NS,2023-06-30,2023-07-10,0.0,0.78598,0.40003,flat
VARROC.NS,2023-09-30,2023-10-10,0.0,0.12229,-0.22214,flat
VARROC.NS,2023-12-31,2024-01-08,0.0,0.06498,-0.0533,flat
VARROC.NS,2024-03-31,2024-04-12,0.0,-0.1219,-0.18648,flat
VARROC.NS,2024-06-30,2024-07-09,0.0,-0.18279,-0.19327,flat
VARROC.NS,2024-09-30,2024-10-08,0.0,0.06688,0.07614,flat
VARROC.NS,2024-12-31,2025-01-08,0.0,-0.06328,-0.11946,flat
VARROC.NS,2025-03-31,2025-04-09,0.0,0.31854,0.18662,flat
VBL.NS,2020-12-31,2021-01-07,0.0,0.38288,0.04675,flat
VBL.NS,2021-03-31,2021-04-15,0.0,0.593,0.36286,flat
VBL.NS,2021-06-14,2021-06-16,-0.58,0.41046,0.43035,sold
VBL.NS,2021-06-30,2021-07-09,0.0,0.63152,0.61861,flat
VBL.NS,2021-09-30,2021-10-14,-0.93,0.7072,0.74887,sold
VBL.NS,2021-12-31,2022-01-13,0.0,1.02144,1.03764,flat
VBL.NS,2022-03-31,2022-04-18,0.0,1.06035,1.06008,flat
VBL.NS,2022-06-09,2022-06-13,-0.99,1.14935,0.94623,sold
VBL.NS,2022-06-30,2022-07-11,0.0,0.93332,0.71835,flat
VBL.NS,2022-09-30,2022-10-12,0.0,0.73606,0.56653,flat
VBL.NS,2022-12-31,2023-01-12,0.0,1.14727,0.89027,flat
VBL.NS,2023-03-31,2023-04-13,0.0,1.02645,0.64018,flat
VBL.NS,2023-06-30,2023-07-12,-0.28,0.91951,0.5421,flat
VBL.NS,2023-09-30,2023-10-10,-0.52,0.56104,0.2166,sold
VBL.NS,2023-12-31,2024-01-15,-0.01,0.06415,-0.01895,flat
VBL.NS,2024-03-31,2024-04-15,-0.18,-0.00421,-0.09009,flat
VBL.NS,2024-06-30,2024-07-11,-0.25,-0.24423,-0.26454,flat
VBL.NS,2024-09-30,2024-10-14,0.0,-0.21767,-0.21223,flat
VBL.NS,2024-11-19,2024-11-29,-2.46,-0.22526,-0.27172,sold
VBL.NS,2024-12-31,2025-01-10,0.0,-0.15878,-0.23614,flat
VBL.NS,2025-03-31,2025-04-15,0.03,-0.11771,-0.18967,flat
VEDL.NS,2021-12-31,2022-01-17,4.51,0.307,0.33446,bought
VEDL.NS,2022-03-31,2022-04-20,0.0,-0.08866,-0.09837,flat
VEDL.NS,2022-06-30,2022-07-21,0.0,0.497,0.30945,flat
VEDL.NS,2022-09-30,2022-10-24,0.0,-0.02772,-0.13315,flat
VEDL.NS,2022-12-31,2023-01-20,0.0,0.01089,-0.27771,flat
VEDL.NS,2023-03-31,2023-04-24,-1.58,0.67981,0.27597,sold
VEDL.NS,2023-06-30,2023-07-18,0.0,0.69815,0.30881,flat
VEDL.NS,2023-09-30,2023-10-17,-4.4,1.30008,1.0034,sold
VEDL.NS,2023-12-31,2024-01-18,0.0,0.74835,0.67057,flat
VEDL.NS,2024-03-31,2024-04-19,-1.76,0.18564,0.10143,sold
VEDL.NS,2024-06-30,2024-07-11,-2.63,0.09051,0.0702,sold
VEDL.NS,2024-07-20,2024-07-25,-2.94,0.11289,0.10896,sold
VEDL.NS,2024-09-30,2024-10-21,0.0,0.1408,0.11596,flat
VEDL.NS,2024-12-31,2025-01-16,0.0,0.58892,0.52932,flat
VEDL.NS,2025-03-31,2025-04-21,0.0,0.92173,0.8872,flat
VENKEYS.NS,2021-12-31,2022-01-19,0.0,-0.31826,-0.31284,flat
VENKEYS.NS,2022-03-31,2022-04-22,0.0,-0.28706,-0.30886,flat
VENKEYS.NS,2022-06-30,2022-07-21,0.0,-0.0265,-0.21404,flat
VENKEYS.NS,2022-09-30,2022-10-21,0.0,0.00584,-0.10987,flat
VENKEYS.NS,2022-12-31,2023-01-23,0.0,0.06506,-0.22758,flat
VENKEYS.NS,2023-03-31,2023-04-12,0.0,0.14252,-0.23971,flat
VENKEYS.NS,2023-06-30,2023-07-18,0.0,0.06643,-0.32291,flat
VENKEYS.NS,2023-09-30,2023-10-17,0.0,-0.18694,-0.48362,flat
VENKEYS.NS,2023-12-31,2024-01-12,0.0,-0.15083,-0.23444,flat
VENKEYS.NS,2024-03-31,2024-04-22,0.0,-0.03011,-0.10484,flat
VENKEYS.NS,2024-06-30,2024-07-18,0.0,-0.14464,-0.14942,flat
VENKEYS.NS,2024-09-30,2024-10-21,0.0,-0.20499,-0.22982,flat
VENKEYS.NS,2024-12-31,2025-01-22,0.0,-0.10103,-0.18227,flat
VENKEYS.NS,2025-03-31,2025-04-21,0.0,-0.0838,-0.11833,flat
VENTIVE.NS,2024-12-31,2025-01-20,0.0,0.06509,0.01876,flat
VENTIVE.NS,2025-03-31,2025-04-22,0.0,-0.15787,-0.19346,flat
VESUVIUS.NS,2021-12-31,2022-01-17,0.0,0.44677,0.47423,flat
VESUVIUS.NS,2022-03-31,2022-04-18,0.0,0.6895,0.68922,flat
VESUVIUS.NS,2022-06-30,2022-07-18,0.0,1.38676,1.17849,flat
VESUVIUS.NS,2022-09-30,2022-10-18,0.0,1.27676,1.16357,flat
VESUVIUS.NS,2022-12-31,2023-01-19,0.0,1.21946,0.93525,flat
VESUVIUS.NS,2023-03-31,2023-04-17,0.0,1.59065,1.19052,flat
VESUVIUS.NS,2023-06-30,2023-07-18,0.0,1.02115,0.63181,flat
VESUVIUS.NS,2023-09-30,2023-10-13,0.0,0.68193,0.37156,flat
VESUVIUS.NS,2023-12-31,2024-01-15,0.0,0.1685,0.0854,flat
VESUVIUS.NS,2024-03-31,2024-04-18,0.0,0.34022,0.26527,flat
VESUVIUS.NS,2024-06-30,2024-07-22,0.0,0.00695,-0.00868,flat
VESUVIUS.NS,2024-09-30,2024-10-22,0.0,-0.09801,-0.14176,flat
VESUVIUS.NS,2024-12-31,2025-01-21,0.0,0.17828,0.10134,flat
VESUVIUS.NS,2025-03-31,2025-04-21,0.0,0.13099,0.09646,flat
VGUARD.NS,2021-12-31,2022-01-12,-0.09,0.13565,0.15299,flat
VGUARD.NS,2022-03-31,2022-04-19,-0.08,0.19338,0.17782,flat
VGUARD.NS,2022-06-30,2022-07-20,0.0,0.21439,0.01991,flat
VGUARD.NS,2022-09-30,2022-10-18,-0.02,0.21928,0.10609,flat
VGUARD.NS,2022-12-31,2023-01-18,-0.01,0.15816,-0.10744,flat
VGUARD.NS,2023-03-31,2023-04-20,-0.05,0.32809,-0.08475,flat
VGUARD.NS,2023-06-30,2023-07-17,-0.18,0.59823,0.21166,flat
VGUARD.NS,2023-09-30,2023-10-16,0.0,0.36988,0.07631,flat
VGUARD.NS,2023-12-31,2024-01-11,-1.05,0.28468,0.19028,sold
VGUARD.NS,2024-03-31,2024-04-15,-0.09,0.05365,-0.03224,flat
VGUARD.NS,2024-06-30,2024-07-11,-0.06,-0.16319,-0.1835,flat
VGUARD.NS,2024-09-30,2024-10-11,-0.03,-0.17884,-0.17683,flat
VGUARD.NS,2024-12-31,2025-01-13,-0.04,-0.22278,-0.32306,flat
VGUARD.NS,2025-03-31,2025-04-16,-0.05,-0.08667,-0.14113,flat
VIJAYA.NS,2021-12-31,2022-01-18,0.0,-0.22309,-0.21218,flat
VIJAYA.NS,2022-03-31,2022-04-18,0.0,-0.12843,-0.12871,flat
VIJAYA.NS,2022-06-30,2022-07-11,0.26,0.50001,0.28505,flat
VIJAYA.NS,2022-09-30,2022-10-20,-0.03,0.29192,0.18251,flat
VIJAYA.NS,2022-12-31,2023-01-13,0.0,0.55809,0.29061,flat
VIJAYA.NS,2023-03-31,2023-04-17,0.0,0.83539,0.43527,flat
VIJAYA.NS,2023-06-30,2023-07-18,-0.03,0.71612,0.32678,flat
VIJAYA.NS,2023-09-30,2023-10-16,-0.08,0.63654,0.34297,flat
VIJAYA.NS,2023-12-31,2024-01-15,-0.03,0.52395,0.44085,flat
VIJAYA.NS,2024-03-31,2024-04-12,-0.81,0.67751,0.61293,sold
VIJAYA.NS,2024-06-30,2024-07-15,-0.13,0.31331,0.31049,flat
VIJAYA.NS,2024-09-30,2024-10-15,-0.02,-0.06472,-0.06389,flat
VIJAYA.NS,2024-12-31,2025-01-14,0.0,-0.16629,-0.23452,flat
VIJAYA.NS,2025-03-31,2025-04-15,-0.86,0.03126,-0.0407,sold
VINATIORGA.NS,2021-12-31,2022-01-11,0.0,-0.04046,-0.02596,flat
VINATIORGA.NS,2022-03-31,2022-04-13,0.0,-0.00442,0.01483,flat
VINATIORGA.NS,2022-06-30,2022-07-12,0.0,-0.0985,-0.32889,flat
VINATIORGA.NS,2022-09-30,2022-10-20,0.0,-0.13533,-0.24474,flat
VINATIORGA.NS,2022-12-31,2023-01-13,0.0,-0.14698,-0.41447,flat
VINATIORGA.NS,2023-03-31,2023-04-12,0.0,-0.15812,-0.54035,flat
VINATIORGA.NS,2023-06-30,2023-07-06,0.0,0.05781,-0.33242,flat
VINATIORGA.NS,2023-09-30,2023-10-13,0.0,0.06477,-0.24561,flat
VINATIORGA.NS,2023-12-31,2024-01-10,0.0,-0.0032,-0.12059,flat
VINATIORGA.NS,2024-03-31,2024-04-19,0.22,0.02249,-0.06172,flat
VINATIORGA.NS,2024-06-30,2024-07-11,0.0,0.0448,0.02448,flat
VINATIORGA.NS,2024-09-30,2024-10-11,0.0,-0.13013,-0.12812,flat
VINATIORGA.NS,2024-12-31,2025-01-10,0.0,-0.06742,-0.14478,flat
VINATIORGA.NS,2025-03-31,2025-04-11,0.0,-0.14583,-0.2537,flat
VIPIND.NS,2021-12-31,2022-01-24,-0.01,0.28411,0.27445,flat
VIPIND.NS,2022-03-31,2022-04-21,0.12,-0.15379,-0.15519,flat
VIPIND.NS,2022-06-30,2022-07-15,0.4,-0.05724,-0.28022,flat
VIPIND.NS,2022-09-30,2022-10-19,0.54,-0.10311,-0.20179,bought
VIPIND.NS,2022-12-31,2023-01-12,-0.01,-0.21831,-0.47531,flat
VIPIND.NS,2023-03-31,2023-04-19,-0.02,-0.04618,-0.45914,flat
VIPIND.NS,2023-06-30,2023-07-19,-0.01,-0.22127,-0.60923,flat
VIPIND.NS,2023-09-30,2023-10-16,-0.07,-0.30465,-0.59822,flat
VIPIND.NS,2023-12-31,2024-01-18,0.54,-0.33874,-0.41651,bought
VIPIND.NS,2024-03-31,2024-04-12,0.0,-0.45535,-0.51992,flat
VIPIND.NS,2024-06-30,2024-07-11,-0.01,0.0253,0.00499,flat
VIPIND.NS,2024-09-30,2024-10-11,-0.01,-0.21838,-0.21637,flat
VIPIND.NS,2024-12-31,2025-01-13,-0.01,-0.15098,-0.25126,flat
VIPIND.NS,2025-03-31,2025-04-17,0.0,0.05282,0.00024,flat
VIYASH.NS,2021-12-31,2022-01-14,-0.5,-0.54825,-0.5285,sold
VIYASH.NS,2022-03-31,2022-04-18,0.0,-0.46025,-0.46053,flat
VIYASH.NS,2022-06-30,2022-07-13,-0.23,-0.1334,-0.37494,flat
VIYASH.NS,2022-09-30,2022-10-17,0.0,-0.08668,-0.21969,flat
VIYASH.NS,2022-12-31,2023-01-13,0.0,0.56272,0.29523,flat
VIYASH.NS,2023-03-31,2023-04-10,0.0,0.63475,0.25649,flat
VIYASH.NS,2023-06-30,2023-07-19,0.0,0.59086,0.2029,flat
VIYASH.NS,2023-09-30,2023-10-19,0.0,0.68216,0.36794,flat
VIYASH.NS,2023-12-31,2024-01-19,0.0,0.17824,0.09464,flat
VIYASH.NS,2024-03-31,2024-04-19,0.0,0.25623,0.17202,flat
VIYASH.NS,2024-06-30,2024-07-18,-0.01,0.32949,0.32471,flat
VIYASH.NS,2024-09-30,2024-10-22,-0.02,0.14775,0.104,flat
VIYASH.NS,2024-12-31,2025-01-22,-0.15,0.13977,0.05853,flat
VIYASH.NS,2025-03-31,2025-04-15,0.0,0.46943,0.39746,flat
VMART.NS,2021-12-31,2022-01-14,-0.04,-0.27042,-0.25067,flat
VMART.NS,2022-03-31,2022-04-18,-0.2,-0.34387,-0.34415,flat
VMART.NS,2022-06-30,2022-07-19,-0.06,-0.19783,-0.40587,flat
VMART.NS,2022-09-30,2022-10-20,-0.04,-0.41714,-0.52655,flat
VMART.NS,2022-12-31,2023-01-17,-0.31,-0.28289,-0.56319,flat
VMART.NS,2023-03-31,2023-04-18,-1.45,0.00553,-0.39337,sold
VMART.NS,2023-06-30,2023-07-18,0.0,0.54159,0.15225,flat
VMART.NS,2023-09-30,2023-10-17,-0.01,1.28816,0.99149,flat
VMART.NS,2023-12-31,2024-01-17,0.0,0.36432,0.29128,flat
VMART.NS,2024-03-31,2024-04-18,0.0,0.53835,0.46339,flat
VMART.NS,2024-06-30,2024-07-12,0.0,-0.04043,-0.05447,flat
VMART.NS,2024-09-30,2024-10-17,-0.02,-0.2156,-0.23181,flat
VMART.NS,2024-12-31,2025-01-09,-0.02,-0.29258,-0.35741,flat
VMART.NS,2025-03-31,2025-04-16,-0.01,-0.2384,-0.29286,flat
VMM.NS,2024-12-31,2025-01-09,0.0,0.1728,0.10797,flat
VMM.NS,2025-03-31,2025-04-17,-1.47,0.15681,0.10423,sold
VOLTAS.NS,2021-12-31,2022-01-20,0.0,-0.39318,-0.38087,flat
VOLTAS.NS,2022-03-31,2022-04-21,0.0,-0.35787,-0.35927,flat
VOLTAS.NS,2022-06-30,2022-07-21,0.0,-0.24155,-0.42909,flat
VOLTAS.NS,2022-09-30,2022-10-24,0.0,-0.02789,-0.13332,flat
VOLTAS.NS,2022-12-31,2023-01-19,0.0,0.39127,0.10707,flat
VOLTAS.NS,2023-03-31,2023-04-19,0.0,0.73367,0.32071,flat
VOLTAS.NS,2023-06-30,2023-07-17,0.0,0.99193,0.60536,flat
VOLTAS.NS,2023-09-30,2023-10-10,0.0,1.12857,0.78414,flat
VOLTAS.NS,2023-12-31,2024-01-15,0.0,0.4169,0.3338,flat
VOLTAS.NS,2024-03-31,2024-04-18,0.0,-0.04476,-0.11971,flat
VOLTAS.NS,2024-06-30,2024-07-22,0.0,-0.08879,-0.10442,flat
VOLTAS.NS,2024-09-30,2024-10-21,0.0,-0.20361,-0.22844,flat
VOLTAS.NS,2024-12-31,2025-01-20,0.0,-0.13472,-0.18104,flat
VOLTAS.NS,2025-03-31,2025-04-22,0.0,0.10295,0.06737,flat
VRLLOG.NS,2022-03-31,2022-04-11,0.0,0.18494,0.21551,flat
VRLLOG.NS,2022-06-30,2022-07-18,0.0,0.09594,-0.11233,flat
VRLLOG.NS,2022-09-30,2022-10-13,0.0,0.16229,-0.01288,flat
VRLLOG.NS,2022-12-31,2023-01-11,-5.42,0.33952,0.05816,sold
VRLLOG.NS,2023-03-31,2023-04-17,0.0,-0.08047,-0.4806,flat
VRLLOG.NS,2023-06-30,2023-07-14,0.07,-0.24544,-0.63473,flat
VRLLOG.NS,2023-09-30,2023-10-09,-4.0,-0.14269,-0.51127,sold
VRLLOG.NS,2023-12-31,2024-01-11,0.0,-0.34356,-0.43796,flat
VRLLOG.NS,2024-03-31,2024-04-12,0.0,-0.11365,-0.17822,flat
VRLLOG.NS,2024-06-30,2024-07-15,0.0,0.1048,0.10199,flat
VRLLOG.NS,2024-09-30,2024-10-09,0.0,-0.01134,0.00626,flat
VRLLOG.NS,2024-12-31,2025-01-10,0.0,0.00636,-0.07099,flat
VRLLOG.NS,2025-03-31,2025-04-08,0.0,0.13809,0.02164,flat
VSTIND.NS,2021-12-31,2022-01-11,0.0,0.02823,0.04272,flat
VSTIND.NS,2022-03-31,2022-04-08,0.0,0.10668,0.13571,flat
VSTIND.NS,2022-06-30,2022-07-12,0.0,0.13778,-0.09261,flat
VSTIND.NS,2022-09-30,2022-10-24,0.0,-0.06949,-0.17491,flat
VSTIND.NS,2022-12-31,2023-01-13,0.0,0.15937,-0.10812,flat
VSTIND.NS,2023-03-31,2023-04-13,0.0,0.2726,-0.11368,flat
VSTIND.NS,2023-06-30,2023-07-06,0.0,0.23496,-0.15527,flat
VSTIND.NS,2023-09-30,2023-10-06,0.0,0.2636,-0.08817,flat
VSTIND.NS,2023-12-31,2024-01-08,0.0,-0.05638,-0.17467,flat
VSTIND.NS,2024-03-31,2024-04-22,0.0,-0.14213,-0.21686,flat
VSTIND.NS,2024-06-30,2024-07-05,0.0,-0.22175,-0.24279,flat
VSTIND.NS,2024-09-11,2024-09-24,0.0,-0.32027,-0.2526,flat
VSTIND.NS,2024-09-30,2024-10-07,0.0,-0.23588,-0.24259,flat
VSTIND.NS,2024-12-31,2025-01-22,0.0,-0.24317,-0.32441,flat
VSTIND.NS,2025-03-31,2025-04-15,0.0,-0.05961,-0.13158,flat
VTL.NS,2021-12-31,2022-01-12,-0.02,-0.40251,-0.38517,flat
VTL.NS,2022-03-31,2022-04-18,-0.22,-0.28941,-0.28968,flat
VTL.NS,2022-06-30,2022-07-12,-0.02,0.34972,0.11933,flat
VTL.NS,2022-09-30,2022-10-24,0.84,0.04874,-0.05669,bought
VTL.NS,2022-12-31,2023-01-11,0.11,0.24265,-0.0387,flat
VTL.NS,2023-03-31,2023-04-18,-0.01,0.43862,0.03973,flat
VTL.NS,2023-06-30,2023-07-21,0.22,0.44852,0.07257,flat
VTL.NS,2023-09-30,2023-10-17,0.04,0.15431,-0.14236,flat
VTL.NS,2023-12-31,2024-01-12,0.02,0.19612,0.11251,flat
VTL.NS,2024-03-31,2024-04-22,0.0,0.03168,-0.04305,flat
VTL.NS,2024-06-30,2024-07-16,0.06,-0.09585,-0.10336,flat
VTL.NS,2024-09-30,2024-10-11,0.0,-0.11713,-0.11512,flat
VTL.NS,2024-12-31,2025-01-13,0.02,-0.08564,-0.18592,flat
VTL.NS,2025-03-31,2025-04-15,0.01,0.1868,0.11484,flat
WAAREEENER.NS,2024-12-31,2025-01-14,0.0,-0.04172,-0.10995,flat
WAAREEENER.NS,2025-03-31,2025-04-11,0.0,0.58677,0.4789,flat
WELCORP.NS,2022-03-31,2022-04-21,0.0,0.03357,0.03216,flat
WELCORP.NS,2022-06-30,2022-07-20,0.0,0.53373,0.33924,flat
WELCORP.NS,2022-09-30,2022-10-20,-0.11,0.8183,0.70889,flat
WELCORP.NS,2022-12-31,2023-01-18,0.0,1.62295,1.35735,flat
WELCORP.NS,2023-03-31,2023-04-20,0.09,1.64068,1.22785,flat
WELCORP.NS,2023-06-30,2023-07-21,0.0,1.05799,0.68204,flat
WELCORP.NS,2023-09-30,2023-10-23,-0.03,0.79677,0.44536,flat
WELCORP.NS,2023-12-31,2024-01-23,0.0,0.23667,0.12779,flat
WELCORP.NS,2024-03-31,2024-04-22,0.18,0.41257,0.33784,flat
WELCORP.NS,2024-06-30,2024-07-22,-0.11,0.37815,0.36252,flat
WELCORP.NS,2024-09-30,2024-10-18,-0.02,0.17297,0.16248,flat
WELCORP.NS,2024-12-31,2025-01-20,0.0,-0.09106,-0.13738,flat
WELCORP.NS,2025-03-31,2025-04-22,0.0,0.63855,0.60297,flat
WELSPUNLIV.NS,2021-12-31,2022-01-24,0.0,-0.50754,-0.5172,flat
WELSPUNLIV.NS,2022-03-31,2022-04-22,0.0,-0.02404,-0.04584,flat
WELSPUNLIV.NS,2022-06-30,2022-07-22,0.0,0.48536,0.29546,flat
WELSPUNLIV.NS,2022-09-30,2022-10-24,0.0,0.90584,0.80041,flat
WELSPUNLIV.NS,2022-12-31,2023-01-23,0.0,1.18308,0.89044,flat
WELSPUNLIV.NS,2023-03-31,2023-04-24,0.0,0.79228,0.38844,flat
WELSPUNLIV.NS,2023-06-30,2023-07-24,0.14,0.73036,0.39373,flat
WELSPUNLIV.NS,2023-09-30,2023-10-23,0.0,0.21539,-0.13602,flat
WELSPUNLIV.NS,2023-12-31,2024-01-23,0.0,-0.01478,-0.12365,flat
WELSPUNLIV.NS,2024-03-31,2024-04-22,0.0,-0.12512,-0.19985,flat
WELSPUNLIV.NS,2024-06-30,2024-07-22,0.0,-0.1967,-0.21232,flat
WELSPUNLIV.NS,2024-09-30,2024-10-22,-4.26,-0.15667,-0.20042,sold
WELSPUNLIV.NS,2024-12-31,2025-01-21,0.0,-0.1548,-0.23173,flat
WELSPUNLIV.NS,2025-03-31,2025-04-22,0.0,-0.00511,-0.0407,flat
WESTLIFE.NS,2023-06-30,2023-07-21,0.0,-0.08714,-0.46309,flat
WESTLIFE.NS,2023-09-30,2023-10-13,0.0,-0.14186,-0.45224,flat
WESTLIFE.NS,2023-12-31,2024-01-11,0.01,-0.08353,-0.17793,flat
WESTLIFE.NS,2024-03-31,2024-04-09,0.05,-0.12468,-0.16753,flat
WESTLIFE.NS,2024-06-30,2024-07-12,-0.03,-0.09095,-0.10499,flat
WESTLIFE.NS,2024-09-30,2024-10-10,0.0,-0.32489,-0.31554,flat
WESTLIFE.NS,2024-12-31,2025-01-08,0.0,-0.3791,-0.43527,flat
WESTLIFE.NS,2025-03-31,2025-04-11,0.01,-0.3154,-0.42327,flat
WHIRLPOOL.NS,2021-12-31,2022-01-17,0.0,-0.23858,-0.21113,flat
WHIRLPOOL.NS,2022-03-31,2022-04-20,0.0,-0.18296,-0.19266,flat
WHIRLPOOL.NS,2022-06-30,2022-07-22,0.0,-0.16072,-0.35062,flat
WHIRLPOOL.NS,2022-09-30,2022-10-24,0.0,0.02469,-0.08073,flat
WHIRLPOOL.NS,2022-12-31,2023-01-19,0.0,-0.06073,-0.34494,flat
WHIRLPOOL.NS,2023-03-31,2023-04-21,0.0,0.13056,-0.28949,flat
WHIRLPOOL.NS,2023-06-30,2023-07-24,0.0,0.4181,0.08147,flat
WHIRLPOOL.NS,2023-09-30,2023-10-20,0.0,0.21213,-0.10635,flat
WHIRLPOOL.NS,2023-12-31,2024-01-17,0.0,0.16899,0.09595,flat
WHIRLPOOL.NS,2024-03-31,2024-04-19,-24.0,-0.16579,-0.25,sold
WHIRLPOOL.NS,2024-06-30,2024-07-22,0.0,-0.306,-0.32162,flat
WHIRLPOOL.NS,2024-09-30,2024-10-14,0.0,-0.41432,-0.40888,flat
WHIRLPOOL.NS,2024-12-31,2025-01-17,0.0,-0.52499,-0.57231,flat
WHIRLPOOL.NS,2025-03-31,2025-04-15,0.0,-0.14001,-0.21198,flat
WIPRO.NS,2021-12-31,2022-01-20,-0.01,-0.33916,-0.32684,flat
WIPRO.NS,2022-03-31,2022-04-18,-0.01,-0.29654,-0.29682,flat
WIPRO.NS,2022-06-30,2022-07-20,0.0,-0.02709,-0.22158,flat
WIPRO.NS,2022-09-30,2022-10-21,-0.05,0.00102,-0.11469,flat
WIPRO.NS,2022-12-31,2023-01-19,-0.01,0.19075,-0.09345,flat
WIPRO.NS,2023-03-31,2023-04-12,-0.02,0.24435,-0.13788,flat
WIPRO.NS,2023-06-30,2023-07-21,-0.01,0.24344,-0.13251,flat
WIPRO.NS,2023-07-07,2023-07-18,0.06,0.25267,-0.13667,flat
WIPRO.NS,2023-09-30,2023-10-18,-0.04,0.38274,0.06845,flat
WIPRO.NS,2023-12-31,2024-01-19,-0.03,0.31672,0.23312,flat
WIPRO.NS,2024-01-20,2024-01-31,0.0,0.35272,0.25262,flat
WIPRO.NS,2024-03-31,2024-04-22,-0.01,0.06579,-0.00894,flat
WIPRO.NS,2024-06-30,2024-07-15,-0.07,-0.02714,-0.02995,flat
WIPRO.NS,2024-09-30,2024-10-11,-0.02,-0.00078,0.00123,flat
WIPRO.NS,2024-11-08,2024-11-19,-0.01,-0.09093,-0.16595,flat
WIPRO.NS,2024-12-10,2024-12-16,0.0,-0.11058,-0.1245,flat
WIPRO.NS,2024-12-31,2025-01-15,-0.04,-0.14876,-0.20834,flat
WIPRO.NS,2025-03-31,2025-04-09,-0.02,-0.09385,-0.22578,flat
WOCKPHARMA.NS,2021-12-31,2022-01-18,-0.91,-0.44228,-0.43137,sold
WOCKPHARMA.NS,2022-03-28,2022-04-06,0.0,-0.44159,-0.41722,flat
WOCKPHARMA.NS,2022-03-31,2022-04-19,0.0,-0.41799,-0.43355,flat
WOCKPHARMA.NS,2022-06-30,2022-07-20,-1.38,0.13779,-0.05669,sold
WOCKPHARMA.NS,2022-09-30,2022-10-24,-1.92,-0.0552,-0.16062,sold
WOCKPHARMA.NS,2022-12-31,2023-01-19,-3.47,1.07087,0.78666,sold
WOCKPHARMA.NS,2023-03-31,2023-04-24,-1.05,2.26271,1.85887,sold
WOCKPHARMA.NS,2023-06-30,2023-07-21,-0.91,2.6984,2.32245,sold
WOCKPHARMA.NS,2023-09-30,2023-10-20,-3.26,3.94921,3.63073,sold
WOCKPHARMA.NS,2023-12-31,2024-01-18,-0.21,1.79457,1.7168,flat
WOCKPHARMA.NS,2024-03-26,2024-03-28,-3.33,1.30118,1.27401,sold
WOCKPHARMA.NS,2024-03-31,2024-04-22,0.0,1.3818,1.30707,flat
WOCKPHARMA.NS,2024-06-30,2024-07-16,0.39,1.05186,1.04435,flat
WOCKPHARMA.NS,2024-09-30,2024-10-21,0.0,0.21352,0.18869,flat
WOCKPHARMA.NS,2024-11-11,2024-11-14,-2.9,0.12063,0.03743,sold
WOCKPHARMA.NS,2024-12-31,2025-01-20,0.0,-0.03153,-0.07785,flat
WOCKPHARMA.NS,2025-03-31,2025-04-21,0.0,0.01135,-0.02318,flat
YESBANK.NS,2021-12-31,2022-01-14,0.0,0.43416,0.45391,flat
YESBANK.NS,2022-03-31,2022-04-18,0.0,0.11348,0.1132,flat
YESBANK.NS,2022-06-30,2022-07-20,0.0,0.24632,0.05183,flat
YESBANK.NS,2022-09-30,2022-10-20,0.0,0.0,-0.10941,flat
YESBANK.NS,2022-12-13,2022-12-15,0.0,-0.06236,-0.26959,flat
YESBANK.NS,2022-12-31,2023-01-16,0.0,0.23325,-0.03381,flat
YESBANK.NS,2023-03-31,2023-04-13,0.0,0.65798,0.27171,flat
YESBANK.NS,2023-06-30,2023-07-18,0.0,0.46914,0.07981,flat
YESBANK.NS,2023-09-30,2023-10-18,0.0,0.21584,-0.09845,flat
YESBANK.NS,2023-12-31,2024-01-15,0.0,-0.25374,-0.33684,flat
YESBANK.NS,2024-03-31,2024-04-18,0.0,-0.25649,-0.33144,flat
YESBANK.NS,2024-04-21,2024-04-26,0.0,-0.31434,-0.36795,flat
YESBANK.NS,2024-05-05,2024-05-16,0.0,-0.06623,-0.15471,flat
YESBANK.NS,2024-06-30,2024-07-15,0.0,-0.23541,-0.23822,flat
YESBANK.NS,2024-09-30,2024-10-14,0.0,0.05701,0.06244,flat
YESBANK.NS,2024-12-31,2025-01-16,0.0,0.18261,0.12301,flat
YESBANK.NS,2025-03-31,2025-04-17,0.0,0.10227,0.04969,flat
ZEEL.NS,2021-12-31,2022-01-19,0.0,-0.29074,-0.28531,flat
ZEEL.NS,2022-03-31,2022-04-19,0.0,-0.29278,-0.30833,flat
ZEEL.NS,2022-06-30,2022-07-19,0.0,0.03676,-0.17129,flat
ZEEL.NS,2022-09-30,2022-10-21,0.0,-0.06143,-0.17714,flat
ZEEL.NS,2022-12-31,2023-01-16,0.0,-0.28935,-0.55642,flat
ZEEL.NS,2023-03-31,2023-04-18,0.0,-0.2841,-0.683,flat
ZEEL.NS,2023-06-30,2023-07-17,0.0,-0.37292,-0.75948,flat
ZEEL.NS,2023-09-30,2023-10-20,0.0,-0.53289,-0.85136,flat
ZEEL.NS,2023-12-31,2024-01-12,0.0,-0.52426,-0.60787,flat
ZEEL.NS,2024-03-31,2024-04-22,0.0,-0.24647,-0.3212,flat
ZEEL.NS,2024-06-30,2024-07-16,0.0,-0.08066,-0.08817,flat
ZEEL.NS,2024-09-30,2024-10-22,0.0,-0.14357,-0.18732,flat
ZEEL.NS,2024-12-31,2025-01-21,0.0,-0.28827,-0.3652,flat
ZEEL.NS,2025-03-31,2025-04-17,0.0,-0.18323,-0.2358,flat
ZENSARTECH.NS,2021-12-31,2022-01-14,-0.02,-0.52265,-0.5029,flat
ZENSARTECH.NS,2022-03-31,2022-04-11,-0.01,-0.28,-0.24942,flat
ZENSARTECH.NS,2022-06-30,2022-07-11,0.07,0.7584,0.54344,flat
ZENSARTECH.NS,2022-09-30,2022-10-24,-0.01,1.32548,1.22005,flat
ZENSARTECH.NS,2022-12-31,2023-01-16,0.0,1.73823,1.47117,flat
ZENSARTECH.NS,2023-03-31,2023-04-21,0.06,1.35347,0.93342,flat
ZENSARTECH.NS,2023-06-30,2023-07-24,0.0,0.57095,0.23432,flat
ZENSARTECH.NS,2023-09-30,2023-10-11,-0.01,0.22219,-0.08844,flat
ZENSARTECH.NS,2023-12-31,2024-01-15,0.0,0.45346,0.37036,flat
ZENSARTECH.NS,2024-03-31,2024-04-19,-0.03,0.26732,0.18311,flat
ZENSARTECH.NS,2024-06-30,2024-07-19,0.0,0.10879,0.08363,flat
ZENSARTECH.NS,2024-09-30,2024-10-16,-0.04,0.12868,0.12504,flat
ZENSARTECH.NS,2024-12-31,2025-01-20,-0.03,-0.09173,-0.13805,flat
ZENSARTECH.NS,2025-03-31,2025-04-21,-0.03,-0.22108,-0.25561,flat
ZENTEC.NS,2021-12-31,2022-01-10,0.0,-0.1379,-0.12826,flat
ZENTEC.NS,2022-03-31,2022-04-18,0.0,0.4482,0.44792,flat
ZENTEC.NS,2022-06-30,2022-07-14,0.0,2.63506,2.4014,flat
ZENTEC.NS,2022-09-30,2022-10-24,0.0,2.52476,2.41934,flat
ZENTEC.NS,2022-12-31,2023-01-13,0.0,2.68093,2.41344,flat
ZENTEC.NS,2023-03-31,2023-04-10,-0.05,2.16004,1.78178,flat
ZENTEC.NS,2023-05-24,2023-05-29,-2.69,1.69686,1.31697,sold
ZENTEC.NS,2023-06-30,2023-07-20,0.0,1.76138,1.38209,flat
ZENTEC.NS,2023-09-30,2023-10-13,0.0,1.39775,1.08738,flat
ZENTEC.NS,2023-12-31,2024-01-15,-2.38,1.50422,1.42112,sold
ZENTEC.NS,2024-03-31,2024-04-08,0.0,0.47405,0.44594,flat
ZENTEC.NS,2024-06-30,2024-07-09,0.0,0.37053,0.36005,flat
ZENTEC.NS,2024-08-23,2024-08-29,-3.81,-0.1434,-0.11095,sold
ZENTEC.NS,2024-09-30,2024-10-10,0.0,-0.29267,-0.28331,flat
ZENTEC.NS,2024-12-31,2025-01-20,-2.21,-0.41903,-0.46535,sold
ZENTEC.NS,2025-03-31,2025-04-17,0.0,0.14985,0.09727,flat
ZFCVINDIA.NS,2021-12-31,2022-01-24,0.0,0.09555,0.08589,flat
ZFCVINDIA.NS,2022-03-31,2022-04-20,0.0,0.33455,0.32485,flat
ZFCVINDIA.NS,2022-06-30,2022-07-15,0.0,0.50281,0.27983,flat
ZFCVINDIA.NS,2022-09-30,2022-10-24,0.0,0.57265,0.46722,flat
ZFCVINDIA.NS,2022-12-31,2023-01-16,0.0,0.84041,0.57334,flat
ZFCVINDIA.NS,2023-03-31,2023-04-12,0.0,0.40814,0.02591,flat
ZFCVINDIA.NS,2023-06-30,2023-07-24,0.0,0.3192,-0.01743,flat
ZFCVINDIA.NS,2023-09-30,2023-10-18,0.0,-0.13684,-0.45113,flat
ZFCVINDIA.NS,2023-12-31,2024-01-12,0.0,-0.34178,-0.42539,flat
ZFCVINDIA.NS,2024-03-31,2024-04-15,0.0,-0.06805,-0.15393,flat
ZFCVINDIA.NS,2024-06-30,2024-07-16,-7.51,-0.16291,-0.17042,sold
ZFCVINDIA.NS,2024-09-30,2024-10-16,0.0,-0.12452,-0.12815,flat
ZFCVINDIA.NS,2024-12-31,2025-01-13,-4.33,0.26159,0.16131,sold
ZFCVINDIA.NS,2025-03-31,2025-04-21,0.0,0.13853,0.104,flat
ZYDUSLIFE.NS,2021-12-31,2022-01-07,0.0,0.00191,0.0064,flat
ZYDUSLIFE.NS,2022-03-31,2022-04-08,0.0,0.40717,0.4362,flat
ZYDUSLIFE.NS,2022-06-30,2022-07-08,0.0,0.65971,0.43959,flat
ZYDUSLIFE.NS,2022-09-30,2022-10-07,0.1,0.4158,0.25928,flat
ZYDUSLIFE.NS,2022-12-31,2023-01-10,0.0,0.56447,0.29762,flat
ZYDUSLIFE.NS,2023-03-31,2023-04-10,0.0,0.87462,0.49636,flat
ZYDUSLIFE.NS,2023-06-30,2023-07-12,0.0,1.00615,0.62874,flat
ZYDUSLIFE.NS,2023-09-30,2023-10-11,0.0,0.65152,0.3409,flat
ZYDUSLIFE.NS,2023-12-31,2024-01-09,0.0,0.3985,0.28438,flat
ZYDUSLIFE.NS,2024-03-31,2024-04-10,0.0,-0.1476,-0.19974,flat
ZYDUSLIFE.NS,2024-06-30,2024-07-12,0.0,-0.16164,-0.17568,flat
ZYDUSLIFE.NS,2024-09-30,2024-10-10,0.0,-0.06481,-0.05545,flat
ZYDUSLIFE.NS,2024-12-31,2025-01-21,0.0,-0.07985,-0.15678,flat
ZYDUSLIFE.NS,2025-03-31,2025-04-15,0.01,0.08384,0.01187,flat
ZYDUSWELL.NS,2021-09-30,2021-10-08,0.0,-0.26489,-0.22909,flat
ZYDUSWELL.NS,2021-12-31,2022-01-07,0.0,-0.18708,-0.18259,flat
ZYDUSWELL.NS,2022-03-31,2022-04-07,0.0,-0.0436,-0.02406,flat
ZYDUSWELL.NS,2022-06-30,2022-07-18,0.32,-0.09819,-0.30646,flat
ZYDUSWELL.NS,2022-09-30,2022-10-11,0.21,-0.07798,-0.26449,flat
ZYDUSWELL.NS,2022-12-31,2023-01-10,0.0,0.08332,-0.18353,flat
ZYDUSWELL.NS,2023-03-31,2023-04-10,1.1,0.08475,-0.29351,bought
ZYDUSWELL.NS,2023-06-30,2023-07-10,0.65,0.54845,0.1625,bought
ZYDUSWELL.NS,2023-09-30,2023-10-10,1.44,0.23945,-0.10499,bought
ZYDUSWELL.NS,2023-12-31,2024-01-09,0.61,0.14018,0.02606,bought
ZYDUSWELL.NS,2024-03-31,2024-04-09,0.47,0.13284,0.08999,flat
ZYDUSWELL.NS,2024-06-30,2024-07-15,0.0,-0.01655,-0.01936,flat
ZYDUSWELL.NS,2024-09-30,2024-10-14,0.0,0.19535,0.20079,flat
ZYDUSWELL.NS,2024-12-31,2025-01-17,0.0,0.11881,0.07149,flat
ZYDUSWELL.NS,2025-03-31,2025-04-15,0.01,0.43028,0.35831,flat
