symbol,quarter_end,submitted,promoter_pct,public_pct
360ONE.NS,2021-09-30,2021-10-14,22.78,77.22
360ONE.NS,2021-12-31,2022-01-18,23.15,76.85
360ONE.NS,2022-03-31,2022-04-13,23.14,76.86
360ONE.NS,2022-06-30,2022-07-12,23.21,76.79
360ONE.NS,2022-09-30,2022-10-19,23.19,76.81
360ONE.NS,2022-12-31,2023-01-17,22.03,77.97
360ONE.NS,2023-03-03,2023-03-05,22.02,77.98
360ONE.NS,2023-03-31,2023-04-21,22.02,77.98
360ONE.NS,2023-06-30,2023-07-18,21.46,78.54
360ONE.NS,2023-09-30,2023-10-19,20.83,79.17
360ONE.NS,2023-12-31,2024-01-17,17.77,82.23
360ONE.NS,2024-03-31,2024-04-18,17.75,82.25
360ONE.NS,2024-06-30,2024-07-19,15.79,84.21
360ONE.NS,2024-09-30,2024-10-10,15.71,84.29
360ONE.NS,2024-10-29,2024-11-05,14.78,85.22
360ONE.NS,2024-12-31,2025-01-18,14.76,85.24
360ONE.NS,2025-03-31,2025-04-18,14.2,85.8
360ONE.NS,2025-05-27,2025-06-08,7.08,92.92
360ONE.NS,2025-06-30,2025-07-21,6.27,93.73
360ONE.NS,2025-09-30,2025-10-20,6.26,93.74
360ONE.NS,2025-12-31,2026-01-21,6.25,93.75
360ONE.NS,2026-03-31,2026-04-21,6.24,93.76
360ONE.NS,2026-06-30,2026-07-21,6.2,93.8
3MINDIA.NS,2021-09-30,2021-10-12,75.0,25.0
3MINDIA.NS,2021-12-31,2022-01-10,75.0,25.0
3MINDIA.NS,2022-03-31,2022-04-11,75.0,25.0
3MINDIA.NS,2022-06-30,2022-07-20,75.0,25.0
3MINDIA.NS,2022-09-30,2022-10-11,75.0,25.0
3MINDIA.NS,2022-12-31,2023-01-18,75.0,25.0
3MINDIA.NS,2023-03-31,2023-04-13,75.0,25.0
3MINDIA.NS,2023-06-30,2023-07-20,75.0,25.0
3MINDIA.NS,2023-09-30,2023-10-18,75.0,25.0
3MINDIA.NS,2023-12-31,2024-01-17,75.0,25.0
3MINDIA.NS,2024-03-31,2024-04-19,75.0,25.0
3MINDIA.NS,2024-06-30,2024-07-19,75.0,25.0
3MINDIA.NS,2024-09-30,2024-10-17,75.0,25.0
3MINDIA.NS,2024-12-31,2025-01-21,75.0,25.0
3MINDIA.NS,2025-03-31,2025-04-15,75.0,25.0
3MINDIA.NS,2025-06-30,2025-07-21,75.0,25.0
3MINDIA.NS,2025-09-30,2025-10-18,75.0,25.0
3MINDIA.NS,2025-12-31,2026-01-15,75.0,25.0
3MINDIA.NS,2026-03-31,2026-04-19,75.0,25.0
3MINDIA.NS,2026-06-30,2026-07-17,75.0,25.0
AADHARHFC.NS,2024-05-14,2024-05-16,76.48,23.52
AADHARHFC.NS,2024-06-30,2024-07-19,76.48,23.52
AADHARHFC.NS,2024-09-30,2024-10-18,75.89,24.11
AADHARHFC.NS,2024-12-31,2025-01-08,75.74,24.26
AADHARHFC.NS,2025-03-31,2025-04-17,75.61,24.39
AADHARHFC.NS,2025-06-30,2025-07-17,75.5,24.5
AADHARHFC.NS,2025-09-30,2025-10-14,75.32,24.68
AADHARHFC.NS,2025-12-31,2026-01-16,75.19,24.81
AADHARHFC.NS,2026-03-31,2026-04-13,64.9,35.1
AADHARHFC.NS,2026-06-30,2026-07-16,64.66,35.34
AARTIDRUGS.NS,2021-09-30,2021-10-10,60.12,39.88
AARTIDRUGS.NS,2021-12-31,2022-01-10,59.99,40.01
AARTIDRUGS.NS,2022-03-31,2022-04-12,59.83,40.17
AARTIDRUGS.NS,2022-06-30,2022-07-16,59.98,40.02
AARTIDRUGS.NS,2022-09-30,2022-10-21,59.77,40.23
AARTIDRUGS.NS,2022-12-31,2023-01-20,59.66,40.34
AARTIDRUGS.NS,2023-03-31,2023-04-19,59.58,40.42
AARTIDRUGS.NS,2023-06-30,2023-07-13,58.7,41.3
AARTIDRUGS.NS,2023-09-30,2023-10-17,58.56,41.44
AARTIDRUGS.NS,2023-12-31,2024-01-19,57.47,42.53
AARTIDRUGS.NS,2024-03-31,2024-04-19,57.13,42.87
AARTIDRUGS.NS,2024-06-30,2024-07-18,55.67,44.33
AARTIDRUGS.NS,2024-09-30,2024-10-14,55.64,44.36
AARTIDRUGS.NS,2024-12-31,2025-01-20,55.38,44.62
AARTIDRUGS.NS,2025-03-31,2025-04-18,55.48,44.52
AARTIDRUGS.NS,2025-06-30,2025-07-17,55.22,44.78
AARTIDRUGS.NS,2025-09-30,2025-10-18,54.72,45.28
AARTIDRUGS.NS,2025-12-31,2026-01-21,55.03,44.97
AARTIDRUGS.NS,2026-03-31,2026-04-20,55.03,44.97
AARTIDRUGS.NS,2026-06-30,2026-07-20,54.43,45.57
AARTIIND.NS,2021-09-30,2021-10-16,44.21,55.79
AARTIIND.NS,2021-12-31,2022-01-14,44.21,55.79
AARTIIND.NS,2022-03-31,2022-04-11,44.19,55.81
AARTIIND.NS,2022-06-30,2022-07-14,44.19,55.81
AARTIIND.NS,2022-09-30,2022-10-20,44.16,55.84
AARTIIND.NS,2022-12-31,2023-01-11,44.16,55.84
AARTIIND.NS,2023-03-31,2023-04-13,44.07,55.93
AARTIIND.NS,2023-06-30,2023-07-14,43.65,56.35
AARTIIND.NS,2023-09-30,2023-10-07,43.57,56.43
AARTIIND.NS,2023-12-31,2024-01-05,43.55,56.45
AARTIIND.NS,2024-03-31,2024-04-11,43.43,56.57
AARTIIND.NS,2024-06-30,2024-07-18,43.24,56.76
AARTIIND.NS,2024-09-30,2024-10-09,42.61,57.39
AARTIIND.NS,2024-12-31,2025-01-17,42.35,57.65
AARTIIND.NS,2025-03-31,2025-04-16,42.24,57.76
AARTIIND.NS,2025-06-30,2025-07-21,42.24,57.76
AARTIIND.NS,2025-09-30,2025-10-15,42.18,57.82
AARTIIND.NS,2025-12-31,2026-01-21,42.14,57.86
AARTIIND.NS,2026-03-31,2026-04-17,42.09,57.91
AARTIIND.NS,2026-06-30,2026-07-17,41.82,58.18
AAVAS.NS,2021-09-30,2021-10-08,39.22,60.78
AAVAS.NS,2021-12-31,2022-01-15,39.21,60.79
AAVAS.NS,2022-03-31,2022-04-14,39.2,60.8
AAVAS.NS,2022-06-30,2022-07-16,39.19,60.81
AAVAS.NS,2022-09-30,2022-10-19,39.16,60.84
AAVAS.NS,2022-12-31,2023-01-17,39.15,60.85
AAVAS.NS,2023-03-31,2023-04-19,39.14,60.86
AAVAS.NS,2023-06-30,2023-07-18,39.13,60.87
AAVAS.NS,2023-09-30,2023-10-18,39.11,60.89
AAVAS.NS,2023-12-31,2024-01-17,39.1,60.9
AAVAS.NS,2024-03-31,2024-04-17,26.47,73.53
AAVAS.NS,2024-06-30,2024-07-17,26.47,73.53
AAVAS.NS,2024-09-30,2024-10-10,26.47,73.53
AAVAS.NS,2024-12-31,2025-01-18,26.47,73.53
AAVAS.NS,2025-03-31,2025-04-11,26.47,73.53
AAVAS.NS,2025-06-30,2025-07-21,48.96,51.04
AAVAS.NS,2025-09-30,2025-10-17,48.96,51.04
AAVAS.NS,2025-12-31,2026-01-20,48.95,51.05
AAVAS.NS,2026-03-31,2026-04-17,48.88,51.12
AAVAS.NS,2026-06-30,2026-07-09,48.88,51.12
ABB.NS,2021-09-30,2021-10-14,75.0,25.0
ABB.NS,2021-12-31,2022-01-17,75.0,25.0
ABB.NS,2022-03-31,2022-04-11,75.0,25.0
ABB.NS,2022-06-30,2022-07-13,75.0,25.0
ABB.NS,2022-09-30,2022-10-19,75.0,25.0
ABB.NS,2022-12-31,2023-01-13,75.0,25.0
ABB.NS,2023-03-31,2023-04-13,75.0,25.0
ABB.NS,2023-06-30,2023-07-14,75.0,25.0
ABB.NS,2023-09-30,2023-10-18,75.0,25.0
ABB.NS,2023-12-31,2024-01-16,75.0,25.0
ABB.NS,2024-03-31,2024-04-17,75.0,25.0
ABB.NS,2024-06-30,2024-07-17,75.0,25.0
ABB.NS,2024-09-30,2024-10-16,75.0,25.0
ABB.NS,2024-12-31,2025-01-17,75.0,25.0
ABB.NS,2025-03-31,2025-04-10,75.0,25.0
ABB.NS,2025-06-30,2025-07-15,75.0,25.0
ABB.NS,2025-09-30,2025-10-14,75.0,25.0
ABB.NS,2025-12-31,2026-01-13,75.0,25.0
ABB.NS,2026-03-31,2026-04-17,75.0,25.0
ABCAPITAL.NS,2021-09-30,2021-10-18,70.69,29.32
ABCAPITAL.NS,2021-12-31,2022-01-18,71.03,28.97
ABCAPITAL.NS,2022-03-31,2022-04-14,71.07,28.93
ABCAPITAL.NS,2022-06-30,2022-07-21,71.07,28.93
ABCAPITAL.NS,2022-09-30,2022-10-21,71.06,28.94
ABCAPITAL.NS,2022-12-31,2023-01-20,71.05,28.95
ABCAPITAL.NS,2023-03-31,2023-04-18,71.02,28.98
ABCAPITAL.NS,2023-06-26,2023-07-03,71.87,28.13
ABCAPITAL.NS,2023-06-30,2023-07-21,69.1,30.9
ABCAPITAL.NS,2023-06-30,2023-07-02,69.1,30.9
ABCAPITAL.NS,2023-09-30,2023-10-20,68.99,31.01
ABCAPITAL.NS,2023-12-31,2024-01-19,68.98,31.02
ABCAPITAL.NS,2024-03-31,2024-04-19,68.96,31.04
ABCAPITAL.NS,2024-06-30,2024-07-21,68.98,31.02
ABCAPITAL.NS,2024-09-30,2024-10-21,68.9,31.1
ABCAPITAL.NS,2024-12-31,2025-01-17,68.86,31.14
ABCAPITAL.NS,2025-03-31,2025-04-21,68.85,31.15
ABCAPITAL.NS,2025-06-30,2025-07-21,68.76,31.24
ABCAPITAL.NS,2025-09-30,2025-10-20,68.7,31.3
ABCAPITAL.NS,2025-12-31,2026-01-05,68.58,31.42
ABCAPITAL.NS,2026-03-31,2026-04-05,68.51,31.49
ABCAPITAL.NS,2026-06-23,2026-06-23,68.81,31.19
ABCAPITAL.NS,2026-06-30,2026-07-21,68.81,31.19
ABDL.NS,2024-06-28,2024-07-02,80.91,19.09
ABDL.NS,2024-06-30,2024-07-19,80.91,19.09
ABDL.NS,2024-09-30,2024-10-18,80.91,19.09
ABDL.NS,2024-12-31,2025-01-14,80.91,19.09
ABDL.NS,2025-03-31,2025-04-21,80.91,19.09
ABDL.NS,2025-06-30,2025-07-18,80.91,19.09
ABDL.NS,2025-09-30,2025-10-18,80.91,19.09
ABDL.NS,2025-12-31,2026-01-12,80.91,19.09
ABDL.NS,2026-03-31,2026-04-20,80.91,19.09
ABDL.NS,2026-06-30,2026-07-20,80.91,19.09
ABFRL.NS,2021-09-30,2021-10-08,56.13,43.34
ABFRL.NS,2021-12-31,2022-01-21,56.12,43.36
ABFRL.NS,2022-03-31,2022-04-12,56.09,43.41
ABFRL.NS,2022-06-30,2022-07-19,56.09,43.42
ABFRL.NS,2022-09-30,2022-10-20,56.08,43.4
ABFRL.NS,2022-12-31,2023-01-20,55.47,43.98
ABFRL.NS,2023-03-31,2023-04-20,55.47,44.01
ABFRL.NS,2023-06-30,2023-07-19,55.47,44.02
ABFRL.NS,2023-09-30,2023-10-19,55.45,44.05
ABFRL.NS,2023-12-31,2024-01-18,55.45,44.05
ABFRL.NS,2024-03-11,2024-03-19,51.85,47.68
ABFRL.NS,2024-03-31,2024-04-19,51.85,47.68
ABFRL.NS,2024-06-30,2024-07-19,51.97,47.58
ABFRL.NS,2024-09-05,2024-09-13,49.26,50.31
ABFRL.NS,2024-09-30,2024-10-17,49.25,50.33
ABFRL.NS,2024-12-31,2025-01-19,49.24,50.34
ABFRL.NS,2025-01-21,2025-01-30,46.28,53.33
ABFRL.NS,2025-02-24,2025-02-25,46.58,53.06
ABFRL.NS,2025-03-31,2025-04-18,46.58,53.06
ABFRL.NS,2025-06-30,2025-07-21,46.57,53.07
ABFRL.NS,2025-09-30,2025-10-17,46.61,53.04
ABFRL.NS,2025-12-31,2026-01-21,46.61,53.05
ABFRL.NS,2026-03-31,2026-04-21,46.61,53.08
ABFRL.NS,2026-06-30,2026-07-21,46.61,53.08
ABLBL.NS,2025-05-26,2025-06-23,46.57,53.07
ABLBL.NS,2025-06-30,2025-07-21,46.57,53.07
ABLBL.NS,2025-09-30,2025-10-17,46.6,53.05
ABLBL.NS,2025-12-31,2026-01-21,46.6,52.89
ABLBL.NS,2026-03-31,2026-04-17,46.6,52.92
ABLBL.NS,2026-06-30,2026-07-21,46.6,52.92
ABREL.NS,2021-09-30,2021-10-11,50.21,49.79
ABREL.NS,2021-12-31,2022-01-13,50.21,49.79
ABREL.NS,2022-03-31,2022-04-08,50.21,49.79
ABREL.NS,2022-06-30,2022-07-19,50.21,49.79
ABREL.NS,2022-09-30,2022-10-21,50.21,49.79
ABREL.NS,2022-12-31,2023-01-17,50.21,49.79
ABREL.NS,2023-03-31,2023-04-10,50.21,49.79
ABREL.NS,2023-06-30,2023-07-14,50.21,48.67
ABREL.NS,2023-09-30,2023-10-16,50.21,48.67
ABREL.NS,2023-12-31,2024-01-17,50.21,48.67
ABREL.NS,2024-03-31,2024-04-12,50.21,48.67
ABREL.NS,2024-06-30,2024-07-12,50.21,48.67
ABREL.NS,2024-09-30,2024-10-21,50.21,48.75
ABREL.NS,2024-12-31,2025-01-13,50.21,48.75
ABREL.NS,2025-03-31,2025-04-17,50.21,48.75
ABREL.NS,2025-06-30,2025-07-21,50.21,48.75
ABREL.NS,2025-09-30,2025-10-20,50.21,48.76
ABREL.NS,2025-12-31,2026-01-16,50.21,48.77
ABREL.NS,2026-03-31,2026-04-17,50.21,48.79
ABREL.NS,2026-06-30,2026-07-20,50.21,49.04
ABSLAMC.NS,2021-10-07,2021-10-19,86.5,13.49
ABSLAMC.NS,2021-12-31,2022-01-11,86.5,13.5
ABSLAMC.NS,2022-03-31,2022-04-07,86.5,13.5
ABSLAMC.NS,2022-06-30,2022-07-14,86.5,13.5
ABSLAMC.NS,2022-09-30,2022-10-20,86.5,13.5
ABSLAMC.NS,2022-12-31,2023-01-17,86.5,13.5
ABSLAMC.NS,2023-03-31,2023-04-17,86.5,13.5
ABSLAMC.NS,2023-06-30,2023-07-10,86.49,13.51
ABSLAMC.NS,2023-09-30,2023-10-20,86.48,13.52
ABSLAMC.NS,2023-12-31,2024-01-09,86.47,13.53
ABSLAMC.NS,2024-03-31,2024-04-10,75.31,24.69
ABSLAMC.NS,2024-06-30,2024-07-09,75.0,25.0
ABSLAMC.NS,2024-09-30,2024-10-11,74.95,25.05
ABSLAMC.NS,2024-12-31,2025-01-07,74.9,25.1
ABSLAMC.NS,2025-03-31,2025-04-07,74.9,25.1
ABSLAMC.NS,2025-06-30,2025-07-21,74.88,25.12
ABSLAMC.NS,2025-09-30,2025-10-09,74.85,25.15
ABSLAMC.NS,2025-12-31,2026-01-06,74.82,25.18
ABSLAMC.NS,2026-03-31,2026-04-08,74.82,25.18
ABSLAMC.NS,2026-06-30,2026-07-13,74.71,25.29
ACC.NS,2021-09-30,2021-10-06,54.53,45.47
ACC.NS,2021-12-31,2022-01-06,54.53,45.47
ACC.NS,2022-03-31,2022-04-05,54.53,45.47
ACC.NS,2022-06-30,2022-07-04,54.53,45.47
ACC.NS,2022-09-30,2022-10-20,56.68,43.32
ACC.NS,2022-12-31,2023-01-06,56.69,43.31
ACC.NS,2023-03-31,2023-04-11,56.69,43.31
ACC.NS,2023-06-30,2023-07-14,56.69,43.31
ACC.NS,2023-09-30,2023-10-10,56.69,43.31
ACC.NS,2023-12-31,2024-01-10,56.69,43.31
ACC.NS,2024-03-31,2024-04-10,56.69,43.31
ACC.NS,2024-06-30,2024-07-16,56.69,43.31
ACC.NS,2024-09-30,2024-10-10,56.69,43.31
ACC.NS,2024-12-31,2025-01-13,56.69,43.31
ACC.NS,2025-03-31,2025-04-12,56.69,43.31
ACC.NS,2025-06-30,2025-07-21,56.69,43.31
ACC.NS,2025-09-30,2025-10-09,56.69,43.31
ACC.NS,2025-12-31,2026-01-08,56.69,43.31
ACC.NS,2026-03-31,2026-04-11,56.69,43.31
ACC.NS,2026-06-30,2026-07-10,56.69,43.31
ACE.NS,2021-09-30,2021-10-09,66.76,33.24
ACE.NS,2021-12-31,2022-01-12,66.76,33.24
ACE.NS,2022-03-31,2022-04-13,66.76,33.24
ACE.NS,2022-06-30,2022-07-18,66.76,33.24
ACE.NS,2022-09-30,2022-10-17,66.76,33.24
ACE.NS,2022-12-31,2023-01-16,66.76,33.24
ACE.NS,2023-03-31,2023-04-08,66.76,33.24
ACE.NS,2023-06-30,2023-07-11,66.76,33.24
ACE.NS,2023-09-30,2023-10-14,66.76,33.21
ACE.NS,2023-12-31,2024-01-11,66.76,33.18
ACE.NS,2024-03-31,2024-04-09,66.76,33.18
ACE.NS,2024-06-30,2024-07-16,65.41,34.53
ACE.NS,2024-09-30,2024-10-15,65.41,34.52
ACE.NS,2024-12-31,2025-01-11,65.41,34.52
ACE.NS,2025-03-31,2025-04-17,65.41,34.52
ACE.NS,2025-06-30,2025-07-19,65.41,34.52
ACE.NS,2025-09-30,2025-10-10,65.42,34.52
ACE.NS,2025-12-31,2026-01-13,65.42,34.52
ACE.NS,2026-03-31,2026-04-17,65.42,34.52
ACE.NS,2026-06-30,2026-07-08,65.42,34.53
ACI.NS,2022-11-16,2022-11-23,53.6,46.4
ACI.NS,2022-12-31,2023-01-17,53.6,46.4
ACI.NS,2023-03-31,2023-04-11,53.6,46.4
ACI.NS,2023-06-30,2023-07-14,53.6,46.4
ACI.NS,2023-09-30,2023-10-12,53.6,46.4
ACI.NS,2023-12-31,2024-01-10,53.45,46.55
ACI.NS,2024-03-31,2024-04-05,53.45,46.55
ACI.NS,2024-06-30,2024-07-12,53.45,46.55
ACI.NS,2024-09-30,2024-10-15,53.45,46.55
ACI.NS,2024-12-31,2025-01-07,53.44,46.56
ACI.NS,2025-03-31,2025-04-21,53.44,46.56
ACI.NS,2025-06-30,2025-07-19,53.44,46.56
ACI.NS,2025-09-30,2025-10-21,53.44,46.56
ACI.NS,2025-12-31,2026-01-20,53.43,46.57
ACI.NS,2026-03-31,2026-04-18,53.43,46.57
ACI.NS,2026-06-30,2026-07-20,53.43,46.57
ACMESOLAR.NS,2024-11-12,2024-11-13,83.41,16.59
ACMESOLAR.NS,2024-12-31,2025-01-08,83.41,16.59
ACMESOLAR.NS,2025-03-31,2025-04-16,83.41,16.59
ACMESOLAR.NS,2025-06-30,2025-07-19,83.41,16.59
ACMESOLAR.NS,2025-09-30,2025-10-17,83.41,16.59
ACMESOLAR.NS,2025-12-31,2026-01-20,83.29,16.6
ACMESOLAR.NS,2026-03-31,2026-04-20,83.29,16.61
ACMESOLAR.NS,2026-06-04,2026-06-13,71.48,28.44
ACMESOLAR.NS,2026-06-30,2026-07-20,71.4,28.42
ACUTAAS.NS,2021-09-30,2021-10-13,41.05,58.94
ACUTAAS.NS,2021-12-31,2022-01-13,41.05,58.95
ACUTAAS.NS,2022-03-31,2022-04-14,41.05,58.95
ACUTAAS.NS,2022-06-30,2022-07-20,41.05,58.95
ACUTAAS.NS,2022-09-30,2022-10-13,39.41,60.59
ACUTAAS.NS,2022-12-31,2023-01-17,39.41,60.59
ACUTAAS.NS,2023-03-31,2023-04-18,39.41,60.59
ACUTAAS.NS,2023-06-30,2023-07-20,39.41,60.59
ACUTAAS.NS,2023-09-30,2023-10-19,38.93,61.07
ACUTAAS.NS,2023-12-31,2024-01-11,39.91,60.09
ACUTAAS.NS,2024-03-31,2024-04-17,39.91,60.09
ACUTAAS.NS,2024-05-31,2024-06-05,39.07,60.93
ACUTAAS.NS,2024-06-21,2024-06-24,35.98,64.02
ACUTAAS.NS,2024-06-30,2024-07-12,35.98,64.02
ACUTAAS.NS,2024-09-30,2024-10-19,35.97,64.03
ACUTAAS.NS,2024-12-31,2025-01-17,35.96,64.04
ACUTAAS.NS,2025-03-31,2025-04-18,35.96,64.04
ACUTAAS.NS,2025-06-30,2025-07-21,32.66,67.34
ACUTAAS.NS,2025-09-30,2025-10-15,32.66,67.34
ACUTAAS.NS,2025-12-31,2026-01-19,32.66,67.34
ACUTAAS.NS,2026-03-31,2026-04-16,32.66,67.34
ACUTAAS.NS,2026-06-30,2026-07-16,32.66,67.34
ADANIENSOL.NS,2021-09-30,2021-10-11,74.92,25.08
ADANIENSOL.NS,2021-12-31,2022-01-17,74.92,25.08
ADANIENSOL.NS,2022-03-31,2022-04-19,74.92,25.08
ADANIENSOL.NS,2022-06-30,2022-07-20,73.87,26.13
ADANIENSOL.NS,2022-09-30,2022-10-21,73.87,26.13
ADANIENSOL.NS,2022-12-31,2023-01-19,74.19,25.81
ADANIENSOL.NS,2023-03-31,2023-04-10,71.65,28.35
ADANIENSOL.NS,2023-06-30,2023-07-21,68.28,31.72
ADANIENSOL.NS,2023-09-30,2023-10-19,73.22,26.78
ADANIENSOL.NS,2023-12-31,2024-01-09,73.22,26.78
ADANIENSOL.NS,2024-03-31,2024-04-10,73.22,26.78
ADANIENSOL.NS,2024-06-30,2024-07-10,74.94,25.06
ADANIENSOL.NS,2024-08-03,2024-08-12,69.59,30.41
ADANIENSOL.NS,2024-09-30,2024-10-10,69.94,30.06
ADANIENSOL.NS,2024-12-31,2025-01-10,69.94,30.06
ADANIENSOL.NS,2025-03-31,2025-04-10,69.94,30.06
ADANIENSOL.NS,2025-06-30,2025-07-21,71.19,28.81
ADANIENSOL.NS,2025-09-30,2025-10-10,71.19,28.81
ADANIENSOL.NS,2025-12-31,2026-01-09,71.19,28.81
ADANIENSOL.NS,2026-03-31,2026-04-10,72.73,27.27
ADANIENSOL.NS,2026-06-30,2026-07-14,74.71,25.29
ADANIENSOL.NS,2026-07-30,2026-08-04,73.39,26.61
ADANIENT.NS,2015-12-31,2016-01-20,75.0,25.0
ADANIENT.NS,2018-09-30,2018-10-11,74.92,25.08
ADANIENT.NS,2021-09-30,2021-10-21,74.92,25.08
ADANIENT.NS,2021-12-31,2022-01-17,74.92,25.08
ADANIENT.NS,2022-03-31,2022-04-19,74.92,25.08
ADANIENT.NS,2022-05-12,2022-05-12,72.28,27.72
ADANIENT.NS,2022-06-30,2022-07-20,72.28,27.72
ADANIENT.NS,2022-09-30,2022-10-19,72.63,27.37
ADANIENT.NS,2022-12-31,2023-01-20,72.63,27.37
ADANIENT.NS,2023-03-31,2023-04-10,69.23,30.77
ADANIENT.NS,2023-06-30,2023-07-14,67.65,32.35
ADANIENT.NS,2023-09-30,2023-10-18,72.61,27.39
ADANIENT.NS,2023-12-31,2024-01-13,72.61,27.39
ADANIENT.NS,2024-03-31,2024-04-10,72.61,27.39
ADANIENT.NS,2024-06-30,2024-07-11,74.72,25.28
ADANIENT.NS,2024-09-30,2024-10-10,74.89,25.11
ADANIENT.NS,2024-12-31,2025-01-11,73.97,26.03
ADANIENT.NS,2025-03-31,2025-04-10,73.97,26.03
ADANIENT.NS,2025-06-30,2025-07-21,73.97,26.03
ADANIENT.NS,2025-09-30,2025-10-10,73.97,26.03
ADANIENT.NS,2025-12-11,2025-12-18,73.97,26.03
ADANIENT.NS,2025-12-31,2026-01-15,73.97,26.03
ADANIENT.NS,2026-03-31,2026-04-10,74.67,25.33
ADANIENT.NS,2026-06-30,2026-07-10,74.84,25.16
ADANIENT.NS,2026-07-07,2026-07-16,71.97,28.03
ADANIGREEN.NS,2021-09-30,2021-10-18,60.14,39.86
ADANIGREEN.NS,2021-12-31,2022-01-20,61.27,38.73
ADANIGREEN.NS,2022-03-31,2022-04-12,61.27,38.73
ADANIGREEN.NS,2022-06-30,2022-07-21,60.5,39.5
ADANIGREEN.NS,2022-09-30,2022-10-21,60.75,39.25
ADANIGREEN.NS,2022-12-31,2023-01-19,60.75,39.25
ADANIGREEN.NS,2023-03-31,2023-04-08,57.26,42.74
ADANIGREEN.NS,2023-06-30,2023-07-21,56.27,43.73
ADANIGREEN.NS,2023-09-30,2023-10-18,56.26,43.74
ADANIGREEN.NS,2023-12-31,2024-01-13,56.37,43.63
ADANIGREEN.NS,2024-03-31,2024-04-10,56.37,43.63
ADANIGREEN.NS,2024-06-30,2024-07-16,57.52,42.48
ADANIGREEN.NS,2024-09-30,2024-10-04,60.94,39.06
ADANIGREEN.NS,2024-12-31,2025-01-10,60.94,39.06
ADANIGREEN.NS,2025-03-31,2025-04-09,60.94,39.06
ADANIGREEN.NS,2025-06-30,2025-07-21,61.91,38.09
ADANIGREEN.NS,2025-09-30,2025-10-09,62.43,37.57
ADANIGREEN.NS,2025-12-31,2026-01-16,62.43,37.57
ADANIGREEN.NS,2026-03-31,2026-04-03,62.43,37.57
ADANIGREEN.NS,2026-06-30,2026-07-08,62.43,37.57
ADANIPORTS.NS,2021-09-30,2021-10-20,63.83,36.17
ADANIPORTS.NS,2021-12-31,2022-01-19,63.83,36.17
ADANIPORTS.NS,2022-02-21,2022-03-02,65.04,34.96
ADANIPORTS.NS,2022-03-31,2022-04-18,65.55,34.45
ADANIPORTS.NS,2022-06-30,2022-07-21,66.02,33.98
ADANIPORTS.NS,2022-09-30,2022-10-21,66.02,33.98
ADANIPORTS.NS,2022-10-19,2022-10-31,64.56,35.44
ADANIPORTS.NS,2022-12-31,2023-01-20,65.13,34.87
ADANIPORTS.NS,2023-03-31,2023-04-10,61.03,38.97
ADANIPORTS.NS,2023-06-30,2023-07-21,62.89,37.11
ADANIPORTS.NS,2023-09-30,2023-10-10,65.53,34.47
ADANIPORTS.NS,2023-12-31,2024-01-09,65.89,34.11
ADANIPORTS.NS,2024-03-31,2024-04-11,65.89,34.11
ADANIPORTS.NS,2024-06-30,2024-07-13,65.89,34.11
ADANIPORTS.NS,2024-09-30,2024-10-10,65.89,34.11
ADANIPORTS.NS,2024-12-31,2025-01-10,65.89,34.11
ADANIPORTS.NS,2025-03-31,2025-04-10,65.89,34.11
ADANIPORTS.NS,2025-06-30,2025-07-21,65.89,34.11
ADANIPORTS.NS,2025-09-30,2025-10-10,65.89,34.11
ADANIPORTS.NS,2025-12-23,2025-12-24,68.02,31.98
ADANIPORTS.NS,2025-12-31,2026-01-11,68.02,31.98
ADANIPORTS.NS,2026-03-31,2026-04-10,68.02,31.98
ADANIPORTS.NS,2026-06-30,2026-07-10,66.03,33.97
ADANIPOWER.NS,2021-09-30,2021-10-20,74.97,25.03
ADANIPOWER.NS,2021-12-31,2022-01-20,74.97,25.03
ADANIPOWER.NS,2022-03-31,2022-04-19,74.97,25.03
ADANIPOWER.NS,2022-06-30,2022-07-20,74.97,25.03
ADANIPOWER.NS,2022-09-30,2022-10-20,74.97,25.03
ADANIPOWER.NS,2022-12-31,2023-01-12,74.97,25.03
ADANIPOWER.NS,2023-03-31,2023-04-11,74.97,25.03
ADANIPOWER.NS,2023-06-30,2023-07-21,74.97,25.03
ADANIPOWER.NS,2023-09-30,2023-10-19,70.02,29.98
ADANIPOWER.NS,2023-12-31,2024-01-13,71.75,28.25
ADANIPOWER.NS,2024-03-31,2024-04-10,71.75,28.25
ADANIPOWER.NS,2024-06-30,2024-07-17,72.71,27.29
ADANIPOWER.NS,2024-09-30,2024-10-09,74.96,25.04
ADANIPOWER.NS,2024-12-31,2025-01-10,74.96,25.04
ADANIPOWER.NS,2025-03-31,2025-04-10,74.96,25.04
ADANIPOWER.NS,2025-06-30,2025-07-10,74.96,25.04
ADANIPOWER.NS,2025-09-30,2025-10-10,74.96,25.04
ADANIPOWER.NS,2025-12-31,2026-01-09,74.96,25.04
ADANIPOWER.NS,2026-03-31,2026-04-10,74.96,25.04
ADANIPOWER.NS,2026-06-30,2026-07-05,74.96,25.04
ADVENZYMES.NS,2021-09-30,2021-10-18,52.55,47.45
ADVENZYMES.NS,2021-12-31,2022-01-11,52.71,47.29
ADVENZYMES.NS,2022-03-31,2022-04-11,52.7,47.3
ADVENZYMES.NS,2022-06-30,2022-07-12,52.7,47.3
ADVENZYMES.NS,2022-09-30,2022-10-19,49.87,50.13
ADVENZYMES.NS,2022-12-31,2023-01-16,49.87,50.13
ADVENZYMES.NS,2023-03-31,2023-04-14,49.87,50.13
ADVENZYMES.NS,2023-06-30,2023-07-18,46.52,53.48
ADVENZYMES.NS,2023-09-30,2023-10-09,45.92,54.08
ADVENZYMES.NS,2023-12-31,2024-01-10,43.62,56.38
ADVENZYMES.NS,2024-03-31,2024-04-15,43.49,56.51
ADVENZYMES.NS,2024-06-30,2024-07-12,43.02,56.98
ADVENZYMES.NS,2024-09-30,2024-10-14,42.95,57.05
ADVENZYMES.NS,2024-12-31,2025-01-14,42.93,57.07
ADVENZYMES.NS,2025-03-31,2025-04-19,43.08,56.92
ADVENZYMES.NS,2025-06-30,2025-07-18,43.08,56.92
ADVENZYMES.NS,2025-09-30,2025-10-16,43.07,56.93
ADVENZYMES.NS,2025-12-31,2026-01-16,43.04,56.96
ADVENZYMES.NS,2026-03-31,2026-04-14,43.26,56.74
ADVENZYMES.NS,2026-06-30,2026-07-18,43.24,56.76
AEGISLOG.NS,2015-12-31,2016-01-13,62.93,37.07
AEGISLOG.NS,2021-09-30,2021-10-20,58.07,41.93
AEGISLOG.NS,2021-12-31,2022-01-13,58.07,41.93
AEGISLOG.NS,2022-03-31,2022-04-19,58.07,41.93
AEGISLOG.NS,2022-06-30,2022-07-18,58.07,41.93
AEGISLOG.NS,2022-09-30,2022-10-19,58.07,41.93
AEGISLOG.NS,2022-12-31,2023-01-19,58.07,41.93
AEGISLOG.NS,2023-03-31,2023-04-19,58.07,41.93
AEGISLOG.NS,2023-06-30,2023-07-13,58.07,41.93
AEGISLOG.NS,2023-09-30,2023-10-17,58.1,41.9
AEGISLOG.NS,2023-12-31,2024-01-16,58.1,41.9
AEGISLOG.NS,2024-03-31,2024-04-18,58.1,41.9
AEGISLOG.NS,2024-06-30,2024-07-19,58.1,41.9
AEGISLOG.NS,2024-09-30,2024-10-14,58.1,41.9
AEGISLOG.NS,2024-12-31,2025-01-18,58.1,41.9
AEGISLOG.NS,2025-03-31,2025-04-16,58.1,41.9
AEGISLOG.NS,2025-06-30,2025-07-20,58.1,41.9
AEGISLOG.NS,2025-09-30,2025-10-17,58.1,41.9
AEGISLOG.NS,2025-12-31,2026-01-19,58.1,41.9
AEGISLOG.NS,2026-03-31,2026-04-14,58.1,41.9
AEGISLOG.NS,2026-06-30,2026-07-21,58.1,41.9
AEGISVOPAK.NS,2025-05-29,2025-06-02,86.93,13.07
AEGISVOPAK.NS,2025-06-30,2025-07-19,86.93,13.07
AEGISVOPAK.NS,2025-09-30,2025-10-10,86.93,13.07
AEGISVOPAK.NS,2025-12-31,2026-01-14,86.93,13.07
AEGISVOPAK.NS,2026-03-31,2026-04-14,86.93,13.07
AEGISVOPAK.NS,2026-06-30,2026-07-21,86.93,13.07
AETHER.NS,2022-05-31,2022-06-22,87.09,12.91
AETHER.NS,2022-06-30,2022-07-04,87.09,12.91
AETHER.NS,2022-09-30,2022-10-11,87.09,12.91
AETHER.NS,2022-12-31,2023-01-16,87.07,12.93
AETHER.NS,2023-03-31,2023-04-06,87.07,12.93
AETHER.NS,2023-06-22,2023-06-26,81.81,18.19
AETHER.NS,2023-06-30,2023-07-07,81.81,18.19
AETHER.NS,2023-09-30,2023-10-05,81.81,18.19
AETHER.NS,2023-12-31,2024-01-10,81.79,18.21
AETHER.NS,2024-03-31,2024-04-08,81.79,18.21
AETHER.NS,2024-06-30,2024-07-08,81.79,18.21
AETHER.NS,2024-09-30,2024-10-06,81.79,18.21
AETHER.NS,2024-12-31,2025-01-13,81.77,18.23
AETHER.NS,2025-03-31,2025-04-11,81.77,18.23
AETHER.NS,2025-06-30,2025-07-09,75.0,25.0
AETHER.NS,2025-09-30,2025-10-08,75.0,25.0
AETHER.NS,2025-12-31,2026-01-07,74.98,25.02
AETHER.NS,2026-03-31,2026-04-13,74.95,25.05
AETHER.NS,2026-06-30,2026-07-13,74.93,25.07
AFCONS.NS,2024-10-31,2024-11-04,50.17,49.83
AFCONS.NS,2024-12-31,2025-01-20,50.17,49.83
AFCONS.NS,2025-03-31,2025-04-21,50.17,49.83
AFCONS.NS,2025-06-30,2025-07-21,50.17,49.83
AFCONS.NS,2025-09-30,2025-10-17,50.17,49.83
AFCONS.NS,2025-12-31,2026-01-19,50.17,49.83
AFCONS.NS,2026-03-31,2026-04-20,50.17,49.83
AFCONS.NS,2026-06-30,2026-07-21,50.17,49.83
AFFLE.NS,2021-09-30,2021-10-07,59.89,40.11
AFFLE.NS,2021-12-31,2022-01-07,59.89,40.11
AFFLE.NS,2022-03-31,2022-04-13,59.89,40.11
AFFLE.NS,2022-06-30,2022-07-15,59.89,40.05
AFFLE.NS,2022-09-30,2022-10-11,59.89,40.05
AFFLE.NS,2022-12-31,2023-01-04,59.89,40.05
AFFLE.NS,2023-03-31,2023-04-04,59.89,40.05
AFFLE.NS,2023-06-30,2023-07-06,59.89,40.05
AFFLE.NS,2023-09-30,2023-10-05,59.89,40.05
AFFLE.NS,2023-11-22,2023-11-23,56.93,43.0
AFFLE.NS,2023-12-31,2024-01-04,56.93,43.01
AFFLE.NS,2024-03-31,2024-04-04,56.92,43.01
AFFLE.NS,2024-06-30,2024-07-05,55.14,44.82
AFFLE.NS,2024-09-30,2024-10-09,55.09,44.82
AFFLE.NS,2024-12-31,2025-01-07,55.03,44.88
AFFLE.NS,2025-03-31,2025-04-10,55.02,44.88
AFFLE.NS,2025-06-30,2025-07-14,55.0,44.91
AFFLE.NS,2025-09-30,2025-10-08,54.97,44.92
AFFLE.NS,2025-12-31,2026-01-12,54.95,44.95
AFFLE.NS,2026-03-31,2026-04-10,54.92,44.97
AFFLE.NS,2026-06-30,2026-07-14,54.91,44.97
AGARWALEYE.NS,2025-02-03,2025-02-05,32.45,67.55
AGARWALEYE.NS,2025-03-31,2025-04-17,32.45,67.55
AGARWALEYE.NS,2025-06-30,2025-07-10,32.42,67.58
AGARWALEYE.NS,2025-09-30,2025-10-14,32.42,67.58
AGARWALEYE.NS,2025-12-31,2026-01-20,32.39,67.61
AGARWALEYE.NS,2026-03-31,2026-04-13,32.36,67.64
AGARWALEYE.NS,2026-06-30,2026-07-07,32.34,67.66
AIAENG.NS,2021-09-30,2021-10-13,58.47,41.53
AIAENG.NS,2021-12-31,2022-01-06,58.47,41.53
AIAENG.NS,2022-03-31,2022-04-15,58.47,41.53
AIAENG.NS,2022-06-30,2022-07-16,58.47,41.53
AIAENG.NS,2022-09-30,2022-10-17,58.47,41.53
AIAENG.NS,2022-12-31,2023-01-16,58.47,41.53
AIAENG.NS,2023-03-31,2023-04-18,58.47,41.53
AIAENG.NS,2023-06-30,2023-07-12,58.47,41.53
AIAENG.NS,2023-09-30,2023-10-13,58.47,41.53
AIAENG.NS,2023-12-31,2024-01-12,58.47,41.53
AIAENG.NS,2024-03-31,2024-04-12,58.47,41.53
AIAENG.NS,2024-06-30,2024-07-12,58.47,41.53
AIAENG.NS,2024-09-30,2024-10-16,58.5,41.5
AIAENG.NS,2024-12-31,2025-01-20,58.5,41.5
AIAENG.NS,2025-03-31,2025-04-15,58.5,41.5
AIAENG.NS,2025-06-30,2025-07-18,58.5,41.5
AIAENG.NS,2025-09-30,2025-10-10,58.5,41.5
AIAENG.NS,2025-12-31,2026-01-09,58.5,41.5
AIAENG.NS,2026-03-31,2026-04-15,58.5,41.5
AIAENG.NS,2026-06-30,2026-07-16,58.5,41.5
AIIL.NS,2024-03-31,2024-04-20,74.72,25.28
AIIL.NS,2024-03-31,2024-04-20,74.72,25.28
AIIL.NS,2024-06-30,2024-07-12,74.95,25.05
AIIL.NS,2024-09-30,2024-10-11,74.95,25.05
AIIL.NS,2024-12-31,2025-01-10,74.95,25.05
AIIL.NS,2025-03-31,2025-04-15,74.95,25.05
AIIL.NS,2025-06-30,2025-07-16,74.95,25.05
AIIL.NS,2025-09-30,2025-10-21,68.79,31.21
AIIL.NS,2025-12-31,2026-01-19,68.79,31.21
AIIL.NS,2026-01-14,2026-01-20,68.79,31.21
AIIL.NS,2026-03-31,2026-04-15,68.81,31.19
AIIL.NS,2026-06-30,2026-07-20,68.81,31.19
AJANTPHARM.NS,2021-09-30,2021-10-14,70.34,29.66
AJANTPHARM.NS,2021-12-31,2022-01-12,70.34,29.66
AJANTPHARM.NS,2022-03-31,2022-04-12,70.48,29.52
AJANTPHARM.NS,2022-06-30,2022-07-14,70.48,29.52
AJANTPHARM.NS,2022-09-30,2022-10-10,70.48,29.52
AJANTPHARM.NS,2022-12-31,2023-01-16,66.11,33.89
AJANTPHARM.NS,2023-03-31,2023-04-12,66.11,33.89
AJANTPHARM.NS,2023-04-19,2023-04-26,66.21,33.79
AJANTPHARM.NS,2023-06-30,2023-07-07,66.21,33.79
AJANTPHARM.NS,2023-09-30,2023-10-10,66.21,33.79
AJANTPHARM.NS,2023-12-31,2024-01-12,66.21,33.79
AJANTPHARM.NS,2024-03-31,2024-04-12,66.21,33.79
AJANTPHARM.NS,2024-06-30,2024-07-12,66.27,33.73
AJANTPHARM.NS,2024-09-30,2024-10-10,66.26,33.74
AJANTPHARM.NS,2024-12-31,2025-01-07,66.26,33.74
AJANTPHARM.NS,2025-03-31,2025-04-09,66.26,33.74
AJANTPHARM.NS,2025-06-30,2025-07-17,66.26,33.74
AJANTPHARM.NS,2025-09-30,2025-10-14,66.25,33.75
AJANTPHARM.NS,2025-12-31,2026-01-12,66.25,33.75
AJANTPHARM.NS,2026-03-31,2026-04-13,66.25,33.75
AJANTPHARM.NS,2026-06-30,2026-07-14,63.48,36.52
AKUMS.NS,2024-08-02,2024-08-06,75.26,22.01
AKUMS.NS,2024-09-30,2024-10-16,75.26,22.01
AKUMS.NS,2024-12-31,2025-01-11,75.26,22.01
AKUMS.NS,2025-03-31,2025-04-09,75.26,22.01
AKUMS.NS,2025-06-30,2025-07-17,75.26,22.01
AKUMS.NS,2025-09-30,2025-10-15,75.26,22.01
AKUMS.NS,2025-12-31,2026-01-12,75.26,22.01
AKUMS.NS,2026-03-31,2026-04-07,75.26,22.01
AKUMS.NS,2026-06-30,2026-07-18,75.26,22.01
ALIVUS.NS,2021-08-05,2021-10-08,82.84,17.16
ALIVUS.NS,2021-09-30,2021-10-20,82.84,17.16
ALIVUS.NS,2021-12-31,2022-01-20,82.85,17.15
ALIVUS.NS,2022-03-31,2022-04-19,82.85,17.15
ALIVUS.NS,2022-06-30,2022-07-19,82.85,17.15
ALIVUS.NS,2022-09-30,2022-10-21,82.85,17.15
ALIVUS.NS,2022-12-31,2023-01-13,82.85,17.15
ALIVUS.NS,2023-03-31,2023-04-13,82.85,17.15
ALIVUS.NS,2023-06-30,2023-07-19,82.85,17.15
ALIVUS.NS,2023-09-30,2023-10-18,82.85,17.15
ALIVUS.NS,2023-12-31,2024-01-12,82.85,17.15
ALIVUS.NS,2024-03-31,2024-04-19,82.85,17.15
ALIVUS.NS,2024-06-30,2024-07-16,82.85,17.15
ALIVUS.NS,2024-09-30,2024-10-14,75.0,25.0
ALIVUS.NS,2024-12-31,2025-01-16,75.0,25.0
ALIVUS.NS,2025-03-31,2025-04-14,74.99,25.01
ALIVUS.NS,2025-06-30,2025-07-21,74.94,25.06
ALIVUS.NS,2025-09-30,2025-10-10,74.91,25.09
ALIVUS.NS,2025-12-31,2026-01-19,74.91,25.09
ALIVUS.NS,2026-03-31,2026-04-14,74.87,25.13
ALIVUS.NS,2026-06-30,2026-07-13,74.87,25.13
ALKEM.NS,2021-09-30,2021-10-11,58.84,41.16
ALKEM.NS,2021-12-31,2022-01-19,57.13,42.87
ALKEM.NS,2022-03-31,2022-04-20,57.13,42.87
ALKEM.NS,2022-06-30,2022-07-20,57.14,42.86
ALKEM.NS,2022-09-30,2022-10-20,57.16,42.84
ALKEM.NS,2022-12-31,2023-01-16,57.16,42.84
ALKEM.NS,2023-03-31,2023-04-14,57.16,42.84
ALKEM.NS,2023-06-30,2023-07-17,57.16,42.84
ALKEM.NS,2023-09-30,2023-10-06,56.74,43.26
ALKEM.NS,2023-12-31,2024-01-15,56.74,43.26
ALKEM.NS,2024-03-31,2024-04-18,56.74,43.26
ALKEM.NS,2024-06-30,2024-07-12,56.38,43.62
ALKEM.NS,2024-09-30,2024-10-16,55.66,44.34
ALKEM.NS,2024-12-31,2025-01-16,55.66,44.34
ALKEM.NS,2025-03-31,2025-04-17,55.13,44.87
ALKEM.NS,2025-06-30,2025-07-21,53.04,46.96
ALKEM.NS,2025-09-30,2025-10-15,51.2,48.8
ALKEM.NS,2025-12-31,2026-01-13,51.2,48.8
ALKEM.NS,2026-03-31,2026-04-15,51.2,48.8
ALKEM.NS,2026-06-30,2026-07-09,49.7,50.3
ALKYLAMINE.NS,2021-09-30,2021-10-19,72.03,27.97
ALKYLAMINE.NS,2021-12-31,2022-01-15,72.03,27.97
ALKYLAMINE.NS,2022-03-31,2022-04-13,72.03,27.97
ALKYLAMINE.NS,2022-06-30,2022-07-15,72.0,28.0
ALKYLAMINE.NS,2022-09-30,2022-10-20,71.99,28.01
ALKYLAMINE.NS,2022-12-31,2023-01-11,71.99,28.01
ALKYLAMINE.NS,2023-03-31,2023-04-14,71.99,28.01
ALKYLAMINE.NS,2023-06-30,2023-07-14,71.97,28.03
ALKYLAMINE.NS,2023-09-30,2023-10-12,71.96,28.04
ALKYLAMINE.NS,2023-12-31,2024-01-11,71.96,28.04
ALKYLAMINE.NS,2024-03-31,2024-04-11,71.96,28.04
ALKYLAMINE.NS,2024-06-30,2024-07-11,71.97,28.03
ALKYLAMINE.NS,2024-09-30,2024-10-11,71.96,28.04
ALKYLAMINE.NS,2024-12-31,2025-01-14,72.0,28.0
ALKYLAMINE.NS,2025-03-31,2025-04-11,72.04,27.96
ALKYLAMINE.NS,2025-06-30,2025-07-19,72.03,27.97
ALKYLAMINE.NS,2025-09-30,2025-10-20,72.03,27.97
ALKYLAMINE.NS,2025-12-31,2026-01-20,72.03,27.97
ALKYLAMINE.NS,2026-03-31,2026-04-16,72.05,27.95
ALKYLAMINE.NS,2026-06-30,2026-07-20,72.04,27.96
ALLCARGO.NS,2021-09-30,2021-10-16,69.95,30.05
ALLCARGO.NS,2021-12-31,2022-01-17,69.92,30.08
ALLCARGO.NS,2022-03-31,2022-04-21,69.92,30.08
ALLCARGO.NS,2022-06-30,2022-07-14,69.92,30.08
ALLCARGO.NS,2022-09-30,2022-10-20,69.92,30.08
ALLCARGO.NS,2022-12-31,2023-01-18,69.92,30.08
ALLCARGO.NS,2023-03-31,2023-04-17,69.92,30.08
ALLCARGO.NS,2023-06-30,2023-07-18,69.92,30.08
ALLCARGO.NS,2023-09-30,2023-10-17,69.92,30.08
ALLCARGO.NS,2023-12-31,2024-01-17,69.92,30.08
ALLCARGO.NS,2024-01-04,2024-01-05,69.92,30.08
ALLCARGO.NS,2024-03-31,2024-04-15,69.92,30.08
ALLCARGO.NS,2024-06-30,2024-07-18,63.66,36.34
ALLCARGO.NS,2024-09-30,2024-10-17,63.37,36.63
ALLCARGO.NS,2024-12-31,2025-01-21,63.28,36.72
ALLCARGO.NS,2025-03-31,2025-04-21,63.28,36.72
ALLCARGO.NS,2025-06-30,2025-07-17,63.28,36.72
ALLCARGO.NS,2025-09-30,2025-10-18,63.28,36.72
ALLCARGO.NS,2025-11-12,2026-01-23,41.52,58.48
ALLCARGO.NS,2025-12-31,2026-01-21,40.49,59.51
ALLCARGO.NS,2026-03-31,2026-04-09,40.28,59.72
ALLCARGO.NS,2026-06-30,2026-07-20,40.28,59.72
ALOKINDS.NS,2021-09-30,2021-10-13,75.0,25.0
ALOKINDS.NS,2021-12-31,2022-01-12,75.0,25.0
ALOKINDS.NS,2022-03-31,2022-04-19,75.0,25.0
ALOKINDS.NS,2022-06-30,2022-07-15,75.0,25.0
ALOKINDS.NS,2022-09-30,2022-10-21,75.0,25.0
ALOKINDS.NS,2022-12-31,2023-01-16,75.0,25.0
ALOKINDS.NS,2023-03-31,2023-04-19,75.0,25.0
ALOKINDS.NS,2023-06-30,2023-07-21,75.0,25.0
ALOKINDS.NS,2023-09-30,2023-10-18,75.0,25.0
ALOKINDS.NS,2023-12-31,2024-01-19,75.0,25.0
ALOKINDS.NS,2024-03-31,2024-04-18,75.0,25.0
ALOKINDS.NS,2024-06-30,2024-07-19,75.0,25.0
ALOKINDS.NS,2024-09-30,2024-10-18,75.0,25.0
ALOKINDS.NS,2024-12-31,2025-01-20,75.0,25.0
ALOKINDS.NS,2025-03-31,2025-04-18,75.0,25.0
ALOKINDS.NS,2025-06-30,2025-07-21,75.0,25.0
ALOKINDS.NS,2025-09-30,2025-10-17,75.0,25.0
ALOKINDS.NS,2025-12-31,2026-01-13,75.0,25.0
ALOKINDS.NS,2026-03-31,2026-04-13,75.0,25.0
ALOKINDS.NS,2026-06-30,2026-07-20,75.0,25.0
AMBER.NS,2021-09-30,2021-10-06,40.27,59.73
AMBER.NS,2021-12-31,2022-01-07,40.27,59.73
AMBER.NS,2022-03-31,2022-04-08,40.27,59.73
AMBER.NS,2022-06-30,2022-07-11,40.31,59.69
AMBER.NS,2022-09-30,2022-10-17,40.31,59.69
AMBER.NS,2022-12-31,2023-01-12,40.31,59.69
AMBER.NS,2023-03-31,2023-04-12,40.31,59.69
AMBER.NS,2023-06-30,2023-07-15,40.32,59.68
AMBER.NS,2023-09-30,2023-10-10,40.31,59.69
AMBER.NS,2023-12-31,2024-01-15,40.31,59.69
AMBER.NS,2024-03-31,2024-04-10,40.31,59.69
AMBER.NS,2024-06-30,2024-07-12,39.87,60.13
AMBER.NS,2024-09-30,2024-10-09,39.79,60.21
AMBER.NS,2024-12-31,2025-01-16,39.72,60.28
AMBER.NS,2025-03-31,2025-04-17,39.72,60.28
AMBER.NS,2025-06-30,2025-07-19,39.65,60.35
AMBER.NS,2025-09-30,2025-10-14,38.22,61.78
AMBER.NS,2025-12-31,2026-01-17,38.19,61.81
AMBER.NS,2026-03-31,2026-04-21,38.17,61.83
AMBER.NS,2026-06-30,2026-07-20,38.09,61.91
AMBUJACEM.NS,2021-09-30,2021-10-18,63.26,36.74
AMBUJACEM.NS,2021-12-31,2022-01-13,63.21,36.79
AMBUJACEM.NS,2022-03-31,2022-04-11,63.19,36.81
AMBUJACEM.NS,2022-06-30,2022-07-07,63.2,36.8
AMBUJACEM.NS,2022-09-30,2022-10-19,63.22,36.78
AMBUJACEM.NS,2022-12-31,2023-01-07,63.22,36.78
AMBUJACEM.NS,2023-03-31,2023-04-07,63.22,36.78
AMBUJACEM.NS,2023-06-30,2023-07-18,63.2,36.8
AMBUJACEM.NS,2023-09-30,2023-10-19,63.19,36.81
AMBUJACEM.NS,2023-12-31,2024-01-12,63.19,36.81
AMBUJACEM.NS,2024-03-28,2024-03-29,66.74,33.26
AMBUJACEM.NS,2024-03-31,2024-04-16,66.74,33.26
AMBUJACEM.NS,2024-04-17,2024-04-23,70.33,29.67
AMBUJACEM.NS,2024-06-30,2024-07-16,70.33,29.67
AMBUJACEM.NS,2024-09-30,2024-10-11,67.57,32.43
AMBUJACEM.NS,2024-12-31,2025-01-11,67.57,32.43
AMBUJACEM.NS,2025-03-31,2025-04-15,67.57,32.43
AMBUJACEM.NS,2025-06-30,2025-07-21,67.57,32.43
AMBUJACEM.NS,2025-09-30,2025-10-11,67.68,32.32
AMBUJACEM.NS,2025-12-31,2026-01-10,67.68,32.32
AMBUJACEM.NS,2026-03-31,2026-04-10,67.68,32.32
AMBUJACEM.NS,2026-04-10,2026-04-18,67.33,32.67
AMBUJACEM.NS,2026-06-30,2026-07-11,67.33,32.67
ANANDRATHI.NS,2021-12-09,2021-12-20,48.82,51.18
ANANDRATHI.NS,2021-12-31,2022-01-19,48.82,51.18
ANANDRATHI.NS,2022-03-31,2022-04-14,48.82,51.18
ANANDRATHI.NS,2022-06-30,2022-07-14,48.82,51.18
ANANDRATHI.NS,2022-09-30,2022-10-17,48.74,51.26
ANANDRATHI.NS,2022-12-31,2023-01-20,48.74,51.26
ANANDRATHI.NS,2023-03-31,2023-04-19,48.74,51.26
ANANDRATHI.NS,2023-06-30,2023-07-21,48.74,51.26
ANANDRATHI.NS,2023-09-30,2023-10-10,48.69,51.31
ANANDRATHI.NS,2023-12-31,2024-01-08,48.2,51.8
ANANDRATHI.NS,2024-03-31,2024-04-19,48.03,51.97
ANANDRATHI.NS,2024-06-30,2024-07-15,48.09,51.91
ANANDRATHI.NS,2024-09-30,2024-10-15,47.99,52.01
ANANDRATHI.NS,2024-12-31,2025-01-20,47.99,52.01
ANANDRATHI.NS,2025-03-06,2025-03-07,47.27,52.73
ANANDRATHI.NS,2025-03-31,2025-04-18,47.29,52.71
ANANDRATHI.NS,2025-06-30,2025-07-15,42.72,57.28
ANANDRATHI.NS,2025-09-30,2025-10-15,42.72,57.28
ANANDRATHI.NS,2025-12-31,2026-01-16,43.11,56.89
ANANDRATHI.NS,2026-03-31,2026-04-16,43.11,56.89
ANANDRATHI.NS,2026-06-04,2026-06-11,41.37,58.63
ANANDRATHI.NS,2026-06-30,2026-07-15,41.37,58.63
ANANTRAJ.NS,2021-09-30,2021-10-19,65.04,34.96
ANANTRAJ.NS,2021-12-31,2022-01-18,65.04,34.96
ANANTRAJ.NS,2022-03-31,2022-04-15,64.99,35.01
ANANTRAJ.NS,2022-06-30,2022-07-19,65.11,34.89
ANANTRAJ.NS,2022-08-03,2022-08-12,63.76,36.24
ANANTRAJ.NS,2022-09-30,2022-10-21,63.03,36.97
ANANTRAJ.NS,2022-12-31,2023-01-21,63.03,36.97
ANANTRAJ.NS,2023-03-31,2023-04-14,63.22,36.78
ANANTRAJ.NS,2023-06-30,2023-07-11,63.22,36.78
ANANTRAJ.NS,2023-09-30,2023-10-10,63.31,36.69
ANANTRAJ.NS,2023-12-31,2024-01-11,63.3,36.7
ANANTRAJ.NS,2024-01-18,2024-01-23,60.16,39.84
ANANTRAJ.NS,2024-03-31,2024-04-09,60.0,40.0
ANANTRAJ.NS,2024-06-30,2024-07-09,60.0,40.0
ANANTRAJ.NS,2024-09-30,2024-10-15,60.0,40.0
ANANTRAJ.NS,2024-12-31,2025-01-10,60.0,40.0
ANANTRAJ.NS,2025-03-31,2025-04-11,60.16,39.84
ANANTRAJ.NS,2025-06-30,2025-07-16,60.12,39.88
ANANTRAJ.NS,2025-09-30,2025-10-12,60.12,39.88
ANANTRAJ.NS,2025-10-13,2025-10-18,57.35,42.65
ANANTRAJ.NS,2025-12-31,2026-01-09,57.41,42.59
ANANTRAJ.NS,2026-03-31,2026-04-15,57.41,42.59
ANANTRAJ.NS,2026-06-30,2026-07-20,57.42,42.58
ANGELONE.NS,2021-09-30,2021-10-19,43.77,56.23
ANGELONE.NS,2021-12-31,2022-01-13,43.68,56.32
ANGELONE.NS,2022-03-31,2022-04-12,44.0,56.0
ANGELONE.NS,2022-06-30,2022-07-20,43.83,56.17
ANGELONE.NS,2022-09-30,2022-10-20,43.71,56.29
ANGELONE.NS,2022-12-31,2023-01-16,43.68,56.32
ANGELONE.NS,2023-03-31,2023-04-21,38.48,61.52
ANGELONE.NS,2023-06-30,2023-07-12,38.3,61.7
ANGELONE.NS,2023-09-30,2023-10-18,38.26,61.74
ANGELONE.NS,2023-12-31,2024-01-10,38.24,61.76
ANGELONE.NS,2024-03-31,2024-04-16,38.21,61.79
ANGELONE.NS,2024-04-02,2024-04-30,35.72,64.28
ANGELONE.NS,2024-06-30,2024-07-19,35.63,64.37
ANGELONE.NS,2024-09-30,2024-10-14,35.61,64.39
ANGELONE.NS,2024-12-31,2025-01-16,35.57,64.43
ANGELONE.NS,2025-03-31,2025-04-09,35.55,64.45
ANGELONE.NS,2025-06-30,2025-07-17,28.97,71.03
ANGELONE.NS,2025-09-30,2025-10-17,28.91,71.09
ANGELONE.NS,2025-12-31,2026-01-16,28.87,71.13
ANGELONE.NS,2026-03-31,2026-04-20,28.8,71.2
ANGELONE.NS,2026-06-30,2026-07-16,28.59,71.41
ANURAS.NS,2021-09-30,2021-10-11,65.4,34.6
ANURAS.NS,2021-12-31,2022-01-18,65.4,34.6
ANURAS.NS,2022-03-31,2022-04-18,65.18,34.82
ANURAS.NS,2022-06-30,2022-07-21,65.17,34.83
ANURAS.NS,2022-09-30,2022-10-18,65.16,34.84
ANURAS.NS,2022-12-31,2023-01-13,60.96,39.04
ANURAS.NS,2023-03-31,2023-04-20,60.81,39.19
ANURAS.NS,2023-06-30,2023-07-18,60.77,39.23
ANURAS.NS,2023-09-30,2023-10-19,60.73,39.27
ANURAS.NS,2023-12-31,2024-01-19,61.41,38.59
ANURAS.NS,2024-03-31,2024-04-13,61.26,38.74
ANURAS.NS,2024-06-30,2024-07-12,61.23,38.77
ANURAS.NS,2024-09-30,2024-10-15,61.23,38.77
ANURAS.NS,2024-12-31,2025-01-20,61.18,38.82
ANURAS.NS,2025-03-31,2025-04-18,61.18,38.82
ANURAS.NS,2025-06-30,2025-07-19,61.18,38.82
ANURAS.NS,2025-07-15,2025-08-01,59.07,40.93
ANURAS.NS,2025-09-30,2025-10-18,59.07,40.93
ANURAS.NS,2025-12-31,2026-01-17,59.07,40.93
ANURAS.NS,2026-03-31,2026-04-20,59.07,40.93
ANURAS.NS,2026-06-30,2026-07-21,59.07,40.93
APARINDS.NS,2021-09-30,2021-10-13,60.46,39.54
APARINDS.NS,2021-12-31,2022-01-15,60.46,39.54
APARINDS.NS,2022-03-31,2022-04-14,60.57,39.43
APARINDS.NS,2022-06-30,2022-07-20,60.64,39.36
APARINDS.NS,2022-09-30,2022-10-18,60.64,39.36
APARINDS.NS,2022-12-31,2023-01-20,60.64,39.36
APARINDS.NS,2023-03-31,2023-04-18,60.64,39.36
APARINDS.NS,2023-06-30,2023-07-20,60.64,39.36
APARINDS.NS,2023-09-30,2023-10-20,60.64,39.36
APARINDS.NS,2023-11-30,2023-12-08,57.77,42.23
APARINDS.NS,2023-12-31,2024-01-20,57.77,42.23
APARINDS.NS,2024-03-31,2024-04-19,57.77,42.23
APARINDS.NS,2024-06-30,2024-07-19,57.77,42.23
APARINDS.NS,2024-09-30,2024-10-16,57.77,42.23
APARINDS.NS,2024-12-31,2025-01-20,57.77,42.23
APARINDS.NS,2025-03-31,2025-04-17,57.77,42.23
APARINDS.NS,2025-06-30,2025-07-21,57.77,42.23
APARINDS.NS,2025-09-30,2025-10-14,57.77,42.23
APARINDS.NS,2025-12-31,2026-01-16,57.77,42.23
APARINDS.NS,2026-03-31,2026-04-10,57.77,42.23
APARINDS.NS,2026-06-30,2026-07-14,57.76,42.24
APLAPOLLO.NS,2021-09-30,2021-10-18,36.84,63.16
APLAPOLLO.NS,2021-12-31,2022-01-11,34.54,65.46
APLAPOLLO.NS,2022-03-31,2022-04-19,34.52,65.48
APLAPOLLO.NS,2022-06-30,2022-07-09,34.52,65.48
APLAPOLLO.NS,2022-09-30,2022-10-21,34.52,65.48
APLAPOLLO.NS,2022-11-09,2022-11-19,31.17,68.83
APLAPOLLO.NS,2022-12-31,2023-01-16,31.15,68.85
APLAPOLLO.NS,2023-03-31,2023-04-15,31.15,68.85
APLAPOLLO.NS,2023-06-30,2023-07-15,30.62,69.38
APLAPOLLO.NS,2023-09-30,2023-10-12,29.67,70.33
APLAPOLLO.NS,2023-12-31,2024-01-17,29.57,70.43
APLAPOLLO.NS,2024-03-31,2024-04-10,29.44,70.56
APLAPOLLO.NS,2024-06-30,2024-07-13,28.33,71.67
APLAPOLLO.NS,2024-09-30,2024-10-05,28.32,71.68
APLAPOLLO.NS,2024-12-31,2025-01-06,28.31,71.69
APLAPOLLO.NS,2025-03-31,2025-04-12,28.31,71.69
APLAPOLLO.NS,2025-06-30,2025-07-21,28.31,71.69
APLAPOLLO.NS,2025-09-30,2025-10-17,28.3,71.7
APLAPOLLO.NS,2025-12-31,2026-01-10,28.27,71.73
APLAPOLLO.NS,2026-03-31,2026-04-15,28.25,71.75
APLAPOLLO.NS,2026-06-30,2026-07-21,28.25,71.75
APLLTD.NS,2021-09-30,2021-10-06,69.48,30.52
APLLTD.NS,2021-12-31,2022-01-07,69.48,30.52
APLLTD.NS,2022-03-31,2022-04-07,69.61,30.39
APLLTD.NS,2022-06-30,2022-07-07,69.61,30.39
APLLTD.NS,2022-09-30,2022-10-11,69.61,30.39
APLLTD.NS,2022-12-31,2023-01-18,69.61,30.39
APLLTD.NS,2023-03-31,2023-04-07,69.61,30.39
APLLTD.NS,2023-06-30,2023-07-07,69.61,30.39
APLLTD.NS,2023-09-30,2023-10-10,69.61,30.39
APLLTD.NS,2023-12-31,2024-01-10,69.61,30.39
APLLTD.NS,2024-03-31,2024-04-10,69.61,30.39
APLLTD.NS,2024-06-30,2024-07-10,69.61,30.39
APLLTD.NS,2024-09-30,2024-10-10,69.61,30.39
APLLTD.NS,2024-12-31,2025-01-20,69.61,30.39
APLLTD.NS,2025-03-31,2025-04-18,69.67,30.33
APLLTD.NS,2025-06-30,2025-07-16,69.67,30.33
APLLTD.NS,2025-09-30,2025-10-14,69.74,30.26
APLLTD.NS,2025-12-31,2026-01-09,69.74,30.26
APLLTD.NS,2026-03-31,2026-04-10,69.74,30.26
APLLTD.NS,2026-06-30,2026-07-15,69.87,30.13
APOLLOHOSP.NS,2021-09-30,2021-10-06,29.82,70.18
APOLLOHOSP.NS,2021-12-31,2022-01-07,29.33,70.67
APOLLOHOSP.NS,2022-03-31,2022-04-07,29.33,70.67
APOLLOHOSP.NS,2022-06-30,2022-07-06,29.33,70.67
APOLLOHOSP.NS,2022-09-30,2022-10-12,29.33,70.67
APOLLOHOSP.NS,2022-12-31,2023-01-05,29.33,70.67
APOLLOHOSP.NS,2023-03-31,2023-04-10,29.33,70.67
APOLLOHOSP.NS,2023-06-30,2023-07-10,29.33,70.67
APOLLOHOSP.NS,2023-09-30,2023-10-05,29.33,70.67
APOLLOHOSP.NS,2023-12-31,2024-01-05,29.33,70.67
APOLLOHOSP.NS,2024-03-31,2024-04-08,29.33,70.67
APOLLOHOSP.NS,2024-06-30,2024-07-09,29.33,70.67
APOLLOHOSP.NS,2024-09-30,2024-10-09,29.33,70.67
APOLLOHOSP.NS,2024-12-31,2025-01-16,29.33,70.67
APOLLOHOSP.NS,2025-03-31,2025-04-10,29.34,70.66
APOLLOHOSP.NS,2025-06-30,2025-07-08,29.34,70.66
APOLLOHOSP.NS,2025-09-30,2025-10-08,28.02,71.98
APOLLOHOSP.NS,2025-12-31,2026-01-06,28.02,71.98
APOLLOHOSP.NS,2026-03-31,2026-04-09,28.02,71.98
APOLLOHOSP.NS,2026-06-30,2026-07-03,28.02,71.98
APOLLOTYRE.NS,2020-09-30,2020-10-08,41.75,58.25
APOLLOTYRE.NS,2021-09-30,2021-10-18,37.34,62.66
APOLLOTYRE.NS,2021-12-31,2022-01-19,37.34,62.66
APOLLOTYRE.NS,2022-03-31,2022-04-19,37.34,62.66
APOLLOTYRE.NS,2022-06-30,2022-07-19,37.34,62.66
APOLLOTYRE.NS,2022-09-30,2022-10-18,37.34,62.66
APOLLOTYRE.NS,2022-12-31,2023-01-20,37.34,62.66
APOLLOTYRE.NS,2023-03-31,2023-04-19,37.34,62.66
APOLLOTYRE.NS,2023-06-30,2023-07-18,37.34,62.66
APOLLOTYRE.NS,2023-09-30,2023-10-17,37.34,62.66
APOLLOTYRE.NS,2023-12-31,2024-01-16,37.34,62.66
APOLLOTYRE.NS,2024-03-31,2024-04-16,37.36,62.64
APOLLOTYRE.NS,2024-06-30,2024-07-09,37.36,62.64
APOLLOTYRE.NS,2024-09-30,2024-10-21,37.36,62.64
APOLLOTYRE.NS,2024-12-31,2025-01-17,37.36,62.64
APOLLOTYRE.NS,2025-03-31,2025-04-18,37.36,62.64
APOLLOTYRE.NS,2025-06-30,2025-07-21,36.95,62.83
APOLLOTYRE.NS,2025-09-30,2025-10-16,36.95,62.78
APOLLOTYRE.NS,2025-12-31,2026-01-16,36.93,62.79
APOLLOTYRE.NS,2026-03-31,2026-04-17,36.93,62.67
APOLLOTYRE.NS,2026-06-30,2026-07-20,36.93,62.67
APTUS.NS,2021-09-30,2021-10-18,62.51,37.49
APTUS.NS,2021-12-31,2022-01-12,62.35,37.65
APTUS.NS,2022-03-31,2022-04-18,62.35,37.65
APTUS.NS,2022-06-30,2022-07-19,62.35,37.65
APTUS.NS,2022-09-30,2022-10-18,62.21,37.79
APTUS.NS,2022-12-31,2023-01-06,62.21,37.79
APTUS.NS,2023-03-31,2023-04-19,62.2,37.8
APTUS.NS,2023-06-30,2023-07-20,62.2,37.8
APTUS.NS,2023-09-30,2023-10-20,62.12,37.88
APTUS.NS,2023-12-31,2024-01-18,62.09,37.91
APTUS.NS,2024-03-31,2024-04-20,61.09,38.91
APTUS.NS,2024-06-30,2024-07-11,53.97,46.03
APTUS.NS,2024-09-30,2024-10-17,53.91,46.09
APTUS.NS,2024-12-31,2025-01-20,52.98,47.02
APTUS.NS,2025-03-31,2025-04-16,52.98,47.02
APTUS.NS,2025-06-30,2025-07-19,40.37,59.63
APTUS.NS,2025-09-30,2025-10-15,23.87,76.13
APTUS.NS,2025-12-31,2026-01-20,23.87,76.13
APTUS.NS,2026-03-31,2026-04-10,23.87,76.13
APTUS.NS,2026-06-30,2026-07-16,23.86,76.14
ARVINDFASN.NS,2021-09-30,2021-10-21,36.96,63.04
ARVINDFASN.NS,2021-12-31,2022-01-18,36.93,63.07
ARVINDFASN.NS,2022-01-21,2022-01-28,36.93,63.07
ARVINDFASN.NS,2022-03-31,2022-04-21,36.92,63.06
ARVINDFASN.NS,2022-06-30,2022-07-19,36.88,63.12
ARVINDFASN.NS,2022-08-29,2022-09-05,36.85,63.15
ARVINDFASN.NS,2022-09-30,2022-10-20,36.84,63.16
ARVINDFASN.NS,2022-12-31,2023-01-20,36.83,63.17
ARVINDFASN.NS,2023-03-31,2023-04-19,36.82,63.18
ARVINDFASN.NS,2023-06-30,2023-07-19,36.82,63.18
ARVINDFASN.NS,2023-09-30,2023-10-18,36.8,63.2
ARVINDFASN.NS,2023-12-31,2024-01-17,36.78,63.22
ARVINDFASN.NS,2024-03-31,2024-04-17,36.78,63.22
ARVINDFASN.NS,2024-06-30,2024-07-15,35.21,64.79
ARVINDFASN.NS,2024-09-30,2024-10-10,35.2,64.8
ARVINDFASN.NS,2024-12-31,2025-01-11,35.19,64.81
ARVINDFASN.NS,2025-03-31,2025-04-21,35.19,64.81
ARVINDFASN.NS,2025-06-30,2025-07-21,35.14,64.86
ARVINDFASN.NS,2025-09-30,2025-10-17,35.13,64.87
ARVINDFASN.NS,2025-12-31,2026-01-20,35.1,64.9
ARVINDFASN.NS,2026-03-31,2026-04-20,35.1,64.9
ARVINDFASN.NS,2026-06-30,2026-07-20,35.1,64.9
ASAHIINDIA.NS,2021-09-30,2021-10-21,54.24,45.76
ASAHIINDIA.NS,2021-12-31,2022-01-20,54.24,45.76
ASAHIINDIA.NS,2022-03-31,2022-04-21,54.24,45.76
ASAHIINDIA.NS,2022-06-30,2022-07-21,54.24,45.76
ASAHIINDIA.NS,2022-09-30,2022-10-21,54.24,45.76
ASAHIINDIA.NS,2022-12-31,2023-01-20,54.24,45.76
ASAHIINDIA.NS,2023-03-31,2023-04-21,54.24,45.76
ASAHIINDIA.NS,2023-06-30,2023-07-21,54.24,45.76
ASAHIINDIA.NS,2023-09-30,2023-10-20,54.24,45.76
ASAHIINDIA.NS,2023-12-31,2024-01-19,54.23,45.77
ASAHIINDIA.NS,2024-03-31,2024-04-19,54.23,45.77
ASAHIINDIA.NS,2024-06-30,2024-07-18,54.23,45.77
ASAHIINDIA.NS,2024-09-30,2024-10-18,54.23,45.77
ASAHIINDIA.NS,2024-12-31,2025-01-20,54.23,45.77
ASAHIINDIA.NS,2025-03-31,2025-04-17,54.2,45.8
ASAHIINDIA.NS,2025-06-30,2025-07-15,54.09,45.91
ASAHIINDIA.NS,2025-09-30,2025-10-14,51.57,48.43
ASAHIINDIA.NS,2025-12-31,2026-01-20,51.57,48.43
ASAHIINDIA.NS,2026-03-31,2026-04-21,51.57,48.43
ASAHIINDIA.NS,2026-06-30,2026-07-21,51.57,48.43
ASHOKA.NS,2021-09-30,2021-10-19,54.48,45.52
ASHOKA.NS,2021-12-31,2022-01-17,54.48,45.52
ASHOKA.NS,2022-03-31,2022-04-08,54.48,45.52
ASHOKA.NS,2022-06-30,2022-07-13,54.48,45.52
ASHOKA.NS,2022-09-30,2022-10-20,54.48,45.52
ASHOKA.NS,2022-12-31,2023-01-09,54.48,45.52
ASHOKA.NS,2023-03-31,2023-04-15,54.48,45.52
ASHOKA.NS,2023-06-30,2023-07-13,54.48,45.52
ASHOKA.NS,2023-09-30,2023-10-17,54.48,45.52
ASHOKA.NS,2023-12-31,2024-01-16,54.48,45.52
ASHOKA.NS,2024-03-31,2024-04-19,54.48,45.52
ASHOKA.NS,2024-06-30,2024-07-12,54.48,45.52
ASHOKA.NS,2024-09-30,2024-10-18,54.48,45.52
ASHOKA.NS,2024-12-31,2025-01-16,54.48,45.52
ASHOKA.NS,2025-03-31,2025-04-15,54.48,45.52
ASHOKA.NS,2025-06-30,2025-07-10,54.48,45.52
ASHOKA.NS,2025-09-30,2025-10-17,54.48,45.52
ASHOKA.NS,2025-12-31,2026-01-17,54.48,45.52
ASHOKA.NS,2026-03-31,2026-04-15,54.48,45.52
ASHOKA.NS,2026-06-30,2026-07-15,54.48,45.52
ASHOKLEY.NS,2021-09-30,2021-10-20,51.54,48.46
ASHOKLEY.NS,2021-12-31,2022-01-17,51.54,48.46
ASHOKLEY.NS,2022-03-31,2022-04-14,51.54,48.46
ASHOKLEY.NS,2022-06-30,2022-07-19,51.54,48.46
ASHOKLEY.NS,2022-09-30,2022-10-19,51.54,48.46
ASHOKLEY.NS,2022-12-31,2023-01-17,51.53,48.47
ASHOKLEY.NS,2023-03-31,2023-04-18,51.53,48.47
ASHOKLEY.NS,2023-06-30,2023-07-17,51.53,48.47
ASHOKLEY.NS,2023-09-30,2023-10-17,51.53,48.47
ASHOKLEY.NS,2023-12-31,2024-01-17,51.53,48.47
ASHOKLEY.NS,2024-03-31,2024-04-17,51.52,48.48
ASHOKLEY.NS,2024-06-30,2024-07-17,51.52,48.48
ASHOKLEY.NS,2024-09-30,2024-10-16,51.52,48.48
ASHOKLEY.NS,2024-12-31,2025-01-17,51.52,48.48
ASHOKLEY.NS,2025-03-31,2025-04-16,51.52,48.48
ASHOKLEY.NS,2025-06-30,2025-07-20,51.52,48.48
ASHOKLEY.NS,2025-07-17,2025-07-21,51.52,48.48
ASHOKLEY.NS,2025-09-30,2025-10-17,51.51,48.49
ASHOKLEY.NS,2025-12-31,2026-01-18,51.51,48.49
ASHOKLEY.NS,2026-03-31,2026-04-21,51.51,48.49
ASHOKLEY.NS,2026-06-30,2026-07-20,51.51,48.49
ASIANPAINT.NS,2021-09-30,2021-10-21,52.79,47.18
ASIANPAINT.NS,2021-12-31,2022-01-18,52.63,47.35
ASIANPAINT.NS,2022-03-31,2022-04-21,52.63,47.35
ASIANPAINT.NS,2022-06-30,2022-07-21,52.63,47.34
ASIANPAINT.NS,2022-09-30,2022-10-21,52.63,47.34
ASIANPAINT.NS,2022-12-31,2023-01-19,52.63,47.34
ASIANPAINT.NS,2023-03-31,2023-04-18,52.63,47.34
ASIANPAINT.NS,2023-06-30,2023-07-19,52.63,47.34
ASIANPAINT.NS,2023-09-30,2023-10-20,52.63,47.34
ASIANPAINT.NS,2023-12-31,2024-01-16,52.63,47.34
ASIANPAINT.NS,2024-03-31,2024-04-18,52.63,47.34
ASIANPAINT.NS,2024-06-30,2024-07-15,52.63,47.32
ASIANPAINT.NS,2024-09-30,2024-10-18,52.63,47.32
ASIANPAINT.NS,2024-12-31,2025-01-15,52.63,47.32
ASIANPAINT.NS,2025-03-31,2025-04-18,52.63,47.33
ASIANPAINT.NS,2025-06-30,2025-07-21,52.63,47.31
ASIANPAINT.NS,2025-09-30,2025-10-18,52.63,47.31
ASIANPAINT.NS,2025-12-31,2026-01-19,52.63,47.31
ASIANPAINT.NS,2026-03-31,2026-04-20,52.63,47.32
ASIANPAINT.NS,2026-06-30,2026-07-18,52.63,47.29
ASTERDM.NS,2021-09-30,2021-10-12,37.88,61.64
ASTERDM.NS,2021-12-31,2022-01-06,37.88,61.65
ASTERDM.NS,2022-03-31,2022-04-18,37.88,61.66
ASTERDM.NS,2022-06-30,2022-07-12,37.88,61.67
ASTERDM.NS,2022-09-30,2022-10-14,37.88,61.67
ASTERDM.NS,2022-12-31,2023-01-19,37.88,61.67
ASTERDM.NS,2023-03-31,2023-04-19,41.88,57.69
ASTERDM.NS,2023-06-30,2023-07-13,41.88,57.7
ASTERDM.NS,2023-09-30,2023-10-16,41.88,57.7
ASTERDM.NS,2023-12-31,2024-01-17,41.88,57.75
ASTERDM.NS,2024-03-31,2024-04-19,41.88,57.77
ASTERDM.NS,2024-06-30,2024-07-19,41.88,57.8
ASTERDM.NS,2024-09-30,2024-10-21,41.88,57.82
ASTERDM.NS,2024-12-31,2025-01-21,41.88,57.84
ASTERDM.NS,2025-03-31,2025-04-18,41.89,57.85
ASTERDM.NS,2025-04-29,2025-04-29,40.38,59.37
ASTERDM.NS,2025-06-30,2025-07-21,40.39,59.36
ASTERDM.NS,2025-09-30,2025-10-17,40.39,59.38
ASTERDM.NS,2025-12-31,2026-01-14,40.39,59.38
ASTERDM.NS,2026-03-31,2026-04-21,40.39,59.38
ASTERDM.NS,2026-06-30,2026-07-17,40.39,59.61
ASTERDM.NS,2026-07-13,2026-07-23,53.72,46.28
ASTRAL.NS,2021-06-30,2021-07-19,55.74,44.26
ASTRAL.NS,2021-09-30,2021-10-20,55.73,44.27
ASTRAL.NS,2021-12-31,2022-01-19,55.73,44.27
ASTRAL.NS,2022-03-31,2022-04-15,55.73,44.27
ASTRAL.NS,2022-06-30,2022-07-19,55.73,44.27
ASTRAL.NS,2022-09-30,2022-10-20,55.85,44.15
ASTRAL.NS,2022-12-31,2023-01-13,55.85,44.15
ASTRAL.NS,2023-03-15,2023-03-22,55.85,44.15
ASTRAL.NS,2023-03-31,2023-04-13,55.85,44.15
ASTRAL.NS,2023-06-30,2023-07-19,55.85,44.15
ASTRAL.NS,2023-09-30,2023-10-19,55.85,44.15
ASTRAL.NS,2023-12-31,2024-01-17,54.1,45.9
ASTRAL.NS,2024-03-31,2024-04-17,54.1,45.9
ASTRAL.NS,2024-06-30,2024-07-15,54.1,45.9
ASTRAL.NS,2024-09-30,2024-10-16,54.1,45.9
ASTRAL.NS,2024-12-31,2025-01-20,54.1,45.9
ASTRAL.NS,2025-03-31,2025-04-18,54.1,45.9
ASTRAL.NS,2025-06-30,2025-07-21,54.1,45.9
ASTRAL.NS,2025-09-30,2025-10-16,54.21,45.79
ASTRAL.NS,2025-12-31,2026-01-19,54.22,45.78
ASTRAL.NS,2026-03-31,2026-04-16,54.22,45.78
ASTRAL.NS,2026-06-30,2026-07-17,54.22,45.78
ASTRAZEN.NS,2021-09-30,2021-10-13,75.0,25.0
ASTRAZEN.NS,2021-12-31,2022-01-20,75.0,25.0
ASTRAZEN.NS,2022-03-31,2022-04-20,75.0,25.0
ASTRAZEN.NS,2022-06-30,2022-07-20,75.0,25.0
ASTRAZEN.NS,2022-09-30,2022-10-18,75.0,25.0
ASTRAZEN.NS,2022-12-31,2023-01-14,75.0,25.0
ASTRAZEN.NS,2023-03-31,2023-04-17,75.0,25.0
ASTRAZEN.NS,2023-06-30,2023-07-19,75.0,25.0
ASTRAZEN.NS,2023-09-30,2023-10-17,75.0,25.0
ASTRAZEN.NS,2023-12-31,2024-01-16,75.0,25.0
ASTRAZEN.NS,2024-03-31,2024-04-15,75.0,25.0
ASTRAZEN.NS,2024-06-30,2024-07-18,75.0,25.0
ASTRAZEN.NS,2024-09-30,2024-10-18,75.0,25.0
ASTRAZEN.NS,2024-12-31,2025-01-20,75.0,25.0
ASTRAZEN.NS,2025-03-31,2025-04-20,75.0,25.0
ASTRAZEN.NS,2025-06-30,2025-07-21,75.0,25.0
ASTRAZEN.NS,2025-09-30,2025-10-19,75.0,25.0
ASTRAZEN.NS,2025-12-31,2026-01-20,75.0,25.0
ASTRAZEN.NS,2026-03-31,2026-04-20,75.0,25.0
ASTRAZEN.NS,2026-06-30,2026-07-20,75.0,25.0
ATGL.NS,2021-09-30,2021-10-20,74.8,25.2
ATGL.NS,2021-12-31,2022-01-21,74.8,25.2
ATGL.NS,2022-03-31,2022-04-21,74.8,25.2
ATGL.NS,2022-06-30,2022-07-21,74.8,25.2
ATGL.NS,2022-09-30,2022-10-21,74.8,25.2
ATGL.NS,2022-12-31,2023-01-20,74.8,25.2
ATGL.NS,2023-03-31,2023-04-10,74.8,25.2
ATGL.NS,2023-06-30,2023-07-21,74.8,25.2
ATGL.NS,2023-09-30,2023-10-21,74.8,25.2
ATGL.NS,2023-12-31,2024-01-14,74.8,25.2
ATGL.NS,2024-03-31,2024-04-07,74.8,25.2
ATGL.NS,2024-06-30,2024-07-12,74.8,25.2
ATGL.NS,2024-09-30,2024-10-09,74.8,25.2
ATGL.NS,2024-12-31,2025-01-15,74.8,25.2
ATGL.NS,2025-03-31,2025-04-10,74.8,25.2
ATGL.NS,2025-06-30,2025-07-21,74.8,25.2
ATGL.NS,2025-09-30,2025-10-11,74.8,25.2
ATGL.NS,2025-12-31,2026-01-10,74.8,25.2
ATGL.NS,2026-03-31,2026-04-10,74.8,25.2
ATGL.NS,2026-06-30,2026-07-10,74.8,25.2
ATHERENERG.NS,2025-05-02,2025-05-06,42.09,57.91
ATHERENERG.NS,2025-06-30,2025-07-21,42.09,57.91
ATHERENERG.NS,2025-09-30,2025-10-17,41.22,58.78
ATHERENERG.NS,2025-12-31,2026-01-17,40.86,59.14
ATHERENERG.NS,2026-03-31,2026-04-20,40.77,59.23
ATHERENERG.NS,2026-06-30,2026-07-10,40.72,59.28
ATHERENERG.NS,2026-07-20,2026-07-28,39.58,60.42
ATUL.NS,2021-09-30,2021-10-13,44.94,55.06
ATUL.NS,2021-12-31,2022-01-06,44.94,55.06
ATUL.NS,2022-03-31,2022-04-16,44.94,55.06
ATUL.NS,2022-06-30,2022-07-12,45.05,54.95
ATUL.NS,2022-12-31,2023-01-10,45.06,54.94
ATUL.NS,2023-03-31,2023-04-11,45.06,54.94
ATUL.NS,2023-06-30,2023-07-13,45.06,54.94
ATUL.NS,2023-09-30,2023-10-12,45.06,54.94
ATUL.NS,2023-12-31,2024-01-11,45.07,54.93
ATUL.NS,2024-03-31,2024-04-16,45.17,54.83
ATUL.NS,2024-06-30,2024-07-12,45.17,54.83
ATUL.NS,2024-09-30,2024-10-10,45.17,54.83
ATUL.NS,2024-12-31,2025-01-17,45.17,54.83
ATUL.NS,2025-03-31,2025-04-14,45.18,54.82
ATUL.NS,2025-06-30,2025-07-10,45.18,54.82
ATUL.NS,2025-09-30,2025-10-15,45.21,54.79
ATUL.NS,2025-12-31,2026-01-15,45.22,54.78
ATUL.NS,2026-03-31,2026-04-17,45.22,54.78
ATUL.NS,2026-06-30,2026-07-16,45.33,54.67
AUBANK.NS,2021-09-30,2021-10-19,28.39,71.61
AUBANK.NS,2021-12-31,2022-01-20,28.33,71.67
AUBANK.NS,2022-03-31,2022-04-19,28.23,71.77
AUBANK.NS,2022-06-12,2022-06-13,28.21,71.79
AUBANK.NS,2022-06-30,2022-07-11,28.21,71.79
AUBANK.NS,2022-08-09,2022-08-09,26.75,73.25
AUBANK.NS,2022-09-30,2022-10-20,25.58,74.42
AUBANK.NS,2022-12-31,2023-01-20,25.55,74.45
AUBANK.NS,2023-03-31,2023-04-21,25.54,74.46
AUBANK.NS,2023-06-30,2023-07-18,25.53,74.47
AUBANK.NS,2023-09-30,2023-10-17,25.49,74.51
AUBANK.NS,2023-12-31,2024-01-18,25.46,74.54
AUBANK.NS,2024-03-31,2024-04-03,25.45,74.55
AUBANK.NS,2024-04-01,2024-04-03,22.93,77.07
AUBANK.NS,2024-06-30,2024-07-18,22.92,77.08
AUBANK.NS,2024-09-30,2024-10-18,22.9,77.1
AUBANK.NS,2024-12-31,2025-01-17,22.88,77.12
AUBANK.NS,2025-03-31,2025-04-18,22.87,77.13
AUBANK.NS,2025-06-30,2025-07-21,22.85,77.15
AUBANK.NS,2025-09-30,2025-10-18,22.82,77.18
AUBANK.NS,2025-12-31,2026-01-17,22.79,77.21
AUBANK.NS,2026-03-31,2026-04-20,22.76,77.24
AUBANK.NS,2026-06-30,2026-07-21,22.74,77.26
AUROPHARMA.NS,2021-09-30,2021-10-12,51.83,48.17
AUROPHARMA.NS,2021-12-31,2022-01-17,51.83,48.17
AUROPHARMA.NS,2022-03-31,2022-04-16,51.83,48.17
AUROPHARMA.NS,2022-06-30,2022-07-18,51.83,48.17
AUROPHARMA.NS,2022-09-30,2022-10-20,51.83,48.17
AUROPHARMA.NS,2022-12-31,2023-01-17,51.83,48.17
AUROPHARMA.NS,2023-03-31,2023-04-14,51.83,48.17
AUROPHARMA.NS,2023-06-30,2023-07-19,51.83,48.17
AUROPHARMA.NS,2023-09-30,2023-10-16,51.83,48.17
AUROPHARMA.NS,2023-12-31,2024-01-08,51.83,48.17
AUROPHARMA.NS,2024-03-31,2024-04-05,51.83,48.17
AUROPHARMA.NS,2024-06-30,2024-07-09,51.8,48.2
AUROPHARMA.NS,2024-09-30,2024-10-14,51.82,48.18
AUROPHARMA.NS,2024-12-31,2025-01-13,51.82,48.18
AUROPHARMA.NS,2025-03-31,2025-04-15,51.82,48.18
AUROPHARMA.NS,2025-06-30,2025-07-15,51.82,48.18
AUROPHARMA.NS,2025-09-30,2025-10-13,51.82,48.18
AUROPHARMA.NS,2025-12-31,2026-01-13,51.82,48.18
AUROPHARMA.NS,2026-03-31,2026-04-17,51.82,48.18
AUROPHARMA.NS,2026-06-30,2026-07-15,51.88,48.12
AVANTIFEED.NS,2021-09-30,2021-10-12,43.68,56.32
AVANTIFEED.NS,2021-12-31,2022-01-11,43.68,56.32
AVANTIFEED.NS,2022-03-31,2022-04-09,43.68,56.32
AVANTIFEED.NS,2022-06-30,2022-07-09,43.68,56.32
AVANTIFEED.NS,2022-09-30,2022-10-19,43.28,56.72
AVANTIFEED.NS,2022-12-31,2023-01-20,43.28,56.72
AVANTIFEED.NS,2023-03-31,2023-04-17,43.28,56.72
AVANTIFEED.NS,2023-06-30,2023-07-20,43.28,56.72
AVANTIFEED.NS,2023-09-30,2023-10-13,43.28,56.72
AVANTIFEED.NS,2023-12-31,2024-01-08,43.28,56.72
AVANTIFEED.NS,2024-03-31,2024-04-19,43.25,56.75
AVANTIFEED.NS,2024-06-30,2024-07-18,43.23,56.77
AVANTIFEED.NS,2024-09-30,2024-10-14,43.23,56.77
AVANTIFEED.NS,2024-12-31,2025-01-10,43.23,56.77
AVANTIFEED.NS,2025-03-31,2025-04-08,43.23,56.77
AVANTIFEED.NS,2025-06-30,2025-07-09,43.23,56.77
AVANTIFEED.NS,2025-09-30,2025-10-15,43.23,56.77
AVANTIFEED.NS,2025-12-31,2026-01-09,43.23,56.77
AVANTIFEED.NS,2026-03-31,2026-04-18,43.23,56.77
AVANTIFEED.NS,2026-06-30,2026-07-18,43.23,56.77
AWL.NS,2022-02-04,2022-02-10,87.94,12.06
AWL.NS,2022-03-31,2022-04-15,87.94,12.06
AWL.NS,2022-06-30,2022-07-08,87.94,12.06
AWL.NS,2022-09-30,2022-10-19,87.94,12.06
AWL.NS,2022-12-31,2023-01-12,87.94,12.06
AWL.NS,2023-03-31,2023-04-10,87.94,12.06
AWL.NS,2023-06-30,2023-07-14,87.94,12.06
AWL.NS,2023-09-30,2023-10-16,87.94,12.06
AWL.NS,2023-12-31,2024-01-11,87.87,12.13
AWL.NS,2024-03-31,2024-04-10,87.87,12.13
AWL.NS,2024-06-30,2024-07-11,87.87,12.13
AWL.NS,2024-09-30,2024-10-10,87.87,12.13
AWL.NS,2024-12-31,2025-01-13,87.87,12.13
AWL.NS,2025-01-13,2025-02-27,74.36,25.3
AWL.NS,2025-02-14,2025-02-28,74.36,25.3
AWL.NS,2025-03-31,2025-04-11,74.36,25.3
AWL.NS,2025-06-30,2025-07-20,74.36,25.3
AWL.NS,2025-09-30,2025-10-13,63.94,35.73
AWL.NS,2025-12-31,2026-01-06,56.94,42.73
AWL.NS,2026-03-31,2026-04-10,56.94,42.61
AWL.NS,2026-06-30,2026-07-14,56.94,42.46
AXISBANK.NS,2021-09-30,2021-10-12,11.64,88.36
AXISBANK.NS,2021-12-31,2022-01-18,9.71,90.29
AXISBANK.NS,2022-03-31,2022-04-10,9.7,90.3
AXISBANK.NS,2022-06-30,2022-07-15,9.7,90.3
AXISBANK.NS,2022-09-30,2022-10-20,9.69,90.31
AXISBANK.NS,2022-12-31,2023-01-18,8.19,91.81
AXISBANK.NS,2023-03-31,2023-04-10,8.16,91.84
AXISBANK.NS,2023-06-30,2023-07-19,8.19,91.81
AXISBANK.NS,2023-09-30,2023-10-17,8.22,91.78
AXISBANK.NS,2023-12-31,2024-01-19,8.2,91.8
AXISBANK.NS,2024-03-31,2024-04-10,8.22,91.78
AXISBANK.NS,2024-06-30,2024-07-12,8.31,91.69
AXISBANK.NS,2024-09-30,2024-10-10,8.29,91.71
AXISBANK.NS,2024-12-31,2025-01-11,8.23,91.77
AXISBANK.NS,2025-03-31,2025-04-09,8.18,91.82
AXISBANK.NS,2025-06-30,2025-07-18,8.17,91.83
AXISBANK.NS,2025-09-30,2025-10-10,8.16,91.84
AXISBANK.NS,2025-12-31,2026-01-09,8.15,91.85
AXISBANK.NS,2026-03-31,2026-04-13,8.14,91.86
AXISBANK.NS,2026-06-30,2026-07-13,7.87,92.13
BAJAJ-AUTO.NS,2021-09-30,2021-10-20,53.7,46.3
BAJAJ-AUTO.NS,2021-12-31,2022-01-18,53.73,46.27
BAJAJ-AUTO.NS,2022-03-31,2022-04-21,53.77,46.23
BAJAJ-AUTO.NS,2022-06-30,2022-07-21,53.77,46.23
BAJAJ-AUTO.NS,2022-09-30,2022-10-21,54.84,45.16
BAJAJ-AUTO.NS,2022-12-31,2023-01-20,54.98,45.02
BAJAJ-AUTO.NS,2023-03-31,2023-04-21,54.98,45.02
BAJAJ-AUTO.NS,2023-06-30,2023-07-21,54.99,45.01
BAJAJ-AUTO.NS,2023-09-30,2023-10-20,54.98,45.02
BAJAJ-AUTO.NS,2023-12-31,2024-01-05,54.94,45.06
BAJAJ-AUTO.NS,2024-03-31,2024-04-19,55.06,44.94
BAJAJ-AUTO.NS,2024-06-30,2024-07-17,55.06,44.94
BAJAJ-AUTO.NS,2024-09-30,2024-10-21,55.04,44.96
BAJAJ-AUTO.NS,2024-12-31,2025-01-21,55.04,44.96
BAJAJ-AUTO.NS,2025-03-31,2025-04-21,55.04,44.92
BAJAJ-AUTO.NS,2025-06-30,2025-07-21,55.04,44.93
BAJAJ-AUTO.NS,2025-09-30,2025-10-16,55.04,44.95
BAJAJ-AUTO.NS,2025-12-31,2026-01-21,54.99,44.92
BAJAJ-AUTO.NS,2026-03-31,2026-04-20,55.01,44.91
BAJAJ-AUTO.NS,2026-06-30,2026-07-20,55.01,44.99
BAJAJCON.NS,2021-03-31,2021-04-06,38.04,61.96
BAJAJCON.NS,2021-09-30,2021-10-20,38.04,61.96
BAJAJCON.NS,2021-12-31,2022-01-20,38.04,61.96
BAJAJCON.NS,2022-03-31,2022-04-08,38.04,61.96
BAJAJCON.NS,2022-06-30,2022-07-18,38.04,61.96
BAJAJCON.NS,2022-09-30,2022-10-20,38.04,61.96
BAJAJCON.NS,2022-12-31,2023-01-10,38.04,61.96
BAJAJCON.NS,2023-03-31,2023-04-18,39.16,60.84
BAJAJCON.NS,2023-04-18,2023-04-23,39.35,60.65
BAJAJCON.NS,2023-06-30,2023-07-20,39.35,60.65
BAJAJCON.NS,2023-09-30,2023-10-11,39.35,60.65
BAJAJCON.NS,2023-12-31,2024-01-18,39.35,60.65
BAJAJCON.NS,2024-03-31,2024-04-15,39.3,60.7
BAJAJCON.NS,2024-06-30,2024-07-18,39.3,60.7
BAJAJCON.NS,2024-09-30,2024-10-10,40.95,59.05
BAJAJCON.NS,2024-12-31,2025-01-09,40.95,59.05
BAJAJCON.NS,2025-03-31,2025-04-20,40.95,59.05
BAJAJCON.NS,2025-06-30,2025-07-21,40.95,59.05
BAJAJCON.NS,2025-09-30,2025-10-22,40.95,59.05
BAJAJCON.NS,2025-12-31,2026-01-12,42.97,57.03
BAJAJCON.NS,2026-03-31,2026-04-07,42.97,57.03
BAJAJCON.NS,2026-06-30,2026-07-04,42.97,57.03
BAJAJELEC.NS,2021-09-30,2021-10-20,63.05,36.95
BAJAJELEC.NS,2021-12-31,2022-01-19,63.01,36.99
BAJAJELEC.NS,2022-03-31,2022-04-19,62.98,37.02
BAJAJELEC.NS,2022-06-30,2022-07-18,62.96,37.04
BAJAJELEC.NS,2022-09-30,2022-10-21,62.91,37.09
BAJAJELEC.NS,2022-12-31,2023-01-17,62.89,37.11
BAJAJELEC.NS,2023-03-31,2023-04-12,62.86,37.14
BAJAJELEC.NS,2023-06-30,2023-07-20,62.85,37.15
BAJAJELEC.NS,2023-09-30,2023-10-18,62.85,37.15
BAJAJELEC.NS,2023-12-31,2024-01-18,62.85,37.15
BAJAJELEC.NS,2024-03-31,2024-04-17,62.8,37.2
BAJAJELEC.NS,2024-06-30,2024-07-18,62.78,37.22
BAJAJELEC.NS,2024-09-30,2024-10-15,62.75,37.25
BAJAJELEC.NS,2024-12-31,2025-01-16,62.72,37.28
BAJAJELEC.NS,2025-03-31,2025-04-17,62.72,37.28
BAJAJELEC.NS,2025-06-30,2025-07-17,62.72,37.28
BAJAJELEC.NS,2025-09-30,2025-10-20,62.7,37.3
BAJAJELEC.NS,2025-12-31,2026-01-20,62.69,37.31
BAJAJELEC.NS,2026-03-31,2026-04-18,62.69,37.31
BAJAJELEC.NS,2026-06-30,2026-07-19,62.69,37.31
BAJAJFINSV.NS,2021-03-31,2021-04-14,60.8,39.02
BAJAJFINSV.NS,2021-09-30,2021-10-20,60.8,39.07
BAJAJFINSV.NS,2021-12-31,2022-01-19,60.8,39.08
BAJAJFINSV.NS,2022-03-31,2022-04-21,60.8,39.09
BAJAJFINSV.NS,2022-06-30,2022-07-21,60.8,39.11
BAJAJFINSV.NS,2022-09-30,2022-10-21,60.75,39.09
BAJAJFINSV.NS,2022-12-31,2023-01-21,60.75,39.11
BAJAJFINSV.NS,2023-03-31,2023-04-21,60.79,39.08
BAJAJFINSV.NS,2023-06-30,2023-07-20,60.79,39.11
BAJAJFINSV.NS,2023-09-30,2023-10-20,60.69,39.07
BAJAJFINSV.NS,2023-12-31,2024-01-19,60.69,39.1
BAJAJFINSV.NS,2024-03-31,2024-04-18,60.69,39.13
BAJAJFINSV.NS,2024-06-30,2024-07-19,60.64,39.17
BAJAJFINSV.NS,2024-09-30,2024-10-17,60.64,39.22
BAJAJFINSV.NS,2024-12-31,2025-01-20,60.64,39.24
BAJAJFINSV.NS,2025-03-31,2025-04-19,60.64,39.25
BAJAJFINSV.NS,2025-06-30,2025-07-21,58.81,41.09
BAJAJFINSV.NS,2025-09-30,2025-10-18,58.81,41.12
BAJAJFINSV.NS,2025-12-31,2026-01-21,58.81,41.17
BAJAJFINSV.NS,2026-03-31,2026-04-21,58.71,41.16
BAJAJFINSV.NS,2026-06-30,2026-07-18,58.71,41.24
BAJAJHFL.NS,2024-09-13,2024-09-16,88.75,11.25
BAJAJHFL.NS,2024-09-30,2024-10-18,88.75,11.25
BAJAJHFL.NS,2024-12-31,2025-01-17,88.75,11.25
BAJAJHFL.NS,2025-03-31,2025-04-19,88.75,11.25
BAJAJHFL.NS,2025-06-30,2025-07-19,88.7,11.25
BAJAJHFL.NS,2025-09-30,2025-10-18,88.7,11.25
BAJAJHFL.NS,2025-12-31,2026-01-20,86.7,13.25
BAJAJHFL.NS,2026-03-31,2026-04-20,86.7,13.25
BAJAJHFL.NS,2026-06-30,2026-07-17,86.7,13.25
BAJAJHLDNG.NS,2021-09-30,2021-10-20,50.07,49.93
BAJAJHLDNG.NS,2021-12-31,2022-01-20,50.48,49.52
BAJAJHLDNG.NS,2022-03-31,2022-04-21,51.09,48.91
BAJAJHLDNG.NS,2022-06-30,2022-07-19,51.2,48.8
BAJAJHLDNG.NS,2022-09-30,2022-10-20,51.2,48.8
BAJAJHLDNG.NS,2022-12-31,2023-01-18,51.36,48.64
BAJAJHLDNG.NS,2023-03-31,2023-04-20,51.46,48.54
BAJAJHLDNG.NS,2023-06-30,2023-07-19,51.46,48.54
BAJAJHLDNG.NS,2023-09-30,2023-10-19,51.46,48.54
BAJAJHLDNG.NS,2023-12-31,2024-01-17,51.46,48.54
BAJAJHLDNG.NS,2024-03-31,2024-04-17,51.46,48.54
BAJAJHLDNG.NS,2024-06-30,2024-07-19,51.46,48.54
BAJAJHLDNG.NS,2024-09-30,2024-10-16,51.46,48.54
BAJAJHLDNG.NS,2024-12-31,2025-01-20,51.46,48.54
BAJAJHLDNG.NS,2025-03-31,2025-04-19,51.46,48.54
BAJAJHLDNG.NS,2025-06-30,2025-07-21,51.46,48.54
BAJAJHLDNG.NS,2025-09-30,2025-10-17,51.46,48.54
BAJAJHLDNG.NS,2025-12-31,2026-01-21,51.46,48.54
BAJAJHLDNG.NS,2026-03-31,2026-04-20,51.46,48.54
BAJAJHLDNG.NS,2026-06-30,2026-07-20,51.46,48.54
BAJFINANCE.NS,2021-09-30,2021-10-20,56.03,43.79
BAJFINANCE.NS,2021-12-31,2022-01-19,56.03,43.87
BAJFINANCE.NS,2022-03-31,2022-04-20,55.86,43.78
BAJFINANCE.NS,2022-06-30,2022-07-19,55.86,43.84
BAJFINANCE.NS,2022-09-30,2022-10-20,55.86,43.92
BAJFINANCE.NS,2022-12-31,2023-01-18,55.91,43.9
BAJFINANCE.NS,2023-03-31,2023-04-17,55.91,43.92
BAJFINANCE.NS,2023-06-30,2023-07-20,55.87,44.0
BAJFINANCE.NS,2023-09-30,2023-10-20,55.87,44.03
BAJFINANCE.NS,2023-11-09,2023-11-13,54.78,45.14
BAJFINANCE.NS,2023-12-31,2024-01-19,54.78,45.17
BAJFINANCE.NS,2024-03-31,2024-04-19,54.69,45.15
BAJFINANCE.NS,2024-06-30,2024-07-15,54.7,45.22
BAJFINANCE.NS,2024-09-30,2024-10-19,54.7,45.25
BAJFINANCE.NS,2024-12-31,2025-01-15,54.7,45.27
BAJFINANCE.NS,2025-03-31,2025-04-16,54.73,45.17
BAJFINANCE.NS,2025-06-17,2025-06-24,54.73,45.23
BAJFINANCE.NS,2025-06-30,2025-07-21,54.73,45.24
BAJFINANCE.NS,2025-09-30,2025-10-18,54.66,45.22
BAJFINANCE.NS,2025-12-31,2026-01-20,54.7,45.21
BAJFINANCE.NS,2026-03-31,2026-04-20,54.7,45.22
BAJFINANCE.NS,2026-06-30,2026-07-18,54.67,45.24
BALAMINES.NS,2021-09-30,2021-10-06,53.7,46.3
BALAMINES.NS,2021-12-31,2022-01-10,53.7,46.3
BALAMINES.NS,2022-03-31,2022-04-13,53.7,46.3
BALAMINES.NS,2022-06-30,2022-07-15,53.7,46.3
BALAMINES.NS,2022-09-30,2022-10-21,53.7,46.3
BALAMINES.NS,2022-12-31,2023-01-16,53.7,46.3
BALAMINES.NS,2023-03-31,2023-04-21,53.7,46.3
BALAMINES.NS,2023-06-30,2023-07-16,53.7,46.3
BALAMINES.NS,2023-09-30,2023-10-20,53.7,46.3
BALAMINES.NS,2023-12-31,2024-01-10,53.7,46.3
BALAMINES.NS,2024-03-31,2024-04-18,53.7,46.3
BALAMINES.NS,2024-06-30,2024-07-19,53.7,46.3
BALAMINES.NS,2024-09-30,2024-10-19,53.7,46.3
BALAMINES.NS,2024-12-31,2025-01-18,53.7,46.3
BALAMINES.NS,2025-03-31,2025-04-18,54.62,45.38
BALAMINES.NS,2025-06-30,2025-07-21,54.59,45.41
BALAMINES.NS,2025-09-30,2025-10-21,54.59,45.41
BALAMINES.NS,2025-12-31,2026-01-20,54.59,45.41
BALAMINES.NS,2026-03-31,2026-04-20,54.59,45.41
BALAMINES.NS,2026-06-30,2026-07-20,54.56,45.44
BALKRISIND.NS,2021-09-30,2021-10-20,58.3,41.7
BALKRISIND.NS,2021-12-31,2022-01-08,58.29,41.71
BALKRISIND.NS,2022-03-31,2022-04-16,58.29,41.71
BALKRISIND.NS,2022-06-30,2022-07-18,58.29,41.71
BALKRISIND.NS,2022-09-30,2022-10-21,58.29,41.71
BALKRISIND.NS,2022-12-31,2023-01-12,58.29,41.71
BALKRISIND.NS,2023-03-31,2023-04-14,58.29,41.71
BALKRISIND.NS,2023-06-30,2023-07-15,58.29,41.71
BALKRISIND.NS,2023-09-30,2023-10-10,58.29,41.71
BALKRISIND.NS,2023-12-31,2024-01-17,58.29,41.71
BALKRISIND.NS,2024-03-31,2024-04-13,58.29,41.71
BALKRISIND.NS,2024-06-30,2024-07-17,58.29,41.71
BALKRISIND.NS,2024-09-30,2024-10-14,58.29,41.71
BALKRISIND.NS,2024-12-31,2025-01-17,58.29,41.71
BALKRISIND.NS,2025-03-31,2025-04-19,58.29,41.71
BALKRISIND.NS,2025-06-30,2025-07-16,58.29,41.71
BALKRISIND.NS,2025-09-30,2025-10-15,58.29,41.71
BALKRISIND.NS,2025-12-31,2026-01-20,58.29,41.71
BALKRISIND.NS,2026-03-31,2026-04-20,58.29,41.71
BALKRISIND.NS,2026-06-30,2026-07-20,58.29,41.71
BALMLAWRIE.NS,2021-09-30,2021-10-19,0.0,100.0
BALMLAWRIE.NS,2021-12-31,2022-01-19,0.0,100.0
BALMLAWRIE.NS,2022-03-31,2022-04-19,0.0,100.0
BALMLAWRIE.NS,2022-06-30,2022-07-19,0.0,100.0
BALMLAWRIE.NS,2022-09-30,2022-10-18,0.0,100.0
BALMLAWRIE.NS,2022-12-31,2023-01-17,0.0,100.0
BALMLAWRIE.NS,2023-03-31,2023-04-18,0.0,100.0
BALMLAWRIE.NS,2023-06-30,2023-07-21,0.0,100.0
BALMLAWRIE.NS,2023-09-30,2023-10-17,0.0,100.0
BALMLAWRIE.NS,2023-12-31,2024-01-16,0.0,100.0
BALMLAWRIE.NS,2024-03-31,2024-04-17,0.0,100.0
BALMLAWRIE.NS,2024-06-30,2024-07-16,0.0,100.0
BALMLAWRIE.NS,2024-09-30,2024-10-18,0.0,100.0
BALMLAWRIE.NS,2024-12-31,2025-01-20,0.0,100.0
BALMLAWRIE.NS,2025-03-31,2025-04-17,0.0,100.0
BALMLAWRIE.NS,2025-06-30,2025-07-18,0.0,100.0
BALMLAWRIE.NS,2025-09-30,2025-10-14,0.0,100.0
BALMLAWRIE.NS,2025-12-31,2026-01-15,0.0,100.0
BALMLAWRIE.NS,2026-03-31,2026-04-17,0.0,100.0
BALMLAWRIE.NS,2026-06-30,2026-07-21,0.0,100.0
BALRAMCHIN.NS,2021-09-30,2021-10-20,41.4,58.6
BALRAMCHIN.NS,2021-10-26,2021-11-05,42.42,57.58
BALRAMCHIN.NS,2021-12-31,2022-01-14,42.42,57.58
BALRAMCHIN.NS,2022-03-31,2022-04-18,42.42,57.58
BALRAMCHIN.NS,2022-06-30,2022-07-20,42.42,57.58
BALRAMCHIN.NS,2022-09-30,2022-10-21,42.42,57.58
BALRAMCHIN.NS,2022-12-31,2023-01-17,42.43,57.57
BALRAMCHIN.NS,2023-03-31,2023-04-19,42.9,57.1
BALRAMCHIN.NS,2023-06-30,2023-07-20,42.9,57.1
BALRAMCHIN.NS,2023-09-30,2023-10-17,42.9,57.1
BALRAMCHIN.NS,2023-12-31,2024-01-13,42.9,57.1
BALRAMCHIN.NS,2024-03-31,2024-04-20,42.9,57.1
BALRAMCHIN.NS,2024-06-30,2024-07-20,42.9,57.1
BALRAMCHIN.NS,2024-09-30,2024-10-21,42.9,57.1
BALRAMCHIN.NS,2024-12-31,2025-01-21,42.87,57.13
BALRAMCHIN.NS,2025-03-31,2025-04-21,42.87,57.13
BALRAMCHIN.NS,2025-06-30,2025-07-21,42.87,57.13
BALRAMCHIN.NS,2025-09-30,2025-10-18,42.86,57.14
BALRAMCHIN.NS,2025-12-31,2026-01-20,42.85,57.15
BALRAMCHIN.NS,2026-03-31,2026-04-09,42.85,57.15
BALRAMCHIN.NS,2026-06-03,2026-06-10,42.86,57.14
BALRAMCHIN.NS,2026-06-30,2026-07-21,42.86,57.14
BANDHANBNK.NS,2021-09-30,2021-10-19,39.99,60.01
BANDHANBNK.NS,2021-12-31,2022-01-14,39.99,60.01
BANDHANBNK.NS,2022-03-31,2022-04-13,39.99,60.01
BANDHANBNK.NS,2022-06-30,2022-07-07,39.99,60.01
BANDHANBNK.NS,2022-09-30,2022-10-20,39.99,60.01
BANDHANBNK.NS,2022-12-31,2023-01-11,39.99,60.01
BANDHANBNK.NS,2023-03-31,2023-04-13,39.99,60.01
BANDHANBNK.NS,2023-06-30,2023-07-11,39.99,60.01
BANDHANBNK.NS,2023-09-30,2023-10-13,39.98,60.02
BANDHANBNK.NS,2023-12-31,2024-01-15,39.98,60.02
BANDHANBNK.NS,2024-03-31,2024-04-15,39.98,60.02
BANDHANBNK.NS,2024-06-30,2024-07-18,39.98,60.02
BANDHANBNK.NS,2024-09-30,2024-10-17,39.98,60.02
BANDHANBNK.NS,2024-12-31,2025-01-15,39.98,60.02
BANDHANBNK.NS,2025-03-31,2025-04-21,39.98,60.02
BANDHANBNK.NS,2025-06-30,2025-07-19,40.92,59.08
BANDHANBNK.NS,2025-09-30,2025-10-18,40.29,59.71
BANDHANBNK.NS,2025-12-31,2026-01-20,39.74,60.26
BANDHANBNK.NS,2026-03-31,2026-04-21,38.98,61.02
BANDHANBNK.NS,2026-06-30,2026-07-21,37.54,62.46
BANKBARODA.NS,2021-09-30,2021-10-06,63.97,36.03
BANKBARODA.NS,2021-12-31,2022-01-05,63.97,36.03
BANKBARODA.NS,2022-03-31,2022-04-06,63.97,36.03
BANKBARODA.NS,2022-06-30,2022-07-06,63.97,36.03
BANKBARODA.NS,2022-09-30,2022-10-14,63.97,36.03
BANKBARODA.NS,2022-12-31,2023-01-16,63.97,36.03
BANKBARODA.NS,2023-03-31,2023-04-11,63.97,36.03
BANKBARODA.NS,2023-06-30,2023-07-11,63.97,36.03
BANKBARODA.NS,2023-09-30,2023-10-10,63.97,36.03
BANKBARODA.NS,2023-12-31,2024-01-15,63.97,36.03
BANKBARODA.NS,2024-03-31,2024-04-12,63.97,36.03
BANKBARODA.NS,2024-06-30,2024-07-15,63.97,36.03
BANKBARODA.NS,2024-09-30,2024-10-14,63.97,36.03
BANKBARODA.NS,2024-12-31,2025-01-09,63.97,36.03
BANKBARODA.NS,2025-03-31,2025-04-09,63.97,36.03
BANKBARODA.NS,2025-06-30,2025-07-15,63.97,36.03
BANKBARODA.NS,2025-09-30,2025-10-09,63.97,36.03
BANKBARODA.NS,2025-12-31,2026-01-16,63.97,36.03
BANKBARODA.NS,2026-03-31,2026-04-08,63.97,36.03
BANKBARODA.NS,2026-06-30,2026-07-08,63.97,36.03
BANKINDIA.NS,2021-09-30,2021-10-05,81.41,18.59
BANKINDIA.NS,2021-12-31,2022-01-03,81.41,18.59
BANKINDIA.NS,2022-03-31,2022-04-05,81.41,18.59
BANKINDIA.NS,2022-06-30,2022-07-19,81.41,18.59
BANKINDIA.NS,2022-09-30,2022-10-18,81.41,18.59
BANKINDIA.NS,2022-12-31,2023-01-10,81.41,18.59
BANKINDIA.NS,2023-03-31,2023-04-12,81.41,18.59
BANKINDIA.NS,2023-06-30,2023-07-17,81.41,18.59
BANKINDIA.NS,2023-09-30,2023-10-16,81.41,18.59
BANKINDIA.NS,2023-12-11,2023-12-12,73.38,26.62
BANKINDIA.NS,2023-12-31,2024-01-17,73.38,26.62
BANKINDIA.NS,2024-03-31,2024-04-12,73.38,26.62
BANKINDIA.NS,2024-06-30,2024-07-15,73.38,26.62
BANKINDIA.NS,2024-09-30,2024-10-08,73.38,26.62
BANKINDIA.NS,2024-12-31,2025-01-18,73.38,26.62
BANKINDIA.NS,2025-03-31,2025-04-15,73.38,26.62
BANKINDIA.NS,2025-06-30,2025-07-15,73.38,26.62
BANKINDIA.NS,2025-09-30,2025-10-13,73.38,26.62
BANKINDIA.NS,2025-12-31,2026-01-13,73.38,26.62
BANKINDIA.NS,2026-03-31,2026-04-08,73.38,26.62
BANKINDIA.NS,2026-06-30,2026-07-10,73.38,26.62
BASF.NS,2021-09-30,2021-10-12,73.33,26.67
BASF.NS,2021-12-31,2022-01-05,73.33,26.67
BASF.NS,2022-03-31,2022-04-08,73.33,26.67
BASF.NS,2022-06-30,2022-07-13,73.33,26.67
BASF.NS,2022-09-30,2022-10-10,73.33,26.67
BASF.NS,2022-12-31,2023-01-09,73.33,26.67
BASF.NS,2023-03-31,2023-04-11,73.33,26.67
BASF.NS,2023-06-30,2023-07-12,73.33,26.67
BASF.NS,2023-09-30,2023-10-09,73.33,26.67
BASF.NS,2023-12-31,2024-01-09,73.33,26.67
BASF.NS,2024-03-31,2024-04-09,73.33,26.67
BASF.NS,2024-06-30,2024-07-11,73.33,26.67
BASF.NS,2024-09-30,2024-10-14,73.33,26.67
BASF.NS,2024-12-31,2025-01-06,73.33,26.67
BASF.NS,2025-03-31,2025-04-08,73.33,26.67
BASF.NS,2025-06-30,2025-07-16,73.33,26.67
BASF.NS,2025-09-30,2025-10-16,73.33,26.67
BASF.NS,2025-12-31,2026-01-08,73.33,26.67
BASF.NS,2026-03-31,2026-04-10,73.33,26.67
BASF.NS,2026-06-30,2026-07-15,73.33,26.67
BATAINDIA.NS,2021-09-30,2021-10-19,52.96,47.04
BATAINDIA.NS,2021-12-31,2022-01-13,52.96,47.04
BATAINDIA.NS,2022-03-31,2022-04-14,52.96,47.04
BATAINDIA.NS,2022-06-30,2022-07-20,50.16,49.84
BATAINDIA.NS,2022-09-30,2022-10-20,50.16,49.84
BATAINDIA.NS,2022-12-31,2023-01-21,50.16,49.84
BATAINDIA.NS,2023-03-31,2023-04-20,50.16,49.84
BATAINDIA.NS,2023-06-30,2023-07-20,50.16,49.84
BATAINDIA.NS,2023-09-30,2023-10-19,50.16,49.84
BATAINDIA.NS,2023-12-31,2024-01-11,50.16,49.84
BATAINDIA.NS,2024-03-31,2024-04-17,50.16,49.84
BATAINDIA.NS,2024-06-30,2024-07-19,50.16,49.84
BATAINDIA.NS,2024-09-30,2024-10-16,50.16,49.84
BATAINDIA.NS,2024-12-31,2025-01-20,50.16,49.84
BATAINDIA.NS,2025-03-31,2025-04-15,50.16,49.84
BATAINDIA.NS,2025-06-30,2025-07-17,50.16,49.84
BATAINDIA.NS,2025-09-30,2025-10-13,50.16,49.84
BATAINDIA.NS,2025-12-31,2026-01-19,50.16,49.84
BATAINDIA.NS,2026-03-31,2026-04-20,50.16,49.84
BATAINDIA.NS,2026-06-30,2026-07-17,50.16,49.84
BBTC.NS,2015-12-31,2016-01-20,74.02,25.98
BBTC.NS,2016-03-31,2016-04-21,74.02,25.98
BBTC.NS,2016-06-30,2016-07-20,74.02,25.98
BBTC.NS,2016-09-30,2016-10-18,74.02,25.98
BBTC.NS,2016-12-31,2017-01-19,74.02,25.98
BBTC.NS,2017-03-31,2017-04-19,74.02,25.98
BBTC.NS,2017-06-30,2017-07-19,74.02,25.98
BBTC.NS,2017-09-30,2017-10-17,74.02,25.98
BBTC.NS,2017-12-31,2018-01-19,74.02,25.98
BBTC.NS,2018-03-31,2018-04-20,74.02,25.98
BBTC.NS,2018-06-30,2018-07-19,74.02,25.98
BBTC.NS,2018-09-30,2018-10-17,74.02,25.98
BBTC.NS,2018-12-31,2019-01-16,74.04,25.96
BBTC.NS,2019-03-31,2019-04-17,74.04,25.96
BBTC.NS,2019-06-30,2019-07-20,74.04,25.96
BBTC.NS,2019-09-30,2019-10-18,73.83,26.17
BBTC.NS,2019-12-31,2020-01-21,74.04,25.96
BBTC.NS,2020-03-31,2020-05-11,74.05,25.95
BBTC.NS,2020-06-30,2020-07-21,74.05,25.95
BBTC.NS,2020-09-30,2020-10-17,74.05,25.95
BBTC.NS,2020-12-31,2021-01-21,74.05,25.95
BBTC.NS,2021-03-31,2021-04-19,74.05,25.95
BBTC.NS,2021-06-30,2021-07-19,74.05,25.95
BBTC.NS,2021-09-30,2021-10-18,74.05,25.95
BBTC.NS,2021-12-31,2022-01-19,74.05,25.95
BBTC.NS,2022-03-31,2022-04-19,74.05,25.95
BBTC.NS,2022-06-30,2022-07-16,74.05,25.95
BBTC.NS,2022-09-30,2022-10-20,74.05,25.95
BBTC.NS,2022-12-31,2023-01-16,74.05,25.95
BBTC.NS,2023-03-31,2023-04-19,74.05,25.95
BBTC.NS,2023-06-30,2023-07-18,74.05,25.95
BBTC.NS,2023-09-30,2023-10-19,74.05,25.95
BBTC.NS,2023-12-31,2024-01-19,74.05,25.95
BBTC.NS,2024-03-31,2024-04-19,74.05,25.95
BBTC.NS,2024-06-30,2024-07-18,74.05,25.95
BBTC.NS,2024-09-30,2024-10-16,74.05,25.95
BBTC.NS,2024-12-31,2025-01-21,74.05,25.95
BBTC.NS,2025-03-31,2025-04-21,74.05,25.95
BBTC.NS,2025-06-30,2025-07-21,74.05,25.95
BBTC.NS,2025-09-30,2025-10-21,74.05,25.95
BBTC.NS,2025-12-31,2026-01-21,74.05,25.95
BBTC.NS,2026-03-31,2026-04-17,74.05,25.95
BBTC.NS,2026-06-30,2026-07-21,74.05,25.95
BCG.NS,2015-12-31,2021-08-09,34.59,65.41
BCG.NS,2016-03-31,2016-04-18,34.38,65.62
BCG.NS,2016-06-30,2016-07-21,32.84,67.16
BCG.NS,2016-09-30,2016-10-20,29.37,70.63
BCG.NS,2016-12-31,2017-01-21,29.02,70.98
BCG.NS,2017-03-31,2017-04-19,27.63,72.37
BCG.NS,2017-06-30,2017-07-17,27.26,72.74
BCG.NS,2017-09-30,2017-10-17,24.75,75.25
BCG.NS,2017-12-31,2018-01-21,22.11,77.89
BCG.NS,2018-03-31,2018-04-17,20.01,79.99
BCG.NS,2018-06-30,2018-07-19,19.25,80.75
BCG.NS,2018-09-30,2018-10-12,19.21,80.79
BCG.NS,2018-12-31,2019-01-18,18.51,81.49
BCG.NS,2019-03-31,2019-04-19,18.32,81.68
BCG.NS,2019-06-30,2019-07-20,17.97,82.03
BCG.NS,2019-09-30,2019-10-19,17.48,82.52
BCG.NS,2019-12-31,2020-01-21,15.14,84.86
BCG.NS,2020-03-31,2020-04-24,13.97,86.03
BCG.NS,2020-05-27,2020-06-05,11.73,88.27
BCG.NS,2020-06-30,2020-07-01,11.92,88.08
BCG.NS,2020-09-30,2020-10-08,11.09,88.91
BCG.NS,2020-12-31,2021-01-04,10.32,89.68
BCG.NS,2021-03-31,2021-04-17,7.25,92.75
BCG.NS,2021-06-30,2021-07-08,7.05,92.95
BCG.NS,2021-07-01,2021-07-10,6.61,93.39
BCG.NS,2021-07-23,2021-07-26,5.95,94.05
BCG.NS,2021-07-28,2021-07-30,4.79,95.21
BCG.NS,2021-07-30,2021-08-10,4.31,95.69
BCG.NS,2021-08-24,2021-09-02,4.25,95.75
BCG.NS,2021-09-30,2021-10-18,4.19,95.81
BCG.NS,2021-12-31,2022-01-04,4.12,95.88
BCG.NS,2022-01-25,2022-02-10,3.62,96.38
BCG.NS,2022-03-31,2022-04-21,18.47,81.53
BCG.NS,2022-06-30,2022-07-21,18.47,81.53
BCG.NS,2022-09-30,2022-10-21,18.47,81.53
BCG.NS,2022-12-31,2023-01-21,18.47,81.53
BCG.NS,2023-03-31,2023-04-28,18.47,81.53
BCG.NS,2023-06-30,2023-07-22,18.44,81.56
BCG.NS,2023-09-30,2023-10-20,18.38,81.62
BCG.NS,2023-12-31,2024-01-25,18.38,81.62
BCG.NS,2024-03-31,2024-05-29,18.38,81.62
BCG.NS,2024-06-30,2024-10-19,18.38,81.62
BCG.NS,2024-09-30,2024-10-17,18.38,81.62
BCG.NS,2024-12-31,2025-02-02,18.38,81.62
BCG.NS,2025-03-31,2025-04-21,18.38,81.62
BCG.NS,2025-06-30,2025-07-05,18.38,81.62
BCG.NS,2025-09-30,2025-11-29,18.38,81.62
BCG.NS,2025-12-31,2026-01-21,18.38,81.62
BCG.NS,2026-03-31,2026-04-22,18.38,81.62
BCG.NS,2026-06-30,2026-08-04,18.38,81.62
BDL.NS,2021-09-30,2021-10-08,74.93,25.07
BDL.NS,2021-12-31,2022-01-07,74.93,25.07
BDL.NS,2022-03-31,2022-04-12,74.93,25.07
BDL.NS,2022-06-30,2022-07-06,74.93,25.07
BDL.NS,2022-09-30,2022-10-18,74.93,25.07
BDL.NS,2022-12-31,2023-01-10,74.93,25.07
BDL.NS,2023-03-31,2023-04-11,74.93,25.07
BDL.NS,2023-06-30,2023-07-11,74.93,25.07
BDL.NS,2023-09-30,2023-10-12,74.93,25.07
BDL.NS,2023-12-31,2024-01-10,74.93,25.07
BDL.NS,2024-03-31,2024-04-15,74.93,25.07
BDL.NS,2024-06-30,2024-07-10,74.93,25.07
BDL.NS,2024-09-30,2024-10-15,74.93,25.07
BDL.NS,2024-12-31,2025-01-10,74.93,25.07
BDL.NS,2025-03-31,2025-04-08,74.93,25.07
BDL.NS,2025-06-30,2025-07-18,74.93,25.07
BDL.NS,2025-09-30,2025-10-16,74.93,25.07
BDL.NS,2025-12-31,2026-01-16,74.93,25.07
BDL.NS,2026-03-31,2026-04-09,74.93,25.07
BDL.NS,2026-06-30,2026-07-09,74.93,25.07
BEL.NS,2021-09-30,2021-10-12,51.14,48.86
BEL.NS,2021-12-31,2022-01-11,51.14,48.86
BEL.NS,2022-03-31,2022-04-19,51.14,48.86
BEL.NS,2022-06-30,2022-07-20,51.14,48.86
BEL.NS,2022-09-19,2022-09-23,51.14,48.86
BEL.NS,2022-09-30,2022-10-20,51.14,48.86
BEL.NS,2022-12-31,2023-01-20,51.14,48.86
BEL.NS,2023-03-31,2023-04-13,51.14,48.86
BEL.NS,2023-06-30,2023-07-10,51.14,48.86
BEL.NS,2023-09-30,2023-10-11,51.14,48.86
BEL.NS,2023-12-31,2024-01-19,51.14,48.86
BEL.NS,2024-03-31,2024-04-12,51.14,48.86
BEL.NS,2024-06-30,2024-07-11,51.14,48.86
BEL.NS,2024-09-30,2024-10-10,51.14,48.86
BEL.NS,2024-12-31,2025-01-17,51.14,48.86
BEL.NS,2025-03-31,2025-04-10,51.14,48.86
BEL.NS,2025-06-30,2025-07-11,51.14,48.86
BEL.NS,2025-09-30,2025-10-17,51.14,48.86
BEL.NS,2025-12-31,2026-01-14,51.14,48.86
BEL.NS,2026-03-31,2026-04-16,51.14,48.86
BEL.NS,2026-06-30,2026-07-13,51.14,48.86
BELRISE.NS,2025-05-26,2025-05-28,73.01,26.99
BELRISE.NS,2025-06-30,2025-07-09,73.01,26.99
BELRISE.NS,2025-09-30,2025-10-18,73.01,26.99
BELRISE.NS,2025-12-31,2026-01-16,66.46,33.54
BELRISE.NS,2026-03-31,2026-04-20,66.46,33.54
BELRISE.NS,2026-06-30,2026-07-16,66.46,33.54
BELRISE.NS,2026-07-17,2026-07-23,61.15,38.85
BEML.NS,2021-09-30,2021-10-11,54.03,45.97
BEML.NS,2021-12-31,2022-01-10,54.03,45.97
BEML.NS,2022-03-31,2022-04-08,54.03,45.97
BEML.NS,2022-06-30,2022-07-08,54.03,45.97
BEML.NS,2022-09-30,2022-10-20,54.03,45.97
BEML.NS,2022-12-31,2023-01-10,54.03,45.97
BEML.NS,2023-03-31,2023-04-18,54.03,45.97
BEML.NS,2023-06-30,2023-07-18,54.03,45.97
BEML.NS,2023-09-30,2023-10-18,54.03,45.97
BEML.NS,2023-12-31,2024-01-17,54.03,45.97
BEML.NS,2024-03-31,2024-04-15,54.03,45.97
BEML.NS,2024-06-30,2024-07-17,54.03,45.97
BEML.NS,2024-09-30,2024-10-17,54.03,45.97
BEML.NS,2024-12-31,2025-01-20,54.03,45.97
BEML.NS,2025-03-31,2025-04-17,54.03,45.97
BEML.NS,2025-06-30,2025-07-18,54.03,45.97
BEML.NS,2025-09-30,2025-10-13,54.03,45.97
BEML.NS,2025-12-31,2026-01-14,54.03,45.97
BEML.NS,2026-03-31,2026-04-09,54.03,45.97
BEML.NS,2026-06-30,2026-07-17,54.03,45.97
BERGEPAINT.NS,2021-09-30,2021-10-08,74.99,25.01
BERGEPAINT.NS,2021-12-31,2022-01-11,74.99,25.01
BERGEPAINT.NS,2022-03-31,2022-04-13,74.99,25.01
BERGEPAINT.NS,2022-06-30,2022-07-15,74.99,25.01
BERGEPAINT.NS,2022-09-30,2022-10-13,74.99,25.01
BERGEPAINT.NS,2022-12-31,2023-01-18,75.0,25.0
BERGEPAINT.NS,2023-03-31,2023-04-18,74.99,25.01
BERGEPAINT.NS,2023-06-30,2023-07-19,74.99,25.01
BERGEPAINT.NS,2023-09-30,2023-10-16,74.99,25.01
BERGEPAINT.NS,2023-12-31,2024-01-17,74.99,25.01
BERGEPAINT.NS,2024-03-31,2024-04-16,74.99,25.01
BERGEPAINT.NS,2024-06-30,2024-07-16,74.99,25.01
BERGEPAINT.NS,2024-09-30,2024-10-17,74.99,25.01
BERGEPAINT.NS,2024-12-31,2025-01-16,74.99,25.01
BERGEPAINT.NS,2025-03-31,2025-04-16,74.98,25.02
BERGEPAINT.NS,2025-06-30,2025-07-18,74.98,25.02
BERGEPAINT.NS,2025-09-30,2025-10-20,74.98,25.02
BERGEPAINT.NS,2025-12-31,2026-01-16,74.98,25.02
BERGEPAINT.NS,2026-03-31,2026-04-16,74.98,25.02
BERGEPAINT.NS,2026-06-30,2026-07-17,74.98,25.02
BHARATFORG.NS,2015-12-31,2016-01-19,47.24,52.76
BHARATFORG.NS,2016-03-31,2016-04-18,47.24,52.76
BHARATFORG.NS,2016-06-30,2016-07-14,47.24,52.76
BHARATFORG.NS,2016-09-30,2016-10-17,47.24,52.76
BHARATFORG.NS,2016-12-31,2017-01-17,46.24,53.76
BHARATFORG.NS,2017-03-31,2017-04-17,46.24,53.76
BHARATFORG.NS,2017-06-30,2017-07-15,46.24,53.76
BHARATFORG.NS,2017-09-30,2017-10-03,46.24,53.76
BHARATFORG.NS,2017-12-31,2018-01-18,46.24,53.76
BHARATFORG.NS,2018-03-31,2018-04-13,46.24,53.76
BHARATFORG.NS,2018-06-30,2018-07-16,46.24,53.76
BHARATFORG.NS,2018-09-30,2018-10-20,46.25,53.75
BHARATFORG.NS,2018-12-31,2019-01-17,46.25,53.75
BHARATFORG.NS,2019-03-31,2019-04-16,46.25,53.75
BHARATFORG.NS,2019-06-30,2019-07-19,46.25,53.75
BHARATFORG.NS,2019-09-30,2019-10-18,46.25,53.75
BHARATFORG.NS,2019-12-31,2020-01-18,46.25,53.75
BHARATFORG.NS,2020-03-31,2020-05-13,46.25,53.75
BHARATFORG.NS,2020-06-30,2020-07-11,46.25,53.75
BHARATFORG.NS,2020-09-30,2020-10-20,46.25,53.75
BHARATFORG.NS,2020-12-31,2021-01-19,46.25,53.75
BHARATFORG.NS,2021-03-31,2021-04-16,46.25,53.75
BHARATFORG.NS,2021-06-30,2021-07-20,45.25,54.75
BHARATFORG.NS,2021-09-30,2021-10-13,45.25,54.75
BHARATFORG.NS,2021-12-31,2022-01-19,45.25,54.75
BHARATFORG.NS,2022-03-31,2022-04-20,45.25,54.75
BHARATFORG.NS,2022-06-30,2022-07-20,45.25,54.75
BHARATFORG.NS,2022-09-30,2022-10-21,45.25,54.75
BHARATFORG.NS,2022-12-31,2023-01-17,45.25,54.75
BHARATFORG.NS,2023-03-31,2023-04-20,45.25,54.75
BHARATFORG.NS,2023-06-30,2023-07-14,45.25,54.75
BHARATFORG.NS,2023-09-30,2023-10-17,45.25,54.75
BHARATFORG.NS,2023-12-31,2024-01-18,45.25,54.75
BHARATFORG.NS,2024-03-31,2024-04-18,45.25,54.75
BHARATFORG.NS,2024-06-30,2024-07-15,45.25,54.75
BHARATFORG.NS,2024-09-30,2024-10-15,45.25,54.75
BHARATFORG.NS,2024-12-31,2025-01-17,44.07,55.93
BHARATFORG.NS,2025-03-31,2025-04-21,44.07,55.93
BHARATFORG.NS,2025-06-30,2025-07-18,44.07,55.93
BHARATFORG.NS,2025-09-30,2025-10-14,44.07,55.93
BHARATFORG.NS,2025-12-31,2026-01-13,44.07,55.93
BHARATFORG.NS,2026-03-31,2026-04-16,44.07,55.93
BHARATFORG.NS,2026-06-30,2026-07-16,44.07,55.93
BHARATRAS.NS,2021-09-30,2021-10-13,75.05,24.94
BHARATRAS.NS,2021-12-31,2022-01-12,75.05,24.95
BHARATRAS.NS,2022-03-31,2022-04-08,74.99,25.01
BHARATRAS.NS,2022-06-30,2022-07-07,74.99,25.0
BHARATRAS.NS,2022-09-30,2022-10-18,74.99,25.01
BHARATRAS.NS,2022-12-31,2023-01-13,74.99,25.01
BHARATRAS.NS,2023-03-31,2023-04-12,74.99,25.01
BHARATRAS.NS,2023-06-30,2023-07-06,74.99,25.01
BHARATRAS.NS,2023-09-30,2023-10-09,74.99,25.01
BHARATRAS.NS,2023-12-31,2024-01-08,74.99,25.01
BHARATRAS.NS,2024-03-31,2024-04-11,74.99,25.01
BHARATRAS.NS,2024-06-30,2024-07-15,74.99,25.01
BHARATRAS.NS,2024-09-30,2024-10-14,74.99,25.01
BHARATRAS.NS,2024-12-31,2025-01-09,74.99,25.01
BHARATRAS.NS,2025-03-31,2025-04-09,74.99,25.01
BHARATRAS.NS,2025-06-30,2025-07-08,74.99,25.01
BHARATRAS.NS,2025-09-30,2025-10-17,74.99,25.01
BHARATRAS.NS,2025-12-12,2025-12-17,74.99,25.01
BHARATRAS.NS,2025-12-15,2025-12-18,74.99,25.01
BHARATRAS.NS,2025-12-31,2026-01-13,74.99,25.01
BHARATRAS.NS,2026-03-31,2026-04-14,74.99,25.01
BHARATRAS.NS,2026-06-30,2026-07-14,74.99,25.01
BHARTIARTL.NS,2020-09-30,2020-10-20,56.23,43.74
BHARTIARTL.NS,2021-09-30,2021-10-21,55.86,44.1
BHARTIARTL.NS,2021-10-27,2021-11-07,55.93,44.02
BHARTIARTL.NS,2021-12-31,2022-01-21,55.93,44.02
BHARTIARTL.NS,2022-03-31,2022-04-21,55.93,44.02
BHARTIARTL.NS,2022-06-30,2022-07-21,55.93,44.02
BHARTIARTL.NS,2022-09-30,2022-10-21,55.13,44.82
BHARTIARTL.NS,2022-12-31,2023-01-20,55.12,44.82
BHARTIARTL.NS,2023-03-31,2023-04-18,55.02,44.93
BHARTIARTL.NS,2023-06-30,2023-07-20,54.97,44.99
BHARTIARTL.NS,2023-09-30,2023-10-20,54.75,45.21
BHARTIARTL.NS,2023-12-31,2024-01-16,54.57,45.38
BHARTIARTL.NS,2024-03-31,2024-04-20,53.49,46.46
BHARTIARTL.NS,2024-06-30,2024-07-15,53.17,46.77
BHARTIARTL.NS,2024-09-30,2024-10-18,53.14,46.8
BHARTIARTL.NS,2024-12-31,2025-01-17,53.11,46.81
BHARTIARTL.NS,2025-03-31,2025-04-19,52.42,47.51
BHARTIARTL.NS,2025-06-30,2025-07-21,51.25,48.68
BHARTIARTL.NS,2025-09-30,2025-10-20,50.27,49.68
BHARTIARTL.NS,2025-12-31,2026-01-19,48.87,51.08
BHARTIARTL.NS,2026-03-31,2026-04-20,48.87,51.09
BHARTIARTL.NS,2026-06-23,2026-06-24,50.07,49.89
BHARTIARTL.NS,2026-06-30,2026-07-20,50.07,49.89
BHARTIHEXA.NS,2024-04-11,2024-04-12,70.0,30.0
BHARTIHEXA.NS,2024-06-30,2024-07-19,70.0,30.0
BHARTIHEXA.NS,2024-09-30,2024-10-11,70.0,30.0
BHARTIHEXA.NS,2024-12-31,2025-01-14,70.0,30.0
BHARTIHEXA.NS,2025-03-31,2025-04-19,70.0,30.0
BHARTIHEXA.NS,2025-06-30,2025-07-17,70.0,30.0
BHARTIHEXA.NS,2025-09-30,2025-10-21,70.0,30.0
BHARTIHEXA.NS,2025-12-31,2026-01-19,70.0,30.0
BHARTIHEXA.NS,2026-03-31,2026-04-20,70.0,30.0
BHARTIHEXA.NS,2026-06-30,2026-07-20,70.0,30.0
BHEL.NS,2021-09-30,2021-10-08,63.17,36.83
BHEL.NS,2021-12-31,2022-01-07,63.17,36.83
BHEL.NS,2022-03-31,2022-04-08,63.17,36.83
BHEL.NS,2022-06-30,2022-07-08,63.17,36.83
BHEL.NS,2022-09-30,2022-10-17,63.17,36.83
BHEL.NS,2022-12-31,2023-01-12,63.17,36.83
BHEL.NS,2023-03-31,2023-04-10,63.17,36.83
BHEL.NS,2023-06-30,2023-07-12,63.17,36.83
BHEL.NS,2023-09-30,2023-10-07,63.17,36.83
BHEL.NS,2023-12-31,2024-01-10,63.17,36.83
BHEL.NS,2024-03-31,2024-04-06,63.17,36.83
BHEL.NS,2024-06-30,2024-07-09,63.17,36.83
BHEL.NS,2024-09-30,2024-10-09,63.17,36.83
BHEL.NS,2024-12-31,2025-01-08,63.17,36.83
BHEL.NS,2025-03-31,2025-04-04,63.17,36.83
BHEL.NS,2025-06-30,2025-07-14,63.17,36.83
BHEL.NS,2025-09-30,2025-10-10,63.17,36.83
BHEL.NS,2025-12-31,2026-01-08,63.17,36.83
BHEL.NS,2026-03-31,2026-04-08,58.17,41.83
BHEL.NS,2026-06-30,2026-07-14,58.17,41.83
BIKAJI.NS,2022-11-11,2022-11-23,75.97,24.03
BIKAJI.NS,2022-12-31,2023-01-13,75.97,24.03
BIKAJI.NS,2023-03-31,2023-04-12,75.97,24.03
BIKAJI.NS,2023-06-30,2023-07-05,75.37,24.63
BIKAJI.NS,2023-09-30,2023-10-09,75.21,24.79
BIKAJI.NS,2023-12-31,2024-01-05,75.18,24.82
BIKAJI.NS,2024-03-31,2024-04-05,75.1,24.9
BIKAJI.NS,2024-06-30,2024-07-08,75.1,24.9
BIKAJI.NS,2024-09-30,2024-10-09,74.98,25.02
BIKAJI.NS,2024-12-31,2025-01-08,74.98,25.02
BIKAJI.NS,2025-03-31,2025-04-07,74.92,25.08
BIKAJI.NS,2025-06-30,2025-07-17,74.92,25.08
BIKAJI.NS,2025-09-30,2025-10-17,73.92,26.08
BIKAJI.NS,2025-12-31,2026-01-21,73.92,26.08
BIKAJI.NS,2026-03-31,2026-04-14,73.88,26.12
BIKAJI.NS,2026-06-30,2026-07-15,73.88,26.12
BIOCON.NS,2021-09-30,2021-10-12,60.64,38.64
BIOCON.NS,2021-12-31,2022-01-11,60.64,38.71
BIOCON.NS,2022-03-31,2022-04-14,60.64,38.74
BIOCON.NS,2022-06-30,2022-07-13,60.64,38.63
BIOCON.NS,2022-09-30,2022-10-21,60.64,38.74
BIOCON.NS,2022-12-31,2023-01-18,60.64,38.78
BIOCON.NS,2023-03-31,2023-04-19,60.64,38.81
BIOCON.NS,2023-06-30,2023-07-17,60.64,38.87
BIOCON.NS,2023-09-30,2023-10-17,60.64,38.97
BIOCON.NS,2023-12-31,2024-01-17,60.64,39.03
BIOCON.NS,2024-03-31,2024-04-17,60.64,39.05
BIOCON.NS,2024-06-30,2024-07-18,60.64,39.08
BIOCON.NS,2024-09-30,2024-10-18,60.64,39.12
BIOCON.NS,2024-12-31,2025-01-20,60.64,39.14
BIOCON.NS,2025-03-31,2025-04-15,60.64,39.15
BIOCON.NS,2025-06-19,2025-06-23,54.45,45.37
BIOCON.NS,2025-06-30,2025-07-21,54.45,45.37
BIOCON.NS,2025-09-30,2025-10-21,54.45,45.41
BIOCON.NS,2025-12-31,2026-01-19,54.45,45.43
BIOCON.NS,2026-01-05,2026-01-06,48.27,51.63
BIOCON.NS,2026-01-14,2026-01-16,44.91,54.99
BIOCON.NS,2026-03-31,2026-04-21,44.91,55.0
BIOCON.NS,2026-06-29,2026-07-01,44.68,55.27
BIOCON.NS,2026-06-30,2026-07-21,44.68,55.27
BIRLACORPN.NS,2021-09-30,2021-10-18,62.9,37.1
BIRLACORPN.NS,2021-12-31,2022-01-15,62.9,37.1
BIRLACORPN.NS,2022-03-31,2022-04-20,62.9,37.1
BIRLACORPN.NS,2022-06-30,2022-07-20,62.9,37.1
BIRLACORPN.NS,2022-09-30,2022-10-20,62.9,37.1
BIRLACORPN.NS,2022-12-31,2023-01-19,62.9,37.1
BIRLACORPN.NS,2023-03-31,2023-04-18,62.9,37.1
BIRLACORPN.NS,2023-06-30,2023-07-18,62.9,37.1
BIRLACORPN.NS,2023-09-30,2023-10-13,62.9,37.1
BIRLACORPN.NS,2023-12-31,2024-01-15,62.9,37.1
BIRLACORPN.NS,2024-03-31,2024-04-17,62.9,37.1
BIRLACORPN.NS,2024-06-30,2024-07-18,62.9,37.1
BIRLACORPN.NS,2024-09-30,2024-10-16,62.9,37.1
BIRLACORPN.NS,2024-12-31,2025-01-17,62.9,37.1
BIRLACORPN.NS,2025-03-31,2025-04-17,62.9,37.1
BIRLACORPN.NS,2025-06-30,2025-07-21,62.9,37.1
BIRLACORPN.NS,2025-09-30,2025-10-14,62.9,37.1
BIRLACORPN.NS,2025-12-31,2026-01-15,62.9,37.1
BIRLACORPN.NS,2026-03-31,2026-04-21,62.9,37.1
BIRLACORPN.NS,2026-06-30,2026-07-14,62.9,37.1
BLISSGVS.NS,2021-09-30,2021-10-20,33.19,66.81
BLISSGVS.NS,2021-12-31,2022-01-13,33.14,66.86
BLISSGVS.NS,2022-03-31,2022-04-20,33.14,66.86
BLISSGVS.NS,2022-06-30,2022-07-20,34.51,65.49
BLISSGVS.NS,2022-09-30,2022-10-21,34.55,65.45
BLISSGVS.NS,2022-12-31,2023-01-20,34.46,65.54
BLISSGVS.NS,2023-03-31,2023-04-18,35.04,64.96
BLISSGVS.NS,2023-06-30,2023-07-21,35.12,64.88
BLISSGVS.NS,2023-09-30,2023-10-17,35.06,64.94
BLISSGVS.NS,2023-12-31,2024-01-19,34.97,65.03
BLISSGVS.NS,2024-03-31,2024-04-17,34.97,65.03
BLISSGVS.NS,2024-06-30,2024-07-19,34.9,65.1
BLISSGVS.NS,2024-09-30,2024-10-21,34.82,65.18
BLISSGVS.NS,2024-12-31,2025-01-17,35.1,64.9
BLISSGVS.NS,2025-03-31,2025-04-16,35.29,64.71
BLISSGVS.NS,2025-06-30,2025-07-21,35.44,64.56
BLISSGVS.NS,2025-09-30,2025-10-17,35.39,64.61
BLISSGVS.NS,2025-12-31,2026-01-21,35.36,64.64
BLISSGVS.NS,2026-03-31,2026-04-17,35.36,64.64
BLISSGVS.NS,2026-06-30,2026-07-21,35.01,64.99
BLS.NS,2021-09-30,2021-10-19,74.59,25.25
BLS.NS,2021-12-31,2022-01-14,74.59,25.33
BLS.NS,2022-03-31,2022-04-15,74.59,25.37
BLS.NS,2022-05-18,2022-05-25,74.59,25.38
BLS.NS,2022-06-30,2022-07-20,74.59,25.38
BLS.NS,2022-09-30,2022-10-19,74.4,25.36
BLS.NS,2022-12-12,2022-12-20,74.4,25.48
BLS.NS,2022-12-31,2023-01-13,74.4,25.54
BLS.NS,2023-03-31,2023-04-14,74.41,25.54
BLS.NS,2023-06-30,2023-07-17,71.68,28.28
BLS.NS,2023-09-30,2023-10-13,71.52,28.22
BLS.NS,2023-12-31,2024-01-17,71.52,28.37
BLS.NS,2024-03-31,2024-04-09,71.52,28.38
BLS.NS,2024-06-30,2024-07-15,71.52,28.41
BLS.NS,2024-09-30,2024-10-16,70.38,29.55
BLS.NS,2024-12-31,2025-01-14,70.38,29.57
BLS.NS,2025-03-31,2025-04-16,70.38,29.58
BLS.NS,2025-06-30,2025-07-21,70.39,29.58
BLS.NS,2025-09-30,2025-10-21,70.39,29.6
BLS.NS,2025-12-31,2026-01-21,70.39,29.59
BLS.NS,2026-03-31,2026-04-21,70.39,29.56
BLS.NS,2026-06-30,2026-07-21,70.39,29.57
BLUEDART.NS,2021-09-30,2021-10-16,75.0,25.0
BLUEDART.NS,2021-12-31,2022-01-11,75.0,25.0
BLUEDART.NS,2022-03-31,2022-04-09,75.0,25.0
BLUEDART.NS,2022-06-30,2022-07-08,75.0,25.0
BLUEDART.NS,2022-09-30,2022-10-18,75.0,25.0
BLUEDART.NS,2022-12-31,2023-01-12,75.0,25.0
BLUEDART.NS,2023-03-31,2023-04-12,75.0,25.0
BLUEDART.NS,2023-06-30,2023-07-14,75.0,25.0
BLUEDART.NS,2023-09-30,2023-10-11,75.0,25.0
BLUEDART.NS,2023-12-31,2024-01-12,75.0,25.0
BLUEDART.NS,2024-03-31,2024-04-18,75.0,25.0
BLUEDART.NS,2024-06-30,2024-07-05,75.0,25.0
BLUEDART.NS,2024-09-30,2024-10-14,75.0,25.0
BLUEDART.NS,2024-12-31,2025-01-17,75.0,25.0
BLUEDART.NS,2025-03-31,2025-04-18,75.0,25.0
BLUEDART.NS,2025-06-30,2025-07-21,75.0,25.0
BLUEDART.NS,2025-09-30,2025-10-17,75.0,25.0
BLUEDART.NS,2025-12-31,2026-01-16,75.0,25.0
BLUEDART.NS,2026-03-31,2026-04-17,75.0,25.0
BLUEDART.NS,2026-06-30,2026-07-16,75.0,25.0
BLUEJET.NS,2023-10-30,2023-11-02,86.0,14.0
BLUEJET.NS,2023-12-31,2024-01-16,86.0,14.0
BLUEJET.NS,2024-03-31,2024-04-17,86.0,14.0
BLUEJET.NS,2024-06-30,2024-07-20,86.0,14.0
BLUEJET.NS,2024-09-30,2024-10-08,86.0,14.0
BLUEJET.NS,2024-12-31,2025-01-06,86.0,14.0
BLUEJET.NS,2025-03-31,2025-04-07,86.0,14.0
BLUEJET.NS,2025-06-30,2025-07-11,86.0,14.0
BLUEJET.NS,2025-09-30,2025-10-13,79.81,20.19
BLUEJET.NS,2025-12-31,2026-01-09,79.81,20.19
BLUEJET.NS,2026-03-31,2026-04-16,79.81,20.19
BLUEJET.NS,2026-06-30,2026-07-06,79.81,20.19
BLUEJET.NS,2026-07-09,2026-07-14,73.15,26.85
BLUESTARCO.NS,2021-09-30,2021-10-13,38.76,61.24
BLUESTARCO.NS,2021-12-31,2022-01-13,38.76,61.24
BLUESTARCO.NS,2022-03-31,2022-04-18,38.78,61.22
BLUESTARCO.NS,2022-06-30,2022-07-19,38.78,61.22
BLUESTARCO.NS,2022-09-30,2022-10-21,38.78,61.22
BLUESTARCO.NS,2022-12-31,2023-01-16,38.78,61.22
BLUESTARCO.NS,2023-03-31,2023-04-14,38.78,61.22
BLUESTARCO.NS,2023-06-21,2023-06-23,38.91,61.09
BLUESTARCO.NS,2023-06-30,2023-07-14,38.91,61.09
BLUESTARCO.NS,2023-09-22,2023-09-28,36.46,63.54
BLUESTARCO.NS,2023-09-30,2023-10-14,36.49,63.51
BLUESTARCO.NS,2023-12-31,2024-01-16,36.49,63.51
BLUESTARCO.NS,2024-03-31,2024-04-10,36.49,63.51
BLUESTARCO.NS,2024-06-30,2024-07-17,36.52,63.48
BLUESTARCO.NS,2024-09-30,2024-10-18,36.46,63.54
BLUESTARCO.NS,2024-12-31,2025-01-16,36.46,63.54
BLUESTARCO.NS,2025-03-31,2025-04-15,36.47,63.53
BLUESTARCO.NS,2025-06-30,2025-07-21,36.49,63.5
BLUESTARCO.NS,2025-09-30,2025-10-17,36.49,63.5
BLUESTARCO.NS,2025-12-31,2026-01-21,36.49,63.5
BLUESTARCO.NS,2026-03-31,2026-04-16,36.49,63.5
BLUESTARCO.NS,2026-06-30,2026-07-22,36.5,63.49
BOMDYEING.NS,2021-09-30,2021-10-20,53.66,46.34
BOMDYEING.NS,2021-12-31,2022-01-18,53.57,46.43
BOMDYEING.NS,2022-03-31,2022-04-18,53.66,46.34
BOMDYEING.NS,2022-06-30,2022-07-19,53.66,46.34
BOMDYEING.NS,2022-09-30,2022-10-20,53.66,46.34
BOMDYEING.NS,2022-12-31,2023-01-18,53.66,46.34
BOMDYEING.NS,2023-03-31,2023-04-17,53.59,46.41
BOMDYEING.NS,2023-06-30,2023-07-17,53.59,46.41
BOMDYEING.NS,2023-09-30,2023-10-17,53.59,46.41
BOMDYEING.NS,2023-12-31,2024-01-09,53.58,46.42
BOMDYEING.NS,2024-03-31,2024-04-12,53.58,46.42
BOMDYEING.NS,2024-06-30,2024-07-18,53.58,46.42
BOMDYEING.NS,2024-09-30,2024-10-18,53.57,46.43
BOMDYEING.NS,2024-12-31,2025-01-20,53.58,46.42
BOMDYEING.NS,2025-03-31,2025-04-16,53.58,46.42
BOMDYEING.NS,2025-06-30,2025-07-18,53.58,46.42
BOMDYEING.NS,2025-09-30,2025-10-21,53.58,46.42
BOMDYEING.NS,2025-12-31,2026-01-21,53.57,46.43
BOMDYEING.NS,2026-03-31,2026-04-20,53.57,46.43
BOMDYEING.NS,2026-06-30,2026-07-17,53.57,46.43
BORORENEW.NS,2021-09-30,2021-10-08,61.74,38.26
BORORENEW.NS,2021-12-31,2022-01-19,61.73,38.27
BORORENEW.NS,2022-03-31,2022-04-15,61.69,38.31
BORORENEW.NS,2022-06-30,2022-07-15,61.65,38.35
BORORENEW.NS,2022-09-30,2022-10-21,61.65,38.35
BORORENEW.NS,2022-12-31,2023-01-20,61.64,38.36
BORORENEW.NS,2023-03-31,2023-04-20,61.62,38.38
BORORENEW.NS,2023-06-30,2023-07-20,61.61,38.39
BORORENEW.NS,2023-09-30,2023-10-20,61.6,38.4
BORORENEW.NS,2023-12-31,2024-01-19,61.6,38.4
BORORENEW.NS,2024-03-31,2024-04-19,61.6,38.4
BORORENEW.NS,2024-06-30,2024-07-12,61.6,38.4
BORORENEW.NS,2024-09-30,2024-10-18,61.6,38.4
BORORENEW.NS,2024-12-31,2025-01-20,61.59,38.41
BORORENEW.NS,2025-02-14,2025-02-21,62.2,37.8
BORORENEW.NS,2025-03-31,2025-04-18,62.2,37.8
BORORENEW.NS,2025-06-30,2025-07-21,61.93,38.07
BORORENEW.NS,2025-09-30,2025-10-20,61.85,38.15
BORORENEW.NS,2025-10-17,2025-10-27,58.79,41.21
BORORENEW.NS,2025-12-31,2026-01-21,58.77,41.23
BORORENEW.NS,2026-03-31,2026-04-17,58.77,41.23
BORORENEW.NS,2026-06-30,2026-07-17,58.77,41.23
BOSCH-HCIL.NS,2021-09-30,2021-10-11,74.25,25.76
BOSCH-HCIL.NS,2021-12-31,2022-01-11,74.25,25.75
BOSCH-HCIL.NS,2022-03-31,2022-04-12,74.25,25.75
BOSCH-HCIL.NS,2022-06-30,2022-07-13,74.25,25.74
BOSCH-HCIL.NS,2022-09-30,2022-10-11,74.25,25.75
BOSCH-HCIL.NS,2022-12-31,2023-01-12,74.25,25.75
BOSCH-HCIL.NS,2023-03-31,2023-04-14,74.25,25.75
BOSCH-HCIL.NS,2023-06-30,2023-07-14,74.25,25.75
BOSCH-HCIL.NS,2023-09-30,2023-10-11,74.25,25.75
BOSCH-HCIL.NS,2023-12-31,2024-01-10,74.25,25.75
BOSCH-HCIL.NS,2024-03-31,2024-04-08,74.25,25.75
BOSCH-HCIL.NS,2024-06-30,2024-07-09,74.25,25.75
BOSCH-HCIL.NS,2024-09-30,2024-10-09,74.25,25.75
BOSCH-HCIL.NS,2024-12-31,2025-01-10,74.25,25.75
BOSCH-HCIL.NS,2025-03-31,2025-04-10,74.25,25.75
BOSCH-HCIL.NS,2025-06-30,2025-07-09,74.25,25.75
BOSCH-HCIL.NS,2025-09-30,2025-10-12,74.25,25.75
BOSCH-HCIL.NS,2025-12-31,2026-01-16,82.22,17.78
BOSCH-HCIL.NS,2026-03-31,2026-04-13,82.22,17.78
BOSCH-HCIL.NS,2026-06-30,2026-07-20,74.53,25.47
BOSCHLTD.NS,2021-09-30,2021-10-19,70.54,29.46
BOSCHLTD.NS,2021-12-31,2022-01-17,70.54,29.46
BOSCHLTD.NS,2022-03-31,2022-04-21,70.54,29.46
BOSCHLTD.NS,2022-06-30,2022-07-19,70.54,29.46
BOSCHLTD.NS,2022-09-30,2022-10-18,70.54,29.46
BOSCHLTD.NS,2022-12-31,2023-01-13,70.54,29.46
BOSCHLTD.NS,2023-03-31,2023-04-13,70.54,29.46
BOSCHLTD.NS,2023-06-30,2023-07-19,70.54,29.46
BOSCHLTD.NS,2023-09-30,2023-10-10,70.54,29.46
BOSCHLTD.NS,2023-12-31,2024-01-19,70.54,29.46
BOSCHLTD.NS,2024-03-31,2024-04-11,70.54,29.46
BOSCHLTD.NS,2024-06-30,2024-07-18,70.54,29.46
BOSCHLTD.NS,2024-09-30,2024-10-17,70.54,29.46
BOSCHLTD.NS,2024-12-31,2025-01-16,70.54,29.46
BOSCHLTD.NS,2025-03-31,2025-04-17,70.54,29.46
BOSCHLTD.NS,2025-06-30,2025-07-18,70.54,29.46
BOSCHLTD.NS,2025-09-30,2025-10-15,70.54,29.46
BOSCHLTD.NS,2025-12-31,2026-01-19,70.54,29.46
BOSCHLTD.NS,2026-03-31,2026-04-15,70.54,29.46
BOSCHLTD.NS,2026-06-30,2026-07-20,70.54,29.46
BPCL.NS,2021-09-30,2021-10-19,52.98,46.71
BPCL.NS,2021-12-31,2022-01-17,52.98,46.71
BPCL.NS,2022-03-31,2022-04-19,52.98,46.71
BPCL.NS,2022-06-30,2022-07-19,52.98,46.71
BPCL.NS,2022-09-30,2022-10-21,52.98,47.02
BPCL.NS,2022-12-31,2023-01-13,52.98,46.71
BPCL.NS,2023-03-31,2023-04-19,52.98,46.71
BPCL.NS,2023-06-30,2023-07-21,52.98,46.71
BPCL.NS,2023-09-30,2023-10-16,52.98,46.71
BPCL.NS,2023-12-31,2024-01-15,52.98,46.71
BPCL.NS,2024-03-31,2024-04-16,52.98,47.02
BPCL.NS,2024-06-24,2024-07-03,52.98,47.02
BPCL.NS,2024-06-30,2024-07-17,52.98,47.02
BPCL.NS,2024-09-30,2024-10-11,52.98,47.02
BPCL.NS,2024-12-31,2025-01-15,52.98,47.02
BPCL.NS,2025-03-31,2025-04-16,52.98,47.02
BPCL.NS,2025-06-30,2025-07-21,52.98,47.02
BPCL.NS,2025-09-30,2025-10-16,52.98,47.02
BPCL.NS,2025-12-31,2026-01-20,52.98,47.02
BPCL.NS,2026-03-31,2026-04-20,52.98,47.02
BPCL.NS,2026-06-30,2026-07-17,52.98,47.02
BRIGADE.NS,2021-09-30,2021-10-13,43.96,56.04
BRIGADE.NS,2021-12-31,2022-01-11,43.91,56.09
BRIGADE.NS,2022-03-31,2022-04-18,43.88,56.12
BRIGADE.NS,2022-06-30,2022-07-16,43.85,56.15
BRIGADE.NS,2022-09-30,2022-10-18,43.82,56.18
BRIGADE.NS,2022-12-31,2023-01-17,43.81,56.19
BRIGADE.NS,2023-03-31,2023-04-18,43.79,56.21
BRIGADE.NS,2023-06-30,2023-07-18,43.78,56.22
BRIGADE.NS,2023-09-30,2023-10-13,43.77,56.23
BRIGADE.NS,2023-12-31,2024-01-08,43.75,56.25
BRIGADE.NS,2024-03-31,2024-04-16,43.72,56.28
BRIGADE.NS,2024-06-30,2024-07-18,43.72,56.28
BRIGADE.NS,2024-09-05,2024-09-16,41.38,58.62
BRIGADE.NS,2024-09-30,2024-10-16,41.37,58.63
BRIGADE.NS,2024-12-31,2025-01-20,41.37,58.63
BRIGADE.NS,2025-03-31,2025-04-11,41.14,58.86
BRIGADE.NS,2025-06-30,2025-07-19,41.13,58.87
BRIGADE.NS,2025-09-30,2025-10-17,41.12,58.88
BRIGADE.NS,2025-12-31,2026-01-16,41.12,58.88
BRIGADE.NS,2026-03-31,2026-04-09,41.11,58.89
BRIGADE.NS,2026-06-18,2026-06-25,41.1,58.9
BRIGADE.NS,2026-06-30,2026-07-16,41.1,58.9
BRITANNIA.NS,2021-09-30,2021-10-20,50.55,49.45
BRITANNIA.NS,2021-12-31,2022-01-17,50.55,49.45
BRITANNIA.NS,2022-03-31,2022-04-19,50.55,49.45
BRITANNIA.NS,2022-06-30,2022-07-12,50.55,49.45
BRITANNIA.NS,2022-09-30,2022-10-21,50.55,49.45
BRITANNIA.NS,2022-12-31,2023-01-19,50.55,49.45
BRITANNIA.NS,2023-03-31,2023-04-19,50.55,49.45
BRITANNIA.NS,2023-06-30,2023-07-19,50.55,49.45
BRITANNIA.NS,2023-09-30,2023-10-20,50.55,49.45
BRITANNIA.NS,2023-12-31,2024-01-19,50.55,49.45
BRITANNIA.NS,2024-03-31,2024-04-19,50.55,49.45
BRITANNIA.NS,2024-06-30,2024-07-19,50.55,49.45
BRITANNIA.NS,2024-09-30,2024-10-21,50.55,49.45
BRITANNIA.NS,2024-12-31,2025-01-21,50.55,49.45
BRITANNIA.NS,2025-03-31,2025-04-21,50.55,49.45
BRITANNIA.NS,2025-06-30,2025-07-21,50.55,49.45
BRITANNIA.NS,2025-09-30,2025-10-21,50.55,49.45
BRITANNIA.NS,2025-12-31,2026-01-21,50.55,49.45
BRITANNIA.NS,2026-03-31,2026-04-21,50.55,49.45
BRITANNIA.NS,2026-06-30,2026-07-21,50.55,49.45
BSE.NS,2021-09-30,2021-10-19,0.0,72.89
BSE.NS,2021-12-31,2022-01-19,0.0,72.99
BSE.NS,2022-03-24,2022-03-31,0.0,73.74
BSE.NS,2022-03-31,2022-04-08,0.0,73.52
BSE.NS,2022-06-30,2022-07-20,0.0,73.86
BSE.NS,2022-09-30,2022-10-21,0.0,73.97
BSE.NS,2022-12-31,2023-01-18,0.0,73.79
BSE.NS,2023-03-31,2023-04-17,0.0,74.14
BSE.NS,2023-06-30,2023-07-18,0.0,74.14
BSE.NS,2023-09-30,2023-10-18,0.0,74.89
BSE.NS,2023-12-31,2024-01-16,0.0,76.86
BSE.NS,2024-03-31,2024-04-18,0.0,77.64
BSE.NS,2024-06-30,2024-07-19,0.0,77.24
BSE.NS,2024-09-30,2024-10-14,0.0,77.1
BSE.NS,2024-12-31,2025-01-20,0.0,78.1
BSE.NS,2025-03-31,2025-04-17,0.0,77.88
BSE.NS,2025-05-26,2025-06-04,0.0,78.22
BSE.NS,2025-06-30,2025-07-15,0.0,79.43
BSE.NS,2025-09-30,2025-10-16,0.0,100.0
BSE.NS,2025-12-31,2026-01-20,0.0,100.0
BSE.NS,2026-03-31,2026-04-17,0.0,100.0
BSE.NS,2026-06-30,2026-07-14,0.0,100.0
BSOFT.NS,2021-09-30,2021-10-08,40.66,59.12
BSOFT.NS,2021-12-31,2022-01-10,40.55,59.29
BSOFT.NS,2022-03-31,2022-04-08,40.4,59.47
BSOFT.NS,2022-06-30,2022-07-11,40.32,59.55
BSOFT.NS,2022-09-06,2022-09-14,41.48,58.41
BSOFT.NS,2022-09-30,2022-10-14,41.48,58.42
BSOFT.NS,2022-12-31,2023-01-11,41.31,58.6
BSOFT.NS,2023-03-31,2023-04-17,41.08,58.85
BSOFT.NS,2023-06-30,2023-07-18,41.03,58.9
BSOFT.NS,2023-09-30,2023-10-12,40.97,58.99
BSOFT.NS,2023-12-31,2024-01-10,40.95,59.02
BSOFT.NS,2024-03-31,2024-04-16,40.92,59.07
BSOFT.NS,2024-06-30,2024-07-11,40.9,59.09
BSOFT.NS,2024-09-30,2024-10-11,40.86,59.13
BSOFT.NS,2024-12-31,2025-01-17,40.82,59.17
BSOFT.NS,2025-03-31,2025-04-17,40.63,59.36
BSOFT.NS,2025-06-30,2025-07-21,40.63,59.36
BSOFT.NS,2025-09-30,2025-10-17,40.53,59.46
BSOFT.NS,2025-12-31,2026-01-20,40.51,59.48
BSOFT.NS,2026-03-31,2026-04-20,40.39,59.61
BSOFT.NS,2026-06-30,2026-07-21,40.38,59.62
CAMPUS.NS,2022-05-05,2022-05-09,74.1,25.9
CAMPUS.NS,2022-06-30,2022-07-21,74.1,25.9
CAMPUS.NS,2022-09-30,2022-10-21,74.03,25.97
CAMPUS.NS,2022-12-31,2023-01-21,74.02,25.98
CAMPUS.NS,2023-03-31,2023-04-19,74.01,25.99
CAMPUS.NS,2023-06-30,2023-07-20,73.94,26.06
CAMPUS.NS,2023-09-30,2023-10-18,73.88,26.12
CAMPUS.NS,2023-12-31,2024-01-13,73.88,26.12
CAMPUS.NS,2024-03-31,2024-04-09,73.88,26.12
CAMPUS.NS,2024-06-30,2024-07-10,73.86,26.14
CAMPUS.NS,2024-09-30,2024-10-14,73.86,26.14
CAMPUS.NS,2024-12-31,2025-01-13,73.84,26.16
CAMPUS.NS,2025-03-31,2025-04-16,72.14,27.86
CAMPUS.NS,2025-06-30,2025-07-15,72.13,27.87
CAMPUS.NS,2025-09-30,2025-10-17,72.12,27.88
CAMPUS.NS,2025-12-31,2026-01-19,72.11,27.89
CAMPUS.NS,2026-03-31,2026-04-15,72.1,27.9
CAMPUS.NS,2026-06-30,2026-07-16,72.08,27.92
CAMS.NS,2021-04-30,2021-07-09,30.96,69.05
CAMS.NS,2021-06-30,2021-07-09,30.96,69.04
CAMS.NS,2021-09-30,2021-10-18,30.96,69.04
CAMS.NS,2021-12-31,2022-01-04,23.75,76.25
CAMS.NS,2022-03-31,2022-04-12,23.75,76.25
CAMS.NS,2022-06-30,2022-07-08,23.74,76.26
CAMS.NS,2022-09-30,2022-10-17,19.92,80.08
CAMS.NS,2022-12-31,2023-01-10,19.92,80.08
CAMS.NS,2023-03-31,2023-04-11,19.92,80.08
CAMS.NS,2023-06-30,2023-07-07,19.91,80.09
CAMS.NS,2023-09-30,2023-10-18,19.87,80.13
CAMS.NS,2023-12-31,2024-01-08,0.0,100.0
CAMS.NS,2024-03-31,2024-04-08,0.0,100.0
CAMS.NS,2024-06-30,2024-07-05,0.0,100.0
CAMS.NS,2024-09-30,2024-10-08,0.0,100.0
CAMS.NS,2024-12-31,2025-01-17,0.0,100.0
CAMS.NS,2025-03-31,2025-04-10,0.0,100.0
CAMS.NS,2025-06-30,2025-07-15,0.0,100.0
CAMS.NS,2025-09-30,2025-10-08,0.0,100.0
CAMS.NS,2025-12-31,2026-01-07,0.0,100.0
CAMS.NS,2026-03-31,2026-04-09,0.0,100.0
CAMS.NS,2026-06-30,2026-07-17,0.0,100.0
CANBK.NS,2021-09-30,2021-10-07,62.93,37.07
CANBK.NS,2021-12-31,2022-01-05,62.93,37.07
CANBK.NS,2022-03-31,2022-04-07,62.93,37.07
CANBK.NS,2022-06-30,2022-07-07,62.93,37.07
CANBK.NS,2022-09-30,2022-10-14,62.93,37.07
CANBK.NS,2022-12-31,2023-01-06,62.93,37.07
CANBK.NS,2023-03-31,2023-04-11,62.93,37.07
CANBK.NS,2023-06-30,2023-07-05,62.93,37.07
CANBK.NS,2023-09-30,2023-10-06,62.93,37.07
CANBK.NS,2023-12-31,2024-01-02,62.93,37.07
CANBK.NS,2024-03-31,2024-04-05,62.93,37.07
CANBK.NS,2024-06-30,2024-07-05,62.93,37.07
CANBK.NS,2024-09-30,2024-10-04,62.93,37.07
CANBK.NS,2024-12-31,2025-01-03,62.93,37.07
CANBK.NS,2025-03-31,2025-04-04,62.93,37.07
CANBK.NS,2025-06-30,2025-07-07,62.93,37.07
CANBK.NS,2025-09-30,2025-10-04,62.93,37.07
CANBK.NS,2025-12-31,2026-01-05,62.93,37.07
CANBK.NS,2026-03-31,2026-04-02,62.93,37.07
CANBK.NS,2026-06-30,2026-07-07,62.93,37.07
CANFINHOME.NS,2021-09-30,2021-10-11,29.99,70.01
CANFINHOME.NS,2021-12-31,2022-01-12,29.99,70.01
CANFINHOME.NS,2022-03-31,2022-04-13,29.99,70.01
CANFINHOME.NS,2022-06-30,2022-07-07,29.99,70.01
CANFINHOME.NS,2022-09-30,2022-10-19,29.99,70.01
CANFINHOME.NS,2022-12-31,2023-01-11,29.99,70.01
CANFINHOME.NS,2023-03-31,2023-04-15,29.99,70.01
CANFINHOME.NS,2023-06-30,2023-07-18,29.99,70.01
CANFINHOME.NS,2023-09-30,2023-10-18,29.99,70.01
CANFINHOME.NS,2023-12-31,2024-01-08,29.99,70.01
CANFINHOME.NS,2024-03-31,2024-04-17,29.99,70.01
CANFINHOME.NS,2024-06-30,2024-07-18,29.99,70.01
CANFINHOME.NS,2024-09-30,2024-10-14,29.99,70.01
CANFINHOME.NS,2024-12-31,2025-01-10,29.99,70.01
CANFINHOME.NS,2025-03-31,2025-04-16,29.99,70.01
CANFINHOME.NS,2025-06-30,2025-07-16,29.99,70.01
CANFINHOME.NS,2025-09-30,2025-10-16,29.99,70.01
CANFINHOME.NS,2025-12-31,2026-01-08,29.99,70.01
CANFINHOME.NS,2026-03-31,2026-04-08,29.99,70.01
CANFINHOME.NS,2026-06-30,2026-07-14,29.99,70.01
CAPLIPOINT.NS,2021-09-30,2021-10-14,69.03,30.97
CAPLIPOINT.NS,2021-12-31,2022-01-08,68.91,31.09
CAPLIPOINT.NS,2022-03-31,2022-04-07,68.89,31.11
CAPLIPOINT.NS,2022-06-30,2022-07-20,68.88,31.12
CAPLIPOINT.NS,2022-09-30,2022-10-21,68.88,31.12
CAPLIPOINT.NS,2022-12-31,2023-01-20,68.8,31.2
CAPLIPOINT.NS,2023-03-31,2023-04-20,70.66,29.34
CAPLIPOINT.NS,2023-06-30,2023-07-18,70.63,29.37
CAPLIPOINT.NS,2023-09-30,2023-10-20,70.63,29.37
CAPLIPOINT.NS,2023-12-31,2024-01-20,70.62,29.38
CAPLIPOINT.NS,2024-03-31,2024-04-18,70.62,29.38
CAPLIPOINT.NS,2024-06-30,2024-07-20,70.56,29.44
CAPLIPOINT.NS,2024-09-30,2024-10-18,70.56,29.44
CAPLIPOINT.NS,2024-12-31,2025-01-20,70.56,29.44
CAPLIPOINT.NS,2025-03-31,2025-04-18,70.56,29.44
CAPLIPOINT.NS,2025-06-30,2025-07-17,70.56,29.44
CAPLIPOINT.NS,2025-09-30,2025-10-16,70.57,29.43
CAPLIPOINT.NS,2025-12-31,2026-01-19,70.57,29.43
CAPLIPOINT.NS,2026-03-31,2026-04-21,70.57,29.43
CAPLIPOINT.NS,2026-06-30,2026-07-21,70.57,29.43
CARBORUNIV.NS,2021-09-30,2021-10-20,41.96,58.04
CARBORUNIV.NS,2021-12-31,2022-01-20,41.96,58.04
CARBORUNIV.NS,2022-03-31,2022-04-21,41.94,58.06
CARBORUNIV.NS,2022-06-30,2022-07-21,41.92,58.08
CARBORUNIV.NS,2022-09-30,2022-10-21,41.9,58.1
CARBORUNIV.NS,2022-12-31,2023-01-20,41.89,58.11
CARBORUNIV.NS,2023-03-31,2023-04-21,41.52,58.48
CARBORUNIV.NS,2023-06-30,2023-07-20,41.5,58.5
CARBORUNIV.NS,2023-09-30,2023-10-20,41.28,58.72
CARBORUNIV.NS,2023-12-31,2024-01-19,41.28,58.72
CARBORUNIV.NS,2024-03-31,2024-04-21,41.23,58.77
CARBORUNIV.NS,2024-06-30,2024-07-19,41.16,58.84
CARBORUNIV.NS,2024-09-30,2024-10-20,41.04,58.96
CARBORUNIV.NS,2024-12-31,2025-01-21,39.82,60.18
CARBORUNIV.NS,2025-03-31,2025-04-21,39.82,60.18
CARBORUNIV.NS,2025-06-30,2025-07-21,39.23,60.77
CARBORUNIV.NS,2025-09-30,2025-10-17,38.96,61.04
CARBORUNIV.NS,2025-12-31,2026-01-21,38.9,61.1
CARBORUNIV.NS,2026-03-31,2026-04-18,38.89,61.11
CARBORUNIV.NS,2026-06-30,2026-07-21,38.89,61.11
CARERATING.NS,2021-09-30,2021-10-18,0.0,100.0
CARERATING.NS,2021-12-31,2022-01-07,0.0,100.0
CARERATING.NS,2022-03-31,2022-04-11,0.0,100.0
CARERATING.NS,2022-06-30,2022-07-12,0.0,100.0
CARERATING.NS,2022-09-30,2022-10-20,0.0,100.0
CARERATING.NS,2022-12-31,2023-01-11,0.0,100.0
CARERATING.NS,2023-03-31,2023-04-18,0.0,100.0
CARERATING.NS,2023-06-30,2023-07-10,0.0,100.0
CARERATING.NS,2023-09-30,2023-10-12,0.0,100.0
CARERATING.NS,2023-12-31,2024-01-15,0.0,100.0
CARERATING.NS,2024-03-31,2024-04-05,0.0,100.0
CARERATING.NS,2024-06-30,2024-07-11,0.0,100.0
CARERATING.NS,2024-09-30,2024-10-08,0.0,100.0
CARERATING.NS,2024-12-31,2025-01-09,0.0,100.0
CARERATING.NS,2025-03-31,2025-04-10,0.0,100.0
CARERATING.NS,2025-06-30,2025-07-18,0.0,100.0
CARERATING.NS,2025-09-30,2025-10-14,0.0,100.0
CARERATING.NS,2025-12-31,2026-01-13,0.0,100.0
CARERATING.NS,2026-03-31,2026-04-09,0.0,100.0
CARERATING.NS,2026-06-30,2026-07-10,0.0,100.0
CARTRADE.NS,2021-09-30,2021-10-09,0.0,100.0
CARTRADE.NS,2021-12-31,2022-01-17,0.0,100.0
CARTRADE.NS,2022-03-31,2022-04-15,0.0,100.0
CARTRADE.NS,2022-06-30,2022-07-19,0.0,100.0
CARTRADE.NS,2022-09-30,2022-10-18,0.0,100.0
CARTRADE.NS,2022-12-31,2023-01-20,0.0,100.0
CARTRADE.NS,2023-03-31,2023-04-18,0.0,100.0
CARTRADE.NS,2023-06-30,2023-07-17,0.0,100.0
CARTRADE.NS,2023-09-30,2023-10-16,0.0,100.0
CARTRADE.NS,2023-12-31,2024-01-15,0.0,100.0
CARTRADE.NS,2024-03-31,2024-04-20,0.0,100.0
CARTRADE.NS,2024-06-30,2024-07-10,0.0,100.0
CARTRADE.NS,2024-09-30,2024-10-16,0.0,100.0
CARTRADE.NS,2024-12-31,2025-01-20,0.0,100.0
CARTRADE.NS,2025-03-31,2025-04-18,0.0,100.0
CARTRADE.NS,2025-06-30,2025-07-19,0.0,100.0
CARTRADE.NS,2025-09-30,2025-10-18,0.0,100.0
CARTRADE.NS,2025-12-31,2026-01-20,0.0,100.0
CARTRADE.NS,2026-03-31,2026-04-17,0.0,100.0
CARTRADE.NS,2026-06-30,2026-07-17,0.0,100.0
CASTROLIND.NS,2021-09-30,2021-10-18,51.0,49.0
CASTROLIND.NS,2021-12-31,2022-01-14,51.0,49.0
CASTROLIND.NS,2022-03-31,2022-04-12,51.0,49.0
CASTROLIND.NS,2022-06-30,2022-07-12,51.0,49.0
CASTROLIND.NS,2022-09-30,2022-10-12,51.0,49.0
CASTROLIND.NS,2022-12-31,2023-01-09,51.0,49.0
CASTROLIND.NS,2023-03-31,2023-04-20,51.0,49.0
CASTROLIND.NS,2023-06-30,2023-07-14,51.0,49.0
CASTROLIND.NS,2023-09-30,2023-10-09,51.0,49.0
CASTROLIND.NS,2023-12-31,2024-01-08,51.0,49.0
CASTROLIND.NS,2024-03-31,2024-04-16,51.0,49.0
CASTROLIND.NS,2024-06-30,2024-07-10,51.0,49.0
CASTROLIND.NS,2024-09-30,2024-10-10,51.0,49.0
CASTROLIND.NS,2024-12-31,2025-01-10,51.0,49.0
CASTROLIND.NS,2025-03-31,2025-04-19,51.0,49.0
CASTROLIND.NS,2025-06-30,2025-07-16,51.0,49.0
CASTROLIND.NS,2025-09-30,2025-10-14,51.0,49.0
CASTROLIND.NS,2025-12-31,2026-01-12,51.0,49.0
CASTROLIND.NS,2026-03-31,2026-04-14,51.0,49.0
CASTROLIND.NS,2026-06-30,2026-07-15,51.0,49.0
CCAVENUE.NS,2021-09-30,2021-10-20,31.07,68.51
CCAVENUE.NS,2021-12-31,2022-01-08,31.07,68.51
CCAVENUE.NS,2022-03-16,2022-03-24,30.92,68.66
CCAVENUE.NS,2022-03-31,2022-04-15,30.64,68.94
CCAVENUE.NS,2022-06-30,2022-07-13,30.64,68.9
CCAVENUE.NS,2022-09-30,2022-10-13,30.64,68.9
CCAVENUE.NS,2022-12-31,2023-01-20,30.64,68.9
CCAVENUE.NS,2023-03-31,2023-04-14,30.63,68.92
CCAVENUE.NS,2023-06-30,2023-07-15,30.63,68.92
CCAVENUE.NS,2023-09-30,2023-10-13,29.13,70.42
CCAVENUE.NS,2023-10-30,2023-10-31,28.13,71.43
CCAVENUE.NS,2023-12-31,2024-01-16,28.13,71.43
CCAVENUE.NS,2024-03-31,2024-04-19,27.43,72.13
CCAVENUE.NS,2024-06-30,2024-07-10,27.43,72.13
CCAVENUE.NS,2024-09-30,2024-10-18,27.43,72.13
CCAVENUE.NS,2024-12-31,2025-01-18,27.36,72.2
CCAVENUE.NS,2025-03-31,2025-04-17,27.36,72.2
CCAVENUE.NS,2025-06-30,2025-07-19,27.36,72.2
CCAVENUE.NS,2025-07-15,2025-07-19,27.33,72.23
CCAVENUE.NS,2025-09-30,2025-10-17,27.27,72.29
CCAVENUE.NS,2025-12-31,2026-01-20,27.29,72.27
CCAVENUE.NS,2026-03-31,2026-04-17,27.29,72.27
CCAVENUE.NS,2026-06-30,2026-07-17,27.29,72.27
CCL.NS,2021-09-30,2021-10-06,46.19,53.81
CCL.NS,2021-12-31,2022-01-11,46.2,53.8
CCL.NS,2022-03-31,2022-04-20,46.26,53.74
CCL.NS,2022-06-30,2022-07-13,46.26,53.74
CCL.NS,2022-09-30,2022-10-20,46.26,53.74
CCL.NS,2022-12-31,2023-01-20,46.26,53.74
CCL.NS,2023-03-31,2023-04-19,46.26,53.74
CCL.NS,2023-06-30,2023-07-07,46.26,53.74
CCL.NS,2023-09-30,2023-10-10,46.26,53.74
CCL.NS,2023-12-31,2024-01-11,46.26,53.74
CCL.NS,2024-03-31,2024-04-15,46.26,53.74
CCL.NS,2024-06-30,2024-07-11,46.09,53.91
CCL.NS,2024-09-30,2024-10-17,46.09,53.91
CCL.NS,2024-12-31,2025-01-16,46.09,53.91
CCL.NS,2025-03-31,2025-04-17,46.09,53.91
CCL.NS,2025-06-30,2025-07-19,46.09,53.64
CCL.NS,2025-09-30,2025-10-16,46.11,53.64
CCL.NS,2025-12-31,2026-01-20,46.11,53.64
CCL.NS,2026-03-31,2026-04-09,46.11,53.64
CCL.NS,2026-06-30,2026-07-13,46.14,53.71
CDSL.NS,2021-09-30,2021-10-18,20.0,80.0
CDSL.NS,2021-12-31,2022-01-06,20.0,79.99
CDSL.NS,2022-03-31,2022-04-18,20.0,79.99
CDSL.NS,2022-06-30,2022-07-12,20.0,80.0
CDSL.NS,2022-09-30,2022-10-18,20.0,80.0
CDSL.NS,2022-12-31,2023-01-16,20.0,80.0
CDSL.NS,2023-03-31,2023-04-11,20.0,80.0
CDSL.NS,2023-06-30,2023-07-18,15.0,85.0
CDSL.NS,2023-09-30,2023-10-16,15.0,85.0
CDSL.NS,2023-12-31,2024-01-13,15.0,85.0
CDSL.NS,2024-03-31,2024-04-15,15.0,85.0
CDSL.NS,2024-06-30,2024-07-18,15.0,85.0
CDSL.NS,2024-08-25,2024-09-03,15.0,85.0
CDSL.NS,2024-09-30,2024-10-17,15.0,85.0
CDSL.NS,2024-12-31,2025-01-14,15.0,85.0
CDSL.NS,2025-03-31,2025-04-11,15.0,85.0
CDSL.NS,2025-06-30,2025-07-14,15.0,85.0
CDSL.NS,2025-09-30,2025-10-15,15.0,85.0
CDSL.NS,2025-12-31,2026-01-13,15.0,85.0
CDSL.NS,2026-03-31,2026-04-17,15.0,85.0
CDSL.NS,2026-06-30,2026-07-21,15.0,85.0
CEATLTD.NS,2021-09-30,2021-10-20,46.82,53.18
CEATLTD.NS,2021-12-31,2022-01-20,47.11,52.89
CEATLTD.NS,2022-03-31,2022-04-19,47.11,52.89
CEATLTD.NS,2022-06-30,2022-07-19,47.21,52.79
CEATLTD.NS,2022-09-30,2022-10-20,47.21,52.79
CEATLTD.NS,2022-12-31,2023-01-19,47.21,52.79
CEATLTD.NS,2023-03-31,2023-04-18,47.21,52.79
CEATLTD.NS,2023-06-30,2023-07-20,47.21,52.79
CEATLTD.NS,2023-09-30,2023-10-17,47.21,52.79
CEATLTD.NS,2023-12-31,2024-01-18,47.21,52.79
CEATLTD.NS,2024-03-31,2024-04-16,47.21,52.79
CEATLTD.NS,2024-06-30,2024-07-18,47.21,52.79
CEATLTD.NS,2024-09-30,2024-10-18,47.21,52.79
CEATLTD.NS,2024-12-31,2025-01-17,47.21,52.79
CEATLTD.NS,2025-03-31,2025-04-18,47.21,52.79
CEATLTD.NS,2025-06-30,2025-07-15,47.21,52.79
CEATLTD.NS,2025-09-30,2025-10-20,47.21,52.64
CEATLTD.NS,2025-12-31,2026-01-20,47.21,52.52
CEATLTD.NS,2026-03-31,2026-04-20,47.29,52.44
CEATLTD.NS,2026-06-30,2026-07-20,47.29,52.44
CEMPRO.NS,2019-09-30,2019-10-17,46.64,53.36
CEMPRO.NS,2021-09-30,2021-10-14,46.64,53.36
CEMPRO.NS,2021-12-31,2022-01-17,46.64,53.36
CEMPRO.NS,2022-03-31,2022-04-19,46.64,53.36
CEMPRO.NS,2022-06-30,2022-07-18,46.64,53.36
CEMPRO.NS,2022-09-30,2022-10-21,46.64,53.36
CEMPRO.NS,2022-12-31,2023-01-17,46.64,53.36
CEMPRO.NS,2023-03-31,2023-04-18,46.64,53.36
CEMPRO.NS,2023-06-30,2023-07-14,46.64,53.36
CEMPRO.NS,2023-09-30,2023-10-17,46.64,53.36
CEMPRO.NS,2023-12-31,2024-01-18,46.64,53.36
CEMPRO.NS,2024-03-31,2024-04-18,46.64,53.36
CEMPRO.NS,2024-06-30,2024-07-19,46.64,53.36
CEMPRO.NS,2024-09-30,2024-10-15,46.64,53.36
CEMPRO.NS,2024-12-31,2025-01-20,46.64,53.36
CEMPRO.NS,2025-03-31,2025-04-18,46.64,53.36
CEMPRO.NS,2025-06-30,2025-07-21,67.46,32.54
CEMPRO.NS,2025-09-30,2025-10-10,67.46,32.54
CEMPRO.NS,2025-12-31,2026-01-09,67.46,32.54
CEMPRO.NS,2026-03-31,2026-04-09,67.46,32.54
CEMPRO.NS,2026-06-30,2026-07-10,67.46,32.54
CENTRALBK.NS,2021-09-30,2021-10-08,93.08,6.92
CENTRALBK.NS,2021-12-31,2022-01-05,93.08,6.92
CENTRALBK.NS,2022-03-31,2022-04-08,93.08,6.92
CENTRALBK.NS,2022-06-30,2022-07-13,93.08,6.92
CENTRALBK.NS,2022-09-30,2022-10-18,93.08,6.92
CENTRALBK.NS,2022-12-31,2023-01-17,93.08,6.92
CENTRALBK.NS,2023-03-31,2023-04-12,93.08,6.92
CENTRALBK.NS,2023-06-30,2023-07-15,93.08,6.92
CENTRALBK.NS,2023-09-30,2023-10-11,93.08,6.92
CENTRALBK.NS,2023-12-31,2024-01-09,93.08,6.92
CENTRALBK.NS,2024-03-31,2024-04-16,93.08,6.92
CENTRALBK.NS,2024-06-30,2024-07-19,93.08,6.92
CENTRALBK.NS,2024-09-30,2024-10-15,93.08,6.92
CENTRALBK.NS,2024-12-31,2025-01-10,93.08,6.92
CENTRALBK.NS,2025-03-28,2025-03-28,89.27,10.73
CENTRALBK.NS,2025-03-31,2025-04-15,89.27,10.73
CENTRALBK.NS,2025-06-30,2025-07-19,89.27,10.73
CENTRALBK.NS,2025-09-30,2025-10-14,89.27,10.73
CENTRALBK.NS,2025-12-31,2026-01-19,89.27,10.73
CENTRALBK.NS,2026-03-31,2026-04-15,89.27,10.73
CENTRALBK.NS,2026-05-27,2026-05-27,81.19,18.81
CENTRALBK.NS,2026-06-30,2026-07-18,81.19,18.81
CENTURYPLY.NS,2021-09-30,2021-10-08,73.04,26.96
CENTURYPLY.NS,2021-12-31,2022-01-04,73.04,26.96
CENTURYPLY.NS,2022-03-31,2022-04-14,73.04,26.96
CENTURYPLY.NS,2022-06-30,2022-07-12,73.04,26.96
CENTURYPLY.NS,2022-09-30,2022-10-19,73.04,26.96
CENTURYPLY.NS,2022-12-31,2023-01-10,73.04,26.96
CENTURYPLY.NS,2023-03-31,2023-04-07,73.04,26.96
CENTURYPLY.NS,2023-06-30,2023-07-15,73.04,26.96
CENTURYPLY.NS,2023-09-30,2023-10-10,73.04,26.96
CENTURYPLY.NS,2023-12-31,2024-01-10,73.04,26.96
CENTURYPLY.NS,2024-03-31,2024-04-13,72.59,27.41
CENTURYPLY.NS,2024-06-30,2024-07-12,72.59,27.41
CENTURYPLY.NS,2024-09-30,2024-10-09,72.59,27.41
CENTURYPLY.NS,2024-12-31,2025-01-09,72.64,27.36
CENTURYPLY.NS,2025-03-31,2025-04-14,72.64,27.36
CENTURYPLY.NS,2025-06-30,2025-07-21,72.64,27.36
CENTURYPLY.NS,2025-09-30,2025-10-16,72.64,27.36
CENTURYPLY.NS,2025-12-31,2026-01-15,72.64,27.36
CENTURYPLY.NS,2026-03-31,2026-04-13,71.83,28.17
CENTURYPLY.NS,2026-06-30,2026-07-06,71.83,28.17
CERA.NS,2021-09-30,2021-10-20,54.48,45.52
CERA.NS,2021-12-31,2022-01-17,54.48,45.52
CERA.NS,2022-03-31,2022-04-20,54.48,45.52
CERA.NS,2022-06-30,2022-07-20,54.48,45.52
CERA.NS,2022-09-30,2022-10-21,54.48,45.52
CERA.NS,2022-12-31,2023-01-20,54.48,45.52
CERA.NS,2023-03-31,2023-04-20,54.48,45.52
CERA.NS,2023-06-30,2023-07-19,54.48,45.52
CERA.NS,2023-09-30,2023-10-16,54.48,45.52
CERA.NS,2023-12-31,2024-01-20,54.48,45.52
CERA.NS,2024-03-31,2024-04-17,54.48,45.52
CERA.NS,2024-06-30,2024-07-17,54.48,45.52
CERA.NS,2024-09-30,2024-10-17,54.41,45.58
CERA.NS,2024-12-31,2025-01-18,54.41,45.58
CERA.NS,2025-03-31,2025-04-18,54.41,45.56
CERA.NS,2025-06-30,2025-07-21,54.41,45.57
CERA.NS,2025-09-30,2025-10-16,54.41,45.57
CERA.NS,2025-12-31,2026-01-20,54.41,45.55
CERA.NS,2026-03-31,2026-04-14,54.41,45.55
CERA.NS,2026-06-30,2026-07-13,54.41,45.57
CESC.NS,2021-09-30,2021-10-11,52.11,47.89
CESC.NS,2021-12-31,2022-01-12,52.11,47.89
CESC.NS,2022-03-31,2022-04-11,52.11,47.89
CESC.NS,2022-06-30,2022-07-16,52.11,47.89
CESC.NS,2022-09-30,2022-10-21,52.11,47.89
CESC.NS,2022-12-31,2023-01-18,52.11,47.89
CESC.NS,2023-03-31,2023-04-21,52.11,47.89
CESC.NS,2023-06-30,2023-07-20,52.11,47.89
CESC.NS,2023-09-30,2023-10-18,52.11,47.89
CESC.NS,2023-12-31,2024-01-18,52.11,47.89
CESC.NS,2024-03-31,2024-04-17,52.11,47.89
CESC.NS,2024-06-30,2024-07-20,52.11,47.89
CESC.NS,2024-09-30,2024-10-17,52.11,47.89
CESC.NS,2024-12-31,2025-01-19,52.11,47.89
CESC.NS,2025-03-31,2025-04-19,52.11,47.89
CESC.NS,2025-06-30,2025-07-21,52.11,47.89
CESC.NS,2025-09-30,2025-10-16,52.11,47.89
CESC.NS,2025-12-31,2026-01-21,52.11,47.89
CESC.NS,2026-03-31,2026-04-21,52.11,47.89
CESC.NS,2026-06-30,2026-07-20,52.11,47.89
CGCL.NS,2015-12-31,2016-01-18,73.92,26.08
CGCL.NS,2021-09-30,2021-10-13,74.84,25.16
CGCL.NS,2021-12-31,2022-01-10,74.74,25.26
CGCL.NS,2022-03-31,2022-04-13,74.72,25.28
CGCL.NS,2022-06-30,2022-07-15,74.68,25.32
CGCL.NS,2022-09-30,2022-10-15,74.68,25.32
CGCL.NS,2022-12-31,2023-01-17,74.64,25.36
CGCL.NS,2023-03-31,2023-04-18,69.91,30.09
CGCL.NS,2023-06-30,2023-07-13,69.91,30.09
CGCL.NS,2023-09-30,2023-10-13,69.91,30.09
CGCL.NS,2023-12-31,2024-01-11,69.89,30.11
CGCL.NS,2024-03-31,2024-04-09,69.89,30.11
CGCL.NS,2024-06-30,2024-07-08,69.89,30.11
CGCL.NS,2024-09-30,2024-10-11,69.89,30.11
CGCL.NS,2024-12-31,2025-01-08,69.87,30.13
CGCL.NS,2025-03-31,2025-04-15,69.87,30.13
CGCL.NS,2025-06-30,2025-07-16,59.95,40.05
CGCL.NS,2025-09-30,2025-10-10,59.95,40.05
CGCL.NS,2025-12-31,2026-01-08,59.92,40.08
CGCL.NS,2026-03-31,2026-04-07,59.92,40.08
CGCL.NS,2026-06-30,2026-07-02,59.92,40.08
CGPOWER.NS,2021-09-30,2021-10-19,52.7,47.3
CGPOWER.NS,2021-12-31,2022-01-18,52.7,47.3
CGPOWER.NS,2022-02-11,2022-02-16,55.64,44.36
CGPOWER.NS,2022-03-31,2022-04-20,55.65,44.35
CGPOWER.NS,2022-05-18,2022-05-24,58.12,41.88
CGPOWER.NS,2022-06-30,2022-07-18,58.12,41.88
CGPOWER.NS,2022-09-30,2022-10-21,58.12,41.88
CGPOWER.NS,2022-12-31,2023-01-21,58.12,41.88
CGPOWER.NS,2023-03-31,2023-04-19,58.12,41.88
CGPOWER.NS,2023-06-30,2023-07-21,58.12,41.88
CGPOWER.NS,2023-09-30,2023-10-20,58.12,41.88
CGPOWER.NS,2023-12-31,2024-01-19,58.11,41.89
CGPOWER.NS,2024-03-31,2024-04-21,58.11,41.89
CGPOWER.NS,2024-06-30,2024-07-17,58.09,41.91
CGPOWER.NS,2024-09-30,2024-10-18,58.07,41.93
CGPOWER.NS,2024-12-31,2025-01-22,58.06,41.94
CGPOWER.NS,2025-03-31,2025-04-15,58.06,41.94
CGPOWER.NS,2025-06-30,2025-07-18,58.05,41.95
CGPOWER.NS,2025-07-04,2025-07-07,56.38,43.62
CGPOWER.NS,2025-09-30,2025-10-16,56.37,43.63
CGPOWER.NS,2025-12-31,2026-01-20,56.36,43.64
CGPOWER.NS,2026-03-31,2026-04-20,56.36,43.64
CGPOWER.NS,2026-06-30,2026-07-20,56.36,43.64
CHALET.NS,2021-09-30,2021-10-21,71.65,28.35
CHALET.NS,2021-12-31,2022-01-21,71.65,28.35
CHALET.NS,2022-03-31,2022-04-21,71.65,28.35
CHALET.NS,2022-06-30,2022-07-20,71.65,28.35
CHALET.NS,2022-09-30,2022-10-21,71.65,28.35
CHALET.NS,2022-12-31,2023-01-20,71.65,28.35
CHALET.NS,2023-03-31,2023-04-19,71.65,28.35
CHALET.NS,2023-06-30,2023-07-21,71.65,28.35
CHALET.NS,2023-09-30,2023-10-20,71.7,28.3
CHALET.NS,2023-12-31,2024-01-19,71.7,28.3
CHALET.NS,2024-03-31,2024-04-19,71.67,28.33
CHALET.NS,2024-04-03,2024-04-05,67.52,32.48
CHALET.NS,2024-06-30,2024-07-20,67.52,32.48
CHALET.NS,2024-09-30,2024-10-21,67.48,32.52
CHALET.NS,2024-12-31,2025-01-21,67.42,32.58
CHALET.NS,2025-03-31,2025-04-21,67.41,32.59
CHALET.NS,2025-06-30,2025-07-21,67.4,32.6
CHALET.NS,2025-09-30,2025-10-16,67.34,32.66
CHALET.NS,2025-12-31,2026-01-21,67.33,32.67
CHALET.NS,2026-03-31,2026-04-21,67.29,32.71
CHALET.NS,2026-06-30,2026-07-21,67.29,32.71
CHAMBLFERT.NS,2021-09-30,2021-10-21,60.39,39.52
CHAMBLFERT.NS,2021-12-31,2022-01-20,60.4,39.51
CHAMBLFERT.NS,2022-03-31,2022-04-20,60.46,39.46
CHAMBLFERT.NS,2022-06-30,2022-07-20,60.48,39.49
CHAMBLFERT.NS,2022-09-30,2022-10-21,60.48,39.49
CHAMBLFERT.NS,2022-12-31,2023-01-17,60.56,39.42
CHAMBLFERT.NS,2023-03-31,2023-04-19,60.56,39.42
CHAMBLFERT.NS,2023-06-30,2023-07-20,60.56,39.44
CHAMBLFERT.NS,2023-09-30,2023-10-19,60.56,39.44
CHAMBLFERT.NS,2023-12-31,2024-01-20,60.56,39.44
CHAMBLFERT.NS,2024-02-13,2024-02-22,60.7,39.3
CHAMBLFERT.NS,2024-03-31,2024-04-16,60.7,39.3
CHAMBLFERT.NS,2024-06-30,2024-07-19,60.7,39.3
CHAMBLFERT.NS,2024-09-30,2024-10-18,60.4,39.6
CHAMBLFERT.NS,2024-12-31,2025-01-21,60.4,39.6
CHAMBLFERT.NS,2025-03-31,2025-04-18,60.4,39.6
CHAMBLFERT.NS,2025-06-30,2025-07-21,60.5,39.5
CHAMBLFERT.NS,2025-09-30,2025-10-17,60.58,39.42
CHAMBLFERT.NS,2025-12-31,2026-01-21,60.85,39.15
CHAMBLFERT.NS,2026-03-31,2026-04-22,61.25,38.75
CHAMBLFERT.NS,2026-06-30,2026-07-17,61.34,38.66
CHEMPLASTS.NS,2021-09-30,2021-10-19,54.99,45.01
CHEMPLASTS.NS,2021-12-31,2022-01-12,54.99,45.01
CHEMPLASTS.NS,2022-03-31,2022-04-16,54.99,45.01
CHEMPLASTS.NS,2022-06-30,2022-07-14,54.99,45.01
CHEMPLASTS.NS,2022-09-30,2022-10-19,54.99,45.01
CHEMPLASTS.NS,2022-12-31,2023-01-18,54.99,45.01
CHEMPLASTS.NS,2023-03-31,2023-04-20,54.99,45.01
CHEMPLASTS.NS,2023-06-30,2023-07-20,54.99,45.01
CHEMPLASTS.NS,2023-09-30,2023-10-19,54.99,45.01
CHEMPLASTS.NS,2023-12-31,2024-01-18,54.99,45.01
CHEMPLASTS.NS,2024-03-31,2024-04-17,54.99,45.01
CHEMPLASTS.NS,2024-06-30,2024-07-19,54.99,45.01
CHEMPLASTS.NS,2024-09-30,2024-10-18,54.99,45.01
CHEMPLASTS.NS,2024-12-31,2025-01-20,54.99,45.01
CHEMPLASTS.NS,2025-03-31,2025-04-17,54.99,45.01
CHEMPLASTS.NS,2025-06-30,2025-07-21,54.99,45.01
CHEMPLASTS.NS,2025-09-30,2025-10-16,54.99,45.01
CHEMPLASTS.NS,2025-12-31,2026-01-20,54.99,45.01
CHEMPLASTS.NS,2026-03-31,2026-04-20,54.99,45.01
CHEMPLASTS.NS,2026-06-30,2026-07-17,54.99,45.01
CHENNPETRO.NS,2021-09-30,2021-10-08,67.29,32.71
CHENNPETRO.NS,2021-12-31,2022-01-05,67.29,32.71
CHENNPETRO.NS,2022-03-31,2022-04-06,67.29,32.71
CHENNPETRO.NS,2022-06-30,2022-07-06,67.29,32.71
CHENNPETRO.NS,2022-09-30,2022-10-17,67.29,32.71
CHENNPETRO.NS,2022-12-31,2023-01-11,67.29,32.71
CHENNPETRO.NS,2023-03-31,2023-04-06,67.29,32.71
CHENNPETRO.NS,2023-06-30,2023-07-12,67.29,32.71
CHENNPETRO.NS,2023-09-30,2023-10-09,67.29,32.71
CHENNPETRO.NS,2023-12-31,2024-01-12,67.29,32.71
CHENNPETRO.NS,2024-03-31,2024-04-05,67.29,32.71
CHENNPETRO.NS,2024-06-30,2024-07-05,67.29,32.71
CHENNPETRO.NS,2024-09-30,2024-10-08,67.29,32.71
CHENNPETRO.NS,2024-12-31,2025-01-03,67.29,32.71
CHENNPETRO.NS,2025-03-31,2025-04-12,67.29,32.71
CHENNPETRO.NS,2025-06-30,2025-07-07,67.29,32.71
CHENNPETRO.NS,2025-09-30,2025-10-04,67.29,32.71
CHENNPETRO.NS,2025-12-31,2026-01-16,67.29,32.71
CHENNPETRO.NS,2026-03-31,2026-04-02,67.29,32.71
CHENNPETRO.NS,2026-06-30,2026-07-03,67.29,32.71
CHOICEIN.NS,2022-03-31,2022-04-20,51.45,48.55
CHOICEIN.NS,2022-04-07,2022-04-18,51.45,48.55
CHOICEIN.NS,2022-06-30,2022-07-21,51.45,48.55
CHOICEIN.NS,2022-09-23,2022-09-26,51.45,48.55
CHOICEIN.NS,2022-09-26,2022-09-26,51.45,48.55
CHOICEIN.NS,2022-09-30,2022-10-21,51.45,48.55
CHOICEIN.NS,2022-12-31,2023-01-20,51.45,48.55
CHOICEIN.NS,2023-03-31,2023-04-20,55.32,44.68
CHOICEIN.NS,2023-06-30,2023-07-20,55.97,44.03
CHOICEIN.NS,2023-09-30,2023-10-20,56.27,43.73
CHOICEIN.NS,2023-12-31,2024-01-20,57.98,42.02
CHOICEIN.NS,2024-02-21,2024-02-29,57.87,42.13
CHOICEIN.NS,2024-03-31,2024-04-20,58.21,41.79
CHOICEIN.NS,2024-06-06,2024-06-15,58.21,41.79
CHOICEIN.NS,2024-06-30,2024-07-20,58.21,41.79
CHOICEIN.NS,2024-09-30,2024-10-21,58.21,41.79
CHOICEIN.NS,2024-12-31,2025-01-21,58.21,41.79
CHOICEIN.NS,2025-03-31,2025-04-21,58.13,41.87
CHOICEIN.NS,2025-06-04,2025-06-13,56.43,43.57
CHOICEIN.NS,2025-06-30,2025-07-21,56.43,43.57
CHOICEIN.NS,2025-09-30,2025-10-18,56.6,43.4
CHOICEIN.NS,2025-11-12,2025-11-21,55.7,44.3
CHOICEIN.NS,2025-11-28,2025-12-06,55.03,44.97
CHOICEIN.NS,2025-12-05,2025-12-12,53.65,46.35
CHOICEIN.NS,2025-12-31,2026-01-21,53.65,46.35
CHOICEIN.NS,2026-03-31,2026-04-21,53.65,46.35
CHOICEIN.NS,2026-06-30,2026-07-21,53.65,46.35
CHOLAFIN.NS,2021-09-30,2021-10-20,51.57,48.43
CHOLAFIN.NS,2021-12-31,2022-01-21,51.55,48.45
CHOLAFIN.NS,2022-03-31,2022-04-21,51.55,48.45
CHOLAFIN.NS,2022-06-30,2022-07-21,51.52,48.48
CHOLAFIN.NS,2022-09-30,2022-10-21,51.5,48.5
CHOLAFIN.NS,2022-12-31,2023-01-20,51.49,48.51
CHOLAFIN.NS,2023-03-31,2023-04-20,51.47,48.53
CHOLAFIN.NS,2023-06-30,2023-07-20,51.46,48.54
CHOLAFIN.NS,2023-09-30,2023-10-20,51.43,48.57
CHOLAFIN.NS,2023-12-31,2024-01-14,50.37,49.63
CHOLAFIN.NS,2024-03-31,2024-04-20,50.35,49.65
CHOLAFIN.NS,2024-06-30,2024-07-19,50.33,49.67
CHOLAFIN.NS,2024-09-30,2024-10-21,50.24,49.76
CHOLAFIN.NS,2024-12-31,2025-01-21,49.93,50.07
CHOLAFIN.NS,2025-03-31,2025-04-21,49.92,50.08
CHOLAFIN.NS,2025-06-30,2025-07-21,49.9,50.1
CHOLAFIN.NS,2025-09-30,2025-10-21,49.88,50.12
CHOLAFIN.NS,2025-12-31,2026-01-20,49.72,50.28
CHOLAFIN.NS,2026-03-31,2026-04-20,49.25,50.75
CHOLAFIN.NS,2026-06-30,2026-07-20,49.22,50.78
CHOLAHLDNG.NS,2021-09-30,2021-10-18,48.62,51.38
CHOLAHLDNG.NS,2021-12-31,2022-01-18,48.62,51.38
CHOLAHLDNG.NS,2022-03-31,2022-04-20,48.62,51.38
CHOLAHLDNG.NS,2022-06-30,2022-07-18,48.62,51.38
CHOLAHLDNG.NS,2022-09-30,2022-10-21,48.61,51.39
CHOLAHLDNG.NS,2022-12-31,2023-01-12,48.61,51.39
CHOLAHLDNG.NS,2023-03-31,2023-04-13,48.4,51.6
CHOLAHLDNG.NS,2023-06-30,2023-07-14,48.4,51.6
CHOLAHLDNG.NS,2023-09-30,2023-10-19,47.37,52.63
CHOLAHLDNG.NS,2023-12-31,2024-01-10,47.37,52.63
CHOLAHLDNG.NS,2024-03-31,2024-04-16,47.37,52.63
CHOLAHLDNG.NS,2024-06-30,2024-07-19,47.32,52.68
CHOLAHLDNG.NS,2024-09-30,2024-10-15,47.32,52.68
CHOLAHLDNG.NS,2024-12-31,2025-01-21,46.45,53.55
CHOLAHLDNG.NS,2025-03-31,2025-04-18,46.45,53.55
CHOLAHLDNG.NS,2025-06-30,2025-07-19,46.44,53.56
CHOLAHLDNG.NS,2025-09-30,2025-10-16,46.42,53.58
CHOLAHLDNG.NS,2025-12-31,2026-01-19,46.38,53.62
CHOLAHLDNG.NS,2026-03-31,2026-04-17,46.38,53.62
CHOLAHLDNG.NS,2026-06-30,2026-07-16,46.43,53.57
CIEINDIA.NS,2021-09-30,2021-10-07,72.19,27.81
CIEINDIA.NS,2021-12-31,2022-01-19,72.19,27.81
CIEINDIA.NS,2022-03-31,2022-04-18,72.17,27.83
CIEINDIA.NS,2022-06-30,2022-07-08,74.87,25.13
CIEINDIA.NS,2022-09-30,2022-10-16,74.96,25.04
CIEINDIA.NS,2022-12-31,2023-01-19,74.96,25.04
CIEINDIA.NS,2023-03-31,2023-04-18,68.89,31.11
CIEINDIA.NS,2023-06-30,2023-07-11,65.7,34.3
CIEINDIA.NS,2023-09-30,2023-10-18,65.7,34.3
CIEINDIA.NS,2023-12-31,2024-01-19,65.7,34.3
CIEINDIA.NS,2024-03-31,2024-04-19,65.7,34.3
CIEINDIA.NS,2024-06-30,2024-07-11,65.7,34.3
CIEINDIA.NS,2024-09-30,2024-10-14,65.7,34.3
CIEINDIA.NS,2024-12-31,2025-01-14,65.7,34.3
CIEINDIA.NS,2025-03-31,2025-04-17,65.7,34.3
CIEINDIA.NS,2025-06-30,2025-07-11,65.7,34.3
CIEINDIA.NS,2025-09-30,2025-10-07,65.7,34.3
CIEINDIA.NS,2025-12-31,2026-01-12,65.7,34.3
CIEINDIA.NS,2026-03-31,2026-04-15,65.7,34.3
CIEINDIA.NS,2026-06-30,2026-07-15,65.7,34.3
CIPLA.NS,2021-09-30,2021-10-14,36.12,63.88
CIPLA.NS,2021-12-31,2022-01-17,36.11,63.89
CIPLA.NS,2022-03-31,2022-04-21,33.63,66.37
CIPLA.NS,2022-06-30,2022-07-13,33.61,66.39
CIPLA.NS,2022-09-30,2022-10-20,33.61,66.39
CIPLA.NS,2022-12-31,2023-01-16,33.61,66.39
CIPLA.NS,2023-03-31,2023-04-17,33.55,66.45
CIPLA.NS,2023-06-30,2023-07-10,33.47,66.53
CIPLA.NS,2023-09-30,2023-10-18,33.47,66.53
CIPLA.NS,2023-12-31,2024-01-19,33.47,66.53
CIPLA.NS,2024-03-31,2024-04-19,33.47,66.53
CIPLA.NS,2024-06-30,2024-07-20,30.91,69.09
CIPLA.NS,2024-09-30,2024-10-21,30.92,69.08
CIPLA.NS,2024-12-31,2025-01-20,29.19,70.81
CIPLA.NS,2025-03-31,2025-04-21,29.2,70.8
CIPLA.NS,2025-06-30,2025-07-21,29.19,70.81
CIPLA.NS,2025-09-30,2025-10-21,29.21,70.79
CIPLA.NS,2025-12-31,2026-01-21,29.21,70.79
CIPLA.NS,2026-03-31,2026-04-21,29.21,70.79
CIPLA.NS,2026-06-30,2026-07-21,29.21,70.79
CLEAN.NS,2021-09-30,2021-10-18,78.51,21.49
CLEAN.NS,2021-12-31,2022-01-20,78.51,21.49
CLEAN.NS,2022-03-31,2022-04-13,78.51,21.49
CLEAN.NS,2022-06-30,2022-07-16,78.51,21.49
CLEAN.NS,2022-09-30,2022-10-15,78.5,21.5
CLEAN.NS,2022-12-31,2023-01-18,78.5,21.5
CLEAN.NS,2023-03-31,2023-04-19,78.5,21.5
CLEAN.NS,2023-06-30,2023-07-19,74.99,25.01
CLEAN.NS,2023-09-30,2023-10-18,74.98,25.02
CLEAN.NS,2023-12-31,2024-01-18,74.98,25.02
CLEAN.NS,2024-03-31,2024-04-15,74.98,25.02
CLEAN.NS,2024-06-30,2024-07-16,74.98,25.02
CLEAN.NS,2024-09-30,2024-10-17,74.97,25.03
CLEAN.NS,2024-12-31,2025-01-17,74.97,25.03
CLEAN.NS,2025-03-31,2025-04-16,74.97,25.03
CLEAN.NS,2025-06-30,2025-07-14,74.97,25.03
CLEAN.NS,2025-09-30,2025-10-16,50.97,49.03
CLEAN.NS,2025-12-31,2026-01-13,50.96,49.04
CLEAN.NS,2026-03-31,2026-04-17,51.29,48.71
CLEAN.NS,2026-06-30,2026-07-18,51.29,48.71
COALINDIA.NS,2021-09-30,2021-10-05,66.13,33.87
COALINDIA.NS,2021-12-31,2022-01-07,66.13,33.87
COALINDIA.NS,2022-03-31,2022-04-12,66.13,33.87
COALINDIA.NS,2022-06-30,2022-07-05,66.13,33.87
COALINDIA.NS,2022-09-30,2022-10-17,66.13,33.87
COALINDIA.NS,2022-12-31,2023-01-05,66.13,33.87
COALINDIA.NS,2023-03-31,2023-04-12,66.13,33.87
COALINDIA.NS,2023-06-30,2023-07-11,63.13,36.87
COALINDIA.NS,2023-09-30,2023-10-09,63.13,36.87
COALINDIA.NS,2023-12-31,2024-01-08,63.13,36.87
COALINDIA.NS,2024-03-31,2024-04-05,63.13,36.87
COALINDIA.NS,2024-06-30,2024-07-09,63.13,36.87
COALINDIA.NS,2024-09-30,2024-10-08,63.13,36.87
COALINDIA.NS,2024-12-31,2025-01-08,63.13,36.87
COALINDIA.NS,2025-03-31,2025-04-07,63.13,36.87
COALINDIA.NS,2025-06-30,2025-07-10,63.13,36.87
COALINDIA.NS,2025-09-30,2025-10-10,63.13,36.87
COALINDIA.NS,2025-12-31,2026-01-08,63.13,36.87
COALINDIA.NS,2026-03-31,2026-04-10,63.13,36.87
COALINDIA.NS,2026-06-30,2026-07-21,61.13,38.87
COCHINSHIP.NS,2021-09-30,2021-10-11,72.86,27.14
COCHINSHIP.NS,2021-12-31,2022-01-07,72.86,27.14
COCHINSHIP.NS,2022-03-31,2022-04-08,72.86,27.14
COCHINSHIP.NS,2022-06-30,2022-07-08,72.86,27.14
COCHINSHIP.NS,2022-09-30,2022-10-18,72.86,27.14
COCHINSHIP.NS,2022-12-31,2023-01-19,72.86,27.14
COCHINSHIP.NS,2023-03-31,2023-04-17,72.86,27.14
COCHINSHIP.NS,2023-06-30,2023-07-19,72.86,27.14
COCHINSHIP.NS,2023-09-30,2023-10-19,72.86,27.14
COCHINSHIP.NS,2023-12-31,2024-01-10,72.86,27.14
COCHINSHIP.NS,2024-03-31,2024-04-19,72.86,27.14
COCHINSHIP.NS,2024-06-30,2024-07-18,72.86,27.14
COCHINSHIP.NS,2024-09-30,2024-10-18,72.86,27.14
COCHINSHIP.NS,2024-12-31,2025-01-16,67.91,32.09
COCHINSHIP.NS,2025-03-31,2025-04-17,67.91,32.09
COCHINSHIP.NS,2025-06-30,2025-07-19,67.91,32.09
COCHINSHIP.NS,2025-09-30,2025-10-18,67.91,32.09
COCHINSHIP.NS,2025-12-31,2026-01-17,67.91,32.09
COCHINSHIP.NS,2026-03-31,2026-04-18,67.91,32.09
COCHINSHIP.NS,2026-06-30,2026-07-18,67.91,32.09
COFORGE.NS,2021-09-30,2021-10-19,50.18,49.82
COFORGE.NS,2021-12-31,2022-01-20,49.97,50.03
COFORGE.NS,2022-03-31,2022-04-20,40.09,59.9
COFORGE.NS,2022-06-30,2022-07-18,40.09,59.91
COFORGE.NS,2022-09-30,2022-10-19,40.06,59.94
COFORGE.NS,2022-12-31,2023-01-12,39.99,60.01
COFORGE.NS,2023-03-31,2023-04-18,30.16,69.84
COFORGE.NS,2023-06-30,2023-07-14,26.63,73.37
COFORGE.NS,2023-09-30,2023-10-20,0.0,100.0
COFORGE.NS,2023-12-31,2024-01-21,0.0,100.0
COFORGE.NS,2024-03-31,2024-04-09,0.0,100.0
COFORGE.NS,2024-05-28,2024-06-05,0.0,100.0
COFORGE.NS,2024-06-30,2024-07-19,0.0,100.0
COFORGE.NS,2024-09-30,2024-10-15,0.0,100.0
COFORGE.NS,2024-12-31,2025-01-21,0.0,100.0
COFORGE.NS,2025-03-31,2025-04-21,0.0,100.0
COFORGE.NS,2025-06-30,2025-07-21,0.0,100.0
COFORGE.NS,2025-09-30,2025-10-21,0.0,100.0
COFORGE.NS,2025-12-31,2026-01-21,0.0,100.0
COFORGE.NS,2026-03-31,2026-04-22,0.0,100.0
COFORGE.NS,2026-04-23,2026-04-24,0.0,100.0
COFORGE.NS,2026-06-03,2026-06-15,0.0,100.0
COFORGE.NS,2026-06-30,2026-07-20,0.0,100.0
COHANCE.NS,2021-09-30,2021-10-12,60.0,40.0
COHANCE.NS,2021-12-31,2022-01-10,60.0,40.0
COHANCE.NS,2022-03-31,2022-04-13,60.0,40.0
COHANCE.NS,2022-06-30,2022-07-15,60.0,40.0
COHANCE.NS,2022-09-30,2022-10-20,60.0,40.0
COHANCE.NS,2022-12-31,2023-01-11,60.0,40.0
COHANCE.NS,2023-03-31,2023-04-13,60.0,40.0
COHANCE.NS,2023-06-30,2023-07-11,60.0,40.0
COHANCE.NS,2023-09-30,2023-10-21,60.0,40.0
COHANCE.NS,2023-12-31,2024-01-19,60.0,40.0
COHANCE.NS,2024-03-31,2024-04-17,50.1,49.9
COHANCE.NS,2024-06-30,2024-07-19,50.1,49.9
COHANCE.NS,2024-09-30,2024-10-17,50.1,49.9
COHANCE.NS,2024-12-31,2025-01-20,50.1,49.9
COHANCE.NS,2025-03-31,2025-04-17,50.1,49.9
COHANCE.NS,2025-05-09,2025-05-27,66.41,33.59
COHANCE.NS,2025-06-30,2025-07-21,66.41,33.59
COHANCE.NS,2025-09-30,2025-10-16,57.49,42.51
COHANCE.NS,2025-12-31,2026-01-21,57.49,42.51
COHANCE.NS,2026-03-31,2026-04-21,57.49,42.51
COHANCE.NS,2026-06-30,2026-07-17,57.49,42.51
COLPAL.NS,2021-09-30,2021-10-21,51.0,49.0
COLPAL.NS,2021-12-31,2022-01-19,51.0,49.0
COLPAL.NS,2022-03-31,2022-04-19,51.0,49.0
COLPAL.NS,2022-06-30,2022-07-21,51.0,49.0
COLPAL.NS,2022-09-30,2022-10-20,51.0,49.0
COLPAL.NS,2022-12-31,2023-01-18,51.0,49.0
COLPAL.NS,2023-03-31,2023-04-18,51.0,49.0
COLPAL.NS,2023-06-30,2023-07-19,51.0,49.0
COLPAL.NS,2023-09-30,2023-10-11,51.0,49.0
COLPAL.NS,2023-12-31,2024-01-18,51.0,49.0
COLPAL.NS,2024-03-31,2024-04-17,51.0,49.0
COLPAL.NS,2024-06-30,2024-07-19,51.0,49.0
COLPAL.NS,2024-09-30,2024-10-16,51.0,49.0
COLPAL.NS,2024-12-31,2025-01-17,51.0,49.0
COLPAL.NS,2025-03-31,2025-04-21,51.0,49.0
COLPAL.NS,2025-06-30,2025-07-21,51.0,49.0
COLPAL.NS,2025-09-30,2025-10-13,51.0,49.0
COLPAL.NS,2025-12-31,2026-01-12,51.0,49.0
COLPAL.NS,2026-03-31,2026-04-16,51.0,49.0
COLPAL.NS,2026-06-30,2026-07-16,51.0,49.0
CONCOR.NS,2021-09-30,2021-10-18,54.8,45.2
CONCOR.NS,2021-12-31,2022-01-19,54.8,45.2
CONCOR.NS,2022-03-31,2022-04-18,54.8,45.2
CONCOR.NS,2022-06-30,2022-07-21,54.8,45.2
CONCOR.NS,2022-09-30,2022-10-20,54.8,45.2
CONCOR.NS,2022-12-31,2023-01-13,54.8,45.2
CONCOR.NS,2023-03-31,2023-04-18,54.8,45.2
CONCOR.NS,2023-06-30,2023-07-20,54.8,45.2
CONCOR.NS,2023-09-30,2023-10-19,54.8,45.2
CONCOR.NS,2023-12-31,2024-01-19,54.8,45.2
CONCOR.NS,2024-03-31,2024-04-15,54.8,45.2
CONCOR.NS,2024-06-30,2024-07-10,54.8,45.2
CONCOR.NS,2024-09-30,2024-10-18,54.8,45.2
CONCOR.NS,2024-12-31,2025-01-16,54.8,45.2
CONCOR.NS,2025-03-31,2025-04-21,54.8,45.2
CONCOR.NS,2025-06-30,2025-07-21,54.8,45.2
CONCOR.NS,2025-07-07,2025-07-07,54.8,45.2
CONCOR.NS,2025-09-30,2025-10-17,54.8,45.2
CONCOR.NS,2025-12-31,2026-01-21,54.8,45.2
CONCOR.NS,2026-03-31,2026-04-21,54.8,45.2
CONCOR.NS,2026-06-30,2026-07-21,54.8,45.2
CONCORDBIO.NS,2023-09-30,2023-10-18,44.08,55.92
CONCORDBIO.NS,2023-12-31,2024-01-13,44.08,55.92
CONCORDBIO.NS,2024-03-31,2024-04-12,44.08,55.92
CONCORDBIO.NS,2024-06-30,2024-07-11,44.08,55.92
CONCORDBIO.NS,2024-09-30,2024-10-10,44.08,55.92
CONCORDBIO.NS,2024-12-31,2025-01-21,44.08,55.92
CONCORDBIO.NS,2025-03-31,2025-04-19,44.08,55.92
CONCORDBIO.NS,2025-06-30,2025-07-18,44.08,55.92
CONCORDBIO.NS,2025-09-30,2025-10-10,44.08,55.92
CONCORDBIO.NS,2025-12-31,2026-01-21,44.08,55.92
CONCORDBIO.NS,2026-03-31,2026-04-18,44.08,55.92
CONCORDBIO.NS,2026-06-30,2026-07-18,44.08,55.92
COROMANDEL.NS,2021-09-30,2021-10-20,57.54,42.46
COROMANDEL.NS,2021-12-31,2022-01-20,57.53,42.47
COROMANDEL.NS,2022-03-31,2022-04-19,57.53,42.47
COROMANDEL.NS,2022-06-30,2022-07-19,57.48,42.52
COROMANDEL.NS,2022-09-30,2022-10-21,57.44,42.56
COROMANDEL.NS,2022-12-31,2023-01-20,57.41,42.59
COROMANDEL.NS,2023-03-31,2023-04-21,57.41,42.59
COROMANDEL.NS,2023-06-30,2023-07-21,57.4,42.6
COROMANDEL.NS,2023-09-30,2023-10-20,57.33,42.67
COROMANDEL.NS,2023-12-31,2024-01-20,57.33,42.67
COROMANDEL.NS,2024-03-31,2024-04-21,57.32,42.68
COROMANDEL.NS,2024-06-30,2024-07-20,57.31,42.69
COROMANDEL.NS,2024-09-30,2024-10-21,57.17,42.83
COROMANDEL.NS,2024-12-31,2025-01-21,56.97,43.03
COROMANDEL.NS,2025-03-31,2025-04-21,56.96,43.04
COROMANDEL.NS,2025-06-30,2025-07-21,56.9,43.0
COROMANDEL.NS,2025-09-30,2025-10-21,56.88,43.02
COROMANDEL.NS,2025-12-31,2026-01-21,56.86,43.04
COROMANDEL.NS,2026-03-31,2026-04-21,56.35,43.47
COROMANDEL.NS,2026-06-30,2026-07-21,56.35,43.48
CRAFTSMAN.NS,2021-09-30,2021-10-11,59.76,40.24
CRAFTSMAN.NS,2021-12-31,2022-01-07,59.76,40.24
CRAFTSMAN.NS,2022-03-31,2022-04-12,59.76,40.24
CRAFTSMAN.NS,2022-06-30,2022-07-09,59.48,40.52
CRAFTSMAN.NS,2022-09-30,2022-10-12,58.77,41.23
CRAFTSMAN.NS,2022-12-31,2023-01-19,58.77,41.23
CRAFTSMAN.NS,2023-03-31,2023-04-13,58.77,41.23
CRAFTSMAN.NS,2023-06-30,2023-07-07,54.99,45.01
CRAFTSMAN.NS,2023-09-30,2023-10-18,54.99,45.01
CRAFTSMAN.NS,2023-12-31,2024-01-19,54.99,45.01
CRAFTSMAN.NS,2024-03-31,2024-04-18,54.99,45.01
CRAFTSMAN.NS,2024-06-21,2024-06-25,48.7,51.3
CRAFTSMAN.NS,2024-06-30,2024-07-11,48.7,51.3
CRAFTSMAN.NS,2024-09-30,2024-10-15,48.7,51.3
CRAFTSMAN.NS,2024-12-31,2025-01-20,48.7,51.3
CRAFTSMAN.NS,2025-03-31,2025-04-19,48.7,51.3
CRAFTSMAN.NS,2025-06-30,2025-07-19,48.7,51.3
CRAFTSMAN.NS,2025-09-30,2025-10-15,48.7,51.3
CRAFTSMAN.NS,2025-12-31,2026-01-14,48.7,51.3
CRAFTSMAN.NS,2026-03-31,2026-04-16,48.7,51.3
CRAFTSMAN.NS,2026-06-18,2026-06-23,44.42,55.58
CRAFTSMAN.NS,2026-06-30,2026-07-11,42.41,57.59
CREDITACC.NS,2021-03-31,2021-04-09,73.99,26.01
CREDITACC.NS,2021-09-30,2021-10-07,73.91,26.09
CREDITACC.NS,2021-12-31,2022-01-04,73.89,26.11
CREDITACC.NS,2022-03-31,2022-04-05,73.85,26.15
CREDITACC.NS,2022-06-30,2022-07-12,73.82,26.18
CREDITACC.NS,2022-09-30,2022-10-14,73.74,26.26
CREDITACC.NS,2022-12-31,2023-01-13,73.71,26.29
CREDITACC.NS,2023-03-31,2023-04-17,73.68,26.32
CREDITACC.NS,2023-06-30,2023-07-11,66.77,33.23
CREDITACC.NS,2023-09-30,2023-10-10,66.69,33.31
CREDITACC.NS,2023-12-31,2024-01-08,66.66,33.34
CREDITACC.NS,2024-03-31,2024-04-10,66.58,33.42
CREDITACC.NS,2024-06-30,2024-07-18,66.56,33.44
CREDITACC.NS,2024-09-30,2024-10-10,66.54,33.46
CREDITACC.NS,2024-12-31,2025-01-20,66.5,33.5
CREDITACC.NS,2025-03-31,2025-04-09,66.43,33.57
CREDITACC.NS,2025-06-30,2025-07-17,66.43,33.57
CREDITACC.NS,2025-09-30,2025-10-18,66.37,33.63
CREDITACC.NS,2025-12-31,2026-01-19,66.28,33.72
CREDITACC.NS,2026-03-31,2026-04-20,66.24,33.76
CREDITACC.NS,2026-06-30,2026-07-15,66.21,33.79
CRISIL.NS,2021-09-30,2021-10-20,66.92,33.08
CRISIL.NS,2021-12-31,2022-01-20,66.88,33.12
CRISIL.NS,2022-03-31,2022-04-19,66.79,33.21
CRISIL.NS,2022-06-30,2022-07-14,66.74,33.26
CRISIL.NS,2022-09-30,2022-10-21,66.72,33.28
CRISIL.NS,2022-12-31,2023-01-16,66.7,33.3
CRISIL.NS,2023-03-31,2023-04-13,66.69,33.31
CRISIL.NS,2023-06-30,2023-07-17,66.67,33.33
CRISIL.NS,2023-09-30,2023-10-19,66.66,33.34
CRISIL.NS,2023-12-31,2024-01-17,66.65,33.35
CRISIL.NS,2024-03-31,2024-04-05,66.65,33.35
CRISIL.NS,2024-06-30,2024-07-09,66.64,33.36
CRISIL.NS,2024-09-30,2024-10-09,66.64,33.36
CRISIL.NS,2024-12-31,2025-01-14,66.64,33.36
CRISIL.NS,2025-03-31,2025-04-17,66.64,33.36
CRISIL.NS,2025-06-30,2025-07-18,66.64,33.36
CRISIL.NS,2025-09-30,2025-10-20,66.64,33.36
CRISIL.NS,2025-12-31,2026-01-21,66.64,33.36
CRISIL.NS,2026-03-31,2026-04-21,66.64,33.36
CRISIL.NS,2026-06-30,2026-07-21,66.64,33.36
CROMPTON.NS,2021-06-30,2021-07-17,5.99,94.01
CROMPTON.NS,2021-09-30,2021-10-18,5.99,94.01
CROMPTON.NS,2021-12-31,2022-01-19,5.99,94.01
CROMPTON.NS,2022-03-31,2022-04-20,5.94,94.06
CROMPTON.NS,2022-06-30,2022-07-13,5.94,94.06
CROMPTON.NS,2022-09-30,2022-10-20,2.54,97.46
CROMPTON.NS,2022-12-31,2023-01-13,0.0,100.0
CROMPTON.NS,2023-03-31,2023-04-17,0.0,100.0
CROMPTON.NS,2023-06-30,2023-07-20,0.0,100.0
CROMPTON.NS,2023-09-30,2023-10-17,0.0,100.0
CROMPTON.NS,2023-12-31,2024-01-09,0.0,100.0
CROMPTON.NS,2024-03-31,2024-04-16,0.0,100.0
CROMPTON.NS,2024-06-30,2024-07-20,0.0,100.0
CROMPTON.NS,2024-09-30,2024-10-17,0.0,100.0
CROMPTON.NS,2024-12-31,2025-01-14,0.0,100.0
CROMPTON.NS,2025-03-31,2025-04-09,0.0,100.0
CROMPTON.NS,2025-06-30,2025-07-11,0.0,100.0
CROMPTON.NS,2025-09-30,2025-10-17,0.0,100.0
CROMPTON.NS,2025-12-31,2026-01-19,0.0,100.0
CROMPTON.NS,2026-03-31,2026-04-20,0.0,100.0
CROMPTON.NS,2026-06-30,2026-07-20,0.0,100.0
CSBBANK.NS,2021-09-30,2021-10-12,49.72,47.39
CSBBANK.NS,2021-12-31,2022-01-05,49.72,47.39
CSBBANK.NS,2022-03-31,2022-04-13,49.72,47.39
CSBBANK.NS,2022-06-30,2022-07-08,49.72,47.39
CSBBANK.NS,2022-09-30,2022-10-10,49.72,47.39
CSBBANK.NS,2022-12-31,2023-01-10,49.72,47.39
CSBBANK.NS,2023-03-31,2023-04-12,49.72,47.39
CSBBANK.NS,2023-06-30,2023-07-13,49.72,47.39
CSBBANK.NS,2023-09-30,2023-10-09,49.72,47.39
CSBBANK.NS,2023-12-31,2024-01-06,49.72,47.42
CSBBANK.NS,2024-03-31,2024-04-09,49.72,47.66
CSBBANK.NS,2024-06-30,2024-07-11,40.0,57.46
CSBBANK.NS,2024-09-30,2024-10-15,40.0,57.47
CSBBANK.NS,2024-12-31,2025-01-17,40.0,57.48
CSBBANK.NS,2025-03-31,2025-04-08,40.0,57.6
CSBBANK.NS,2025-06-30,2025-07-17,40.0,57.61
CSBBANK.NS,2025-09-30,2025-10-13,40.0,57.61
CSBBANK.NS,2025-12-31,2026-01-13,40.0,57.65
CSBBANK.NS,2026-03-31,2026-04-16,40.0,57.69
CSBBANK.NS,2026-06-30,2026-07-16,40.0,57.8
CUB.NS,2021-09-30,2021-10-20,0.0,100.0
CUB.NS,2021-12-31,2022-01-12,0.0,100.0
CUB.NS,2022-03-31,2022-04-12,0.0,100.0
CUB.NS,2022-06-30,2022-07-18,0.0,100.0
CUB.NS,2022-09-30,2022-10-28,0.0,100.0
CUB.NS,2022-12-31,2023-01-06,0.0,100.0
CUB.NS,2023-03-31,2023-04-20,0.0,100.0
CUB.NS,2023-06-30,2023-07-15,0.0,100.0
CUB.NS,2023-09-30,2023-10-13,0.0,100.0
CUB.NS,2023-12-31,2024-01-10,0.0,100.0
CUB.NS,2024-03-31,2024-04-08,0.0,100.0
CUB.NS,2024-06-30,2024-07-05,0.0,100.0
CUB.NS,2024-09-30,2024-10-08,0.0,100.0
CUB.NS,2024-12-31,2025-01-10,0.0,100.0
CUB.NS,2025-03-31,2025-04-07,0.0,100.0
CUB.NS,2025-06-30,2025-07-16,0.0,100.0
CUB.NS,2025-09-30,2025-10-13,0.0,100.0
CUB.NS,2025-12-31,2026-01-13,0.0,100.0
CUB.NS,2026-03-31,2026-04-16,0.0,100.0
CUB.NS,2026-06-30,2026-07-17,0.0,100.0
CUMMINSIND.NS,2021-09-30,2021-10-12,51.0,49.0
CUMMINSIND.NS,2021-12-31,2022-01-07,51.0,49.0
CUMMINSIND.NS,2022-03-31,2022-04-08,51.0,49.0
CUMMINSIND.NS,2022-06-30,2022-07-12,51.0,49.0
CUMMINSIND.NS,2022-09-30,2022-10-18,51.0,49.0
CUMMINSIND.NS,2022-12-31,2023-01-19,51.0,49.0
CUMMINSIND.NS,2023-03-31,2023-04-20,51.0,49.0
CUMMINSIND.NS,2023-06-30,2023-07-18,51.0,49.0
CUMMINSIND.NS,2023-09-30,2023-10-18,51.0,49.0
CUMMINSIND.NS,2023-12-31,2024-01-19,51.0,49.0
CUMMINSIND.NS,2024-03-31,2024-04-18,51.0,49.0
CUMMINSIND.NS,2024-06-30,2024-07-19,51.0,49.0
CUMMINSIND.NS,2024-09-30,2024-10-18,51.0,49.0
CUMMINSIND.NS,2024-12-31,2025-01-18,51.0,49.0
CUMMINSIND.NS,2025-03-31,2025-04-18,51.0,49.0
CUMMINSIND.NS,2025-06-30,2025-07-20,51.0,49.0
CUMMINSIND.NS,2025-09-30,2025-10-20,51.0,49.0
CUMMINSIND.NS,2025-12-31,2026-01-20,51.0,49.0
CUMMINSIND.NS,2026-03-31,2026-04-15,51.0,49.0
CUMMINSIND.NS,2026-06-30,2026-07-17,51.0,49.0
CYIENT.NS,2021-09-30,2021-10-20,23.43,76.57
CYIENT.NS,2021-12-31,2022-01-20,23.41,76.59
CYIENT.NS,2022-03-31,2022-04-20,23.41,76.59
CYIENT.NS,2022-06-30,2022-07-20,23.4,76.6
CYIENT.NS,2022-09-30,2022-10-20,23.37,75.65
CYIENT.NS,2022-12-31,2023-01-19,23.36,75.66
CYIENT.NS,2023-03-31,2023-04-20,23.36,75.67
CYIENT.NS,2023-06-30,2023-07-20,23.35,75.72
CYIENT.NS,2023-09-30,2023-10-17,23.2,75.9
CYIENT.NS,2023-12-31,2024-01-19,23.2,75.91
CYIENT.NS,2024-03-31,2024-04-17,23.16,75.95
CYIENT.NS,2024-06-30,2024-07-19,23.16,76.01
CYIENT.NS,2024-09-30,2024-10-18,23.15,76.03
CYIENT.NS,2024-12-31,2025-01-17,23.14,76.05
CYIENT.NS,2025-03-31,2025-04-19,23.29,75.92
CYIENT.NS,2025-06-30,2025-07-21,23.28,76.04
CYIENT.NS,2025-09-30,2025-10-21,23.28,76.08
CYIENT.NS,2025-12-31,2026-01-20,23.29,76.1
CYIENT.NS,2026-03-31,2026-04-21,23.28,76.13
CYIENT.NS,2026-06-30,2026-07-21,23.28,76.25
CYIENT.NS,2026-07-15,2026-07-24,24.7,74.77
DABUR.NS,2021-09-30,2021-10-08,67.36,32.64
DABUR.NS,2021-12-31,2022-01-18,67.37,32.63
DABUR.NS,2022-03-31,2022-04-12,67.38,32.62
DABUR.NS,2022-06-30,2022-07-20,67.24,32.76
DABUR.NS,2022-09-30,2022-10-21,67.24,32.76
DABUR.NS,2022-12-31,2023-01-20,66.24,33.76
DABUR.NS,2023-03-31,2023-04-18,66.24,33.76
DABUR.NS,2023-06-30,2023-07-20,66.23,33.77
DABUR.NS,2023-09-30,2023-10-17,66.23,33.77
DABUR.NS,2023-12-31,2024-01-16,66.24,33.76
DABUR.NS,2024-03-31,2024-04-15,66.25,33.75
DABUR.NS,2024-06-30,2024-07-18,66.24,33.76
DABUR.NS,2024-09-30,2024-10-18,66.25,33.75
DABUR.NS,2024-12-31,2025-01-17,66.26,33.74
DABUR.NS,2025-03-31,2025-04-18,66.27,33.73
DABUR.NS,2025-06-30,2025-07-18,66.22,33.78
DABUR.NS,2025-09-30,2025-10-17,66.22,33.78
DABUR.NS,2025-12-31,2026-01-20,66.23,33.77
DABUR.NS,2026-03-31,2026-04-16,66.25,33.75
DABUR.NS,2026-06-30,2026-07-16,66.24,33.76
DALBHARAT.NS,2021-09-30,2021-10-21,55.97,44.03
DALBHARAT.NS,2021-12-31,2022-01-21,55.97,44.03
DALBHARAT.NS,2022-03-31,2022-04-21,55.9,44.1
DALBHARAT.NS,2022-06-30,2022-07-20,55.9,44.1
DALBHARAT.NS,2022-09-30,2022-10-20,55.87,44.13
DALBHARAT.NS,2022-12-31,2023-01-18,55.86,44.14
DALBHARAT.NS,2023-03-31,2023-04-19,55.86,44.14
DALBHARAT.NS,2023-06-30,2023-07-19,55.86,44.14
DALBHARAT.NS,2023-09-30,2023-10-18,55.85,44.15
DALBHARAT.NS,2023-12-31,2024-01-18,55.84,44.16
DALBHARAT.NS,2024-03-31,2024-04-20,55.84,44.16
DALBHARAT.NS,2024-06-30,2024-07-19,55.84,44.16
DALBHARAT.NS,2024-09-30,2024-10-18,55.84,44.16
DALBHARAT.NS,2024-12-31,2025-01-20,55.84,44.16
DALBHARAT.NS,2025-03-31,2025-04-18,55.84,44.16
DALBHARAT.NS,2025-06-30,2025-07-20,55.84,44.16
DALBHARAT.NS,2025-09-30,2025-10-13,55.84,44.16
DALBHARAT.NS,2025-12-31,2026-01-20,55.84,44.16
DALBHARAT.NS,2026-03-31,2026-04-21,55.84,44.16
DALBHARAT.NS,2026-06-30,2026-07-21,55.84,44.16
DATAPATTNS.NS,2021-12-24,2022-01-21,45.62,54.38
DATAPATTNS.NS,2021-12-31,2022-01-21,45.62,54.38
DATAPATTNS.NS,2022-03-31,2022-04-18,45.62,54.38
DATAPATTNS.NS,2022-06-30,2022-07-19,45.62,54.38
DATAPATTNS.NS,2022-09-30,2022-10-21,45.76,54.24
DATAPATTNS.NS,2022-12-31,2023-01-21,45.76,54.24
DATAPATTNS.NS,2023-03-13,2023-03-20,42.41,57.59
DATAPATTNS.NS,2023-03-31,2023-04-20,42.41,57.59
DATAPATTNS.NS,2023-06-30,2023-07-20,42.41,57.59
DATAPATTNS.NS,2023-09-30,2023-10-18,42.41,57.59
DATAPATTNS.NS,2023-12-31,2024-01-12,42.41,57.59
DATAPATTNS.NS,2024-03-31,2024-04-15,42.41,57.59
DATAPATTNS.NS,2024-06-30,2024-07-15,42.41,57.59
DATAPATTNS.NS,2024-09-30,2024-10-17,42.41,57.59
DATAPATTNS.NS,2024-12-31,2025-01-11,42.41,57.59
DATAPATTNS.NS,2025-03-31,2025-04-12,42.41,57.59
DATAPATTNS.NS,2025-06-30,2025-07-21,42.41,57.59
DATAPATTNS.NS,2025-09-30,2025-10-17,42.41,57.59
DATAPATTNS.NS,2025-12-31,2026-01-21,42.41,57.59
DATAPATTNS.NS,2026-03-31,2026-04-16,42.41,57.59
DATAPATTNS.NS,2026-06-30,2026-07-16,42.41,57.59
DBCORP.NS,2021-09-30,2021-10-18,71.81,28.19
DBCORP.NS,2021-12-31,2022-01-11,71.08,28.92
DBCORP.NS,2022-03-31,2022-04-18,71.0,29.0
DBCORP.NS,2022-06-30,2022-07-18,70.97,29.03
DBCORP.NS,2022-09-30,2022-10-21,72.32,27.68
DBCORP.NS,2022-12-31,2023-01-20,71.99,28.01
DBCORP.NS,2023-03-31,2023-04-17,71.98,28.02
DBCORP.NS,2023-06-30,2023-07-20,71.97,28.03
DBCORP.NS,2023-09-30,2023-10-20,71.95,28.05
DBCORP.NS,2023-12-31,2024-01-19,71.94,28.06
DBCORP.NS,2024-03-31,2024-04-17,71.93,28.07
DBCORP.NS,2024-06-30,2024-07-16,72.36,27.64
DBCORP.NS,2024-09-30,2024-10-18,72.36,27.64
DBCORP.NS,2024-12-31,2025-01-20,72.35,27.65
DBCORP.NS,2025-03-31,2025-04-15,72.95,27.05
DBCORP.NS,2025-06-30,2025-07-21,73.48,26.52
DBCORP.NS,2025-09-30,2025-10-18,73.77,26.23
DBCORP.NS,2025-12-31,2026-01-20,74.25,25.75
DBCORP.NS,2026-03-31,2026-04-20,74.5,25.5
DBCORP.NS,2026-06-30,2026-07-17,74.5,25.5
DBL.NS,2021-09-30,2021-10-20,70.15,29.85
DBL.NS,2021-12-31,2022-01-20,70.15,29.85
DBL.NS,2022-03-31,2022-04-16,70.15,29.85
DBL.NS,2022-06-30,2022-07-14,70.15,29.85
DBL.NS,2022-09-30,2022-10-21,70.15,29.85
DBL.NS,2022-12-31,2023-01-11,70.15,29.85
DBL.NS,2023-03-31,2023-04-14,70.15,29.85
DBL.NS,2023-06-30,2023-07-11,70.15,29.85
DBL.NS,2023-09-30,2023-10-09,70.15,29.85
DBL.NS,2023-12-21,2024-01-09,70.15,29.85
DBL.NS,2023-12-31,2024-01-09,70.15,29.85
DBL.NS,2024-03-31,2024-04-09,70.15,29.85
DBL.NS,2024-06-30,2024-07-16,70.15,29.85
DBL.NS,2024-09-30,2024-10-17,70.15,29.85
DBL.NS,2024-12-31,2025-01-15,70.15,29.85
DBL.NS,2025-03-31,2025-04-09,70.15,29.85
DBL.NS,2025-06-13,2025-07-12,63.14,36.86
DBL.NS,2025-06-18,2025-06-28,63.14,36.86
DBL.NS,2025-06-30,2025-07-14,63.14,36.86
DBL.NS,2025-09-30,2025-10-17,63.14,36.86
DBL.NS,2025-12-31,2026-01-21,63.14,36.86
DBL.NS,2026-03-31,2026-04-14,63.14,36.86
DBL.NS,2026-06-30,2026-07-15,63.14,36.86
DBREALTY.NS,2021-09-30,2021-10-20,62.93,37.07
DBREALTY.NS,2021-12-31,2022-01-20,63.03,36.97
DBREALTY.NS,2022-03-31,2022-04-21,63.03,36.97
DBREALTY.NS,2022-03-31,2022-04-11,65.28,34.71
DBREALTY.NS,2022-06-30,2022-07-21,65.28,34.72
DBREALTY.NS,2022-07-21,2022-07-30,68.89,31.11
DBREALTY.NS,2022-09-29,2022-10-11,58.14,41.86
DBREALTY.NS,2022-09-30,2022-10-19,58.14,41.86
DBREALTY.NS,2022-12-31,2023-01-20,58.14,41.86
DBREALTY.NS,2023-03-28,2023-04-06,58.97,41.03
DBREALTY.NS,2023-03-31,2023-04-19,58.97,41.03
DBREALTY.NS,2023-06-30,2023-07-19,58.97,41.03
DBREALTY.NS,2023-07-18,2023-07-27,60.66,39.34
DBREALTY.NS,2023-07-22,2023-08-07,63.3,36.7
DBREALTY.NS,2023-07-25,2023-08-04,64.29,35.71
DBREALTY.NS,2023-07-28,2023-08-07,64.02,35.98
DBREALTY.NS,2023-09-13,2023-09-18,60.74,39.26
DBREALTY.NS,2023-09-14,2023-09-18,53.83,46.17
DBREALTY.NS,2023-09-30,2023-10-20,53.82,46.18
DBREALTY.NS,2023-12-31,2024-01-19,50.89,49.11
DBREALTY.NS,2024-03-14,2024-03-14,47.44,52.56
DBREALTY.NS,2024-03-31,2024-04-19,47.44,52.56
DBREALTY.NS,2024-06-30,2024-07-20,47.38,52.62
DBREALTY.NS,2024-09-30,2024-10-17,47.38,52.62
DBREALTY.NS,2024-12-31,2025-01-17,47.37,52.63
DBREALTY.NS,2025-03-31,2025-04-17,47.37,52.63
DBREALTY.NS,2025-06-30,2025-07-21,47.43,52.57
DBREALTY.NS,2025-09-30,2025-10-18,47.43,52.57
DBREALTY.NS,2025-12-31,2026-01-19,47.45,52.55
DBREALTY.NS,2026-03-31,2026-04-17,47.17,52.83
DBREALTY.NS,2026-06-30,2026-07-21,47.17,52.83
DCAL.NS,2021-09-30,2021-10-20,59.32,40.68
DCAL.NS,2021-12-31,2022-01-20,59.32,40.68
DCAL.NS,2022-03-31,2022-04-19,59.32,40.68
DCAL.NS,2022-06-30,2022-07-21,59.32,40.68
DCAL.NS,2022-09-30,2022-10-21,59.32,40.68
DCAL.NS,2022-12-31,2023-01-21,59.32,40.68
DCAL.NS,2023-03-31,2023-04-20,59.32,40.68
DCAL.NS,2023-06-30,2023-07-21,59.32,40.68
DCAL.NS,2023-09-30,2023-10-20,59.32,40.68
DCAL.NS,2023-12-31,2024-01-19,59.32,40.68
DCAL.NS,2024-03-31,2024-04-19,59.32,40.68
DCAL.NS,2024-06-30,2024-07-19,59.32,40.68
DCAL.NS,2024-09-30,2024-10-14,59.32,40.68
DCAL.NS,2024-12-31,2025-01-20,59.32,40.68
DCAL.NS,2025-03-31,2025-04-19,59.32,40.68
DCAL.NS,2025-06-30,2025-07-21,59.32,40.68
DCAL.NS,2025-09-30,2025-10-18,59.32,40.68
DCAL.NS,2025-12-31,2026-01-21,59.32,40.68
DCAL.NS,2026-03-31,2026-04-21,59.32,40.68
DCAL.NS,2026-06-30,2026-07-21,59.32,40.68
DCBBANK.NS,2021-09-30,2021-10-14,14.87,85.13
DCBBANK.NS,2021-12-31,2022-01-13,14.87,85.13
DCBBANK.NS,2022-03-31,2022-04-16,14.86,85.14
DCBBANK.NS,2022-06-30,2022-07-18,14.85,85.15
DCBBANK.NS,2022-09-30,2022-10-20,14.85,85.15
DCBBANK.NS,2022-12-31,2023-01-16,14.85,85.15
DCBBANK.NS,2023-03-31,2023-04-12,14.83,85.17
DCBBANK.NS,2023-06-30,2023-07-14,14.82,85.18
DCBBANK.NS,2023-09-30,2023-10-13,14.81,85.19
DCBBANK.NS,2023-12-31,2024-01-17,14.8,85.2
DCBBANK.NS,2024-03-31,2024-04-16,14.77,85.23
DCBBANK.NS,2024-06-30,2024-07-16,14.75,85.25
DCBBANK.NS,2024-09-30,2024-10-15,14.73,85.27
DCBBANK.NS,2024-12-31,2025-01-14,14.72,85.28
DCBBANK.NS,2025-03-31,2025-04-19,14.7,85.3
DCBBANK.NS,2025-06-30,2025-07-18,14.69,85.31
DCBBANK.NS,2025-09-30,2025-10-13,14.66,85.34
DCBBANK.NS,2025-12-31,2026-01-17,16.24,83.76
DCBBANK.NS,2026-03-31,2026-04-16,16.23,83.77
DCBBANK.NS,2026-06-30,2026-07-17,16.23,83.77
DCMSHRIRAM.NS,2021-09-30,2021-10-18,66.53,32.46
DCMSHRIRAM.NS,2021-12-31,2022-01-08,66.53,32.4
DCMSHRIRAM.NS,2022-03-31,2022-04-13,66.52,32.37
DCMSHRIRAM.NS,2022-06-30,2022-07-12,66.52,32.43
DCMSHRIRAM.NS,2022-09-30,2022-10-14,66.52,32.46
DCMSHRIRAM.NS,2022-12-31,2023-01-11,66.52,32.44
DCMSHRIRAM.NS,2023-03-31,2023-04-17,66.52,32.46
DCMSHRIRAM.NS,2023-06-30,2023-07-17,66.52,32.52
DCMSHRIRAM.NS,2023-09-30,2023-10-17,66.52,32.56
DCMSHRIRAM.NS,2023-12-31,2024-01-09,66.52,32.54
DCMSHRIRAM.NS,2024-03-31,2024-04-16,66.52,32.56
DCMSHRIRAM.NS,2024-06-30,2024-07-12,66.52,32.6
DCMSHRIRAM.NS,2024-09-30,2024-10-11,66.52,32.76
DCMSHRIRAM.NS,2024-12-31,2025-01-20,66.52,32.77
DCMSHRIRAM.NS,2025-03-31,2025-04-18,66.52,32.69
DCMSHRIRAM.NS,2025-06-30,2025-07-21,66.52,32.72
DCMSHRIRAM.NS,2025-09-30,2025-10-16,66.52,32.77
DCMSHRIRAM.NS,2025-12-31,2026-01-20,66.52,32.77
DCMSHRIRAM.NS,2026-03-31,2026-04-20,66.52,32.78
DCMSHRIRAM.NS,2026-06-30,2026-07-20,66.52,32.8
DEEPAKFERT.NS,2021-09-30,2021-10-04,53.06,46.94
DEEPAKFERT.NS,2021-10-22,2021-10-23,47.58,52.42
DEEPAKFERT.NS,2021-12-31,2022-01-11,47.58,52.42
DEEPAKFERT.NS,2022-03-31,2022-04-18,47.58,52.42
DEEPAKFERT.NS,2022-06-30,2022-07-11,47.58,52.42
DEEPAKFERT.NS,2022-09-30,2022-10-21,45.46,54.54
DEEPAKFERT.NS,2022-12-31,2023-01-18,45.46,54.54
DEEPAKFERT.NS,2023-03-31,2023-04-18,45.46,54.54
DEEPAKFERT.NS,2023-06-30,2023-07-19,45.46,54.54
DEEPAKFERT.NS,2023-09-30,2023-10-19,45.46,54.54
DEEPAKFERT.NS,2023-12-31,2024-01-16,45.46,54.54
DEEPAKFERT.NS,2024-03-31,2024-04-18,45.63,54.37
DEEPAKFERT.NS,2024-06-30,2024-07-18,45.63,54.37
DEEPAKFERT.NS,2024-09-30,2024-10-21,45.63,54.37
DEEPAKFERT.NS,2024-12-31,2025-01-21,45.63,54.37
DEEPAKFERT.NS,2025-03-31,2025-04-21,45.63,54.37
DEEPAKFERT.NS,2025-06-30,2025-07-21,45.63,54.37
DEEPAKFERT.NS,2025-09-30,2025-10-21,45.63,54.37
DEEPAKFERT.NS,2025-12-31,2026-01-21,45.63,54.37
DEEPAKFERT.NS,2026-03-31,2026-04-21,45.63,54.37
DEEPAKFERT.NS,2026-06-30,2026-07-20,45.63,54.37
DEEPAKNTR.NS,2021-09-30,2021-10-12,45.69,54.31
DEEPAKNTR.NS,2021-12-31,2022-01-10,45.69,54.31
DEEPAKNTR.NS,2022-03-31,2022-04-12,45.72,54.28
DEEPAKNTR.NS,2022-06-30,2022-07-08,45.72,54.28
DEEPAKNTR.NS,2022-09-30,2022-10-20,45.72,54.28
DEEPAKNTR.NS,2022-12-31,2023-01-13,45.72,54.28
DEEPAKNTR.NS,2023-03-31,2023-04-19,49.13,50.87
DEEPAKNTR.NS,2023-06-30,2023-07-18,49.13,50.87
DEEPAKNTR.NS,2023-09-30,2023-10-11,49.13,50.87
DEEPAKNTR.NS,2023-12-31,2024-01-10,49.13,50.87
DEEPAKNTR.NS,2024-03-31,2024-04-09,49.13,50.87
DEEPAKNTR.NS,2024-06-30,2024-07-08,49.24,50.76
DEEPAKNTR.NS,2024-09-30,2024-10-17,49.24,50.76
DEEPAKNTR.NS,2024-12-31,2025-01-08,49.24,50.76
DEEPAKNTR.NS,2025-03-31,2025-04-10,49.28,50.72
DEEPAKNTR.NS,2025-06-30,2025-07-08,49.28,50.72
DEEPAKNTR.NS,2025-09-30,2025-10-21,49.28,50.72
DEEPAKNTR.NS,2025-12-31,2026-01-07,49.33,50.67
DEEPAKNTR.NS,2026-03-31,2026-04-13,49.33,50.67
DEEPAKNTR.NS,2026-06-30,2026-07-21,49.34,50.66
DELHIVERY.NS,2022-05-20,2022-06-03,0.0,100.0
DELHIVERY.NS,2022-06-30,2022-07-14,0.0,100.0
DELHIVERY.NS,2022-09-30,2022-10-13,0.0,100.0
DELHIVERY.NS,2022-12-31,2023-01-13,0.0,100.0
DELHIVERY.NS,2023-03-31,2023-04-19,0.0,100.0
DELHIVERY.NS,2023-06-30,2023-07-18,0.0,100.0
DELHIVERY.NS,2023-09-30,2023-10-19,0.0,100.0
DELHIVERY.NS,2023-12-31,2024-01-11,0.0,100.0
DELHIVERY.NS,2024-03-31,2024-04-19,0.0,100.0
DELHIVERY.NS,2024-06-30,2024-07-16,0.0,100.0
DELHIVERY.NS,2024-09-30,2024-10-14,0.0,100.0
DELHIVERY.NS,2024-12-31,2025-01-13,0.0,100.0
DELHIVERY.NS,2025-03-31,2025-04-15,0.0,100.0
DELHIVERY.NS,2025-06-30,2025-07-18,0.0,100.0
DELHIVERY.NS,2025-09-30,2025-10-17,0.0,100.0
DELHIVERY.NS,2025-12-31,2026-01-20,0.0,100.0
DELHIVERY.NS,2026-03-31,2026-04-17,0.0,100.0
DELHIVERY.NS,2026-06-30,2026-07-20,0.0,100.0
DELTACORP.NS,2021-09-30,2021-10-20,33.28,66.72
DELTACORP.NS,2021-12-31,2022-01-14,33.26,66.74
DELTACORP.NS,2022-03-31,2022-04-18,33.23,66.77
DELTACORP.NS,2022-06-30,2022-07-15,33.31,66.69
DELTACORP.NS,2022-09-30,2022-10-20,33.31,66.69
DELTACORP.NS,2022-12-31,2023-01-19,33.31,66.69
DELTACORP.NS,2023-03-31,2023-04-19,33.28,66.72
DELTACORP.NS,2023-06-30,2023-07-20,33.28,66.72
DELTACORP.NS,2023-09-30,2023-10-19,33.26,66.74
DELTACORP.NS,2023-12-31,2024-01-19,33.26,66.74
DELTACORP.NS,2024-03-31,2024-04-17,33.26,66.74
DELTACORP.NS,2024-06-30,2024-07-19,33.26,66.74
DELTACORP.NS,2024-09-30,2024-10-18,33.26,66.74
DELTACORP.NS,2024-12-31,2025-01-20,33.26,66.74
DELTACORP.NS,2025-03-31,2025-04-19,33.66,66.34
DELTACORP.NS,2025-06-30,2025-07-18,33.66,66.34
DELTACORP.NS,2025-09-30,2025-10-16,33.66,66.34
DELTACORP.NS,2025-12-31,2026-01-20,34.47,65.53
DELTACORP.NS,2026-03-31,2026-04-20,34.47,65.53
DELTACORP.NS,2026-06-30,2026-07-20,34.47,65.53
DEVYANI.NS,2021-09-30,2021-10-13,62.91,37.09
DEVYANI.NS,2021-12-31,2022-01-14,62.91,37.09
DEVYANI.NS,2022-03-31,2022-04-18,62.8,37.2
DEVYANI.NS,2022-06-30,2022-07-14,62.8,37.2
DEVYANI.NS,2022-09-30,2022-10-21,62.8,37.2
DEVYANI.NS,2022-12-31,2023-01-21,62.8,37.2
DEVYANI.NS,2023-03-31,2023-04-19,62.79,37.21
DEVYANI.NS,2023-06-30,2023-07-19,62.76,37.24
DEVYANI.NS,2023-09-30,2023-10-17,62.74,37.26
DEVYANI.NS,2023-12-31,2024-01-16,62.74,37.26
DEVYANI.NS,2024-03-31,2024-04-17,62.74,37.26
DEVYANI.NS,2024-06-30,2024-07-19,62.73,37.27
DEVYANI.NS,2024-09-30,2024-10-17,62.72,37.28
DEVYANI.NS,2024-12-31,2025-01-16,62.72,37.28
DEVYANI.NS,2025-03-31,2025-04-18,62.72,37.28
DEVYANI.NS,2025-06-30,2025-07-21,62.62,37.38
DEVYANI.NS,2025-09-30,2025-10-09,61.42,38.58
DEVYANI.NS,2025-12-31,2026-01-15,61.37,38.63
DEVYANI.NS,2026-03-31,2026-04-20,61.36,38.64
DEVYANI.NS,2026-06-30,2026-07-21,61.36,38.64
DHANUKA.NS,2021-06-30,2021-07-19,70.0,30.0
DHANUKA.NS,2021-09-30,2021-10-21,70.0,30.0
DHANUKA.NS,2021-12-31,2022-01-21,70.0,30.0
DHANUKA.NS,2022-03-31,2022-04-19,70.0,30.0
DHANUKA.NS,2022-06-30,2022-07-21,70.0,30.0
DHANUKA.NS,2022-09-30,2022-10-21,70.0,30.0
DHANUKA.NS,2022-12-31,2023-01-19,70.0,30.0
DHANUKA.NS,2023-01-17,2023-01-21,70.18,29.82
DHANUKA.NS,2023-03-31,2023-04-20,70.18,29.82
DHANUKA.NS,2023-06-30,2023-07-19,70.18,29.82
DHANUKA.NS,2023-09-30,2023-10-20,70.18,29.82
DHANUKA.NS,2023-12-31,2024-01-21,70.18,29.82
DHANUKA.NS,2024-03-31,2024-04-18,70.18,29.82
DHANUKA.NS,2024-06-30,2024-07-21,70.18,29.82
DHANUKA.NS,2024-09-30,2024-10-21,70.29,29.71
DHANUKA.NS,2024-12-31,2025-01-21,70.29,29.71
DHANUKA.NS,2025-03-31,2025-04-21,70.32,29.68
DHANUKA.NS,2025-06-30,2025-07-18,69.87,30.13
DHANUKA.NS,2025-09-30,2025-10-17,69.71,30.29
DHANUKA.NS,2025-12-31,2026-01-20,69.71,30.29
DHANUKA.NS,2026-03-31,2026-04-20,69.71,30.29
DHANUKA.NS,2026-06-30,2026-07-21,69.81,30.19
DISHTV.NS,2021-09-30,2021-10-19,5.93,94.07
DISHTV.NS,2021-12-31,2022-01-20,5.93,94.07
DISHTV.NS,2022-03-31,2022-04-11,5.93,94.07
DISHTV.NS,2022-06-30,2022-07-20,4.04,95.96
DISHTV.NS,2022-09-30,2022-10-20,4.04,95.96
DISHTV.NS,2022-12-31,2023-01-20,4.04,95.96
DISHTV.NS,2023-03-31,2023-04-20,4.04,95.96
DISHTV.NS,2023-06-30,2023-07-20,4.04,95.96
DISHTV.NS,2023-09-30,2023-10-20,4.04,95.96
DISHTV.NS,2023-12-31,2024-01-19,4.04,95.96
DISHTV.NS,2024-03-31,2024-04-19,4.04,95.96
DISHTV.NS,2024-06-30,2024-07-19,4.04,95.96
DISHTV.NS,2024-09-30,2024-10-21,4.04,95.96
DISHTV.NS,2024-12-31,2025-01-17,4.04,95.96
DISHTV.NS,2025-03-31,2025-04-18,4.04,95.96
DISHTV.NS,2025-06-30,2025-07-21,4.06,95.94
DISHTV.NS,2025-09-30,2025-10-16,4.06,95.94
DISHTV.NS,2025-12-31,2026-01-20,4.06,95.94
DISHTV.NS,2026-03-31,2026-04-21,4.06,95.94
DISHTV.NS,2026-06-30,2026-07-21,4.23,95.77
DIVISLAB.NS,2021-09-30,2021-10-11,51.95,48.05
DIVISLAB.NS,2021-12-31,2022-01-07,51.95,48.05
DIVISLAB.NS,2022-03-31,2022-04-08,51.94,48.06
DIVISLAB.NS,2022-06-30,2022-07-11,51.94,48.06
DIVISLAB.NS,2022-09-30,2022-10-18,51.94,48.06
DIVISLAB.NS,2022-12-31,2023-01-09,51.94,48.06
DIVISLAB.NS,2023-03-31,2023-04-18,51.94,48.06
DIVISLAB.NS,2023-06-30,2023-07-18,51.93,48.07
DIVISLAB.NS,2023-09-30,2023-10-13,51.93,48.07
DIVISLAB.NS,2023-12-31,2024-01-09,51.92,48.08
DIVISLAB.NS,2024-03-31,2024-04-13,51.92,48.08
DIVISLAB.NS,2024-06-30,2024-07-18,51.9,48.1
DIVISLAB.NS,2024-09-30,2024-10-11,51.89,48.11
DIVISLAB.NS,2024-12-31,2025-01-17,51.89,48.11
DIVISLAB.NS,2025-03-31,2025-04-18,51.89,48.11
DIVISLAB.NS,2025-06-30,2025-07-18,51.89,48.11
DIVISLAB.NS,2025-09-30,2025-10-11,51.89,48.11
DIVISLAB.NS,2025-12-31,2026-01-09,51.88,48.12
DIVISLAB.NS,2026-03-31,2026-04-15,51.88,48.12
DIVISLAB.NS,2026-06-30,2026-07-17,51.88,48.12
DIXON.NS,2021-09-30,2021-10-18,34.93,65.07
DIXON.NS,2021-12-31,2022-01-17,34.52,65.48
DIXON.NS,2022-03-31,2022-04-13,34.3,65.7
DIXON.NS,2022-06-30,2022-07-19,34.3,65.7
DIXON.NS,2022-09-30,2022-10-20,34.27,65.73
DIXON.NS,2022-12-31,2023-01-17,34.06,65.94
DIXON.NS,2023-03-31,2023-04-12,34.05,65.95
DIXON.NS,2023-06-30,2023-07-14,34.04,65.96
DIXON.NS,2023-09-30,2023-10-17,33.8,66.2
DIXON.NS,2023-12-31,2024-01-17,33.63,66.37
DIXON.NS,2024-03-31,2024-04-10,33.44,66.56
DIXON.NS,2024-06-30,2024-07-16,33.24,66.76
DIXON.NS,2024-09-30,2024-10-17,32.89,67.11
DIXON.NS,2024-12-31,2025-01-17,32.42,67.58
DIXON.NS,2025-03-31,2025-04-19,32.27,67.73
DIXON.NS,2025-06-30,2025-07-21,28.95,71.05
DIXON.NS,2025-09-30,2025-10-17,28.92,71.08
DIXON.NS,2025-12-31,2026-01-20,28.83,71.17
DIXON.NS,2026-03-31,2026-04-20,28.68,71.32
DIXON.NS,2026-06-30,2026-07-18,28.55,71.45
DLF.NS,2021-09-30,2021-10-13,74.95,25.05
DLF.NS,2021-12-31,2022-01-11,74.95,25.05
DLF.NS,2022-03-31,2022-04-07,74.95,25.05
DLF.NS,2022-06-30,2022-07-10,74.95,25.05
DLF.NS,2022-09-30,2022-10-07,74.95,25.05
DLF.NS,2022-12-31,2023-01-06,74.95,25.05
DLF.NS,2023-03-31,2023-04-11,74.95,25.05
DLF.NS,2023-06-30,2023-07-05,74.95,25.05
DLF.NS,2023-09-30,2023-10-04,74.08,25.92
DLF.NS,2023-12-31,2024-01-04,74.08,25.92
DLF.NS,2024-03-31,2024-04-08,74.08,25.92
DLF.NS,2024-06-30,2024-07-03,74.08,25.92
DLF.NS,2024-09-30,2024-10-04,74.08,25.92
DLF.NS,2024-12-31,2025-01-06,74.08,25.92
DLF.NS,2025-03-31,2025-04-04,74.08,25.92
DLF.NS,2025-06-30,2025-07-21,74.08,25.92
DLF.NS,2025-09-30,2025-10-17,74.08,25.92
DLF.NS,2025-12-31,2026-01-16,74.08,25.92
DLF.NS,2026-03-31,2026-04-07,74.08,25.92
DLF.NS,2026-06-30,2026-07-06,74.08,25.92
DMART.NS,2021-09-30,2021-10-14,74.99,25.01
DMART.NS,2021-12-31,2022-01-07,74.99,25.01
DMART.NS,2022-03-31,2022-04-21,74.99,25.01
DMART.NS,2022-06-30,2022-07-14,74.99,25.01
DMART.NS,2022-09-30,2022-10-18,74.99,25.01
DMART.NS,2022-12-31,2023-01-13,74.99,25.01
DMART.NS,2023-03-31,2023-04-21,74.93,25.07
DMART.NS,2023-06-30,2023-07-21,74.65,25.35
DMART.NS,2023-09-30,2023-10-13,74.65,25.35
DMART.NS,2023-12-31,2024-01-15,74.65,25.35
DMART.NS,2024-03-31,2024-04-19,74.65,25.35
DMART.NS,2024-06-30,2024-07-12,74.65,25.35
DMART.NS,2024-09-30,2024-10-18,74.65,25.35
DMART.NS,2024-12-31,2025-01-21,74.65,25.35
DMART.NS,2025-03-31,2025-04-21,74.65,25.35
DMART.NS,2025-06-30,2025-07-21,74.65,25.35
DMART.NS,2025-09-30,2025-10-17,74.65,25.35
DMART.NS,2025-12-31,2026-01-21,74.65,25.35
DMART.NS,2026-03-31,2026-04-21,74.51,25.49
DMART.NS,2026-06-30,2026-07-14,74.48,25.52
DOMS.NS,2023-12-18,2023-12-21,74.96,25.04
DOMS.NS,2023-12-31,2024-01-19,74.96,25.04
DOMS.NS,2024-03-31,2024-04-17,74.96,25.04
DOMS.NS,2024-06-30,2024-07-17,74.96,25.04
DOMS.NS,2024-09-30,2024-10-16,74.96,25.04
DOMS.NS,2024-12-31,2025-01-17,70.39,29.61
DOMS.NS,2025-03-31,2025-04-18,70.39,29.61
DOMS.NS,2025-06-30,2025-07-21,70.39,29.61
DOMS.NS,2025-09-30,2025-10-18,70.39,29.61
DOMS.NS,2025-12-31,2026-01-19,70.39,29.61
DOMS.NS,2026-03-31,2026-04-16,70.39,29.61
DOMS.NS,2026-06-30,2026-07-20,63.39,36.61
DRREDDY.NS,2021-09-30,2021-10-20,26.72,72.99
DRREDDY.NS,2021-12-31,2022-01-21,26.72,73.0
DRREDDY.NS,2022-03-31,2022-04-20,26.72,73.0
DRREDDY.NS,2022-06-30,2022-07-18,26.71,73.01
DRREDDY.NS,2022-09-30,2022-10-21,26.71,73.02
DRREDDY.NS,2022-12-31,2023-01-19,26.7,73.05
DRREDDY.NS,2023-03-31,2023-04-20,26.7,73.08
DRREDDY.NS,2023-06-30,2023-07-18,26.69,73.1
DRREDDY.NS,2023-09-30,2023-10-19,26.66,73.16
DRREDDY.NS,2023-12-31,2024-01-19,26.65,73.17
DRREDDY.NS,2024-03-31,2024-04-19,26.65,73.17
DRREDDY.NS,2024-06-30,2024-07-17,26.65,73.18
DRREDDY.NS,2024-09-30,2024-10-21,26.64,73.2
DRREDDY.NS,2024-12-31,2025-01-21,26.64,73.2
DRREDDY.NS,2025-03-31,2025-04-19,26.64,73.07
DRREDDY.NS,2025-06-30,2025-07-21,26.64,73.1
DRREDDY.NS,2025-09-30,2025-10-16,26.64,73.11
DRREDDY.NS,2025-12-31,2026-01-20,26.64,73.12
DRREDDY.NS,2026-03-31,2026-04-21,26.63,73.13
DRREDDY.NS,2026-06-30,2026-07-21,26.64,73.16
EASEMYTRIP.NS,2021-09-30,2021-10-13,74.9,25.1
EASEMYTRIP.NS,2021-12-31,2022-01-07,74.9,25.1
EASEMYTRIP.NS,2022-03-31,2022-04-08,74.9,25.1
EASEMYTRIP.NS,2022-06-30,2022-07-18,74.9,25.1
EASEMYTRIP.NS,2022-09-30,2022-10-06,74.9,25.1
EASEMYTRIP.NS,2022-11-23,2022-12-02,74.9,25.1
EASEMYTRIP.NS,2022-12-31,2023-01-20,74.9,25.1
EASEMYTRIP.NS,2023-03-31,2023-04-19,74.9,25.1
EASEMYTRIP.NS,2023-06-30,2023-07-13,71.3,28.7
EASEMYTRIP.NS,2023-09-30,2023-10-12,65.54,34.46
EASEMYTRIP.NS,2023-12-31,2024-01-10,64.3,35.7
EASEMYTRIP.NS,2024-03-31,2024-04-19,64.3,35.7
EASEMYTRIP.NS,2024-06-30,2024-07-12,64.3,35.7
EASEMYTRIP.NS,2024-09-30,2024-10-17,50.38,49.62
EASEMYTRIP.NS,2024-12-31,2025-01-08,50.38,49.62
EASEMYTRIP.NS,2025-03-31,2025-04-21,48.97,51.03
EASEMYTRIP.NS,2025-04-12,2025-05-02,47.3,52.7
EASEMYTRIP.NS,2025-06-30,2025-07-19,47.72,52.28
EASEMYTRIP.NS,2025-09-30,2025-10-19,47.72,52.28
EASEMYTRIP.NS,2025-12-31,2026-01-10,47.72,52.28
EASEMYTRIP.NS,2026-03-31,2026-04-15,47.72,52.28
EASEMYTRIP.NS,2026-05-26,2026-06-03,43.56,56.44
EASEMYTRIP.NS,2026-06-30,2026-07-15,43.56,56.44
ECLERX.NS,2021-09-30,2021-10-13,53.81,44.18
ECLERX.NS,2021-11-10,2021-11-16,54.02,43.96
ECLERX.NS,2021-12-31,2022-01-18,53.38,44.53
ECLERX.NS,2022-03-31,2022-04-11,53.38,44.47
ECLERX.NS,2022-06-30,2022-07-13,53.38,44.51
ECLERX.NS,2022-09-23,2022-09-26,53.38,44.51
ECLERX.NS,2022-09-30,2022-10-20,53.38,44.48
ECLERX.NS,2022-12-31,2023-01-17,53.38,44.45
ECLERX.NS,2023-02-28,2023-03-09,53.61,44.34
ECLERX.NS,2023-03-31,2023-04-12,53.61,44.37
ECLERX.NS,2023-06-30,2023-07-13,53.61,44.67
ECLERX.NS,2023-09-30,2023-10-16,53.61,44.71
ECLERX.NS,2023-12-31,2024-01-09,53.61,44.76
ECLERX.NS,2024-03-31,2024-04-08,53.61,44.73
ECLERX.NS,2024-06-30,2024-07-12,53.61,44.96
ECLERX.NS,2024-07-25,2024-07-30,53.81,44.75
ECLERX.NS,2024-09-30,2024-10-15,53.81,44.77
ECLERX.NS,2024-12-31,2025-01-15,53.81,44.86
ECLERX.NS,2025-03-31,2025-04-16,53.81,44.75
ECLERX.NS,2025-06-30,2025-07-21,53.81,44.8
ECLERX.NS,2025-09-30,2025-10-15,53.81,44.67
ECLERX.NS,2025-12-31,2026-01-14,53.81,44.39
ECLERX.NS,2026-01-07,2026-01-14,54.52,43.65
ECLERX.NS,2026-03-16,2026-03-23,54.52,43.5
ECLERX.NS,2026-03-31,2026-04-20,54.52,43.32
ECLERX.NS,2026-06-30,2026-07-17,54.52,43.29
EDELWEISS.NS,2021-09-30,2021-10-18,32.82,62.4
EDELWEISS.NS,2021-12-31,2022-01-21,32.63,62.61
EDELWEISS.NS,2022-03-31,2022-04-20,32.62,62.61
EDELWEISS.NS,2022-06-30,2022-07-20,32.62,62.61
EDELWEISS.NS,2022-09-30,2022-10-21,32.62,62.61
EDELWEISS.NS,2022-12-31,2023-01-20,32.62,62.61
EDELWEISS.NS,2023-03-31,2023-04-20,32.62,62.62
EDELWEISS.NS,2023-06-30,2023-07-20,32.78,62.46
EDELWEISS.NS,2023-09-30,2023-10-19,32.77,62.47
EDELWEISS.NS,2023-12-31,2024-01-19,32.76,62.48
EDELWEISS.NS,2024-03-31,2024-04-16,32.76,62.48
EDELWEISS.NS,2024-06-30,2024-07-19,32.76,62.49
EDELWEISS.NS,2024-09-30,2024-10-19,32.74,64.56
EDELWEISS.NS,2024-12-31,2025-01-21,32.72,64.7
EDELWEISS.NS,2025-03-31,2025-04-21,32.71,64.71
EDELWEISS.NS,2025-06-30,2025-07-21,32.71,66.61
EDELWEISS.NS,2025-09-30,2025-10-17,32.7,67.3
EDELWEISS.NS,2025-12-31,2026-01-16,32.69,67.31
EDELWEISS.NS,2026-03-31,2026-04-17,32.26,67.74
EDELWEISS.NS,2026-06-30,2026-07-20,32.26,67.74
EICHERMOT.NS,2021-09-30,2021-10-18,49.22,50.78
EICHERMOT.NS,2021-12-31,2022-01-19,49.22,50.78
EICHERMOT.NS,2022-03-31,2022-04-06,49.21,50.79
EICHERMOT.NS,2022-06-30,2022-07-18,49.21,50.79
EICHERMOT.NS,2022-09-30,2022-10-20,49.21,50.79
EICHERMOT.NS,2022-12-31,2023-01-20,49.21,50.79
EICHERMOT.NS,2023-03-31,2023-04-20,49.2,50.8
EICHERMOT.NS,2023-06-30,2023-07-21,49.17,50.83
EICHERMOT.NS,2023-09-30,2023-10-20,49.16,50.84
EICHERMOT.NS,2023-12-31,2024-01-19,49.15,50.85
EICHERMOT.NS,2024-03-31,2024-04-18,49.15,50.85
EICHERMOT.NS,2024-06-30,2024-07-18,49.11,50.89
EICHERMOT.NS,2024-09-30,2024-10-18,49.1,50.9
EICHERMOT.NS,2024-12-31,2025-01-20,49.09,50.91
EICHERMOT.NS,2025-03-31,2025-04-18,49.08,50.92
EICHERMOT.NS,2025-06-30,2025-07-21,49.07,50.93
EICHERMOT.NS,2025-09-30,2025-10-17,49.06,50.94
EICHERMOT.NS,2025-12-31,2026-01-20,49.06,50.94
EICHERMOT.NS,2026-03-31,2026-04-20,49.06,50.94
EICHERMOT.NS,2026-06-30,2026-07-20,49.02,50.98
EIDPARRY.NS,2021-09-30,2021-10-20,44.68,55.32
EIDPARRY.NS,2021-12-31,2022-01-21,44.66,55.34
EIDPARRY.NS,2022-03-31,2022-04-21,44.64,55.36
EIDPARRY.NS,2022-06-30,2022-07-20,44.61,55.39
EIDPARRY.NS,2022-09-30,2022-10-20,44.55,55.45
EIDPARRY.NS,2022-12-31,2023-01-19,44.55,55.45
EIDPARRY.NS,2023-03-31,2023-04-20,44.55,55.45
EIDPARRY.NS,2023-06-30,2023-07-20,44.51,55.49
EIDPARRY.NS,2023-09-30,2023-10-20,44.51,55.49
EIDPARRY.NS,2023-12-31,2024-01-19,42.23,57.77
EIDPARRY.NS,2024-03-31,2024-04-18,42.23,57.77
EIDPARRY.NS,2024-06-30,2024-07-16,42.23,57.77
EIDPARRY.NS,2024-09-30,2024-10-18,42.22,57.78
EIDPARRY.NS,2024-12-31,2025-01-20,41.69,58.31
EIDPARRY.NS,2025-03-31,2025-04-18,41.61,58.39
EIDPARRY.NS,2025-06-30,2025-07-19,41.54,58.46
EIDPARRY.NS,2025-09-30,2025-10-17,41.49,58.51
EIDPARRY.NS,2025-12-31,2026-01-20,41.44,58.56
EIDPARRY.NS,2026-03-31,2026-04-20,41.44,58.56
EIDPARRY.NS,2026-06-30,2026-07-20,41.28,58.72
EIHOTEL.NS,2021-09-30,2021-10-11,35.74,64.26
EIHOTEL.NS,2021-12-31,2022-01-14,35.74,64.26
EIHOTEL.NS,2022-03-31,2022-04-13,35.74,64.26
EIHOTEL.NS,2022-06-30,2022-07-18,35.74,64.26
EIHOTEL.NS,2022-09-30,2022-10-14,35.74,64.26
EIHOTEL.NS,2022-12-31,2023-01-13,35.74,64.26
EIHOTEL.NS,2023-03-31,2023-04-13,32.85,67.15
EIHOTEL.NS,2023-06-30,2023-07-11,32.85,67.15
EIHOTEL.NS,2023-09-30,2023-10-13,32.85,67.15
EIHOTEL.NS,2023-12-31,2024-01-10,32.85,67.15
EIHOTEL.NS,2024-03-31,2024-04-10,32.85,67.15
EIHOTEL.NS,2024-06-30,2024-07-16,32.85,67.15
EIHOTEL.NS,2024-09-30,2024-10-15,32.85,67.15
EIHOTEL.NS,2024-12-31,2025-01-10,32.85,67.15
EIHOTEL.NS,2025-03-31,2025-04-17,32.85,67.15
EIHOTEL.NS,2025-06-30,2025-07-21,32.85,67.15
EIHOTEL.NS,2025-09-30,2025-10-14,32.85,67.15
EIHOTEL.NS,2025-12-31,2026-01-13,32.85,67.15
EIHOTEL.NS,2026-03-31,2026-04-17,32.85,67.15
EIHOTEL.NS,2026-06-30,2026-07-21,32.85,67.15
ELECON.NS,2021-09-30,2021-10-18,59.21,40.79
ELECON.NS,2021-12-31,2022-01-17,59.21,40.79
ELECON.NS,2022-03-31,2022-04-11,59.26,40.74
ELECON.NS,2022-06-30,2022-07-16,59.26,40.74
ELECON.NS,2022-09-30,2022-10-19,59.29,40.71
ELECON.NS,2022-12-31,2023-01-20,59.29,40.71
ELECON.NS,2023-03-31,2023-04-12,59.29,40.71
ELECON.NS,2023-06-30,2023-07-08,59.29,40.71
ELECON.NS,2023-09-30,2023-10-13,59.29,40.71
ELECON.NS,2023-12-31,2024-01-08,59.29,40.71
ELECON.NS,2024-03-31,2024-04-12,59.27,40.73
ELECON.NS,2024-06-30,2024-07-09,59.27,40.73
ELECON.NS,2024-09-30,2024-10-11,59.27,40.73
ELECON.NS,2024-12-31,2025-01-07,59.27,40.73
ELECON.NS,2025-03-31,2025-04-19,59.27,40.73
ELECON.NS,2025-06-30,2025-07-10,59.27,40.73
ELECON.NS,2025-09-30,2025-10-08,59.27,40.73
ELECON.NS,2025-12-31,2026-01-06,59.27,40.73
ELECON.NS,2026-03-31,2026-04-11,59.27,40.73
ELECON.NS,2026-06-30,2026-07-09,59.27,40.73
ELGIEQUIP.NS,2021-09-30,2021-10-20,31.91,67.98
ELGIEQUIP.NS,2021-12-31,2022-01-17,31.91,67.9
ELGIEQUIP.NS,2022-03-31,2022-04-19,31.32,68.49
ELGIEQUIP.NS,2022-06-30,2022-07-21,31.32,68.49
ELGIEQUIP.NS,2022-09-30,2022-10-12,31.19,68.62
ELGIEQUIP.NS,2022-12-31,2023-01-10,31.19,68.62
ELGIEQUIP.NS,2023-03-31,2023-04-17,31.19,68.64
ELGIEQUIP.NS,2023-06-30,2023-07-14,31.19,68.67
ELGIEQUIP.NS,2023-09-30,2023-10-12,31.19,68.63
ELGIEQUIP.NS,2023-12-31,2024-01-09,31.19,68.65
ELGIEQUIP.NS,2024-03-31,2024-04-15,31.19,68.65
ELGIEQUIP.NS,2024-06-30,2024-07-10,31.19,68.58
ELGIEQUIP.NS,2024-09-30,2024-10-15,31.19,68.64
ELGIEQUIP.NS,2024-12-31,2025-01-10,31.19,68.63
ELGIEQUIP.NS,2025-03-31,2025-04-10,31.19,68.43
ELGIEQUIP.NS,2025-06-30,2025-07-21,31.19,68.43
ELGIEQUIP.NS,2025-09-30,2025-10-17,31.19,68.43
ELGIEQUIP.NS,2025-12-31,2026-01-20,31.19,68.45
ELGIEQUIP.NS,2026-03-31,2026-04-14,31.19,68.28
ELGIEQUIP.NS,2026-06-30,2026-07-16,31.19,68.32
EMAMILTD.NS,2021-09-30,2021-10-06,53.86,46.14
EMAMILTD.NS,2021-12-31,2022-01-11,53.86,46.14
EMAMILTD.NS,2022-03-31,2022-04-06,54.27,45.73
EMAMILTD.NS,2022-06-30,2022-07-06,54.27,45.73
EMAMILTD.NS,2022-09-30,2022-10-12,54.27,45.73
EMAMILTD.NS,2022-12-31,2023-01-04,54.27,45.73
EMAMILTD.NS,2023-03-31,2023-04-07,54.27,45.73
EMAMILTD.NS,2023-06-30,2023-07-13,54.52,45.48
EMAMILTD.NS,2023-09-30,2023-10-06,54.84,45.16
EMAMILTD.NS,2023-12-31,2024-01-16,54.84,45.16
EMAMILTD.NS,2024-03-31,2024-04-12,54.84,45.16
EMAMILTD.NS,2024-06-30,2024-07-12,54.84,45.16
EMAMILTD.NS,2024-09-30,2024-10-17,54.84,45.16
EMAMILTD.NS,2024-12-31,2025-01-21,54.84,45.16
EMAMILTD.NS,2025-03-31,2025-04-11,54.84,45.16
EMAMILTD.NS,2025-06-30,2025-07-21,54.84,45.16
EMAMILTD.NS,2025-09-30,2025-10-18,54.84,45.16
EMAMILTD.NS,2025-12-31,2026-01-13,54.84,45.16
EMAMILTD.NS,2026-03-31,2026-04-20,54.84,45.16
EMAMILTD.NS,2026-06-30,2026-07-17,54.84,45.16
EMBDL.NS,2021-09-30,2021-10-21,6.15,93.16
EMBDL.NS,2021-12-31,2022-01-20,0.26,99.05
EMBDL.NS,2022-03-31,2022-04-20,0.03,99.28
EMBDL.NS,2022-04-12,2022-04-13,0.03,99.39
EMBDL.NS,2022-06-30,2022-07-21,0.0,99.67
EMBDL.NS,2022-09-30,2022-10-21,0.0,99.89
EMBDL.NS,2022-12-31,2023-01-19,0.0,99.89
EMBDL.NS,2023-03-31,2023-04-20,0.0,99.89
EMBDL.NS,2023-06-30,2023-07-19,0.0,99.89
EMBDL.NS,2023-09-30,2023-10-20,0.0,99.89
EMBDL.NS,2023-12-31,2024-01-19,0.0,99.89
EMBDL.NS,2024-03-31,2024-04-18,0.0,99.89
EMBDL.NS,2024-05-21,2024-05-22,0.0,99.91
EMBDL.NS,2024-05-31,2024-06-06,0.0,99.91
EMBDL.NS,2024-06-30,2024-07-12,0.0,99.91
EMBDL.NS,2024-09-30,2024-10-19,0.0,99.91
EMBDL.NS,2024-12-31,2025-01-17,0.0,99.91
EMBDL.NS,2025-01-25,2025-02-01,41.44,58.51
EMBDL.NS,2025-03-26,2025-04-01,43.36,56.59
EMBDL.NS,2025-03-31,2025-04-16,43.36,56.59
EMBDL.NS,2025-05-15,2025-05-22,41.72,58.23
EMBDL.NS,2025-05-22,2025-05-30,42.96,56.99
EMBDL.NS,2025-06-30,2025-07-21,42.44,57.52
EMBDL.NS,2025-09-30,2025-10-17,42.66,57.29
EMBDL.NS,2025-12-31,2026-01-21,42.65,57.31
EMBDL.NS,2026-03-31,2026-04-21,42.65,57.31
EMBDL.NS,2026-06-30,2026-07-21,42.65,57.31
EMCURE.NS,2024-07-08,2024-07-10,78.08,21.92
EMCURE.NS,2024-09-30,2024-10-18,78.08,21.92
EMCURE.NS,2024-12-31,2025-01-21,77.94,22.06
EMCURE.NS,2025-03-31,2025-04-21,77.92,22.08
EMCURE.NS,2025-06-30,2025-07-21,77.91,22.09
EMCURE.NS,2025-09-30,2025-10-20,77.88,22.12
EMCURE.NS,2025-12-31,2026-01-20,77.87,22.13
EMCURE.NS,2026-03-31,2026-04-17,77.87,22.13
EMCURE.NS,2026-06-30,2026-07-21,77.83,22.17
ENDURANCE.NS,2021-09-30,2021-10-20,75.0,25.0
ENDURANCE.NS,2021-12-31,2022-01-05,75.0,25.0
ENDURANCE.NS,2022-03-31,2022-04-13,75.0,25.0
ENDURANCE.NS,2022-06-30,2022-07-14,75.0,25.0
ENDURANCE.NS,2022-09-30,2022-10-18,75.0,25.0
ENDURANCE.NS,2022-12-31,2023-01-16,75.0,25.0
ENDURANCE.NS,2023-03-31,2023-04-18,75.0,25.0
ENDURANCE.NS,2023-06-30,2023-07-17,75.0,25.0
ENDURANCE.NS,2023-09-30,2023-10-13,75.0,25.0
ENDURANCE.NS,2023-12-31,2024-01-17,75.0,25.0
ENDURANCE.NS,2024-03-31,2024-04-11,75.0,25.0
ENDURANCE.NS,2024-06-30,2024-07-09,75.0,25.0
ENDURANCE.NS,2024-09-30,2024-10-11,75.0,25.0
ENDURANCE.NS,2024-12-31,2025-01-10,75.0,25.0
ENDURANCE.NS,2025-03-31,2025-04-10,75.0,25.0
ENDURANCE.NS,2025-06-30,2025-07-17,75.0,25.0
ENDURANCE.NS,2025-09-30,2025-10-16,75.0,25.0
ENDURANCE.NS,2025-12-31,2026-01-07,75.0,25.0
ENDURANCE.NS,2026-03-31,2026-04-12,75.0,25.0
ENDURANCE.NS,2026-06-30,2026-07-16,75.0,25.0
ENGINERSIN.NS,2021-09-30,2021-10-08,51.32,48.68
ENGINERSIN.NS,2021-12-31,2022-01-10,51.32,48.68
ENGINERSIN.NS,2022-03-31,2022-04-13,51.32,48.68
ENGINERSIN.NS,2022-06-30,2022-07-08,51.32,48.68
ENGINERSIN.NS,2022-09-30,2022-10-19,51.32,48.68
ENGINERSIN.NS,2022-12-31,2023-01-11,51.32,48.68
ENGINERSIN.NS,2023-03-31,2023-04-17,51.32,48.68
ENGINERSIN.NS,2023-06-30,2023-07-18,51.32,48.68
ENGINERSIN.NS,2023-09-30,2023-10-13,51.32,48.68
ENGINERSIN.NS,2023-12-31,2024-01-12,51.32,48.68
ENGINERSIN.NS,2024-03-31,2024-04-19,51.32,48.68
ENGINERSIN.NS,2024-06-30,2024-07-18,51.32,48.68
ENGINERSIN.NS,2024-09-30,2024-10-16,51.32,48.68
ENGINERSIN.NS,2024-12-31,2025-01-17,51.32,48.68
ENGINERSIN.NS,2025-03-31,2025-04-17,51.32,48.68
ENGINERSIN.NS,2025-06-30,2025-07-18,51.32,48.68
ENGINERSIN.NS,2025-09-30,2025-10-17,51.32,48.68
ENGINERSIN.NS,2025-12-31,2026-01-15,51.32,48.68
ENGINERSIN.NS,2026-03-31,2026-04-16,51.32,48.68
ENGINERSIN.NS,2026-06-30,2026-07-14,51.32,48.68
ENRIN.NS,2025-06-13,2025-06-19,75.0,25.0
ENRIN.NS,2025-06-30,2025-07-21,75.0,25.0
ENRIN.NS,2025-09-30,2025-10-20,75.0,25.0
ENRIN.NS,2025-12-31,2026-01-21,75.0,25.0
ENRIN.NS,2026-03-31,2026-04-17,75.0,25.0
ENRIN.NS,2026-06-30,2026-07-15,75.0,25.0
EPIGRAL.NS,2021-08-17,2021-10-16,72.61,27.39
EPIGRAL.NS,2021-09-30,2021-10-16,72.62,27.38
EPIGRAL.NS,2021-12-31,2022-01-18,71.19,28.81
EPIGRAL.NS,2022-03-31,2022-04-19,71.18,28.82
EPIGRAL.NS,2022-06-30,2022-07-15,71.11,28.89
EPIGRAL.NS,2022-09-30,2022-10-15,71.12,28.88
EPIGRAL.NS,2022-12-31,2023-01-17,71.21,28.79
EPIGRAL.NS,2023-03-31,2023-04-14,71.34,28.66
EPIGRAL.NS,2023-06-30,2023-07-12,71.37,28.63
EPIGRAL.NS,2023-09-30,2023-10-11,71.38,28.62
EPIGRAL.NS,2023-12-31,2024-01-17,71.38,28.62
EPIGRAL.NS,2024-03-31,2024-04-20,71.49,28.51
EPIGRAL.NS,2024-06-30,2024-07-17,71.58,28.42
EPIGRAL.NS,2024-09-30,2024-10-14,71.58,28.42
EPIGRAL.NS,2024-10-24,2024-10-25,68.94,31.06
EPIGRAL.NS,2024-12-31,2025-01-20,68.94,31.06
EPIGRAL.NS,2025-03-31,2025-04-16,68.95,31.05
EPIGRAL.NS,2025-06-30,2025-07-19,68.83,31.17
EPIGRAL.NS,2025-09-30,2025-10-13,68.83,31.17
EPIGRAL.NS,2025-12-31,2026-01-10,68.83,31.17
EPIGRAL.NS,2026-03-31,2026-04-20,68.83,31.17
EPIGRAL.NS,2026-06-30,2026-07-18,68.83,31.17
EPL.NS,2021-09-30,2021-10-13,51.91,48.09
EPL.NS,2021-12-31,2022-01-14,51.91,48.09
EPL.NS,2022-03-31,2022-04-13,51.91,48.09
EPL.NS,2022-06-30,2022-07-11,51.91,48.09
EPL.NS,2022-09-30,2022-10-14,51.91,48.09
EPL.NS,2022-12-31,2023-01-12,51.53,48.47
EPL.NS,2023-03-31,2023-04-11,51.53,48.47
EPL.NS,2023-06-30,2023-07-18,51.53,48.47
EPL.NS,2023-09-30,2023-10-20,51.52,48.48
EPL.NS,2023-12-31,2024-01-19,51.5,48.5
EPL.NS,2024-03-31,2024-04-20,51.5,48.5
EPL.NS,2024-06-30,2024-07-20,51.5,48.5
EPL.NS,2024-09-30,2024-10-16,51.47,48.53
EPL.NS,2024-12-31,2025-01-20,51.45,48.55
EPL.NS,2025-03-31,2025-04-21,51.31,48.69
EPL.NS,2025-06-30,2025-07-19,26.42,73.58
EPL.NS,2025-09-30,2025-10-18,26.4,73.6
EPL.NS,2025-12-31,2026-01-19,26.38,73.62
EPL.NS,2026-03-31,2026-04-21,26.38,73.62
EPL.NS,2026-06-30,2026-07-20,26.38,73.62
EQUITASBNK.NS,2021-09-30,2021-10-21,81.55,18.45
EQUITASBNK.NS,2021-12-31,2022-01-12,81.36,18.64
EQUITASBNK.NS,2022-02-19,2022-02-21,74.63,25.38
EQUITASBNK.NS,2022-02-21,2022-03-04,74.63,25.37
EQUITASBNK.NS,2022-03-31,2022-04-16,74.59,25.41
EQUITASBNK.NS,2022-06-30,2022-07-16,74.52,25.48
EQUITASBNK.NS,2022-09-30,2022-10-20,74.5,25.5
EQUITASBNK.NS,2022-12-31,2023-01-14,74.48,25.52
EQUITASBNK.NS,2023-03-03,2023-03-10,0.0,100.0
EQUITASBNK.NS,2023-03-10,2023-03-15,0.0,100.0
EQUITASBNK.NS,2023-03-31,2023-04-19,0.0,100.0
EQUITASBNK.NS,2023-06-30,2023-07-17,0.0,100.0
EQUITASBNK.NS,2023-09-30,2023-10-17,0.0,100.0
EQUITASBNK.NS,2023-12-31,2024-01-11,0.0,100.0
EQUITASBNK.NS,2024-03-31,2024-04-12,0.0,100.0
EQUITASBNK.NS,2024-06-30,2024-07-18,0.0,100.0
EQUITASBNK.NS,2024-09-30,2024-10-17,0.0,100.0
EQUITASBNK.NS,2024-12-31,2025-01-16,0.0,100.0
EQUITASBNK.NS,2025-03-31,2025-04-17,0.0,100.0
EQUITASBNK.NS,2025-06-30,2025-07-16,0.0,100.0
EQUITASBNK.NS,2025-09-30,2025-10-15,0.0,100.0
EQUITASBNK.NS,2025-12-31,2026-01-13,0.0,100.0
EQUITASBNK.NS,2026-03-31,2026-04-15,0.0,100.0
EQUITASBNK.NS,2026-06-30,2026-07-17,0.0,100.0
ERIS.NS,2017-06-28,2017-07-06,55.93,44.07
ERIS.NS,2017-06-30,2017-07-20,55.93,44.07
ERIS.NS,2017-09-30,2017-10-17,55.93,44.07
ERIS.NS,2017-12-31,2018-01-18,55.93,44.07
ERIS.NS,2018-03-31,2018-04-13,55.93,44.07
ERIS.NS,2018-06-30,2018-07-10,55.93,44.07
ERIS.NS,2018-09-30,2018-10-20,55.92,44.08
ERIS.NS,2018-12-31,2019-01-11,56.04,43.96
ERIS.NS,2019-03-31,2019-04-06,56.1,43.9
ERIS.NS,2019-06-30,2019-07-18,56.23,43.77
ERIS.NS,2019-09-30,2019-10-16,56.23,43.77
ERIS.NS,2019-12-31,2020-01-18,56.23,43.77
ERIS.NS,2020-03-31,2020-04-16,55.55,44.45
ERIS.NS,2020-06-30,2020-07-18,55.55,44.45
ERIS.NS,2020-09-30,2020-10-20,54.08,45.92
ERIS.NS,2020-12-31,2021-01-20,54.23,45.77
ERIS.NS,2021-03-31,2021-04-20,54.13,45.87
ERIS.NS,2021-06-30,2021-07-21,52.69,47.31
ERIS.NS,2021-09-30,2021-10-18,52.68,47.32
ERIS.NS,2021-12-31,2022-01-21,52.66,47.34
ERIS.NS,2022-03-31,2022-04-20,52.66,47.34
ERIS.NS,2022-06-30,2022-07-15,52.3,47.7
ERIS.NS,2022-09-30,2022-10-12,52.29,47.71
ERIS.NS,2022-12-31,2023-01-20,52.7,47.3
ERIS.NS,2023-03-31,2023-04-21,52.86,47.14
ERIS.NS,2023-06-30,2023-07-10,52.86,47.14
ERIS.NS,2023-09-30,2023-10-17,54.91,45.09
ERIS.NS,2023-12-31,2024-01-18,54.9,45.1
ERIS.NS,2024-03-31,2024-04-16,54.9,45.1
ERIS.NS,2024-06-30,2024-07-11,54.88,45.12
ERIS.NS,2024-09-30,2024-10-18,54.87,45.13
ERIS.NS,2024-12-31,2025-01-20,54.86,45.14
ERIS.NS,2025-03-31,2025-04-19,54.85,45.15
ERIS.NS,2025-06-30,2025-07-19,54.83,45.17
ERIS.NS,2025-09-30,2025-10-18,54.85,45.15
ERIS.NS,2025-12-31,2026-01-15,54.85,45.15
ERIS.NS,2026-03-31,2026-04-15,53.92,46.08
ERIS.NS,2026-06-30,2026-07-18,54.14,45.86
ESABINDIA.NS,2021-09-30,2021-10-07,73.72,26.28
ESABINDIA.NS,2021-12-31,2022-01-17,73.72,26.28
ESABINDIA.NS,2022-03-31,2022-04-11,73.72,26.28
ESABINDIA.NS,2022-06-30,2022-07-08,73.72,26.28
ESABINDIA.NS,2022-09-30,2022-10-13,73.72,26.28
ESABINDIA.NS,2022-12-31,2023-01-10,73.72,26.28
ESABINDIA.NS,2023-03-31,2023-04-10,73.72,26.28
ESABINDIA.NS,2023-06-30,2023-07-11,73.72,26.28
ESABINDIA.NS,2023-09-30,2023-10-17,73.72,26.28
ESABINDIA.NS,2023-12-31,2024-01-09,73.72,26.28
ESABINDIA.NS,2024-03-31,2024-04-10,73.72,26.28
ESABINDIA.NS,2024-06-30,2024-07-11,73.72,26.28
ESABINDIA.NS,2024-09-30,2024-10-14,73.72,26.28
ESABINDIA.NS,2024-12-31,2025-01-17,73.72,26.28
ESABINDIA.NS,2025-03-31,2025-04-16,73.72,26.28
ESABINDIA.NS,2025-06-30,2025-07-15,73.72,26.28
ESABINDIA.NS,2025-09-30,2025-10-14,73.72,26.28
ESABINDIA.NS,2025-12-31,2026-01-09,73.72,26.28
ESABINDIA.NS,2026-03-31,2026-04-09,73.72,26.28
ESABINDIA.NS,2026-06-30,2026-07-07,73.72,26.28
ESCORTS.NS,2021-09-30,2021-10-21,36.59,61.35
ESCORTS.NS,2021-12-27,2022-01-06,30.25,67.57
ESCORTS.NS,2021-12-31,2022-01-17,30.25,67.57
ESCORTS.NS,2022-02-18,2022-02-26,28.1,69.87
ESCORTS.NS,2022-03-31,2022-04-08,28.1,70.1
ESCORTS.NS,2022-03-31,2022-04-08,28.1,70.1
ESCORTS.NS,2022-06-30,2022-07-19,72.9,25.3
ESCORTS.NS,2022-09-30,2022-10-19,72.9,25.39
ESCORTS.NS,2022-12-31,2023-01-17,72.9,25.42
ESCORTS.NS,2023-03-31,2023-04-19,72.9,25.45
ESCORTS.NS,2023-05-28,2023-06-05,67.64,30.4
ESCORTS.NS,2023-06-30,2023-07-20,67.64,30.4
ESCORTS.NS,2023-09-30,2023-10-18,67.64,30.44
ESCORTS.NS,2023-12-31,2024-01-18,67.64,30.46
ESCORTS.NS,2024-03-31,2024-04-19,67.64,30.49
ESCORTS.NS,2024-06-30,2024-07-12,67.64,30.63
ESCORTS.NS,2024-09-30,2024-10-11,68.04,30.26
ESCORTS.NS,2024-12-31,2025-01-10,68.04,30.27
ESCORTS.NS,2025-03-31,2025-04-10,68.04,30.28
ESCORTS.NS,2025-06-30,2025-07-14,68.04,30.29
ESCORTS.NS,2025-09-30,2025-10-11,68.04,30.3
ESCORTS.NS,2025-12-31,2026-01-13,68.04,30.3
ESCORTS.NS,2026-03-31,2026-04-20,68.04,30.3
ESCORTS.NS,2026-06-30,2026-07-17,68.04,30.31
ETERNAL.NS,2021-09-30,2021-10-19,0.0,96.43
ETERNAL.NS,2021-12-31,2022-01-19,0.0,97.03
ETERNAL.NS,2022-03-31,2022-04-20,0.0,97.09
ETERNAL.NS,2022-06-30,2022-07-20,0.0,97.19
ETERNAL.NS,2022-08-10,2022-08-11,0.0,97.51
ETERNAL.NS,2022-09-30,2022-10-21,0.0,97.52
ETERNAL.NS,2022-12-31,2023-01-19,0.0,97.74
ETERNAL.NS,2023-03-31,2023-04-20,0.0,97.78
ETERNAL.NS,2023-06-30,2023-07-21,0.0,97.91
ETERNAL.NS,2023-09-30,2023-10-18,0.0,98.18
ETERNAL.NS,2023-12-31,2024-01-15,0.0,98.34
ETERNAL.NS,2024-03-31,2024-04-17,0.0,98.42
ETERNAL.NS,2024-06-30,2024-07-19,0.0,98.55
ETERNAL.NS,2024-09-30,2024-10-14,0.0,98.73
ETERNAL.NS,2024-11-29,2024-12-03,0.0,98.82
ETERNAL.NS,2024-12-02,2024-12-27,0.0,93.93
ETERNAL.NS,2024-12-31,2025-01-13,0.0,93.93
ETERNAL.NS,2025-03-31,2025-04-07,0.0,94.02
ETERNAL.NS,2025-06-30,2025-07-14,0.0,94.09
ETERNAL.NS,2025-09-30,2025-10-13,0.0,94.29
ETERNAL.NS,2025-12-31,2026-01-12,0.0,94.42
ETERNAL.NS,2026-03-31,2026-04-03,0.0,95.27
ETERNAL.NS,2026-06-30,2026-07-08,0.0,95.39
EXIDEIND.NS,2021-09-30,2021-10-14,45.99,54.01
EXIDEIND.NS,2021-12-31,2022-01-17,45.99,54.01
EXIDEIND.NS,2022-03-31,2022-04-18,45.99,54.01
EXIDEIND.NS,2022-06-30,2022-07-20,45.99,54.01
EXIDEIND.NS,2022-09-30,2022-10-18,45.99,54.01
EXIDEIND.NS,2022-12-31,2023-01-18,45.99,54.01
EXIDEIND.NS,2023-03-31,2023-04-18,45.99,54.01
EXIDEIND.NS,2023-06-30,2023-07-14,45.99,54.01
EXIDEIND.NS,2023-09-30,2023-10-12,45.99,54.01
EXIDEIND.NS,2023-12-31,2024-01-16,45.99,54.01
EXIDEIND.NS,2024-03-31,2024-04-17,45.99,54.01
EXIDEIND.NS,2024-06-30,2024-07-15,45.99,54.01
EXIDEIND.NS,2024-09-30,2024-10-14,45.99,54.01
EXIDEIND.NS,2024-12-31,2025-01-14,45.99,54.01
EXIDEIND.NS,2025-03-31,2025-04-10,45.99,54.01
EXIDEIND.NS,2025-06-30,2025-07-18,45.99,54.01
EXIDEIND.NS,2025-09-30,2025-10-14,45.99,54.01
EXIDEIND.NS,2025-12-31,2026-01-13,45.99,54.01
EXIDEIND.NS,2026-03-31,2026-04-13,45.99,54.01
EXIDEIND.NS,2026-06-30,2026-07-20,45.99,54.01
FACT.NS,2021-09-30,2021-10-08,90.0,10.0
FACT.NS,2021-12-31,2022-01-10,90.0,10.01
FACT.NS,2022-03-31,2022-04-08,90.0,10.0
FACT.NS,2022-06-30,2022-07-11,90.0,10.0
FACT.NS,2022-09-30,2022-10-19,90.0,10.0
FACT.NS,2022-12-31,2023-01-16,90.0,10.0
FACT.NS,2023-03-31,2023-04-13,90.0,10.0
FACT.NS,2023-06-30,2023-07-13,90.0,10.0
FACT.NS,2023-09-30,2023-10-11,90.0,10.0
FACT.NS,2023-12-31,2024-01-12,90.0,10.0
FACT.NS,2024-03-31,2024-04-17,90.0,10.0
FACT.NS,2024-06-30,2024-07-19,90.0,10.0
FACT.NS,2024-09-30,2024-10-17,90.0,10.0
FACT.NS,2024-12-31,2025-01-10,90.0,10.0
FACT.NS,2025-03-31,2025-04-09,90.0,10.0
FACT.NS,2025-06-30,2025-07-19,90.0,10.0
FACT.NS,2025-09-30,2025-10-13,90.0,10.0
FACT.NS,2025-12-31,2026-01-16,90.0,10.0
FACT.NS,2026-03-31,2026-04-16,90.0,10.0
FACT.NS,2026-06-30,2026-07-10,90.0,10.0
FCONSUMER.NS,2021-09-30,2021-10-19,14.47,84.85
FCONSUMER.NS,2021-12-31,2022-01-14,12.16,87.17
FCONSUMER.NS,2022-03-31,2022-04-19,8.39,90.94
FCONSUMER.NS,2022-06-30,2022-07-15,3.49,95.84
FCONSUMER.NS,2022-09-30,2022-10-19,3.49,95.84
FCONSUMER.NS,2022-12-31,2023-01-18,3.49,95.84
FCONSUMER.NS,2023-03-31,2023-04-20,3.49,95.98
FCONSUMER.NS,2023-06-30,2023-10-04,3.49,95.98
FCONSUMER.NS,2023-09-30,2023-10-17,3.49,95.98
FCONSUMER.NS,2023-12-31,2024-01-19,3.49,95.98
FCONSUMER.NS,2024-03-31,2024-04-19,3.49,96.35
FCONSUMER.NS,2024-06-30,2024-12-13,3.49,96.51
FCONSUMER.NS,2024-09-30,2024-12-12,3.49,96.51
FCONSUMER.NS,2024-12-31,2025-01-13,3.49,96.51
FCONSUMER.NS,2025-03-31,2025-04-21,3.49,96.51
FDC.NS,2021-09-30,2021-10-20,69.35,30.65
FDC.NS,2021-12-31,2022-01-17,69.36,30.64
FDC.NS,2022-03-31,2022-04-20,69.36,30.64
FDC.NS,2022-06-30,2022-07-19,69.5,30.5
FDC.NS,2022-09-30,2022-10-20,69.5,30.5
FDC.NS,2022-12-31,2023-01-18,69.5,30.5
FDC.NS,2023-03-31,2023-04-13,69.5,30.5
FDC.NS,2023-06-30,2023-07-14,69.5,30.5
FDC.NS,2023-09-30,2023-10-13,69.66,30.34
FDC.NS,2023-12-31,2024-01-19,69.66,30.34
FDC.NS,2024-03-31,2024-04-18,69.66,30.34
FDC.NS,2024-06-30,2024-07-17,69.66,30.34
FDC.NS,2024-09-30,2024-10-19,69.66,30.34
FDC.NS,2024-12-31,2025-01-17,69.66,30.34
FDC.NS,2025-03-31,2025-04-17,69.66,30.34
FDC.NS,2025-06-30,2025-07-19,69.66,30.34
FDC.NS,2025-09-30,2025-10-14,69.66,30.34
FDC.NS,2025-12-31,2026-01-16,69.66,30.34
FDC.NS,2026-03-31,2026-04-14,69.66,30.34
FDC.NS,2026-06-30,2026-07-17,69.66,30.34
FEDERALBNK.NS,2021-09-30,2021-10-20,0.0,100.0
FEDERALBNK.NS,2021-12-31,2022-01-11,0.0,100.0
FEDERALBNK.NS,2022-03-31,2022-04-20,0.0,100.0
FEDERALBNK.NS,2022-06-30,2022-07-21,0.0,100.0
FEDERALBNK.NS,2022-09-30,2022-10-21,0.0,100.0
FEDERALBNK.NS,2022-12-31,2023-01-19,0.0,100.0
FEDERALBNK.NS,2023-03-31,2023-04-20,0.0,100.0
FEDERALBNK.NS,2023-06-30,2023-07-17,0.0,100.0
FEDERALBNK.NS,2023-07-25,2023-07-25,0.0,100.0
FEDERALBNK.NS,2023-09-30,2023-10-11,0.0,100.0
FEDERALBNK.NS,2023-10-11,2023-10-12,0.0,100.0
FEDERALBNK.NS,2023-12-31,2024-01-12,0.0,100.0
FEDERALBNK.NS,2024-03-31,2024-04-18,0.0,100.0
FEDERALBNK.NS,2024-06-30,2024-07-20,0.0,100.0
FEDERALBNK.NS,2024-09-30,2024-10-15,0.0,100.0
FEDERALBNK.NS,2024-12-31,2025-01-15,0.0,100.0
FEDERALBNK.NS,2025-03-31,2025-04-15,0.0,100.0
FEDERALBNK.NS,2025-06-30,2025-07-21,0.0,100.0
FEDERALBNK.NS,2025-09-30,2025-10-16,0.0,100.0
FEDERALBNK.NS,2025-12-31,2026-01-16,0.0,100.0
FEDERALBNK.NS,2026-03-31,2026-04-21,0.0,100.0
FEDERALBNK.NS,2026-06-30,2026-07-21,0.0,100.0
FINCABLES.NS,2021-09-30,2021-10-16,35.92,64.08
FINCABLES.NS,2021-12-31,2022-01-10,35.92,64.08
FINCABLES.NS,2022-03-31,2022-04-11,35.92,64.08
FINCABLES.NS,2022-06-30,2022-07-15,35.92,64.08
FINCABLES.NS,2022-09-30,2022-10-18,35.92,64.08
FINCABLES.NS,2022-12-31,2023-01-17,35.92,64.08
FINCABLES.NS,2023-03-31,2023-04-18,35.92,64.08
FINCABLES.NS,2023-06-30,2023-07-18,35.92,64.08
FINCABLES.NS,2023-09-30,2023-10-17,35.92,64.08
FINCABLES.NS,2023-12-31,2024-01-11,35.92,64.08
FINCABLES.NS,2024-03-31,2024-04-12,35.92,64.08
FINCABLES.NS,2024-06-30,2024-07-09,35.86,64.14
FINCABLES.NS,2024-09-30,2024-10-05,35.86,64.14
FINCABLES.NS,2024-12-31,2025-01-09,35.86,64.14
FINCABLES.NS,2025-03-31,2025-04-11,35.86,64.14
FINCABLES.NS,2025-06-30,2025-07-09,35.86,64.14
FINCABLES.NS,2025-09-30,2025-10-15,35.86,64.14
FINCABLES.NS,2025-12-31,2026-01-08,35.86,64.14
FINCABLES.NS,2026-03-31,2026-04-14,35.86,64.14
FINCABLES.NS,2026-06-30,2026-07-16,35.86,64.14
FINEORG.NS,2021-12-31,2022-01-20,75.0,25.0
FINEORG.NS,2022-03-31,2022-04-02,75.0,25.0
FINEORG.NS,2022-06-30,2022-07-20,75.0,25.0
FINEORG.NS,2022-09-30,2022-10-21,75.0,25.0
FINEORG.NS,2022-12-31,2023-01-20,75.0,25.0
FINEORG.NS,2023-03-31,2023-04-19,75.0,25.0
FINEORG.NS,2023-06-30,2023-07-20,75.0,25.0
FINEORG.NS,2023-09-30,2023-10-20,75.0,25.0
FINEORG.NS,2023-12-31,2024-01-20,75.0,25.0
FINEORG.NS,2024-03-31,2024-04-19,75.0,25.0
FINEORG.NS,2024-06-30,2024-07-19,75.0,25.0
FINEORG.NS,2024-09-30,2024-10-19,75.0,25.0
FINEORG.NS,2024-12-31,2025-01-20,75.0,25.0
FINEORG.NS,2025-03-31,2025-04-19,75.0,25.0
FINEORG.NS,2025-06-30,2025-07-18,75.0,25.0
FINEORG.NS,2025-09-30,2025-10-17,75.0,25.0
FINEORG.NS,2025-12-31,2026-01-07,75.0,25.0
FINEORG.NS,2026-03-31,2026-04-16,75.0,25.0
FINEORG.NS,2026-06-30,2026-07-20,75.0,25.0
FINPIPE.NS,2021-09-30,2021-10-18,52.47,47.19
FINPIPE.NS,2021-12-31,2022-01-17,52.47,47.19
FINPIPE.NS,2022-03-31,2022-04-16,52.47,47.19
FINPIPE.NS,2022-06-30,2022-07-18,52.47,47.19
FINPIPE.NS,2022-09-30,2022-10-21,52.47,47.19
FINPIPE.NS,2022-12-31,2023-01-17,52.47,47.19
FINPIPE.NS,2023-03-31,2023-04-20,52.47,47.19
FINPIPE.NS,2023-06-30,2023-07-20,52.47,47.18
FINPIPE.NS,2023-09-30,2023-10-19,52.47,47.18
FINPIPE.NS,2023-12-31,2024-01-09,52.47,47.18
FINPIPE.NS,2024-03-31,2024-04-18,52.47,47.19
FINPIPE.NS,2024-06-30,2024-07-17,52.47,47.18
FINPIPE.NS,2024-09-30,2024-10-05,52.47,47.18
FINPIPE.NS,2024-12-31,2025-01-20,52.47,47.18
FINPIPE.NS,2025-03-31,2025-04-10,52.47,47.18
FINPIPE.NS,2025-06-30,2025-07-19,52.47,47.18
FINPIPE.NS,2025-09-30,2025-10-27,52.47,47.18
FINPIPE.NS,2025-12-31,2026-01-06,52.47,47.18
FINPIPE.NS,2026-03-31,2026-04-04,52.47,47.18
FINPIPE.NS,2026-06-30,2026-07-04,52.47,47.18
FIRSTCRY.NS,2024-08-10,2024-08-13,0.0,89.61
FIRSTCRY.NS,2024-09-30,2024-10-19,0.0,92.2
FIRSTCRY.NS,2024-12-31,2025-01-18,0.0,92.25
FIRSTCRY.NS,2025-03-31,2025-04-18,0.0,92.4
FIRSTCRY.NS,2025-06-30,2025-07-18,0.0,92.61
FIRSTCRY.NS,2025-09-30,2025-10-17,0.0,92.69
FIRSTCRY.NS,2025-12-31,2026-01-20,0.0,92.91
FIRSTCRY.NS,2026-03-31,2026-04-21,0.0,92.94
FIRSTCRY.NS,2026-06-30,2026-07-16,0.0,93.02
FIVESTAR.NS,2022-11-17,2023-01-21,34.87,65.13
FIVESTAR.NS,2022-12-31,2023-01-21,34.87,65.13
FIVESTAR.NS,2023-03-31,2023-04-15,34.87,65.13
FIVESTAR.NS,2023-06-30,2023-07-13,34.39,65.61
FIVESTAR.NS,2023-09-30,2023-10-12,31.3,68.7
FIVESTAR.NS,2023-12-31,2024-01-09,26.53,73.47
FIVESTAR.NS,2024-03-31,2024-04-12,26.51,73.49
FIVESTAR.NS,2024-06-30,2024-07-12,26.51,73.49
FIVESTAR.NS,2024-09-30,2024-10-21,21.59,78.41
FIVESTAR.NS,2024-12-31,2025-01-20,21.55,78.45
FIVESTAR.NS,2025-03-31,2025-04-16,21.47,78.53
FIVESTAR.NS,2025-06-30,2025-07-17,21.47,78.53
FIVESTAR.NS,2025-09-30,2025-10-14,18.57,81.43
FIVESTAR.NS,2025-12-31,2026-01-08,18.56,81.44
FIVESTAR.NS,2026-03-31,2026-04-18,18.61,81.39
FIVESTAR.NS,2026-06-30,2026-07-17,18.61,81.39
FLUOROCHEM.NS,2021-09-30,2021-10-07,67.65,32.35
FLUOROCHEM.NS,2021-12-31,2022-01-05,66.35,33.65
FLUOROCHEM.NS,2022-03-31,2022-04-11,66.08,33.92
FLUOROCHEM.NS,2022-06-30,2022-07-13,66.08,33.92
FLUOROCHEM.NS,2022-09-30,2022-10-13,66.08,33.92
FLUOROCHEM.NS,2022-12-31,2023-01-06,63.81,36.19
FLUOROCHEM.NS,2023-03-31,2023-04-07,63.81,36.19
FLUOROCHEM.NS,2023-06-30,2023-07-07,63.81,36.19
FLUOROCHEM.NS,2023-09-30,2023-10-07,63.81,36.19
FLUOROCHEM.NS,2023-12-31,2024-01-09,63.81,36.19
FLUOROCHEM.NS,2024-03-31,2024-04-04,63.81,36.19
FLUOROCHEM.NS,2024-06-30,2024-07-09,62.58,37.42
FLUOROCHEM.NS,2024-09-30,2024-10-08,62.58,37.42
FLUOROCHEM.NS,2024-12-31,2025-01-13,62.58,37.42
FLUOROCHEM.NS,2025-03-31,2025-04-07,62.58,37.42
FLUOROCHEM.NS,2025-06-30,2025-07-08,62.58,37.42
FLUOROCHEM.NS,2025-09-30,2025-10-10,61.39,38.61
FLUOROCHEM.NS,2025-12-31,2026-01-06,61.39,38.61
FLUOROCHEM.NS,2026-03-31,2026-04-07,61.39,38.61
FLUOROCHEM.NS,2026-06-30,2026-07-13,61.39,38.61
FORCEMOT.NS,2024-02-13,2024-06-12,61.63,38.37
FORCEMOT.NS,2024-03-31,2024-04-18,61.63,38.37
FORCEMOT.NS,2024-06-30,2024-07-13,61.63,38.37
FORCEMOT.NS,2024-09-30,2024-10-21,61.63,38.37
FORCEMOT.NS,2024-12-31,2025-01-20,61.63,38.37
FORCEMOT.NS,2025-03-31,2025-04-17,61.63,38.37
FORCEMOT.NS,2025-06-30,2025-07-14,61.63,38.37
FORCEMOT.NS,2025-09-30,2025-10-17,61.63,38.37
FORCEMOT.NS,2025-12-31,2026-01-14,61.63,38.37
FORCEMOT.NS,2026-03-31,2026-04-15,61.63,38.37
FORCEMOT.NS,2026-06-30,2026-07-17,61.63,38.37
FORTIS.NS,2021-09-30,2021-10-14,31.17,68.83
FORTIS.NS,2021-12-31,2022-01-13,31.17,68.83
FORTIS.NS,2022-03-31,2022-04-18,31.17,68.83
FORTIS.NS,2022-06-30,2022-07-14,31.17,68.83
FORTIS.NS,2022-09-30,2022-10-20,31.17,68.83
FORTIS.NS,2022-12-31,2023-01-18,31.17,68.83
FORTIS.NS,2023-03-31,2023-04-20,31.17,68.83
FORTIS.NS,2023-06-30,2023-07-17,31.17,68.83
FORTIS.NS,2023-09-30,2023-10-18,31.17,68.83
FORTIS.NS,2023-12-31,2024-01-19,31.17,68.83
FORTIS.NS,2024-03-31,2024-04-16,31.17,68.83
FORTIS.NS,2024-06-30,2024-07-19,31.17,68.83
FORTIS.NS,2024-09-30,2024-10-17,31.17,68.83
FORTIS.NS,2024-12-31,2025-01-20,31.17,68.83
FORTIS.NS,2025-03-31,2025-04-18,31.17,68.83
FORTIS.NS,2025-06-30,2025-07-18,31.17,68.83
FORTIS.NS,2025-09-30,2025-10-19,31.17,68.83
FORTIS.NS,2025-12-31,2026-01-14,31.17,68.83
FORTIS.NS,2026-03-31,2026-04-13,31.17,68.83
FORTIS.NS,2026-06-30,2026-07-21,31.17,68.83
FRETAIL.NS,2021-09-30,2021-10-14,19.86,80.14
FRETAIL.NS,2021-12-31,2022-01-18,18.24,81.76
FRETAIL.NS,2022-03-31,2022-04-12,14.31,85.69
FSL.NS,2021-09-30,2021-10-12,53.66,43.89
FSL.NS,2021-12-31,2022-01-07,53.66,44.0
FSL.NS,2022-03-31,2022-04-11,53.66,43.9
FSL.NS,2022-06-30,2022-07-11,53.66,44.02
FSL.NS,2022-09-30,2022-10-13,53.66,43.92
FSL.NS,2022-12-31,2023-01-06,53.66,43.98
FSL.NS,2023-03-31,2023-04-11,53.66,44.11
FSL.NS,2023-06-30,2023-07-07,53.66,44.28
FSL.NS,2023-09-30,2023-10-10,53.66,44.34
FSL.NS,2023-12-31,2024-01-11,53.66,44.9
FSL.NS,2024-03-31,2024-04-09,53.66,45.0
FSL.NS,2024-06-30,2024-07-08,53.66,45.03
FSL.NS,2024-09-30,2024-10-07,53.66,45.22
FSL.NS,2024-12-31,2025-01-07,53.66,45.25
FSL.NS,2025-03-31,2025-04-09,53.66,45.23
FSL.NS,2025-06-30,2025-07-14,53.66,45.45
FSL.NS,2025-09-30,2025-10-16,53.66,45.46
FSL.NS,2025-12-31,2026-01-08,53.66,45.51
FSL.NS,2026-03-31,2026-04-16,53.66,45.39
FSL.NS,2026-06-30,2026-07-14,53.66,45.49
GABRIEL.NS,2021-09-30,2021-10-13,55.0,45.0
GABRIEL.NS,2021-12-31,2022-01-13,55.0,45.0
GABRIEL.NS,2022-03-31,2022-04-08,55.0,45.0
GABRIEL.NS,2022-06-30,2022-07-19,55.0,45.0
GABRIEL.NS,2022-09-30,2022-10-20,55.0,45.0
GABRIEL.NS,2022-12-31,2023-01-16,55.0,45.0
GABRIEL.NS,2023-03-31,2023-04-06,55.0,45.0
GABRIEL.NS,2023-06-30,2023-07-11,55.0,45.0
GABRIEL.NS,2023-09-30,2023-10-13,55.0,45.0
GABRIEL.NS,2023-12-31,2024-01-11,55.0,45.0
GABRIEL.NS,2024-03-31,2024-04-10,55.0,45.0
GABRIEL.NS,2024-06-30,2024-07-10,55.0,45.0
GABRIEL.NS,2024-09-30,2024-10-04,55.0,45.0
GABRIEL.NS,2024-12-31,2025-01-16,55.0,45.0
GABRIEL.NS,2025-03-31,2025-04-11,55.0,45.0
GABRIEL.NS,2025-06-30,2025-07-17,55.0,45.0
GABRIEL.NS,2025-09-30,2025-10-16,55.0,45.0
GABRIEL.NS,2025-12-31,2026-01-20,55.0,45.0
GABRIEL.NS,2026-03-31,2026-04-21,55.03,44.97
GABRIEL.NS,2026-06-09,2026-06-18,63.55,36.45
GABRIEL.NS,2026-06-30,2026-07-22,63.55,36.45
GAEL.NS,2021-09-30,2021-10-08,63.84,36.16
GAEL.NS,2021-12-31,2022-01-04,63.84,36.16
GAEL.NS,2022-03-31,2022-04-08,63.84,36.16
GAEL.NS,2022-06-30,2022-07-11,63.84,36.16
GAEL.NS,2022-09-30,2022-10-12,63.84,36.16
GAEL.NS,2022-12-31,2023-01-11,63.84,36.16
GAEL.NS,2023-03-31,2023-04-06,63.84,36.16
GAEL.NS,2023-06-30,2023-07-07,63.84,36.16
GAEL.NS,2023-09-30,2023-10-12,63.84,36.16
GAEL.NS,2023-12-31,2024-01-04,63.84,36.16
GAEL.NS,2024-03-18,2024-03-27,63.84,36.16
GAEL.NS,2024-03-31,2024-04-18,63.84,36.16
GAEL.NS,2024-06-30,2024-07-10,63.84,36.16
GAEL.NS,2024-09-30,2024-10-05,63.84,36.16
GAEL.NS,2024-12-31,2025-01-07,63.84,36.16
GAEL.NS,2025-03-31,2025-04-12,63.84,36.16
GAEL.NS,2025-06-30,2025-07-07,63.84,36.16
GAEL.NS,2025-09-30,2025-10-17,63.84,36.16
GAEL.NS,2025-12-31,2026-01-08,63.84,36.16
GAEL.NS,2026-03-31,2026-04-17,63.84,36.16
GAEL.NS,2026-06-30,2026-07-20,63.84,36.16
GAIL.NS,2021-09-30,2021-10-19,51.85,48.15
GAIL.NS,2021-12-31,2022-01-11,51.8,48.2
GAIL.NS,2022-03-31,2022-04-19,51.8,48.2
GAIL.NS,2022-06-30,2022-07-12,51.89,48.11
GAIL.NS,2022-09-09,2022-09-16,51.9,48.1
GAIL.NS,2022-09-30,2022-10-19,51.9,48.1
GAIL.NS,2022-12-31,2023-01-11,51.91,48.09
GAIL.NS,2023-03-31,2023-04-13,51.91,48.09
GAIL.NS,2023-06-30,2023-07-07,51.91,48.09
GAIL.NS,2023-09-30,2023-10-16,51.91,48.09
GAIL.NS,2023-12-31,2024-01-16,51.9,48.1
GAIL.NS,2024-03-31,2024-04-15,51.9,48.1
GAIL.NS,2024-06-30,2024-07-10,51.92,48.08
GAIL.NS,2024-09-30,2024-10-10,51.92,48.08
GAIL.NS,2024-12-31,2025-01-07,51.9,48.1
GAIL.NS,2025-03-31,2025-04-08,51.88,48.12
GAIL.NS,2025-06-30,2025-07-16,51.88,48.12
GAIL.NS,2025-09-30,2025-10-15,51.88,48.12
GAIL.NS,2025-12-31,2026-01-14,51.88,48.12
GAIL.NS,2026-03-31,2026-04-10,51.88,48.12
GAIL.NS,2026-06-30,2026-07-21,51.79,48.21
GALAXYSURF.NS,2019-12-31,2020-01-13,70.94,29.06
GALAXYSURF.NS,2021-09-30,2021-10-20,70.93,29.07
GALAXYSURF.NS,2021-12-31,2022-01-20,70.93,29.07
GALAXYSURF.NS,2022-03-31,2022-04-11,70.93,29.07
GALAXYSURF.NS,2022-06-30,2022-07-20,70.93,29.07
GALAXYSURF.NS,2022-09-30,2022-10-18,70.93,29.07
GALAXYSURF.NS,2022-12-31,2023-01-11,70.93,29.07
GALAXYSURF.NS,2023-03-31,2023-04-19,70.93,29.07
GALAXYSURF.NS,2023-06-30,2023-07-19,70.93,29.07
GALAXYSURF.NS,2023-09-30,2023-10-13,70.92,29.08
GALAXYSURF.NS,2023-12-31,2024-01-11,70.92,29.08
GALAXYSURF.NS,2024-03-31,2024-04-16,70.91,29.09
GALAXYSURF.NS,2024-06-30,2024-07-17,70.91,29.09
GALAXYSURF.NS,2024-09-30,2024-10-11,70.91,29.09
GALAXYSURF.NS,2024-12-31,2025-01-09,70.91,29.09
GALAXYSURF.NS,2025-03-31,2025-04-16,70.91,29.09
GALAXYSURF.NS,2025-06-30,2025-07-18,70.91,29.09
GALAXYSURF.NS,2025-09-30,2025-10-17,70.91,29.09
GALAXYSURF.NS,2025-12-31,2026-01-19,70.91,29.09
GALAXYSURF.NS,2026-03-31,2026-04-06,70.9,29.1
GALAXYSURF.NS,2026-06-30,2026-07-13,70.9,29.1
GALLANTT.NS,2021-09-30,2021-10-09,67.24,32.76
GALLANTT.NS,2021-12-31,2022-01-17,67.24,32.76
GALLANTT.NS,2022-03-31,2022-04-16,67.24,32.76
GALLANTT.NS,2022-06-30,2022-07-20,68.72,31.27
GALLANTT.NS,2022-09-30,2022-10-19,68.72,31.28
GALLANTT.NS,2022-12-31,2023-01-16,68.73,31.27
GALLANTT.NS,2023-03-31,2023-04-14,68.75,31.25
GALLANTT.NS,2023-06-30,2023-07-18,68.79,31.21
GALLANTT.NS,2023-09-30,2023-10-15,68.94,31.06
GALLANTT.NS,2023-12-31,2024-01-19,68.94,31.06
GALLANTT.NS,2024-03-31,2024-04-19,68.93,31.07
GALLANTT.NS,2024-06-30,2024-07-17,68.93,31.07
GALLANTT.NS,2024-09-30,2024-10-19,68.93,31.07
GALLANTT.NS,2024-12-31,2025-01-20,68.93,31.07
GALLANTT.NS,2025-03-31,2025-04-18,68.93,31.07
GALLANTT.NS,2025-06-30,2025-07-19,68.93,31.07
GALLANTT.NS,2025-09-30,2025-10-20,68.93,31.07
GALLANTT.NS,2025-12-31,2026-01-19,69.83,30.17
GALLANTT.NS,2026-03-31,2026-04-21,70.0,30.0
GALLANTT.NS,2026-06-30,2026-07-20,70.03,29.97
GARFIBRES.NS,2021-09-30,2021-10-18,52.62,47.38
GARFIBRES.NS,2021-12-31,2022-01-17,52.62,47.38
GARFIBRES.NS,2022-03-31,2022-04-15,52.62,47.38
GARFIBRES.NS,2022-06-30,2022-07-13,52.62,47.38
GARFIBRES.NS,2022-09-30,2022-10-18,52.62,47.38
GARFIBRES.NS,2022-12-31,2023-01-17,52.7,47.3
GARFIBRES.NS,2023-03-31,2023-04-17,52.7,47.3
GARFIBRES.NS,2023-06-30,2023-07-17,52.7,47.3
GARFIBRES.NS,2023-09-30,2023-10-13,52.7,47.3
GARFIBRES.NS,2023-12-31,2024-01-17,52.7,47.3
GARFIBRES.NS,2024-03-31,2024-04-16,52.7,47.3
GARFIBRES.NS,2024-04-25,2024-04-30,53.0,47.0
GARFIBRES.NS,2024-06-30,2024-07-12,53.0,47.0
GARFIBRES.NS,2024-09-30,2024-10-16,53.0,47.0
GARFIBRES.NS,2024-12-31,2025-01-08,53.0,47.0
GARFIBRES.NS,2025-01-06,2025-01-08,53.0,47.0
GARFIBRES.NS,2025-03-31,2025-04-21,53.0,47.0
GARFIBRES.NS,2025-06-30,2025-07-16,53.0,47.0
GARFIBRES.NS,2025-09-30,2025-10-17,53.0,47.0
GARFIBRES.NS,2025-12-31,2026-01-20,53.36,46.64
GARFIBRES.NS,2026-03-31,2026-04-15,53.36,46.64
GARFIBRES.NS,2026-06-30,2026-07-20,54.25,45.75
GESHIP.NS,2019-09-30,2019-10-18,30.07,69.93
GESHIP.NS,2021-09-30,2021-10-18,29.21,70.79
GESHIP.NS,2021-12-31,2022-01-12,29.21,70.79
GESHIP.NS,2022-03-12,2022-03-21,29.95,70.05
GESHIP.NS,2022-03-31,2022-04-20,30.06,69.94
GESHIP.NS,2022-06-30,2022-07-15,30.07,69.93
GESHIP.NS,2022-09-30,2022-10-20,30.07,69.93
GESHIP.NS,2022-12-31,2023-01-18,30.07,69.93
GESHIP.NS,2023-03-31,2023-04-18,30.07,69.93
GESHIP.NS,2023-06-30,2023-07-13,30.07,69.93
GESHIP.NS,2023-09-30,2023-10-12,30.07,69.93
GESHIP.NS,2023-12-31,2024-01-15,30.07,69.93
GESHIP.NS,2024-03-31,2024-04-17,30.07,69.93
GESHIP.NS,2024-06-30,2024-07-12,30.07,69.93
GESHIP.NS,2024-09-30,2024-10-14,30.07,69.93
GESHIP.NS,2024-12-31,2025-01-17,30.07,69.93
GESHIP.NS,2025-03-31,2025-04-09,30.07,69.93
GESHIP.NS,2025-06-30,2025-07-16,30.07,69.93
GESHIP.NS,2025-09-30,2025-10-15,30.07,69.93
GESHIP.NS,2025-12-31,2026-01-15,30.07,69.93
GESHIP.NS,2026-03-31,2026-04-14,30.07,69.93
GESHIP.NS,2026-06-30,2026-07-16,30.07,69.93
GHCL.NS,2021-06-30,2021-07-15,19.18,80.83
GHCL.NS,2021-09-30,2021-10-12,19.08,80.93
GHCL.NS,2021-12-31,2022-01-07,19.08,80.92
GHCL.NS,2022-03-31,2022-04-08,19.07,80.93
GHCL.NS,2022-06-30,2022-07-13,19.03,80.97
GHCL.NS,2022-09-30,2022-10-15,19.03,80.97
GHCL.NS,2022-12-31,2023-01-07,19.05,80.95
GHCL.NS,2023-03-31,2023-04-11,19.05,80.95
GHCL.NS,2023-06-30,2023-07-15,19.06,80.94
GHCL.NS,2023-09-30,2023-10-12,19.06,80.94
GHCL.NS,2023-12-31,2024-01-11,19.03,80.97
GHCL.NS,2024-03-31,2024-04-10,19.04,80.96
GHCL.NS,2024-06-30,2024-07-12,19.04,80.96
GHCL.NS,2024-09-30,2024-10-08,19.04,80.96
GHCL.NS,2024-12-31,2025-01-09,19.04,80.96
GHCL.NS,2025-03-31,2025-04-14,19.04,80.96
GHCL.NS,2025-06-30,2025-07-14,18.97,81.03
GHCL.NS,2025-09-30,2025-10-10,18.97,81.03
GHCL.NS,2025-12-12,2025-12-18,19.83,80.17
GHCL.NS,2025-12-31,2026-01-09,19.83,80.17
GHCL.NS,2026-03-31,2026-04-07,19.87,80.13
GHCL.NS,2026-06-30,2026-07-15,19.83,80.17
GICRE.NS,2021-09-30,2021-10-20,85.78,14.22
GICRE.NS,2021-12-31,2022-01-07,85.78,14.22
GICRE.NS,2022-03-31,2022-04-18,85.78,14.22
GICRE.NS,2022-06-30,2022-07-18,85.78,14.22
GICRE.NS,2022-09-30,2022-10-21,85.78,14.22
GICRE.NS,2022-12-31,2023-01-19,85.78,14.22
GICRE.NS,2023-03-31,2023-04-19,85.78,14.22
GICRE.NS,2023-06-30,2023-07-20,85.78,14.22
GICRE.NS,2023-09-30,2023-10-17,85.78,14.22
GICRE.NS,2023-12-31,2024-01-19,85.78,14.22
GICRE.NS,2024-03-31,2024-04-19,85.78,14.22
GICRE.NS,2024-06-30,2024-07-19,85.78,14.22
GICRE.NS,2024-09-30,2024-10-15,82.4,17.6
GICRE.NS,2024-12-31,2025-01-21,82.4,17.6
GICRE.NS,2025-03-31,2025-04-21,82.4,17.6
GICRE.NS,2025-06-30,2025-07-21,82.4,17.6
GICRE.NS,2025-09-30,2025-10-17,82.4,17.6
GICRE.NS,2025-12-31,2026-01-20,82.4,17.6
GICRE.NS,2026-03-31,2026-04-20,82.4,17.6
GICRE.NS,2026-06-30,2026-07-21,77.4,22.6
GILLETTE.NS,2021-09-30,2021-10-19,75.0,25.0
GILLETTE.NS,2021-12-31,2022-01-18,75.0,25.0
GILLETTE.NS,2022-03-31,2022-04-20,75.0,25.0
GILLETTE.NS,2022-06-30,2022-07-18,75.0,25.0
GILLETTE.NS,2022-09-30,2022-10-21,75.0,25.0
GILLETTE.NS,2022-12-31,2023-01-17,75.0,25.0
GILLETTE.NS,2023-03-31,2023-04-17,75.0,25.0
GILLETTE.NS,2023-06-30,2023-07-19,75.0,25.0
GILLETTE.NS,2023-09-30,2023-10-19,75.0,25.0
GILLETTE.NS,2023-12-31,2024-01-20,75.0,25.0
GILLETTE.NS,2024-03-31,2024-04-15,75.0,25.0
GILLETTE.NS,2024-06-30,2024-07-15,75.0,25.0
GILLETTE.NS,2024-09-30,2024-10-20,75.0,25.0
GILLETTE.NS,2024-12-31,2025-01-14,75.0,25.0
GILLETTE.NS,2025-03-31,2025-04-16,75.0,25.0
GILLETTE.NS,2025-06-30,2025-07-18,75.0,25.0
GILLETTE.NS,2025-09-30,2025-10-17,75.0,25.0
GILLETTE.NS,2025-12-31,2026-01-19,75.0,25.0
GILLETTE.NS,2026-03-31,2026-04-20,75.0,25.0
GILLETTE.NS,2026-06-30,2026-07-21,75.0,25.0
GLAND.NS,2021-09-30,2021-10-16,58.02,41.97
GLAND.NS,2021-12-31,2022-01-13,58.0,42.0
GLAND.NS,2022-03-31,2022-04-15,58.0,42.0
GLAND.NS,2022-06-30,2022-07-14,57.87,42.13
GLAND.NS,2022-09-30,2022-10-18,57.86,42.14
GLAND.NS,2022-12-31,2023-01-11,57.86,42.14
GLAND.NS,2023-03-31,2023-04-14,57.86,42.14
GLAND.NS,2023-06-30,2023-07-17,57.86,42.14
GLAND.NS,2023-09-30,2023-10-18,57.86,42.14
GLAND.NS,2023-12-31,2024-01-12,57.86,42.14
GLAND.NS,2024-03-31,2024-04-15,57.86,42.14
GLAND.NS,2024-06-30,2024-07-15,51.83,48.17
GLAND.NS,2024-09-30,2024-10-17,51.83,48.17
GLAND.NS,2024-12-31,2025-01-20,51.83,48.17
GLAND.NS,2025-03-31,2025-04-15,51.83,48.17
GLAND.NS,2025-06-30,2025-07-18,51.83,48.17
GLAND.NS,2025-09-30,2025-10-15,51.83,48.17
GLAND.NS,2025-12-31,2026-01-16,51.83,48.17
GLAND.NS,2026-03-31,2026-04-17,51.83,48.17
GLAND.NS,2026-06-30,2026-07-20,51.77,48.23
GLAXO.NS,2021-09-30,2021-10-08,75.0,25.0
GLAXO.NS,2021-12-31,2022-01-07,75.0,25.0
GLAXO.NS,2022-03-31,2022-04-11,75.0,25.0
GLAXO.NS,2022-06-30,2022-07-09,75.0,25.0
GLAXO.NS,2022-09-30,2022-10-19,75.0,25.0
GLAXO.NS,2022-12-31,2023-01-12,75.0,25.0
GLAXO.NS,2023-03-31,2023-04-11,75.0,25.0
GLAXO.NS,2023-06-30,2023-07-14,75.0,25.0
GLAXO.NS,2023-09-30,2023-10-09,75.0,25.0
GLAXO.NS,2023-12-31,2024-01-08,75.0,25.0
GLAXO.NS,2024-03-31,2024-04-04,75.0,25.0
GLAXO.NS,2024-06-30,2024-07-05,75.0,25.0
GLAXO.NS,2024-09-30,2024-10-04,75.0,25.0
GLAXO.NS,2024-12-31,2025-01-14,75.0,25.0
GLAXO.NS,2025-03-31,2025-04-17,75.0,25.0
GLAXO.NS,2025-06-30,2025-07-15,75.0,25.0
GLAXO.NS,2025-09-30,2025-10-08,75.0,25.0
GLAXO.NS,2025-12-31,2026-01-09,75.0,25.0
GLAXO.NS,2026-03-31,2026-04-10,75.0,25.0
GLAXO.NS,2026-06-30,2026-07-16,75.0,25.0
GLENMARK.NS,2020-09-30,2020-10-19,46.63,53.37
GLENMARK.NS,2021-09-30,2021-10-21,46.65,53.35
GLENMARK.NS,2021-12-31,2022-01-19,46.65,53.35
GLENMARK.NS,2022-03-31,2022-04-14,46.65,53.35
GLENMARK.NS,2022-06-30,2022-07-18,46.65,53.35
GLENMARK.NS,2022-09-30,2022-10-21,46.65,53.35
GLENMARK.NS,2022-12-31,2023-01-20,46.65,53.35
GLENMARK.NS,2023-03-31,2023-04-18,46.65,53.35
GLENMARK.NS,2023-06-30,2023-07-19,46.65,53.35
GLENMARK.NS,2023-09-30,2023-10-17,46.65,53.35
GLENMARK.NS,2023-12-31,2024-01-11,46.65,53.35
GLENMARK.NS,2024-03-31,2024-04-16,46.64,53.36
GLENMARK.NS,2024-06-30,2024-07-18,46.65,53.35
GLENMARK.NS,2024-09-30,2024-10-18,46.65,53.35
GLENMARK.NS,2024-12-31,2025-01-20,46.65,53.35
GLENMARK.NS,2025-03-31,2025-04-16,46.65,53.35
GLENMARK.NS,2025-06-30,2025-07-18,46.65,53.35
GLENMARK.NS,2025-09-30,2025-10-14,46.65,53.35
GLENMARK.NS,2025-12-31,2026-01-13,46.65,53.35
GLENMARK.NS,2026-03-31,2026-04-15,46.65,53.35
GLENMARK.NS,2026-06-30,2026-07-16,46.65,53.35
GMDCLTD.NS,2021-09-30,2021-10-12,74.0,26.0
GMDCLTD.NS,2021-12-31,2022-01-13,74.0,26.0
GMDCLTD.NS,2022-03-31,2022-04-08,74.0,26.0
GMDCLTD.NS,2022-06-30,2022-07-09,74.0,25.99
GMDCLTD.NS,2022-09-30,2022-10-19,74.0,26.0
GMDCLTD.NS,2022-12-31,2023-01-12,74.0,26.0
GMDCLTD.NS,2023-03-31,2023-04-20,74.0,26.0
GMDCLTD.NS,2023-06-30,2023-07-15,74.0,26.0
GMDCLTD.NS,2023-09-30,2023-10-14,74.0,26.0
GMDCLTD.NS,2023-12-31,2024-01-09,74.0,26.0
GMDCLTD.NS,2024-03-31,2024-04-12,74.0,26.0
GMDCLTD.NS,2024-06-30,2024-07-19,74.0,26.0
GMDCLTD.NS,2024-09-30,2024-10-08,74.0,26.0
GMDCLTD.NS,2024-12-31,2025-01-13,74.0,26.0
GMDCLTD.NS,2025-03-31,2025-04-11,74.0,26.0
GMDCLTD.NS,2025-06-30,2025-07-09,74.0,26.0
GMDCLTD.NS,2025-09-30,2025-10-09,74.0,26.0
GMDCLTD.NS,2025-12-31,2026-01-12,74.0,26.0
GMDCLTD.NS,2026-03-31,2026-04-07,74.0,26.0
GMDCLTD.NS,2026-06-30,2026-07-08,74.0,26.0
GMMPFAUDLR.NS,2021-09-30,2021-10-13,54.95,45.05
GMMPFAUDLR.NS,2021-12-31,2022-01-13,54.95,45.05
GMMPFAUDLR.NS,2022-03-31,2022-04-12,54.95,45.05
GMMPFAUDLR.NS,2022-06-30,2022-07-12,54.95,45.05
GMMPFAUDLR.NS,2022-07-14,2022-07-15,54.95,45.04
GMMPFAUDLR.NS,2022-09-29,2022-10-07,56.06,43.94
GMMPFAUDLR.NS,2022-09-30,2022-10-21,56.06,43.94
GMMPFAUDLR.NS,2022-12-31,2023-01-11,38.74,61.26
GMMPFAUDLR.NS,2023-03-31,2023-04-18,38.74,61.26
GMMPFAUDLR.NS,2023-06-30,2023-07-11,38.74,61.26
GMMPFAUDLR.NS,2023-08-18,2023-08-28,25.18,74.82
GMMPFAUDLR.NS,2023-09-30,2023-10-06,25.18,74.82
GMMPFAUDLR.NS,2023-12-13,2023-12-20,25.18,74.82
GMMPFAUDLR.NS,2023-12-31,2024-01-12,25.18,74.82
GMMPFAUDLR.NS,2024-03-31,2024-04-11,25.18,74.82
GMMPFAUDLR.NS,2024-04-02,2024-04-11,25.18,74.82
GMMPFAUDLR.NS,2024-06-30,2024-07-10,25.18,74.82
GMMPFAUDLR.NS,2024-09-30,2024-10-14,25.18,74.82
GMMPFAUDLR.NS,2024-12-31,2025-01-17,25.18,74.82
GMMPFAUDLR.NS,2025-03-31,2025-04-16,25.18,74.82
GMMPFAUDLR.NS,2025-06-30,2025-07-21,25.18,74.82
GMMPFAUDLR.NS,2025-09-30,2025-10-16,25.18,74.82
GMMPFAUDLR.NS,2025-12-31,2026-01-15,25.18,74.82
GMMPFAUDLR.NS,2026-03-31,2026-04-17,25.18,74.82
GMMPFAUDLR.NS,2026-06-30,2026-07-21,25.18,74.82
GMRAIRPORT.NS,2021-09-30,2021-10-14,60.5,39.5
GMRAIRPORT.NS,2021-12-31,2022-01-20,59.83,40.17
GMRAIRPORT.NS,2022-03-31,2022-04-21,58.9,41.1
GMRAIRPORT.NS,2022-06-30,2022-07-21,58.9,41.1
GMRAIRPORT.NS,2022-09-30,2022-10-21,58.9,41.1
GMRAIRPORT.NS,2022-12-31,2023-01-19,58.9,41.1
GMRAIRPORT.NS,2023-03-31,2023-04-21,59.0,41.0
GMRAIRPORT.NS,2023-06-30,2023-07-21,59.07,40.93
GMRAIRPORT.NS,2023-09-30,2023-10-20,59.07,40.93
GMRAIRPORT.NS,2023-12-31,2024-01-19,59.07,40.93
GMRAIRPORT.NS,2024-03-31,2024-04-20,59.07,40.93
GMRAIRPORT.NS,2024-06-30,2024-07-19,59.07,40.93
GMRAIRPORT.NS,2024-07-10,2024-07-19,49.88,50.12
GMRAIRPORT.NS,2024-07-25,2024-08-03,66.07,33.93
GMRAIRPORT.NS,2024-09-30,2024-10-21,66.07,33.93
GMRAIRPORT.NS,2024-12-31,2025-01-21,66.07,33.93
GMRAIRPORT.NS,2025-03-31,2025-04-19,66.24,33.76
GMRAIRPORT.NS,2025-06-30,2025-07-21,66.24,33.76
GMRAIRPORT.NS,2025-09-30,2025-10-19,66.24,33.76
GMRAIRPORT.NS,2025-12-31,2026-01-21,66.24,33.76
GMRAIRPORT.NS,2026-03-31,2026-04-21,66.33,33.67
GMRAIRPORT.NS,2026-06-30,2026-07-21,67.16,32.84
GNFC.NS,2021-09-30,2021-10-08,41.18,58.82
GNFC.NS,2021-12-31,2022-01-12,41.18,58.82
GNFC.NS,2022-03-31,2022-04-12,41.18,58.82
GNFC.NS,2022-06-30,2022-07-11,41.18,58.82
GNFC.NS,2022-09-30,2022-10-19,41.18,58.82
GNFC.NS,2022-12-31,2023-01-10,41.18,58.82
GNFC.NS,2023-03-31,2023-04-08,41.18,58.82
GNFC.NS,2023-06-30,2023-07-17,41.18,58.82
GNFC.NS,2023-09-30,2023-10-19,41.18,58.82
GNFC.NS,2023-12-31,2024-01-09,41.3,58.7
GNFC.NS,2024-03-31,2024-04-10,41.3,58.7
GNFC.NS,2024-06-30,2024-07-10,41.3,58.7
GNFC.NS,2024-09-30,2024-10-08,41.3,58.7
GNFC.NS,2024-12-31,2025-01-13,41.3,58.7
GNFC.NS,2025-03-31,2025-04-10,41.3,58.7
GNFC.NS,2025-06-30,2025-07-11,41.3,58.7
GNFC.NS,2025-09-30,2025-10-04,41.3,58.7
GNFC.NS,2025-12-31,2026-01-05,41.3,58.7
GNFC.NS,2026-03-31,2026-04-08,41.3,58.7
GNFC.NS,2026-06-30,2026-07-06,41.3,58.7
GOCOLORS.NS,2021-11-29,2022-01-06,52.79,47.21
GOCOLORS.NS,2021-12-31,2022-01-19,52.79,47.21
GOCOLORS.NS,2022-03-31,2022-04-19,52.79,47.21
GOCOLORS.NS,2022-06-30,2022-07-18,52.79,47.21
GOCOLORS.NS,2022-09-30,2022-10-20,52.79,47.21
GOCOLORS.NS,2022-12-31,2023-01-20,52.79,47.21
GOCOLORS.NS,2023-03-31,2023-04-19,52.79,47.21
GOCOLORS.NS,2023-06-30,2023-07-20,52.79,47.21
GOCOLORS.NS,2023-09-30,2023-10-11,52.79,47.21
GOCOLORS.NS,2023-12-31,2024-01-11,52.79,47.21
GOCOLORS.NS,2024-03-31,2024-04-17,52.79,47.21
GOCOLORS.NS,2024-06-30,2024-07-17,52.79,47.21
GOCOLORS.NS,2024-09-30,2024-10-19,52.79,47.21
GOCOLORS.NS,2024-12-31,2025-01-17,52.79,47.21
GOCOLORS.NS,2025-03-31,2025-04-16,52.79,47.21
GOCOLORS.NS,2025-06-30,2025-07-21,52.79,47.21
GOCOLORS.NS,2025-09-30,2025-10-17,52.79,47.21
GOCOLORS.NS,2025-12-31,2026-01-13,52.79,47.21
GOCOLORS.NS,2026-03-09,2026-04-14,54.2,45.8
GOCOLORS.NS,2026-03-31,2026-04-16,54.2,45.8
GOCOLORS.NS,2026-06-30,2026-07-17,55.45,44.55
GODFRYPHLP.NS,2021-09-30,2021-10-14,72.83,27.17
GODFRYPHLP.NS,2021-12-31,2022-01-17,72.83,27.17
GODFRYPHLP.NS,2022-03-31,2022-04-14,72.83,27.17
GODFRYPHLP.NS,2022-06-30,2022-07-15,72.83,27.17
GODFRYPHLP.NS,2022-09-30,2022-10-21,72.83,27.17
GODFRYPHLP.NS,2022-12-31,2023-01-18,72.58,27.42
GODFRYPHLP.NS,2023-03-31,2023-04-18,72.58,27.42
GODFRYPHLP.NS,2023-06-30,2023-07-18,72.58,27.42
GODFRYPHLP.NS,2023-09-30,2023-10-12,72.58,27.42
GODFRYPHLP.NS,2023-12-31,2024-01-15,72.58,27.42
GODFRYPHLP.NS,2024-03-31,2024-04-18,72.58,27.01
GODFRYPHLP.NS,2024-06-30,2024-07-17,72.58,27.01
GODFRYPHLP.NS,2024-09-30,2024-10-18,72.58,27.01
GODFRYPHLP.NS,2024-12-31,2025-01-16,72.58,27.09
GODFRYPHLP.NS,2025-03-31,2025-04-16,72.58,27.42
GODFRYPHLP.NS,2025-06-30,2025-07-18,72.58,27.42
GODFRYPHLP.NS,2025-09-17,2025-09-17,72.58,27.42
GODFRYPHLP.NS,2025-09-30,2025-10-16,72.58,27.42
GODFRYPHLP.NS,2025-12-31,2026-01-12,72.58,27.42
GODFRYPHLP.NS,2026-03-31,2026-04-07,72.58,27.42
GODFRYPHLP.NS,2026-06-30,2026-07-17,72.58,27.42
GODIGIT.NS,2024-05-21,2024-05-24,73.58,26.42
GODIGIT.NS,2024-06-30,2024-07-21,73.58,26.42
GODIGIT.NS,2024-09-30,2024-10-21,73.28,26.72
GODIGIT.NS,2024-12-31,2025-01-21,73.18,26.82
GODIGIT.NS,2025-03-31,2025-04-21,73.12,26.88
GODIGIT.NS,2025-06-30,2025-07-21,73.1,26.9
GODIGIT.NS,2025-09-30,2025-10-17,73.09,26.91
GODIGIT.NS,2025-12-31,2026-01-21,73.03,26.97
GODIGIT.NS,2026-03-31,2026-04-20,73.01,26.99
GODIGIT.NS,2026-06-30,2026-07-21,73.0,27.0
GODREJAGRO.NS,2021-09-30,2021-10-20,71.64,28.36
GODREJAGRO.NS,2021-12-31,2022-01-21,71.64,28.36
GODREJAGRO.NS,2022-03-31,2022-04-20,71.64,28.36
GODREJAGRO.NS,2022-06-30,2022-07-21,73.7,26.3
GODREJAGRO.NS,2022-09-30,2022-10-21,74.07,25.93
GODREJAGRO.NS,2022-12-31,2023-01-21,74.07,25.93
GODREJAGRO.NS,2023-03-31,2023-04-14,74.07,25.93
GODREJAGRO.NS,2023-06-30,2023-07-21,74.05,25.95
GODREJAGRO.NS,2023-09-30,2023-10-21,74.05,25.95
GODREJAGRO.NS,2023-12-31,2024-01-19,74.05,25.95
GODREJAGRO.NS,2024-03-31,2024-04-18,74.05,25.95
GODREJAGRO.NS,2024-06-30,2024-07-20,74.03,25.97
GODREJAGRO.NS,2024-09-30,2024-10-17,74.03,25.97
GODREJAGRO.NS,2024-12-31,2025-01-21,67.56,32.44
GODREJAGRO.NS,2025-03-31,2025-04-21,67.56,32.44
GODREJAGRO.NS,2025-06-30,2025-07-21,67.53,32.47
GODREJAGRO.NS,2025-09-30,2025-10-21,67.53,32.47
GODREJAGRO.NS,2025-12-31,2026-01-21,67.65,32.35
GODREJAGRO.NS,2026-03-31,2026-04-20,67.74,32.26
GODREJAGRO.NS,2026-06-30,2026-07-20,67.74,32.26
GODREJCP.NS,2021-09-30,2021-10-20,63.22,36.78
GODREJCP.NS,2021-12-31,2022-01-18,63.22,36.78
GODREJCP.NS,2022-03-31,2022-04-21,63.22,36.78
GODREJCP.NS,2022-06-30,2022-07-20,63.22,36.78
GODREJCP.NS,2022-09-30,2022-10-18,63.22,36.78
GODREJCP.NS,2022-12-31,2023-01-19,63.21,36.79
GODREJCP.NS,2023-03-31,2023-04-20,63.21,36.79
GODREJCP.NS,2023-06-30,2023-07-21,63.21,36.79
GODREJCP.NS,2023-09-30,2023-10-20,63.21,36.79
GODREJCP.NS,2023-12-31,2024-01-17,63.21,36.79
GODREJCP.NS,2024-03-31,2024-04-19,63.21,36.79
GODREJCP.NS,2024-06-30,2024-07-18,63.01,36.99
GODREJCP.NS,2024-09-30,2024-10-16,63.0,37.0
GODREJCP.NS,2024-12-31,2025-01-15,53.04,46.96
GODREJCP.NS,2025-03-31,2025-04-17,53.07,46.93
GODREJCP.NS,2025-06-30,2025-07-18,53.07,46.93
GODREJCP.NS,2025-09-30,2025-10-18,53.06,46.94
GODREJCP.NS,2025-12-31,2026-01-20,53.05,46.95
GODREJCP.NS,2026-03-31,2026-04-21,53.05,46.95
GODREJCP.NS,2026-06-30,2026-07-20,53.05,46.95
GODREJIND.NS,2021-09-30,2021-10-20,67.18,32.82
GODREJIND.NS,2021-12-31,2022-01-20,67.18,32.82
GODREJIND.NS,2022-03-31,2022-04-20,67.18,32.82
GODREJIND.NS,2022-06-30,2022-07-15,67.18,32.82
GODREJIND.NS,2022-09-30,2022-10-20,67.17,32.83
GODREJIND.NS,2022-12-31,2023-01-20,67.17,32.83
GODREJIND.NS,2023-03-31,2023-04-19,67.17,32.83
GODREJIND.NS,2023-06-30,2023-07-20,67.17,32.83
GODREJIND.NS,2023-09-30,2023-10-20,67.16,32.84
GODREJIND.NS,2023-12-31,2024-01-19,67.16,32.84
GODREJIND.NS,2024-03-31,2024-04-19,67.16,32.84
GODREJIND.NS,2024-06-30,2024-07-18,67.16,32.84
GODREJIND.NS,2024-09-30,2024-10-18,67.69,32.31
GODREJIND.NS,2024-12-31,2025-01-16,65.73,34.27
GODREJIND.NS,2025-03-31,2025-04-17,69.65,30.35
GODREJIND.NS,2025-06-30,2025-07-21,70.97,29.03
GODREJIND.NS,2025-09-30,2025-10-17,71.31,28.69
GODREJIND.NS,2025-12-31,2026-01-20,74.64,25.36
GODREJIND.NS,2026-03-31,2026-04-21,74.64,25.36
GODREJIND.NS,2026-06-30,2026-07-20,74.64,25.36
GODREJPROP.NS,2019-03-31,2019-04-19,70.83,29.17
GODREJPROP.NS,2019-06-29,2019-07-01,64.45,35.55
GODREJPROP.NS,2019-06-30,2019-07-17,64.45,35.55
GODREJPROP.NS,2019-09-30,2019-10-18,64.45,35.55
GODREJPROP.NS,2019-12-31,2020-01-16,64.45,35.55
GODREJPROP.NS,2020-03-31,2020-04-24,64.45,35.55
GODREJPROP.NS,2020-06-30,2020-07-17,64.44,35.56
GODREJPROP.NS,2020-09-30,2020-10-20,64.44,35.56
GODREJPROP.NS,2020-12-31,2021-01-20,64.44,35.56
GODREJPROP.NS,2021-03-16,2021-03-16,58.44,41.56
GODREJPROP.NS,2021-09-30,2021-10-21,58.43,41.57
GODREJPROP.NS,2021-12-31,2022-01-20,58.43,41.57
GODREJPROP.NS,2022-03-31,2022-04-18,58.43,41.57
GODREJPROP.NS,2022-06-30,2022-07-19,58.43,41.57
GODREJPROP.NS,2022-09-30,2022-10-18,58.48,41.52
GODREJPROP.NS,2022-12-31,2023-01-20,58.48,41.52
GODREJPROP.NS,2023-03-31,2023-04-17,58.48,41.52
GODREJPROP.NS,2023-06-30,2023-07-17,58.48,41.52
GODREJPROP.NS,2023-09-30,2023-10-19,58.48,41.52
GODREJPROP.NS,2023-12-31,2024-01-16,58.48,41.52
GODREJPROP.NS,2024-03-31,2024-04-18,58.48,41.52
GODREJPROP.NS,2024-06-30,2024-07-18,58.48,41.52
GODREJPROP.NS,2024-09-30,2024-10-15,58.48,41.52
GODREJPROP.NS,2024-12-03,2024-12-03,46.48,53.52
GODREJPROP.NS,2024-12-31,2025-01-20,46.5,53.5
GODREJPROP.NS,2025-03-31,2025-04-17,46.67,53.33
GODREJPROP.NS,2025-06-30,2025-07-17,46.7,53.3
GODREJPROP.NS,2025-09-30,2025-10-15,47.05,52.95
GODREJPROP.NS,2025-12-31,2026-01-12,47.17,52.83
GODREJPROP.NS,2026-03-31,2026-04-17,51.66,48.34
GODREJPROP.NS,2026-06-30,2026-07-17,51.66,48.34
GPIL.NS,2021-09-30,2021-10-20,67.5,32.5
GPIL.NS,2021-10-30,2021-11-08,67.5,32.5
GPIL.NS,2021-12-31,2022-01-10,67.5,32.5
GPIL.NS,2022-03-31,2022-04-14,67.5,32.5
GPIL.NS,2022-06-30,2022-07-15,67.5,32.5
GPIL.NS,2022-09-30,2022-10-20,67.5,32.5
GPIL.NS,2022-12-31,2023-01-14,67.5,32.5
GPIL.NS,2023-03-31,2023-04-17,67.5,32.5
GPIL.NS,2023-04-28,2023-05-03,67.68,32.32
GPIL.NS,2023-06-30,2023-07-19,67.68,32.32
GPIL.NS,2023-09-30,2023-10-13,63.26,36.74
GPIL.NS,2023-12-31,2024-01-11,63.26,36.74
GPIL.NS,2024-03-31,2024-04-13,63.26,36.74
GPIL.NS,2024-06-30,2024-07-09,63.26,36.74
GPIL.NS,2024-09-30,2024-10-18,63.49,36.51
GPIL.NS,2024-12-31,2025-01-21,63.51,36.49
GPIL.NS,2025-03-31,2025-04-19,63.51,36.49
GPIL.NS,2025-06-30,2025-07-19,63.48,36.52
GPIL.NS,2025-09-30,2025-10-18,63.51,36.49
GPIL.NS,2025-12-31,2026-01-20,63.49,36.51
GPIL.NS,2026-03-31,2026-04-20,63.34,36.66
GPIL.NS,2026-06-30,2026-07-17,63.18,36.82
GPPL.NS,2021-09-30,2021-10-14,44.01,55.99
GPPL.NS,2021-12-31,2022-01-13,44.01,55.99
GPPL.NS,2022-03-31,2022-04-18,44.01,55.99
GPPL.NS,2022-06-30,2022-07-13,44.01,55.99
GPPL.NS,2022-09-30,2022-10-17,44.01,55.99
GPPL.NS,2022-12-31,2023-01-13,44.01,55.99
GPPL.NS,2023-03-31,2023-04-16,44.01,55.99
GPPL.NS,2023-06-30,2023-07-17,44.01,55.99
GPPL.NS,2023-09-30,2023-10-20,44.01,55.99
GPPL.NS,2023-12-31,2024-01-15,44.01,55.99
GPPL.NS,2024-03-31,2024-04-16,44.01,55.99
GPPL.NS,2024-06-30,2024-07-16,44.01,55.99
GPPL.NS,2024-09-30,2024-10-16,44.01,55.99
GPPL.NS,2024-12-31,2025-01-18,44.01,55.99
GPPL.NS,2025-03-31,2025-04-19,44.01,55.99
GPPL.NS,2025-06-30,2025-07-19,44.01,55.99
GPPL.NS,2025-09-30,2025-10-19,44.01,55.99
GPPL.NS,2025-12-31,2026-01-20,44.01,55.99
GPPL.NS,2026-03-31,2026-04-20,44.01,55.99
GPPL.NS,2026-06-30,2026-07-16,44.01,55.99
GRANULES.NS,2021-09-30,2021-10-06,42.04,57.96
GRANULES.NS,2021-12-31,2022-01-07,41.98,58.02
GRANULES.NS,2022-03-31,2022-04-05,41.98,58.02
GRANULES.NS,2022-06-30,2022-07-14,41.98,58.02
GRANULES.NS,2022-09-30,2022-10-13,41.93,58.07
GRANULES.NS,2022-10-19,2022-10-26,42.02,57.98
GRANULES.NS,2022-12-31,2023-01-05,42.02,57.98
GRANULES.NS,2023-03-31,2023-04-07,42.02,57.98
GRANULES.NS,2023-06-30,2023-07-11,42.02,57.98
GRANULES.NS,2023-09-30,2023-10-12,41.96,58.04
GRANULES.NS,2023-12-31,2024-01-09,41.96,58.04
GRANULES.NS,2024-03-31,2024-04-15,41.96,58.04
GRANULES.NS,2024-06-30,2024-07-09,38.87,61.13
GRANULES.NS,2024-09-30,2024-10-11,38.87,61.13
GRANULES.NS,2024-12-31,2025-01-10,38.85,61.15
GRANULES.NS,2025-03-31,2025-04-07,38.84,61.16
GRANULES.NS,2025-06-30,2025-07-04,38.82,61.18
GRANULES.NS,2025-09-30,2025-10-06,38.82,61.18
GRANULES.NS,2025-12-31,2026-01-14,38.82,61.18
GRANULES.NS,2026-02-23,2026-02-26,38.02,61.98
GRANULES.NS,2026-03-31,2026-04-06,38.02,61.98
GRANULES.NS,2026-06-30,2026-07-03,38.02,61.98
GRAPHITE.NS,2021-09-30,2021-10-08,65.34,34.66
GRAPHITE.NS,2021-12-31,2022-01-12,65.34,34.66
GRAPHITE.NS,2022-03-31,2022-04-19,65.34,34.66
GRAPHITE.NS,2022-06-30,2022-07-20,65.34,34.66
GRAPHITE.NS,2022-09-30,2022-10-21,65.34,34.66
GRAPHITE.NS,2022-12-31,2023-01-20,65.34,34.66
GRAPHITE.NS,2023-03-31,2023-04-19,65.34,34.66
GRAPHITE.NS,2023-06-30,2023-07-21,65.34,34.66
GRAPHITE.NS,2023-09-30,2023-10-17,65.34,34.66
GRAPHITE.NS,2023-12-31,2024-01-18,65.34,34.66
GRAPHITE.NS,2024-03-31,2024-04-19,65.34,34.66
GRAPHITE.NS,2024-06-30,2024-07-18,65.34,34.66
GRAPHITE.NS,2024-09-30,2024-10-18,65.34,34.66
GRAPHITE.NS,2024-12-31,2025-01-24,65.34,34.66
GRAPHITE.NS,2025-03-31,2025-04-16,65.34,34.66
GRAPHITE.NS,2025-06-30,2025-07-18,65.34,34.66
GRAPHITE.NS,2025-09-30,2025-10-17,65.34,34.66
GRAPHITE.NS,2025-12-31,2026-01-21,65.34,34.66
GRAPHITE.NS,2026-03-31,2026-04-20,65.34,34.66
GRAPHITE.NS,2026-06-30,2026-07-20,65.34,34.66
GRASIM.NS,2021-09-30,2021-10-20,42.26,57.49
GRASIM.NS,2021-12-31,2022-01-19,42.54,57.21
GRASIM.NS,2022-03-31,2022-04-19,42.76,57.01
GRASIM.NS,2022-06-30,2022-07-18,42.76,57.02
GRASIM.NS,2022-09-30,2022-10-20,42.75,56.97
GRASIM.NS,2022-12-31,2023-01-20,42.75,56.94
GRASIM.NS,2023-03-31,2023-04-19,42.75,56.95
GRASIM.NS,2023-06-30,2023-07-20,42.75,56.95
GRASIM.NS,2023-09-30,2023-10-17,42.75,56.91
GRASIM.NS,2023-12-31,2024-01-18,42.75,56.92
GRASIM.NS,2024-02-02,2024-02-11,43.06,56.62
GRASIM.NS,2024-03-31,2024-04-19,43.06,56.63
GRASIM.NS,2024-06-30,2024-07-18,43.06,56.64
GRASIM.NS,2024-09-30,2024-10-17,43.11,56.57
GRASIM.NS,2024-12-31,2025-01-20,43.11,56.58
GRASIM.NS,2025-03-31,2025-04-16,43.11,56.58
GRASIM.NS,2025-06-30,2025-07-21,43.11,56.59
GRASIM.NS,2025-09-30,2025-10-17,43.11,56.58
GRASIM.NS,2025-12-31,2026-01-16,43.22,56.42
GRASIM.NS,2026-03-31,2026-04-15,43.74,55.92
GRASIM.NS,2026-06-30,2026-07-17,43.74,55.93
GRAVITA.NS,2021-09-30,2021-10-12,73.0,25.0
GRAVITA.NS,2021-12-31,2022-01-19,73.0,25.0
GRAVITA.NS,2022-03-31,2022-04-16,73.0,25.0
GRAVITA.NS,2022-06-30,2022-07-12,73.0,25.0
GRAVITA.NS,2022-09-30,2022-10-19,73.0,25.0
GRAVITA.NS,2022-12-31,2023-01-17,73.0,25.0
GRAVITA.NS,2023-03-31,2023-04-21,73.0,25.0
GRAVITA.NS,2023-06-30,2023-07-20,66.48,31.54
GRAVITA.NS,2023-09-30,2023-10-20,66.48,32.07
GRAVITA.NS,2023-12-31,2024-01-12,66.48,32.07
GRAVITA.NS,2024-03-31,2024-04-12,66.48,32.07
GRAVITA.NS,2024-06-30,2024-07-17,63.37,35.18
GRAVITA.NS,2024-09-30,2024-10-16,63.37,35.18
GRAVITA.NS,2024-12-19,2024-12-26,59.27,39.37
GRAVITA.NS,2024-12-31,2025-01-17,59.27,39.37
GRAVITA.NS,2025-03-31,2025-04-21,59.27,39.37
GRAVITA.NS,2025-06-30,2025-07-14,55.88,42.78
GRAVITA.NS,2025-09-30,2025-10-18,55.88,42.78
GRAVITA.NS,2025-12-31,2026-01-20,55.88,42.79
GRAVITA.NS,2026-03-31,2026-04-20,55.88,42.79
GRAVITA.NS,2026-06-30,2026-07-20,55.88,42.8
GREAVESCOT.NS,2021-09-30,2021-10-13,55.63,44.37
GREAVESCOT.NS,2021-12-31,2022-01-11,55.62,44.38
GREAVESCOT.NS,2022-03-31,2022-04-14,55.55,44.45
GREAVESCOT.NS,2022-06-30,2022-07-11,55.54,44.46
GREAVESCOT.NS,2022-09-30,2022-10-18,55.54,44.46
GREAVESCOT.NS,2022-12-31,2023-01-11,55.54,44.46
GREAVESCOT.NS,2023-03-31,2023-04-14,55.74,44.26
GREAVESCOT.NS,2023-06-30,2023-07-11,55.87,44.13
GREAVESCOT.NS,2023-09-30,2023-10-12,56.0,44.0
GREAVESCOT.NS,2023-12-31,2024-01-11,56.0,44.0
GREAVESCOT.NS,2024-03-31,2024-04-16,56.0,44.0
GREAVESCOT.NS,2024-06-30,2024-07-17,55.88,44.12
GREAVESCOT.NS,2024-09-30,2024-10-11,55.88,44.12
GREAVESCOT.NS,2024-12-31,2025-01-20,55.88,44.12
GREAVESCOT.NS,2025-03-31,2025-04-14,55.88,44.12
GREAVESCOT.NS,2025-06-30,2025-07-21,55.81,44.19
GREAVESCOT.NS,2025-09-30,2025-10-18,55.8,44.2
GREAVESCOT.NS,2025-12-31,2026-01-18,55.8,44.2
GREAVESCOT.NS,2026-03-31,2026-04-20,55.78,44.22
GREAVESCOT.NS,2026-06-30,2026-07-17,55.77,44.23
GREENPANEL.NS,2021-09-30,2021-10-07,53.1,46.9
GREENPANEL.NS,2021-12-31,2022-01-17,53.1,46.9
GREENPANEL.NS,2022-03-31,2022-04-19,53.1,46.9
GREENPANEL.NS,2022-06-30,2022-07-19,53.1,46.9
GREENPANEL.NS,2022-09-30,2022-10-21,53.1,46.9
GREENPANEL.NS,2022-12-31,2023-01-21,53.1,46.9
GREENPANEL.NS,2023-03-31,2023-04-17,53.1,46.9
GREENPANEL.NS,2023-06-30,2023-07-21,53.1,46.9
GREENPANEL.NS,2023-09-30,2023-10-17,53.13,46.87
GREENPANEL.NS,2023-12-31,2024-01-19,53.13,46.87
GREENPANEL.NS,2024-03-31,2024-04-10,53.13,46.87
GREENPANEL.NS,2024-06-30,2024-07-15,53.13,46.87
GREENPANEL.NS,2024-09-30,2024-10-21,53.13,46.87
GREENPANEL.NS,2024-12-31,2025-01-21,53.13,46.87
GREENPANEL.NS,2025-03-31,2025-04-21,53.13,46.87
GREENPANEL.NS,2025-06-30,2025-07-21,53.13,46.87
GREENPANEL.NS,2025-09-30,2025-10-20,53.13,46.87
GREENPANEL.NS,2025-12-31,2026-01-21,53.13,46.87
GREENPANEL.NS,2026-03-31,2026-04-17,53.13,46.87
GREENPANEL.NS,2026-06-30,2026-07-21,53.26,46.74
GRINDWELL.NS,2021-09-30,2021-10-07,58.08,41.92
GRINDWELL.NS,2021-12-31,2022-01-10,58.08,41.92
GRINDWELL.NS,2022-03-31,2022-04-13,58.08,41.92
GRINDWELL.NS,2022-06-30,2022-07-13,58.08,41.92
GRINDWELL.NS,2022-09-30,2022-10-19,58.08,41.92
GRINDWELL.NS,2022-12-31,2023-01-20,58.03,41.97
GRINDWELL.NS,2023-03-31,2023-04-11,58.03,41.97
GRINDWELL.NS,2023-06-30,2023-07-17,58.03,41.97
GRINDWELL.NS,2023-09-30,2023-10-13,58.03,41.97
GRINDWELL.NS,2023-12-31,2024-01-12,58.03,41.97
GRINDWELL.NS,2024-03-31,2024-04-17,58.03,41.97
GRINDWELL.NS,2024-06-30,2024-07-09,58.03,41.97
GRINDWELL.NS,2024-09-30,2024-10-10,58.03,41.97
GRINDWELL.NS,2024-12-31,2025-01-13,58.03,41.97
GRINDWELL.NS,2025-03-31,2025-04-11,58.03,41.97
GRINDWELL.NS,2025-06-30,2025-07-08,58.03,41.97
GRINDWELL.NS,2025-09-30,2025-10-07,58.03,41.97
GRINDWELL.NS,2025-12-31,2026-01-08,58.03,41.97
GRINDWELL.NS,2026-03-31,2026-04-07,58.03,41.97
GRINDWELL.NS,2026-06-30,2026-07-14,58.03,41.97
GRINFRA.NS,2021-09-30,2021-10-08,86.54,13.46
GRINFRA.NS,2021-12-31,2022-01-19,86.54,13.46
GRINFRA.NS,2022-03-31,2022-04-14,86.54,13.46
GRINFRA.NS,2022-06-30,2022-07-12,86.54,13.46
GRINFRA.NS,2022-09-30,2022-10-19,79.74,20.26
GRINFRA.NS,2022-12-31,2023-01-09,79.74,20.26
GRINFRA.NS,2023-03-31,2023-04-11,79.74,20.26
GRINFRA.NS,2023-06-30,2023-07-12,79.74,20.26
GRINFRA.NS,2023-09-30,2023-10-16,79.74,20.26
GRINFRA.NS,2023-12-31,2024-01-09,79.74,20.26
GRINFRA.NS,2024-03-31,2024-04-12,74.74,25.26
GRINFRA.NS,2024-06-30,2024-07-17,74.74,25.26
GRINFRA.NS,2024-09-30,2024-10-16,74.71,25.29
GRINFRA.NS,2024-12-31,2025-01-15,74.7,25.3
GRINFRA.NS,2025-03-31,2025-04-16,74.7,25.3
GRINFRA.NS,2025-06-30,2025-07-21,74.7,25.3
GRINFRA.NS,2025-09-30,2025-10-18,74.69,25.31
GRINFRA.NS,2025-12-31,2026-01-15,74.69,25.31
GRINFRA.NS,2026-03-31,2026-04-18,74.69,25.31
GRINFRA.NS,2026-06-30,2026-07-15,74.69,25.31
GRSE.NS,2021-09-30,2021-10-06,74.5,25.5
GRSE.NS,2021-12-31,2022-01-07,74.5,25.5
GRSE.NS,2022-03-31,2022-04-09,74.5,25.5
GRSE.NS,2022-06-30,2022-07-08,74.5,25.5
GRSE.NS,2022-09-30,2022-10-17,74.5,25.5
GRSE.NS,2022-12-31,2023-01-10,74.5,25.5
GRSE.NS,2023-03-31,2023-04-07,74.5,25.5
GRSE.NS,2023-06-30,2023-07-12,74.5,25.5
GRSE.NS,2023-09-30,2023-10-12,74.5,25.5
GRSE.NS,2023-12-31,2024-01-10,74.5,25.5
GRSE.NS,2024-03-31,2024-04-08,74.5,25.5
GRSE.NS,2024-06-30,2024-07-09,74.5,25.5
GRSE.NS,2024-09-30,2024-10-09,74.5,25.5
GRSE.NS,2024-12-31,2025-01-09,74.5,25.5
GRSE.NS,2025-03-31,2025-04-10,74.5,25.5
GRSE.NS,2025-06-30,2025-07-12,74.5,25.5
GRSE.NS,2025-09-30,2025-10-11,74.5,25.5
GRSE.NS,2025-12-31,2026-01-15,74.5,25.5
GRSE.NS,2026-03-31,2026-04-07,74.5,25.5
GRSE.NS,2026-06-30,2026-07-14,74.5,25.5
GSFC.NS,2021-09-30,2021-10-08,37.84,62.16
GSFC.NS,2021-12-31,2022-01-06,37.84,62.16
GSFC.NS,2022-03-31,2022-04-06,37.84,62.16
GSFC.NS,2022-06-30,2022-07-07,37.84,62.16
GSFC.NS,2022-09-30,2022-10-15,37.84,62.16
GSFC.NS,2022-12-31,2023-01-07,37.84,62.16
GSFC.NS,2023-03-31,2023-04-07,37.84,62.16
GSFC.NS,2023-06-30,2023-07-20,37.84,62.16
GSFC.NS,2023-09-30,2023-10-17,37.84,62.16
GSFC.NS,2023-12-31,2024-01-06,37.84,62.16
GSFC.NS,2024-03-31,2024-04-06,37.84,62.16
GSFC.NS,2024-06-30,2024-07-12,37.84,62.16
GSFC.NS,2024-09-30,2024-10-10,37.84,62.16
GSFC.NS,2024-12-31,2025-01-08,37.84,62.16
GSFC.NS,2025-03-31,2025-04-09,37.84,62.16
GSFC.NS,2025-06-30,2025-07-09,37.84,62.16
GSFC.NS,2025-09-30,2025-10-06,37.84,62.16
GSFC.NS,2025-12-31,2026-01-08,37.84,62.16
GSFC.NS,2026-03-31,2026-04-14,37.84,62.16
GSFC.NS,2026-06-30,2026-07-16,37.84,62.16
GUJALKALI.NS,2021-09-30,2021-10-16,46.28,53.72
GUJALKALI.NS,2021-12-31,2022-01-13,46.28,53.72
GUJALKALI.NS,2022-03-31,2022-04-16,46.28,53.72
GUJALKALI.NS,2022-06-30,2022-07-13,46.28,53.72
GUJALKALI.NS,2022-09-30,2022-10-19,46.28,53.72
GUJALKALI.NS,2022-12-31,2023-01-19,46.28,53.72
GUJALKALI.NS,2023-03-31,2023-04-14,46.28,53.72
GUJALKALI.NS,2023-06-30,2023-07-14,46.28,53.72
GUJALKALI.NS,2023-09-30,2023-10-10,46.28,53.72
GUJALKALI.NS,2023-12-31,2024-01-12,46.28,53.72
GUJALKALI.NS,2024-03-31,2024-04-10,46.28,53.72
GUJALKALI.NS,2024-06-30,2024-07-11,46.28,53.72
GUJALKALI.NS,2024-09-30,2024-10-11,46.28,53.72
GUJALKALI.NS,2024-12-31,2025-01-08,46.28,53.72
GUJALKALI.NS,2025-03-31,2025-04-11,46.28,53.72
GUJALKALI.NS,2025-06-30,2025-07-14,46.28,53.72
GUJALKALI.NS,2025-09-30,2025-10-07,46.28,53.72
GUJALKALI.NS,2025-12-31,2026-01-08,46.28,53.72
GUJALKALI.NS,2026-03-31,2026-04-09,47.28,52.72
GUJALKALI.NS,2026-06-30,2026-07-10,47.28,52.72
GUJENERGY.NS,2021-09-30,2021-10-13,60.89,39.11
GUJENERGY.NS,2021-12-31,2022-01-12,60.89,39.11
GUJENERGY.NS,2022-03-31,2022-04-06,60.89,39.11
GUJENERGY.NS,2022-06-30,2022-07-14,60.89,39.11
GUJENERGY.NS,2022-09-30,2022-10-20,60.89,39.11
GUJENERGY.NS,2022-12-31,2023-01-20,60.89,39.11
GUJENERGY.NS,2023-03-31,2023-04-21,60.89,39.11
GUJENERGY.NS,2023-06-30,2023-07-07,60.89,39.11
GUJENERGY.NS,2023-09-30,2023-10-21,60.89,39.11
GUJENERGY.NS,2023-12-31,2024-01-05,60.89,39.11
GUJENERGY.NS,2024-03-31,2024-04-16,60.89,39.11
GUJENERGY.NS,2024-06-30,2024-07-18,60.89,39.11
GUJENERGY.NS,2024-09-30,2024-10-19,60.89,39.11
GUJENERGY.NS,2024-12-31,2025-01-20,60.89,39.11
GUJENERGY.NS,2025-03-31,2025-04-19,60.89,39.11
GUJENERGY.NS,2025-06-30,2025-07-16,60.89,39.11
GUJENERGY.NS,2025-09-30,2025-10-16,60.89,39.11
GUJENERGY.NS,2025-12-31,2026-01-16,60.89,39.11
GUJENERGY.NS,2026-03-31,2026-04-16,60.89,39.11
GUJENERGY.NS,2026-05-16,2026-05-24,38.94,61.06
GUJENERGY.NS,2026-06-30,2026-07-21,38.94,61.06
GULFOILLUB.NS,2021-09-30,2021-10-12,71.82,28.17
GULFOILLUB.NS,2021-12-31,2022-01-12,71.82,28.18
GULFOILLUB.NS,2022-03-31,2022-04-13,71.82,28.18
GULFOILLUB.NS,2022-04-25,2022-05-03,72.03,27.97
GULFOILLUB.NS,2022-06-30,2022-07-21,72.02,27.98
GULFOILLUB.NS,2022-09-30,2022-10-18,72.02,27.98
GULFOILLUB.NS,2022-12-31,2023-01-17,72.02,27.98
GULFOILLUB.NS,2023-03-31,2023-04-12,72.02,27.98
GULFOILLUB.NS,2023-06-30,2023-07-12,72.0,28.0
GULFOILLUB.NS,2023-09-30,2023-10-17,71.94,28.06
GULFOILLUB.NS,2023-12-31,2024-01-10,71.94,28.06
GULFOILLUB.NS,2024-03-31,2024-04-03,71.8,28.2
GULFOILLUB.NS,2024-06-30,2024-07-09,71.76,28.24
GULFOILLUB.NS,2024-09-30,2024-10-09,67.22,32.78
GULFOILLUB.NS,2024-12-31,2025-01-21,67.14,32.86
GULFOILLUB.NS,2025-03-31,2025-04-21,67.14,32.86
GULFOILLUB.NS,2025-06-30,2025-07-21,67.14,32.86
GULFOILLUB.NS,2025-09-30,2025-10-14,67.11,32.89
GULFOILLUB.NS,2025-12-31,2026-01-21,67.11,32.89
GULFOILLUB.NS,2026-03-31,2026-04-17,67.01,32.99
GULFOILLUB.NS,2026-06-30,2026-07-16,66.85,33.15
GVPIL.NS,2021-09-30,2021-10-20,68.58,31.42
GVPIL.NS,2021-12-31,2022-01-20,68.58,31.42
GVPIL.NS,2022-03-31,2022-04-21,68.58,31.42
GVPIL.NS,2022-06-30,2022-07-21,68.58,31.42
GVPIL.NS,2022-09-30,2022-10-21,68.58,31.42
GVPIL.NS,2022-12-31,2023-01-18,68.58,31.42
GVPIL.NS,2023-03-31,2023-04-19,68.58,31.42
GVPIL.NS,2023-06-30,2023-07-19,68.58,31.42
GVPIL.NS,2023-09-30,2023-10-16,68.58,31.42
GVPIL.NS,2023-12-31,2024-01-19,68.58,31.42
GVPIL.NS,2024-03-31,2024-04-18,68.58,31.42
GVPIL.NS,2024-06-30,2024-07-19,68.58,31.42
GVPIL.NS,2024-09-30,2024-10-18,68.58,31.42
GVPIL.NS,2024-12-31,2025-01-15,68.58,31.42
GVPIL.NS,2025-03-31,2025-04-16,68.58,31.42
GVPIL.NS,2025-06-30,2025-07-21,68.58,31.42
GVPIL.NS,2025-09-30,2025-10-17,68.58,31.42
GVPIL.NS,2025-12-31,2026-01-20,68.58,31.42
GVPIL.NS,2026-03-31,2026-04-20,68.58,31.42
GVPIL.NS,2026-06-30,2026-07-21,68.58,31.42
HAL.NS,2021-09-30,2021-10-12,75.15,24.85
HAL.NS,2021-12-31,2022-01-12,75.15,24.85
HAL.NS,2022-03-31,2022-04-08,75.15,24.85
HAL.NS,2022-06-30,2022-07-13,75.15,24.85
HAL.NS,2022-09-30,2022-10-14,75.15,24.85
HAL.NS,2022-12-31,2023-01-19,75.15,24.85
HAL.NS,2023-03-31,2023-04-18,71.65,28.35
HAL.NS,2023-06-30,2023-07-11,71.64,28.36
HAL.NS,2023-09-30,2023-10-13,71.64,28.36
HAL.NS,2023-12-31,2024-01-10,71.64,28.36
HAL.NS,2024-03-31,2024-04-15,71.64,28.36
HAL.NS,2024-06-30,2024-07-10,71.64,28.36
HAL.NS,2024-09-30,2024-10-17,71.64,28.36
HAL.NS,2024-12-31,2025-01-13,71.64,28.36
HAL.NS,2025-03-31,2025-04-16,71.64,28.36
HAL.NS,2025-06-30,2025-07-15,71.64,28.36
HAL.NS,2025-09-30,2025-10-14,71.64,28.36
HAL.NS,2025-12-31,2026-01-12,71.64,28.36
HAL.NS,2026-03-31,2026-04-13,71.64,28.36
HAL.NS,2026-06-30,2026-07-10,71.64,28.36
HAPPSTMNDS.NS,2021-09-30,2021-10-18,53.25,43.58
HAPPSTMNDS.NS,2021-12-31,2022-01-12,53.25,43.72
HAPPSTMNDS.NS,2022-03-31,2022-04-12,53.26,43.85
HAPPSTMNDS.NS,2022-06-30,2022-07-12,53.25,43.98
HAPPSTMNDS.NS,2022-09-30,2022-10-19,53.25,44.09
HAPPSTMNDS.NS,2022-12-31,2023-01-12,53.25,44.15
HAPPSTMNDS.NS,2023-03-31,2023-04-14,53.24,44.26
HAPPSTMNDS.NS,2023-06-30,2023-07-20,53.24,44.47
HAPPSTMNDS.NS,2023-09-30,2023-10-13,51.35,46.5
HAPPSTMNDS.NS,2023-12-31,2024-01-12,50.24,47.66
HAPPSTMNDS.NS,2024-03-31,2024-04-17,50.24,47.84
HAPPSTMNDS.NS,2024-06-30,2024-07-16,44.22,53.99
HAPPSTMNDS.NS,2024-09-30,2024-10-15,44.22,54.13
HAPPSTMNDS.NS,2024-12-31,2025-01-18,44.22,54.25
HAPPSTMNDS.NS,2025-03-31,2025-04-19,44.21,54.32
HAPPSTMNDS.NS,2025-06-30,2025-07-18,44.21,54.39
HAPPSTMNDS.NS,2025-09-30,2025-10-18,44.21,54.43
HAPPSTMNDS.NS,2025-12-31,2026-01-14,44.21,54.45
HAPPSTMNDS.NS,2026-03-31,2026-04-14,44.21,54.47
HAPPSTMNDS.NS,2026-06-30,2026-07-14,44.21,54.55
HATHWAY.NS,2021-09-30,2021-10-06,75.0,25.0
HATHWAY.NS,2021-12-31,2022-01-06,75.0,25.0
HATHWAY.NS,2022-03-31,2022-04-10,75.0,25.0
HATHWAY.NS,2022-06-30,2022-07-15,75.0,25.0
HATHWAY.NS,2022-09-30,2022-10-20,75.0,25.0
HATHWAY.NS,2022-12-31,2023-01-14,75.0,25.0
HATHWAY.NS,2023-03-31,2023-04-16,75.0,25.0
HATHWAY.NS,2023-06-30,2023-07-14,75.0,25.0
HATHWAY.NS,2023-09-30,2023-10-13,75.0,25.0
HATHWAY.NS,2023-12-31,2024-01-15,75.0,25.0
HATHWAY.NS,2024-03-31,2024-04-16,75.0,25.0
HATHWAY.NS,2024-06-30,2024-07-15,75.0,25.0
HATHWAY.NS,2024-09-30,2024-10-10,75.0,25.0
HATHWAY.NS,2024-12-31,2025-01-09,75.0,25.0
HATHWAY.NS,2025-03-31,2025-04-17,75.0,25.0
HATHWAY.NS,2025-06-30,2025-07-13,75.0,25.0
HATHWAY.NS,2025-09-30,2025-10-13,75.0,25.0
HATHWAY.NS,2025-12-31,2026-01-09,75.0,25.0
HATHWAY.NS,2026-03-31,2026-04-11,75.0,25.0
HATHWAY.NS,2026-06-30,2026-07-10,75.0,25.0
HATSUN.NS,2021-09-30,2021-10-19,74.12,25.88
HATSUN.NS,2021-12-31,2022-01-08,74.12,25.88
HATSUN.NS,2022-03-31,2022-04-14,74.26,25.74
HATSUN.NS,2022-06-30,2022-07-20,74.26,25.74
HATSUN.NS,2022-09-30,2022-10-20,73.0,27.0
HATSUN.NS,2022-12-31,2023-01-20,73.0,27.0
HATSUN.NS,2023-01-14,2023-02-04,73.11,26.89
HATSUN.NS,2023-03-31,2023-04-13,73.11,26.89
HATSUN.NS,2023-06-30,2023-07-15,73.11,26.89
HATSUN.NS,2023-09-30,2023-10-17,73.11,26.89
HATSUN.NS,2023-12-31,2024-01-13,73.11,26.89
HATSUN.NS,2024-03-31,2024-04-17,73.15,26.85
HATSUN.NS,2024-06-30,2024-07-11,73.17,26.83
HATSUN.NS,2024-09-30,2024-10-16,73.17,26.83
HATSUN.NS,2024-12-31,2025-01-11,73.17,26.83
HATSUN.NS,2025-03-31,2025-04-17,73.17,26.83
HATSUN.NS,2025-06-30,2025-07-19,73.17,26.83
HATSUN.NS,2025-09-30,2025-10-17,73.17,26.83
HATSUN.NS,2025-12-31,2026-01-20,73.17,26.83
HATSUN.NS,2026-03-31,2026-04-18,73.17,26.83
HATSUN.NS,2026-06-30,2026-07-18,73.17,26.83
HAVELLS.NS,2021-09-30,2021-10-19,59.47,40.52
HAVELLS.NS,2021-12-31,2022-01-09,59.47,40.52
HAVELLS.NS,2022-03-31,2022-04-18,59.47,40.52
HAVELLS.NS,2022-06-30,2022-07-14,59.45,40.51
HAVELLS.NS,2022-09-30,2022-10-17,59.45,40.54
HAVELLS.NS,2022-12-31,2023-01-09,59.45,40.54
HAVELLS.NS,2023-03-31,2023-04-12,59.45,40.54
HAVELLS.NS,2023-06-30,2023-07-13,59.43,40.53
HAVELLS.NS,2023-09-30,2023-10-11,59.43,40.57
HAVELLS.NS,2023-12-31,2024-01-15,59.43,40.57
HAVELLS.NS,2024-03-31,2024-04-15,59.43,40.57
HAVELLS.NS,2024-06-30,2024-07-11,59.41,40.55
HAVELLS.NS,2024-09-30,2024-10-09,59.41,40.59
HAVELLS.NS,2024-12-31,2025-01-20,59.41,40.59
HAVELLS.NS,2025-03-31,2025-04-18,59.41,40.59
HAVELLS.NS,2025-06-30,2025-07-11,59.38,40.57
HAVELLS.NS,2025-09-30,2025-10-11,59.38,40.62
HAVELLS.NS,2025-12-31,2026-01-07,59.38,40.62
HAVELLS.NS,2026-03-31,2026-04-11,59.38,40.62
HAVELLS.NS,2026-06-30,2026-07-13,59.35,40.65
HBLENGINE.NS,2021-09-30,2021-10-21,58.6,41.4
HBLENGINE.NS,2021-12-31,2022-01-17,58.95,41.05
HBLENGINE.NS,2022-03-31,2022-04-11,58.97,41.03
HBLENGINE.NS,2022-06-30,2022-07-20,58.97,41.03
HBLENGINE.NS,2022-09-30,2022-10-14,58.97,41.03
HBLENGINE.NS,2022-12-31,2023-01-17,59.02,40.98
HBLENGINE.NS,2023-03-31,2023-04-19,59.08,40.92
HBLENGINE.NS,2023-06-30,2023-07-20,59.1,40.9
HBLENGINE.NS,2023-09-30,2023-10-17,59.11,40.89
HBLENGINE.NS,2023-12-31,2024-01-21,59.11,40.89
HBLENGINE.NS,2024-03-31,2024-04-21,59.11,40.89
HBLENGINE.NS,2024-06-30,2024-07-20,59.11,40.89
HBLENGINE.NS,2024-09-30,2024-10-21,59.11,40.89
HBLENGINE.NS,2024-12-31,2025-01-21,59.11,40.89
HBLENGINE.NS,2025-03-31,2025-04-21,59.11,40.89
HBLENGINE.NS,2025-06-30,2025-07-21,59.11,40.89
HBLENGINE.NS,2025-09-30,2025-10-21,59.11,40.89
HBLENGINE.NS,2025-12-31,2026-01-21,59.11,40.89
HBLENGINE.NS,2026-03-31,2026-04-21,59.11,40.89
HBLENGINE.NS,2026-06-30,2026-07-23,59.11,40.89
HCLTECH.NS,2021-09-30,2021-10-21,60.33,39.67
HCLTECH.NS,2021-12-31,2022-01-17,60.33,39.47
HCLTECH.NS,2022-03-31,2022-04-19,60.72,39.05
HCLTECH.NS,2022-06-30,2022-07-20,60.72,39.05
HCLTECH.NS,2022-09-30,2022-10-21,60.72,39.05
HCLTECH.NS,2022-12-31,2023-01-17,60.72,39.05
HCLTECH.NS,2023-03-31,2023-04-21,60.81,38.95
HCLTECH.NS,2023-06-30,2023-07-20,60.81,38.96
HCLTECH.NS,2023-09-30,2023-10-16,60.81,38.97
HCLTECH.NS,2023-12-31,2024-01-19,60.81,38.98
HCLTECH.NS,2024-03-31,2024-04-19,60.81,38.98
HCLTECH.NS,2024-06-30,2024-07-18,60.81,38.91
HCLTECH.NS,2024-09-30,2024-10-21,60.81,39.0
HCLTECH.NS,2024-12-31,2025-01-21,60.81,39.06
HCLTECH.NS,2025-03-31,2025-04-19,60.81,39.01
HCLTECH.NS,2025-06-30,2025-07-21,60.81,39.02
HCLTECH.NS,2025-09-30,2025-10-17,60.81,38.89
HCLTECH.NS,2025-12-31,2026-01-16,60.81,38.89
HCLTECH.NS,2026-03-31,2026-04-21,60.86,38.85
HCLTECH.NS,2026-06-30,2026-07-18,60.88,38.83
HDFCAMC.NS,2021-09-30,2021-10-10,68.85,31.15
HDFCAMC.NS,2021-12-31,2022-01-12,68.84,31.16
HDFCAMC.NS,2022-03-31,2022-04-14,68.81,31.19
HDFCAMC.NS,2022-06-30,2022-07-15,68.8,31.2
HDFCAMC.NS,2022-09-30,2022-10-18,62.8,37.2
HDFCAMC.NS,2022-12-31,2023-01-13,62.78,37.22
HDFCAMC.NS,2023-03-31,2023-04-14,62.77,37.23
HDFCAMC.NS,2023-06-30,2023-07-14,52.55,47.45
HDFCAMC.NS,2023-09-30,2023-10-11,52.55,47.45
HDFCAMC.NS,2023-12-31,2024-01-10,52.55,47.45
HDFCAMC.NS,2024-03-31,2024-04-18,52.55,47.45
HDFCAMC.NS,2024-06-30,2024-07-12,52.52,47.48
HDFCAMC.NS,2024-09-30,2024-10-11,52.51,47.49
HDFCAMC.NS,2024-12-31,2025-01-08,52.48,47.52
HDFCAMC.NS,2025-03-31,2025-04-08,52.47,47.53
HDFCAMC.NS,2025-06-30,2025-07-16,52.44,47.56
HDFCAMC.NS,2025-09-30,2025-10-17,52.42,47.58
HDFCAMC.NS,2025-11-27,2025-12-05,52.38,47.62
HDFCAMC.NS,2025-12-31,2026-01-19,52.38,47.62
HDFCAMC.NS,2026-03-31,2026-04-15,52.37,47.63
HDFCAMC.NS,2026-06-30,2026-07-14,52.34,47.66
HDFCBANK.NS,2021-09-30,2021-10-19,25.83,74.17
HDFCBANK.NS,2021-12-31,2022-01-10,25.8,74.2
HDFCBANK.NS,2022-03-31,2022-04-09,25.78,74.22
HDFCBANK.NS,2022-06-30,2022-07-13,25.73,74.27
HDFCBANK.NS,2022-09-30,2022-10-20,25.64,74.36
HDFCBANK.NS,2022-12-31,2023-01-17,25.6,74.4
HDFCBANK.NS,2023-03-31,2023-04-13,25.59,74.41
HDFCBANK.NS,2023-06-30,2023-07-05,25.52,74.48
HDFCBANK.NS,2023-07-14,2023-07-21,0.0,100.0
HDFCBANK.NS,2023-09-30,2023-10-04,0.0,100.0
HDFCBANK.NS,2023-12-31,2024-01-10,0.0,100.0
HDFCBANK.NS,2024-03-31,2024-04-04,0.0,100.0
HDFCBANK.NS,2024-06-30,2024-07-02,0.0,100.0
HDFCBANK.NS,2024-09-30,2024-10-04,0.0,100.0
HDFCBANK.NS,2024-12-31,2025-01-03,0.0,100.0
HDFCBANK.NS,2025-03-31,2025-04-04,0.0,100.0
HDFCBANK.NS,2025-06-30,2025-07-09,0.0,100.0
HDFCBANK.NS,2025-08-28,2025-08-29,0.0,100.0
HDFCBANK.NS,2025-09-30,2025-10-08,0.0,100.0
HDFCBANK.NS,2025-12-31,2026-01-07,0.0,100.0
HDFCBANK.NS,2026-03-31,2026-04-02,0.0,100.0
HDFCBANK.NS,2026-06-30,2026-07-03,0.0,100.0
HDFCLIFE.NS,2021-09-30,2021-10-19,53.81,46.16
HDFCLIFE.NS,2021-12-31,2022-01-06,53.77,46.21
HDFCLIFE.NS,2022-01-01,2022-01-06,51.55,48.42
HDFCLIFE.NS,2022-03-31,2022-04-21,51.53,48.44
HDFCLIFE.NS,2022-06-30,2022-07-20,51.52,48.46
HDFCLIFE.NS,2022-09-30,2022-10-21,50.32,49.65
HDFCLIFE.NS,2022-12-31,2023-01-18,50.32,49.66
HDFCLIFE.NS,2023-03-31,2023-04-18,50.31,49.66
HDFCLIFE.NS,2023-06-30,2023-07-19,50.33,49.64
HDFCLIFE.NS,2023-09-30,2023-10-19,50.39,49.59
HDFCLIFE.NS,2023-12-31,2024-01-19,50.37,49.6
HDFCLIFE.NS,2024-03-31,2024-04-16,50.37,49.61
HDFCLIFE.NS,2024-06-30,2024-07-19,50.37,49.61
HDFCLIFE.NS,2024-09-30,2024-10-18,50.34,49.64
HDFCLIFE.NS,2024-12-31,2025-01-20,50.32,49.65
HDFCLIFE.NS,2025-03-31,2025-04-19,50.32,49.66
HDFCLIFE.NS,2025-06-30,2025-07-21,50.28,49.7
HDFCLIFE.NS,2025-09-30,2025-10-20,50.25,49.73
HDFCLIFE.NS,2025-12-31,2026-01-21,50.21,49.76
HDFCLIFE.NS,2026-03-31,2026-04-21,50.21,49.77
HDFCLIFE.NS,2026-06-30,2026-07-21,50.54,49.44
HEG.NS,2021-09-30,2021-10-14,55.13,44.87
HEG.NS,2021-12-31,2022-01-11,55.13,44.87
HEG.NS,2022-03-31,2022-04-08,55.13,44.87
HEG.NS,2022-06-30,2022-07-11,55.13,44.87
HEG.NS,2022-09-30,2022-10-18,55.13,44.87
HEG.NS,2022-12-31,2023-01-10,55.13,44.87
HEG.NS,2023-03-31,2023-04-13,55.78,44.22
HEG.NS,2023-06-30,2023-07-07,55.78,44.22
HEG.NS,2023-09-30,2023-10-11,55.78,44.22
HEG.NS,2023-12-31,2024-01-12,55.78,44.22
HEG.NS,2024-03-31,2024-04-08,55.78,44.22
HEG.NS,2024-06-30,2024-07-11,55.78,44.22
HEG.NS,2024-09-30,2024-10-08,55.78,44.22
HEG.NS,2024-12-31,2025-01-06,55.78,44.22
HEG.NS,2025-03-31,2025-04-18,55.78,44.22
HEG.NS,2025-06-30,2025-07-21,55.78,44.22
HEG.NS,2025-09-30,2025-10-15,55.78,44.22
HEG.NS,2025-12-31,2026-01-13,56.13,43.87
HEG.NS,2026-03-31,2026-04-08,56.28,43.72
HEG.NS,2026-06-30,2026-07-06,56.28,43.72
HEIDELBERG.NS,2021-09-30,2021-10-20,69.39,30.61
HEIDELBERG.NS,2021-12-31,2022-01-18,69.39,30.61
HEIDELBERG.NS,2022-03-31,2022-04-18,69.39,30.61
HEIDELBERG.NS,2022-06-30,2022-07-19,69.39,30.61
HEIDELBERG.NS,2022-09-30,2022-10-20,69.39,30.61
HEIDELBERG.NS,2022-12-31,2023-01-13,69.39,30.61
HEIDELBERG.NS,2023-03-31,2023-04-19,69.39,30.61
HEIDELBERG.NS,2023-06-30,2023-07-14,69.39,30.61
HEIDELBERG.NS,2023-09-30,2023-10-16,69.39,30.61
HEIDELBERG.NS,2023-12-31,2024-01-11,69.39,30.61
HEIDELBERG.NS,2024-03-31,2024-04-08,69.39,30.61
HEIDELBERG.NS,2024-06-30,2024-07-10,69.39,30.61
HEIDELBERG.NS,2024-09-30,2024-10-14,69.39,30.61
HEIDELBERG.NS,2024-12-31,2025-01-16,69.39,30.61
HEIDELBERG.NS,2025-03-31,2025-04-11,69.39,30.61
HEIDELBERG.NS,2025-06-30,2025-07-21,69.39,30.61
HEIDELBERG.NS,2025-09-30,2025-10-15,69.39,30.61
HEIDELBERG.NS,2025-12-31,2026-01-12,69.39,30.61
HEIDELBERG.NS,2026-03-31,2026-04-14,69.39,30.61
HEIDELBERG.NS,2026-06-30,2026-07-09,69.39,30.61
HEMIPROP.NS,2021-09-30,2021-10-11,51.12,48.88
HEMIPROP.NS,2021-12-31,2022-01-14,51.12,48.88
HEMIPROP.NS,2022-03-31,2022-04-11,51.12,48.88
HEMIPROP.NS,2022-06-30,2022-07-13,51.12,48.88
HEMIPROP.NS,2022-09-30,2022-10-19,51.12,48.88
HEMIPROP.NS,2022-12-31,2023-01-20,51.12,48.88
HEMIPROP.NS,2023-03-31,2023-04-19,51.12,48.88
HEMIPROP.NS,2023-06-30,2023-07-17,51.12,48.88
HEMIPROP.NS,2023-09-30,2023-10-17,51.12,48.88
HEMIPROP.NS,2023-12-31,2024-01-16,51.12,48.88
HEMIPROP.NS,2024-03-31,2024-04-15,51.12,48.88
HEMIPROP.NS,2024-06-30,2024-07-16,51.12,48.88
HEMIPROP.NS,2024-09-30,2024-10-08,51.12,48.88
HEMIPROP.NS,2024-12-31,2025-01-20,51.12,48.88
HEMIPROP.NS,2025-03-31,2025-04-19,51.12,48.88
HEMIPROP.NS,2025-06-30,2025-07-18,51.12,48.88
HEMIPROP.NS,2025-09-30,2025-10-17,51.12,48.88
HEMIPROP.NS,2025-12-31,2026-01-07,51.12,48.88
HEMIPROP.NS,2026-03-31,2026-04-13,51.12,48.88
HEMIPROP.NS,2026-06-30,2026-07-10,51.12,48.88
HERITGFOOD.NS,2021-09-30,2021-10-07,39.49,60.51
HERITGFOOD.NS,2021-12-31,2022-01-07,39.43,60.57
HERITGFOOD.NS,2022-03-31,2022-04-11,39.43,60.57
HERITGFOOD.NS,2022-06-30,2022-07-08,39.43,60.57
HERITGFOOD.NS,2022-09-30,2022-10-14,39.43,60.57
HERITGFOOD.NS,2022-12-31,2023-01-06,39.21,60.79
HERITGFOOD.NS,2023-02-21,2023-02-28,41.58,58.42
HERITGFOOD.NS,2023-03-31,2023-04-07,41.58,58.42
HERITGFOOD.NS,2023-06-30,2023-07-07,41.58,58.42
HERITGFOOD.NS,2023-09-30,2023-10-07,41.58,58.42
HERITGFOOD.NS,2023-12-31,2024-01-04,41.3,58.7
HERITGFOOD.NS,2024-03-31,2024-04-05,41.3,58.7
HERITGFOOD.NS,2024-06-30,2024-07-08,41.3,58.7
HERITGFOOD.NS,2024-09-30,2024-10-04,41.3,58.7
HERITGFOOD.NS,2024-12-31,2025-01-06,41.3,58.7
HERITGFOOD.NS,2025-03-31,2025-04-09,41.3,58.7
HERITGFOOD.NS,2025-06-30,2025-07-09,41.3,58.7
HERITGFOOD.NS,2025-09-30,2025-10-07,41.3,58.7
HERITGFOOD.NS,2025-12-31,2026-01-07,41.3,58.7
HERITGFOOD.NS,2026-03-31,2026-04-07,41.3,58.7
HERITGFOOD.NS,2026-06-30,2026-07-08,41.3,58.7
HEROMOTOCO.NS,2021-09-30,2021-10-12,34.76,65.24
HEROMOTOCO.NS,2021-12-31,2022-01-12,34.75,65.25
HEROMOTOCO.NS,2022-03-31,2022-04-20,34.75,65.25
HEROMOTOCO.NS,2022-06-30,2022-07-14,34.78,65.22
HEROMOTOCO.NS,2022-09-30,2022-10-19,34.77,65.23
HEROMOTOCO.NS,2022-12-31,2023-01-13,34.77,65.23
HEROMOTOCO.NS,2023-03-31,2023-04-17,34.77,65.23
HEROMOTOCO.NS,2023-06-30,2023-07-14,34.77,65.23
HEROMOTOCO.NS,2023-09-30,2023-10-16,34.77,65.23
HEROMOTOCO.NS,2023-12-31,2024-01-16,34.76,65.24
HEROMOTOCO.NS,2024-03-31,2024-04-16,34.76,65.24
HEROMOTOCO.NS,2024-06-30,2024-07-18,34.76,65.24
HEROMOTOCO.NS,2024-09-30,2024-10-10,34.75,65.25
HEROMOTOCO.NS,2024-12-31,2025-01-16,34.74,65.26
HEROMOTOCO.NS,2025-03-31,2025-04-17,34.74,65.26
HEROMOTOCO.NS,2025-06-30,2025-07-21,34.74,65.26
HEROMOTOCO.NS,2025-09-30,2025-10-14,34.73,65.27
HEROMOTOCO.NS,2025-12-31,2026-01-20,34.73,65.27
HEROMOTOCO.NS,2026-03-31,2026-04-21,34.73,65.27
HEROMOTOCO.NS,2026-06-30,2026-07-21,34.73,65.27
HEXT.NS,2025-02-17,2025-02-19,74.71,25.29
HEXT.NS,2025-03-31,2025-04-21,74.71,25.29
HEXT.NS,2025-06-30,2025-07-21,74.57,25.25
HEXT.NS,2025-09-30,2025-10-21,74.55,25.44
HEXT.NS,2025-12-31,2026-01-21,74.3,25.43
HEXT.NS,2026-03-31,2026-04-20,74.3,25.44
HEXT.NS,2026-06-30,2026-07-20,74.3,25.5
HFCL.NS,2021-09-30,2021-10-21,41.89,57.89
HFCL.NS,2021-12-10,2021-12-15,39.23,60.59
HFCL.NS,2021-12-31,2022-01-19,39.23,60.6
HFCL.NS,2022-03-31,2022-04-14,39.23,60.64
HFCL.NS,2022-06-30,2022-07-14,39.2,60.62
HFCL.NS,2022-09-30,2022-10-17,39.2,60.67
HFCL.NS,2022-12-31,2023-01-17,39.24,60.65
HFCL.NS,2023-03-31,2023-04-19,39.24,60.66
HFCL.NS,2023-06-30,2023-07-07,39.24,60.67
HFCL.NS,2023-08-31,2023-09-01,37.84,62.08
HFCL.NS,2023-09-30,2023-10-18,37.84,62.09
HFCL.NS,2023-12-31,2024-01-17,37.84,62.09
HFCL.NS,2024-03-31,2024-04-17,37.68,62.25
HFCL.NS,2024-06-30,2024-07-17,37.63,62.31
HFCL.NS,2024-09-30,2024-10-18,36.24,63.71
HFCL.NS,2024-12-31,2025-01-10,35.89,64.06
HFCL.NS,2025-03-31,2025-04-17,34.37,65.59
HFCL.NS,2025-06-30,2025-07-21,31.58,68.38
HFCL.NS,2025-09-30,2025-10-17,30.02,69.94
HFCL.NS,2025-12-24,2025-12-27,28.29,71.68
HFCL.NS,2025-12-31,2026-01-18,28.29,71.68
HFCL.NS,2026-03-31,2026-04-19,28.29,71.69
HFCL.NS,2026-06-30,2026-07-16,28.29,71.69
HGS.NS,2021-09-30,2021-10-20,67.19,32.81
HGS.NS,2021-12-31,2022-01-19,67.13,32.87
HGS.NS,2022-02-25,2022-03-08,67.13,32.87
HGS.NS,2022-03-31,2022-04-20,67.13,32.87
HGS.NS,2022-06-30,2022-07-15,67.13,32.87
HGS.NS,2022-09-30,2022-10-21,67.13,32.87
HGS.NS,2022-11-25,2022-12-05,66.63,33.37
HGS.NS,2022-12-31,2023-01-10,66.59,33.41
HGS.NS,2023-03-31,2023-04-20,66.59,33.41
HGS.NS,2023-06-16,2023-06-22,67.71,32.29
HGS.NS,2023-06-30,2023-07-19,67.71,32.29
HGS.NS,2023-09-30,2023-10-19,67.71,32.29
HGS.NS,2023-12-31,2024-01-15,67.71,32.29
HGS.NS,2024-03-31,2024-04-18,67.71,32.29
HGS.NS,2024-06-30,2024-07-16,67.99,32.01
HGS.NS,2024-09-30,2024-10-15,67.99,32.01
HGS.NS,2024-12-31,2025-01-10,67.99,32.01
HGS.NS,2025-03-31,2025-04-15,67.99,32.01
HGS.NS,2025-06-30,2025-07-18,67.99,32.01
HGS.NS,2025-09-30,2025-10-17,67.99,32.01
HGS.NS,2025-12-31,2026-01-12,67.99,32.01
HGS.NS,2026-03-31,2026-04-14,67.99,32.01
HGS.NS,2026-06-30,2026-07-20,67.99,32.01
HIKAL.NS,2021-06-30,2021-07-20,68.77,31.23
HIKAL.NS,2021-09-30,2021-10-14,68.77,31.23
HIKAL.NS,2021-12-31,2022-01-18,68.77,31.23
HIKAL.NS,2022-03-31,2022-04-15,68.77,31.23
HIKAL.NS,2022-06-30,2022-07-15,68.77,31.23
HIKAL.NS,2022-09-30,2022-10-21,68.77,31.23
HIKAL.NS,2022-12-31,2023-01-17,68.83,31.17
HIKAL.NS,2023-03-31,2023-04-20,68.85,31.15
HIKAL.NS,2023-06-30,2023-07-17,68.85,31.15
HIKAL.NS,2023-09-30,2023-10-18,68.85,31.15
HIKAL.NS,2023-12-31,2024-01-16,68.85,31.15
HIKAL.NS,2024-03-31,2024-04-15,68.85,31.15
HIKAL.NS,2024-06-30,2024-07-19,68.85,31.15
HIKAL.NS,2024-09-30,2024-10-18,68.85,31.15
HIKAL.NS,2024-12-31,2025-01-20,68.85,31.15
HIKAL.NS,2025-03-31,2025-04-10,68.85,31.15
HIKAL.NS,2025-06-30,2025-07-18,68.85,31.15
HIKAL.NS,2025-09-30,2025-10-16,68.85,31.15
HIKAL.NS,2025-12-31,2026-01-16,68.85,31.15
HIKAL.NS,2026-03-31,2026-04-16,68.85,31.15
HIKAL.NS,2026-06-30,2026-07-20,68.85,31.15
HIMATSEIDE.NS,2021-09-30,2021-10-16,47.57,52.43
HIMATSEIDE.NS,2021-12-31,2022-01-10,47.57,52.43
HIMATSEIDE.NS,2022-03-31,2022-04-13,47.57,52.43
HIMATSEIDE.NS,2022-06-30,2022-07-11,47.57,52.43
HIMATSEIDE.NS,2022-09-30,2022-10-20,47.57,52.43
HIMATSEIDE.NS,2022-12-31,2023-01-18,47.57,52.43
HIMATSEIDE.NS,2023-03-31,2023-04-13,47.57,52.43
HIMATSEIDE.NS,2023-06-30,2023-07-13,47.57,52.43
HIMATSEIDE.NS,2023-09-30,2023-10-11,47.57,52.43
HIMATSEIDE.NS,2023-12-31,2024-01-17,47.57,52.43
HIMATSEIDE.NS,2024-03-31,2024-04-19,47.57,52.43
HIMATSEIDE.NS,2024-06-30,2024-07-16,47.57,52.43
HIMATSEIDE.NS,2024-09-30,2024-10-18,47.57,52.43
HIMATSEIDE.NS,2024-10-30,2024-11-07,37.25,62.75
HIMATSEIDE.NS,2024-12-31,2025-01-21,37.25,62.75
HIMATSEIDE.NS,2025-03-31,2025-04-18,37.25,62.75
HIMATSEIDE.NS,2025-06-30,2025-07-21,37.48,62.52
HIMATSEIDE.NS,2025-09-30,2025-10-17,37.48,62.52
HIMATSEIDE.NS,2025-12-31,2026-01-20,37.48,62.52
HIMATSEIDE.NS,2026-03-31,2026-04-17,37.48,62.52
HIMATSEIDE.NS,2026-06-30,2026-07-10,37.48,62.52
HINDALCO.NS,2021-09-30,2021-10-19,34.65,65.06
HINDALCO.NS,2021-12-31,2022-01-18,34.65,65.0
HINDALCO.NS,2022-03-31,2022-04-20,34.64,65.04
HINDALCO.NS,2022-06-30,2022-07-20,34.64,65.07
HINDALCO.NS,2022-09-30,2022-10-21,34.64,65.0
HINDALCO.NS,2022-12-31,2023-01-20,34.64,64.95
HINDALCO.NS,2023-03-31,2023-04-20,34.64,64.95
HINDALCO.NS,2023-06-30,2023-07-20,34.64,64.97
HINDALCO.NS,2023-09-30,2023-10-16,34.64,64.94
HINDALCO.NS,2023-12-31,2024-01-18,34.64,64.89
HINDALCO.NS,2024-03-31,2024-04-19,34.64,64.9
HINDALCO.NS,2024-06-30,2024-07-19,34.64,64.92
HINDALCO.NS,2024-09-30,2024-10-18,34.64,64.86
HINDALCO.NS,2024-12-31,2025-01-16,34.64,64.88
HINDALCO.NS,2025-03-31,2025-04-18,34.64,64.89
HINDALCO.NS,2025-06-30,2025-07-21,34.64,64.91
HINDALCO.NS,2025-09-30,2025-10-22,34.64,64.82
HINDALCO.NS,2025-12-31,2026-01-21,34.64,64.85
HINDALCO.NS,2026-03-31,2026-04-17,34.64,64.87
HINDALCO.NS,2026-06-30,2026-07-10,34.66,64.87
HINDCOPPER.NS,2021-09-30,2021-10-07,66.14,33.86
HINDCOPPER.NS,2021-12-31,2022-01-07,66.14,33.86
HINDCOPPER.NS,2022-03-31,2022-04-06,66.14,33.86
HINDCOPPER.NS,2022-06-30,2022-07-12,66.14,33.86
HINDCOPPER.NS,2022-09-30,2022-10-18,66.14,33.86
HINDCOPPER.NS,2022-12-31,2023-01-10,66.14,33.86
HINDCOPPER.NS,2023-03-31,2023-04-10,66.14,33.86
HINDCOPPER.NS,2023-06-30,2023-07-15,66.14,33.86
HINDCOPPER.NS,2023-09-30,2023-10-11,66.14,33.86
HINDCOPPER.NS,2023-12-31,2024-01-08,66.14,33.86
HINDCOPPER.NS,2024-03-31,2024-04-10,66.14,33.86
HINDCOPPER.NS,2024-06-30,2024-07-17,66.14,33.86
HINDCOPPER.NS,2024-09-30,2024-10-15,66.14,33.86
HINDCOPPER.NS,2024-12-31,2025-01-14,66.14,33.86
HINDCOPPER.NS,2025-03-31,2025-04-07,66.14,33.86
HINDCOPPER.NS,2025-06-30,2025-07-09,66.14,33.86
HINDCOPPER.NS,2025-09-30,2025-10-11,66.14,33.86
HINDCOPPER.NS,2025-12-31,2026-01-09,66.14,33.86
HINDCOPPER.NS,2026-03-31,2026-04-16,66.14,33.86
HINDCOPPER.NS,2026-06-30,2026-07-10,66.14,33.86
HINDPETRO.NS,2021-09-30,2021-10-12,54.9,45.1
HINDPETRO.NS,2021-12-31,2022-01-12,54.9,45.1
HINDPETRO.NS,2022-03-31,2022-04-11,54.9,45.1
HINDPETRO.NS,2022-06-30,2022-07-08,54.9,45.1
HINDPETRO.NS,2022-09-30,2022-10-18,54.9,45.1
HINDPETRO.NS,2022-12-31,2023-01-18,54.9,45.1
HINDPETRO.NS,2023-03-31,2023-04-12,54.9,45.1
HINDPETRO.NS,2023-06-30,2023-07-07,54.9,45.1
HINDPETRO.NS,2023-09-30,2023-10-13,54.9,45.1
HINDPETRO.NS,2023-12-31,2024-01-12,54.9,45.1
HINDPETRO.NS,2024-03-31,2024-04-18,54.9,45.1
HINDPETRO.NS,2024-06-25,2024-06-26,54.9,45.1
HINDPETRO.NS,2024-06-30,2024-07-19,54.9,45.1
HINDPETRO.NS,2024-09-30,2024-10-14,54.9,45.1
HINDPETRO.NS,2024-12-31,2025-01-13,54.9,45.1
HINDPETRO.NS,2025-03-31,2025-04-11,54.9,45.1
HINDPETRO.NS,2025-06-30,2025-07-21,54.9,45.1
HINDPETRO.NS,2025-09-30,2025-10-17,54.9,45.1
HINDPETRO.NS,2025-12-31,2026-01-13,54.9,45.1
HINDPETRO.NS,2026-03-31,2026-04-09,54.9,45.1
HINDPETRO.NS,2026-06-30,2026-07-17,54.9,45.1
HINDUNILVR.NS,2021-09-30,2021-10-14,61.9,38.08
HINDUNILVR.NS,2021-12-31,2022-01-12,61.9,38.1
HINDUNILVR.NS,2022-03-31,2022-04-19,61.9,38.1
HINDUNILVR.NS,2022-06-30,2022-07-08,61.9,38.1
HINDUNILVR.NS,2022-09-30,2022-10-19,61.9,38.1
HINDUNILVR.NS,2022-12-31,2023-01-18,61.9,38.1
HINDUNILVR.NS,2023-03-31,2023-04-21,61.9,38.1
HINDUNILVR.NS,2023-06-30,2023-07-19,61.9,38.1
HINDUNILVR.NS,2023-09-30,2023-10-20,61.9,38.1
HINDUNILVR.NS,2023-12-31,2024-01-19,61.9,38.1
HINDUNILVR.NS,2024-03-31,2024-04-20,61.9,38.1
HINDUNILVR.NS,2024-06-30,2024-07-17,61.9,38.1
HINDUNILVR.NS,2024-09-30,2024-10-21,61.9,38.1
HINDUNILVR.NS,2024-12-31,2025-01-17,61.9,38.1
HINDUNILVR.NS,2025-03-31,2025-04-21,61.9,38.1
HINDUNILVR.NS,2025-06-30,2025-07-04,61.9,38.1
HINDUNILVR.NS,2025-09-30,2025-10-21,61.9,38.1
HINDUNILVR.NS,2025-12-31,2026-01-20,61.9,38.1
HINDUNILVR.NS,2026-03-31,2026-04-20,61.9,38.1
HINDUNILVR.NS,2026-06-30,2026-07-21,61.9,38.1
HINDZINC.NS,2021-09-30,2021-10-06,64.92,35.08
HINDZINC.NS,2021-12-31,2022-01-06,64.92,35.08
HINDZINC.NS,2022-03-31,2022-04-08,64.92,35.08
HINDZINC.NS,2022-06-30,2022-07-08,64.92,35.08
HINDZINC.NS,2022-09-30,2022-10-18,64.92,35.08
HINDZINC.NS,2022-12-31,2023-01-12,64.92,35.08
HINDZINC.NS,2023-03-31,2023-04-15,64.92,35.08
HINDZINC.NS,2023-06-30,2023-07-11,64.92,35.08
HINDZINC.NS,2023-09-30,2023-10-11,64.92,35.08
HINDZINC.NS,2023-12-31,2024-01-05,64.92,35.08
HINDZINC.NS,2024-03-31,2024-04-12,64.92,35.08
HINDZINC.NS,2024-06-30,2024-07-10,64.92,35.08
HINDZINC.NS,2024-09-30,2024-10-10,63.42,36.58
HINDZINC.NS,2024-12-31,2025-01-18,63.42,36.58
HINDZINC.NS,2025-03-31,2025-04-18,63.42,36.58
HINDZINC.NS,2025-06-30,2025-07-09,61.84,38.16
HINDZINC.NS,2025-09-30,2025-10-08,61.84,38.16
HINDZINC.NS,2025-12-31,2026-01-09,61.84,38.16
HINDZINC.NS,2026-03-31,2026-04-17,60.71,39.29
HINDZINC.NS,2026-06-30,2026-07-14,60.71,39.29
HLEGLAS.NS,2023-03-31,2023-04-18,70.32,29.68
HLEGLAS.NS,2023-06-30,2023-07-20,70.32,29.68
HLEGLAS.NS,2023-09-30,2023-10-19,66.69,33.31
HLEGLAS.NS,2023-12-31,2024-01-19,66.69,33.31
HLEGLAS.NS,2024-03-31,2024-04-19,66.69,33.31
HLEGLAS.NS,2024-06-30,2024-07-17,66.69,33.31
HLEGLAS.NS,2024-09-30,2024-10-18,66.69,33.31
HLEGLAS.NS,2024-12-31,2025-01-21,66.69,33.31
HLEGLAS.NS,2025-03-31,2025-04-21,66.69,33.31
HLEGLAS.NS,2025-06-30,2025-07-17,66.78,33.22
HLEGLAS.NS,2025-09-30,2025-10-21,65.64,34.36
HLEGLAS.NS,2025-12-31,2026-01-20,65.64,34.36
HLEGLAS.NS,2026-03-31,2026-04-21,65.64,34.36
HLEGLAS.NS,2026-06-30,2026-07-13,65.64,34.36
HOMEFIRST.NS,2021-09-30,2021-10-06,33.65,66.34
HOMEFIRST.NS,2021-12-31,2022-01-05,33.62,66.36
HOMEFIRST.NS,2022-03-31,2022-04-07,33.6,66.38
HOMEFIRST.NS,2022-06-30,2022-07-13,33.58,66.4
HOMEFIRST.NS,2022-09-30,2022-10-14,33.57,66.43
HOMEFIRST.NS,2022-12-31,2023-01-17,33.52,66.48
HOMEFIRST.NS,2023-03-31,2023-04-12,33.46,66.54
HOMEFIRST.NS,2023-06-30,2023-07-18,30.21,69.79
HOMEFIRST.NS,2023-09-30,2023-10-10,30.19,69.81
HOMEFIRST.NS,2023-12-31,2024-01-09,23.6,76.4
HOMEFIRST.NS,2024-03-31,2024-04-10,23.56,76.44
HOMEFIRST.NS,2024-06-30,2024-07-09,23.45,76.55
HOMEFIRST.NS,2024-09-30,2024-10-14,23.38,76.62
HOMEFIRST.NS,2024-12-31,2025-01-13,14.31,85.69
HOMEFIRST.NS,2025-03-31,2025-04-02,14.25,85.75
HOMEFIRST.NS,2025-04-11,2025-04-16,12.47,87.53
HOMEFIRST.NS,2025-06-30,2025-07-18,12.43,87.57
HOMEFIRST.NS,2025-09-30,2025-10-15,12.39,87.61
HOMEFIRST.NS,2025-12-31,2026-01-19,12.35,87.65
HOMEFIRST.NS,2026-03-31,2026-04-13,6.99,93.01
HOMEFIRST.NS,2026-06-30,2026-07-19,6.97,93.03
HONASA.NS,2023-11-03,2023-11-10,35.34,64.66
HONASA.NS,2023-12-31,2024-01-09,35.34,64.66
HONASA.NS,2024-03-31,2024-04-12,35.07,64.93
HONASA.NS,2024-06-30,2024-07-09,35.07,64.93
HONASA.NS,2024-09-30,2024-10-11,34.98,65.02
HONASA.NS,2024-12-31,2025-01-13,35.03,64.97
HONASA.NS,2025-03-31,2025-04-09,34.99,65.01
HONASA.NS,2025-06-30,2025-07-21,34.99,65.01
HONASA.NS,2025-09-30,2025-10-16,34.97,65.03
HONASA.NS,2025-12-31,2026-01-21,35.54,64.46
HONASA.NS,2026-03-31,2026-04-20,35.54,64.46
HONASA.NS,2026-06-30,2026-07-16,35.47,64.53
HONAUT.NS,2021-09-30,2021-10-20,75.0,25.0
HONAUT.NS,2021-12-31,2022-01-20,75.0,25.0
HONAUT.NS,2022-03-31,2022-04-19,75.0,25.0
HONAUT.NS,2022-06-30,2022-07-21,75.0,25.0
HONAUT.NS,2022-09-30,2022-10-17,75.0,25.0
HONAUT.NS,2022-12-31,2023-01-21,75.0,25.0
HONAUT.NS,2023-03-31,2023-04-20,75.0,25.0
HONAUT.NS,2023-06-30,2023-07-21,75.0,25.0
HONAUT.NS,2023-09-30,2023-10-13,75.0,25.0
HONAUT.NS,2023-12-31,2024-01-20,75.0,25.0
HONAUT.NS,2024-03-31,2024-04-19,75.0,25.0
HONAUT.NS,2024-06-30,2024-07-19,75.0,25.0
HONAUT.NS,2024-09-30,2024-10-16,75.0,25.0
HONAUT.NS,2024-12-31,2025-01-19,75.0,25.0
HONAUT.NS,2025-03-31,2025-04-18,75.0,25.0
HONAUT.NS,2025-06-30,2025-07-21,75.0,25.0
HONAUT.NS,2025-09-30,2025-10-15,75.0,25.0
HONAUT.NS,2025-12-31,2026-01-21,75.0,25.0
HONAUT.NS,2026-03-31,2026-04-21,75.0,25.0
HONAUT.NS,2026-06-30,2026-07-20,75.0,25.0
HSCL.NS,2021-09-30,2021-10-05,45.43,54.57
HSCL.NS,2021-12-31,2022-01-06,45.43,54.57
HSCL.NS,2022-03-31,2022-04-16,45.43,54.57
HSCL.NS,2022-06-30,2022-07-20,45.39,54.61
HSCL.NS,2022-09-30,2022-10-19,45.39,54.61
HSCL.NS,2022-12-31,2023-01-09,45.38,54.62
HSCL.NS,2023-02-17,2023-02-22,47.06,52.94
HSCL.NS,2023-03-31,2023-04-15,45.62,54.38
HSCL.NS,2023-06-30,2023-07-13,44.96,55.04
HSCL.NS,2023-09-30,2023-10-09,44.86,55.14
HSCL.NS,2023-12-31,2024-01-09,44.79,55.21
HSCL.NS,2024-01-19,2024-01-22,48.87,51.13
HSCL.NS,2024-02-02,2024-02-05,50.29,49.71
HSCL.NS,2024-03-31,2024-04-10,50.29,49.71
HSCL.NS,2024-06-30,2024-07-08,50.2,49.8
HSCL.NS,2024-09-30,2024-10-07,50.78,49.22
HSCL.NS,2024-12-31,2025-01-17,51.56,48.44
HSCL.NS,2025-03-31,2025-04-08,51.61,48.39
HSCL.NS,2025-06-30,2025-07-18,51.61,48.39
HSCL.NS,2025-09-30,2025-10-16,51.57,48.43
HSCL.NS,2025-11-07,2025-11-10,52.5,47.5
HSCL.NS,2025-12-31,2026-01-15,52.5,47.5
HSCL.NS,2026-03-31,2026-04-10,52.5,47.5
HSCL.NS,2026-06-30,2026-07-11,52.5,47.5
HUDCO.NS,2021-09-30,2021-10-12,81.81,18.19
HUDCO.NS,2021-12-31,2022-01-17,81.81,18.19
HUDCO.NS,2022-03-31,2022-04-07,81.81,18.19
HUDCO.NS,2022-06-30,2022-07-15,81.81,18.19
HUDCO.NS,2022-09-30,2022-10-19,81.81,18.19
HUDCO.NS,2022-12-31,2023-01-10,81.81,18.19
HUDCO.NS,2023-03-31,2023-04-06,81.81,18.19
HUDCO.NS,2023-06-30,2023-07-10,81.81,18.19
HUDCO.NS,2023-09-30,2023-10-09,81.81,18.19
HUDCO.NS,2023-12-31,2024-01-10,75.17,24.83
HUDCO.NS,2024-03-31,2024-04-19,75.0,25.0
HUDCO.NS,2024-06-30,2024-07-11,75.0,25.0
HUDCO.NS,2024-09-30,2024-10-14,75.0,25.0
HUDCO.NS,2024-12-31,2025-01-17,75.0,25.0
HUDCO.NS,2025-03-31,2025-04-17,75.0,25.0
HUDCO.NS,2025-06-30,2025-07-15,75.0,25.0
HUDCO.NS,2025-09-30,2025-10-16,75.0,25.0
HUDCO.NS,2025-12-31,2026-01-16,75.0,25.0
HUDCO.NS,2026-03-31,2026-04-10,75.0,25.0
HUDCO.NS,2026-06-30,2026-07-17,75.0,25.0
HYUNDAI.NS,2024-10-19,2024-10-22,82.5,17.5
HYUNDAI.NS,2024-12-31,2025-01-21,82.5,17.5
HYUNDAI.NS,2025-03-31,2025-04-21,82.5,17.5
HYUNDAI.NS,2025-06-30,2025-07-21,82.5,17.5
HYUNDAI.NS,2025-09-30,2025-10-18,82.5,17.5
HYUNDAI.NS,2025-12-31,2026-01-20,82.5,17.5
HYUNDAI.NS,2026-03-31,2026-04-20,82.5,17.5
HYUNDAI.NS,2026-06-30,2026-07-20,82.5,17.5
ICICIBANK.NS,2021-09-30,2021-10-18,0.0,100.0
ICICIBANK.NS,2021-12-31,2022-01-13,0.0,100.0
ICICIBANK.NS,2022-03-31,2022-04-14,0.0,100.0
ICICIBANK.NS,2022-06-30,2022-07-16,0.0,100.0
ICICIBANK.NS,2022-09-30,2022-10-20,0.0,100.0
ICICIBANK.NS,2022-12-31,2023-01-18,0.0,100.0
ICICIBANK.NS,2023-03-31,2023-04-20,0.0,100.0
ICICIBANK.NS,2023-06-30,2023-07-20,0.0,100.0
ICICIBANK.NS,2023-09-30,2023-10-20,0.0,100.0
ICICIBANK.NS,2023-12-31,2024-01-18,0.0,100.0
ICICIBANK.NS,2024-03-31,2024-04-20,0.0,100.0
ICICIBANK.NS,2024-06-30,2024-07-19,0.0,100.0
ICICIBANK.NS,2024-09-30,2024-10-19,0.0,100.0
ICICIBANK.NS,2024-12-31,2025-01-17,0.0,100.0
ICICIBANK.NS,2025-03-31,2025-04-21,0.0,100.0
ICICIBANK.NS,2025-06-30,2025-07-21,0.0,100.0
ICICIBANK.NS,2025-09-30,2025-10-16,0.0,100.0
ICICIBANK.NS,2025-12-31,2026-01-16,0.0,100.0
ICICIBANK.NS,2026-03-31,2026-04-20,0.0,100.0
ICICIBANK.NS,2026-06-30,2026-07-17,0.0,100.0
ICICIGI.NS,2021-09-30,2021-10-14,48.08,51.93
ICICIGI.NS,2021-12-31,2022-01-11,48.05,51.95
ICICIGI.NS,2022-03-31,2022-04-18,48.04,51.96
ICICIGI.NS,2022-06-30,2022-07-16,48.03,51.97
ICICIGI.NS,2022-09-30,2022-10-21,48.02,51.98
ICICIGI.NS,2022-12-31,2023-01-20,48.02,51.98
ICICIGI.NS,2023-03-31,2023-04-19,48.02,51.98
ICICIGI.NS,2023-06-30,2023-07-19,48.01,51.99
ICICIGI.NS,2023-09-30,2023-10-19,48.0,52.0
ICICIGI.NS,2023-12-31,2024-01-18,47.91,52.09
ICICIGI.NS,2024-03-31,2024-04-15,51.27,48.73
ICICIGI.NS,2024-06-30,2024-07-17,51.81,48.19
ICICIGI.NS,2024-09-30,2024-10-18,51.66,48.34
ICICIGI.NS,2024-12-31,2025-01-20,51.6,48.4
ICICIGI.NS,2025-03-31,2025-04-17,51.55,48.45
ICICIGI.NS,2025-06-30,2025-07-21,51.46,48.54
ICICIGI.NS,2025-09-30,2025-10-18,51.37,48.63
ICICIGI.NS,2025-12-31,2026-01-21,51.31,48.69
ICICIGI.NS,2026-03-31,2026-04-20,51.29,48.71
ICICIGI.NS,2026-06-30,2026-07-17,51.22,48.78
ICICIPRULI.NS,2021-09-30,2021-10-20,73.42,26.58
ICICIPRULI.NS,2021-12-31,2022-01-07,73.41,26.59
ICICIPRULI.NS,2022-03-31,2022-04-12,73.41,26.59
ICICIPRULI.NS,2022-06-30,2022-07-19,73.4,26.6
ICICIPRULI.NS,2022-09-30,2022-10-20,73.35,26.65
ICICIPRULI.NS,2022-12-31,2023-01-20,73.35,26.65
ICICIPRULI.NS,2023-03-31,2023-04-19,73.35,26.65
ICICIPRULI.NS,2023-06-30,2023-07-20,73.33,26.67
ICICIPRULI.NS,2023-09-30,2023-10-17,73.29,26.71
ICICIPRULI.NS,2023-12-31,2024-01-17,73.27,26.73
ICICIPRULI.NS,2024-03-31,2024-04-18,73.24,26.76
ICICIPRULI.NS,2024-06-30,2024-07-19,73.18,26.82
ICICIPRULI.NS,2024-09-30,2024-10-18,73.05,26.95
ICICIPRULI.NS,2024-12-31,2025-01-21,73.01,26.99
ICICIPRULI.NS,2025-03-31,2025-04-18,73.0,27.0
ICICIPRULI.NS,2025-06-30,2025-07-21,72.96,27.04
ICICIPRULI.NS,2025-09-30,2025-10-20,72.93,27.07
ICICIPRULI.NS,2025-12-31,2026-01-21,72.88,27.12
ICICIPRULI.NS,2026-03-31,2026-04-21,72.8,27.2
ICICIPRULI.NS,2026-06-30,2026-07-21,72.73,27.27
ICIL.NS,2021-09-30,2021-10-16,58.94,41.06
ICIL.NS,2021-12-31,2022-01-07,58.94,41.06
ICIL.NS,2022-03-31,2022-04-13,58.94,41.06
ICIL.NS,2022-06-30,2022-07-19,58.94,41.06
ICIL.NS,2022-09-30,2022-10-20,58.94,41.06
ICIL.NS,2022-12-31,2023-01-16,58.74,41.26
ICIL.NS,2023-03-31,2023-04-15,58.74,41.26
ICIL.NS,2023-06-30,2023-07-18,58.74,41.26
ICIL.NS,2023-09-30,2023-10-12,58.74,41.26
ICIL.NS,2023-12-31,2024-01-09,58.74,41.26
ICIL.NS,2024-03-31,2024-04-18,58.74,41.26
ICIL.NS,2024-06-30,2024-07-20,58.74,41.26
ICIL.NS,2024-09-30,2024-10-21,58.74,41.26
ICIL.NS,2024-12-31,2025-01-20,58.74,41.26
ICIL.NS,2025-03-31,2025-04-15,58.74,41.26
ICIL.NS,2025-06-30,2025-07-21,58.74,41.26
ICIL.NS,2025-09-30,2025-10-14,58.74,41.26
ICIL.NS,2025-12-31,2026-01-19,58.74,41.26
ICIL.NS,2026-03-31,2026-04-18,58.74,41.26
ICIL.NS,2026-06-30,2026-07-21,58.74,41.26
ICRA.NS,2021-09-30,2021-10-11,51.87,47.8
ICRA.NS,2021-12-31,2022-01-06,51.87,47.8
ICRA.NS,2022-03-31,2022-04-05,51.87,47.8
ICRA.NS,2022-06-30,2022-07-08,51.87,47.8
ICRA.NS,2022-09-30,2022-10-13,51.87,47.8
ICRA.NS,2022-12-31,2023-01-09,51.87,47.8
ICRA.NS,2023-03-31,2023-04-10,51.87,47.8
ICRA.NS,2023-06-30,2023-07-06,51.87,47.8
ICRA.NS,2023-09-30,2023-10-10,51.87,47.8
ICRA.NS,2023-12-31,2024-01-05,51.87,47.8
ICRA.NS,2024-03-31,2024-04-15,51.87,47.8
ICRA.NS,2024-06-30,2024-07-08,51.87,47.8
ICRA.NS,2024-09-30,2024-10-10,51.87,47.81
ICRA.NS,2024-12-31,2025-01-06,51.87,47.82
ICRA.NS,2025-03-31,2025-04-08,51.87,47.82
ICRA.NS,2025-06-30,2025-07-15,51.87,47.82
ICRA.NS,2025-09-30,2025-10-14,51.87,47.85
ICRA.NS,2025-12-31,2026-01-07,51.87,47.85
ICRA.NS,2026-03-31,2026-04-07,51.87,47.85
ICRA.NS,2026-06-30,2026-07-08,51.87,47.86
IDBI.NS,2021-09-30,2021-10-08,94.71,5.29
IDBI.NS,2021-12-31,2022-01-10,94.71,5.29
IDBI.NS,2022-03-31,2022-04-11,94.71,5.29
IDBI.NS,2022-06-30,2022-07-06,94.71,5.29
IDBI.NS,2022-09-30,2022-10-15,94.71,5.29
IDBI.NS,2022-12-31,2023-01-12,94.71,5.29
IDBI.NS,2023-03-31,2023-04-17,94.71,5.29
IDBI.NS,2023-06-30,2023-07-12,94.71,5.29
IDBI.NS,2023-09-30,2023-10-19,94.71,5.29
IDBI.NS,2023-12-31,2024-01-05,94.71,5.29
IDBI.NS,2024-03-31,2024-04-18,94.71,5.29
IDBI.NS,2024-06-30,2024-07-12,94.71,5.29
IDBI.NS,2024-09-30,2024-10-11,94.71,5.29
IDBI.NS,2024-12-31,2025-01-07,94.71,5.29
IDBI.NS,2025-03-31,2025-04-08,94.71,5.29
IDBI.NS,2025-06-30,2025-07-19,94.71,5.29
IDBI.NS,2025-09-30,2025-10-18,94.71,5.29
IDBI.NS,2025-12-31,2026-01-13,94.71,5.29
IDBI.NS,2026-03-31,2026-04-18,94.71,5.29
IDBI.NS,2026-06-30,2026-07-14,94.71,5.29
IDEA.NS,2021-09-30,2021-10-19,72.05,27.95
IDEA.NS,2021-12-31,2022-01-14,72.05,27.95
IDEA.NS,2022-03-31,2022-04-19,74.99,25.01
IDEA.NS,2022-03-31,2022-04-06,74.99,25.01
IDEA.NS,2022-06-30,2022-07-19,74.99,25.01
IDEA.NS,2022-09-30,2022-10-19,74.99,25.01
IDEA.NS,2022-12-31,2023-01-20,74.99,25.01
IDEA.NS,2023-02-07,2023-02-08,49.92,50.08
IDEA.NS,2023-03-31,2023-04-19,50.36,49.64
IDEA.NS,2023-06-30,2023-07-19,50.36,49.64
IDEA.NS,2023-09-30,2023-10-16,50.36,49.64
IDEA.NS,2023-12-31,2024-01-15,50.36,49.64
IDEA.NS,2024-03-23,2024-04-02,48.91,51.09
IDEA.NS,2024-03-31,2024-04-17,48.91,51.09
IDEA.NS,2024-04-23,2024-04-30,36.87,63.13
IDEA.NS,2024-05-21,2024-05-29,38.17,61.83
IDEA.NS,2024-06-30,2024-07-17,38.17,61.83
IDEA.NS,2024-07-19,2024-07-24,37.17,62.83
IDEA.NS,2024-09-30,2024-10-17,37.32,62.68
IDEA.NS,2024-12-31,2025-01-20,37.32,62.68
IDEA.NS,2025-01-09,2025-01-14,38.8,61.2
IDEA.NS,2025-03-31,2025-04-08,38.8,61.2
IDEA.NS,2025-04-08,2025-04-09,25.57,74.43
IDEA.NS,2025-06-30,2025-07-21,25.57,74.43
IDEA.NS,2025-09-30,2025-10-17,25.57,74.43
IDEA.NS,2025-12-31,2026-01-21,25.57,74.43
IDEA.NS,2026-03-31,2026-04-10,25.64,74.36
IDEA.NS,2026-06-30,2026-07-21,25.64,74.36
IDFCFIRSTB.NS,2021-09-30,2021-10-20,36.52,63.48
IDFCFIRSTB.NS,2021-12-31,2022-01-17,36.51,63.49
IDFCFIRSTB.NS,2022-03-31,2022-04-18,36.49,63.51
IDFCFIRSTB.NS,2022-06-30,2022-07-18,36.48,63.52
IDFCFIRSTB.NS,2022-09-30,2022-10-20,36.47,63.53
IDFCFIRSTB.NS,2022-12-31,2023-01-20,36.38,63.62
IDFCFIRSTB.NS,2023-03-23,2023-03-27,39.99,60.01
IDFCFIRSTB.NS,2023-03-31,2023-04-21,39.99,60.01
IDFCFIRSTB.NS,2023-06-30,2023-07-18,39.93,60.07
IDFCFIRSTB.NS,2023-09-30,2023-10-06,39.37,60.63
IDFCFIRSTB.NS,2023-10-06,2023-10-15,37.51,62.49
IDFCFIRSTB.NS,2023-12-31,2024-01-06,37.45,62.55
IDFCFIRSTB.NS,2024-03-31,2024-04-18,37.43,62.57
IDFCFIRSTB.NS,2024-06-30,2024-07-05,37.37,62.63
IDFCFIRSTB.NS,2024-07-04,2024-07-05,35.39,64.61
IDFCFIRSTB.NS,2024-09-30,2024-10-14,35.37,64.63
IDFCFIRSTB.NS,2024-10-11,2024-10-17,0.0,100.0
IDFCFIRSTB.NS,2024-12-31,2025-01-17,0.0,100.0
IDFCFIRSTB.NS,2025-03-31,2025-04-16,0.0,100.0
IDFCFIRSTB.NS,2025-06-30,2025-07-21,0.0,100.0
IDFCFIRSTB.NS,2025-08-01,2025-08-10,0.0,100.0
IDFCFIRSTB.NS,2025-08-19,2025-08-29,0.0,100.0
IDFCFIRSTB.NS,2025-09-30,2025-10-14,0.0,100.0
IDFCFIRSTB.NS,2025-10-08,2025-10-14,0.0,100.0
IDFCFIRSTB.NS,2025-10-27,2025-11-03,0.0,100.0
IDFCFIRSTB.NS,2025-12-31,2026-01-20,0.0,100.0
IDFCFIRSTB.NS,2026-03-31,2026-04-21,0.0,100.0
IDFCFIRSTB.NS,2026-06-30,2026-07-18,0.0,100.0
IEX.NS,2021-09-30,2021-10-13,0.0,99.69
IEX.NS,2021-12-08,2021-12-08,0.0,99.69
IEX.NS,2021-12-31,2022-01-14,0.0,99.69
IEX.NS,2022-03-31,2022-04-18,0.0,99.71
IEX.NS,2022-06-30,2022-07-14,0.0,99.71
IEX.NS,2022-09-30,2022-10-18,0.0,99.73
IEX.NS,2022-12-31,2023-01-21,0.0,99.73
IEX.NS,2023-03-31,2023-04-21,0.0,99.72
IEX.NS,2023-06-30,2023-07-18,0.0,99.72
IEX.NS,2023-09-30,2023-10-17,0.0,99.72
IEX.NS,2023-12-31,2024-01-15,0.0,99.72
IEX.NS,2024-03-31,2024-04-18,0.0,99.72
IEX.NS,2024-06-30,2024-07-17,0.0,99.72
IEX.NS,2024-09-30,2024-10-16,0.0,99.72
IEX.NS,2024-12-31,2025-01-20,0.0,99.72
IEX.NS,2025-03-31,2025-04-16,0.0,99.73
IEX.NS,2025-06-30,2025-07-18,0.0,99.73
IEX.NS,2025-09-30,2025-10-15,0.0,99.73
IEX.NS,2025-12-31,2026-01-20,0.0,99.73
IEX.NS,2026-03-31,2026-04-16,0.0,99.73
IEX.NS,2026-06-30,2026-07-20,0.0,99.73
IFBIND.NS,2021-09-30,2021-10-09,74.96,25.04
IFBIND.NS,2021-12-31,2022-01-19,74.96,25.04
IFBIND.NS,2022-03-31,2022-04-08,74.96,25.04
IFBIND.NS,2022-06-30,2022-07-15,74.96,25.04
IFBIND.NS,2022-09-30,2022-10-19,74.96,25.04
IFBIND.NS,2022-12-31,2023-01-17,74.96,25.04
IFBIND.NS,2023-03-31,2023-04-18,74.96,25.04
IFBIND.NS,2023-06-30,2023-07-17,74.96,25.04
IFBIND.NS,2023-09-30,2023-10-16,74.96,25.04
IFBIND.NS,2023-12-31,2024-01-17,74.96,25.04
IFBIND.NS,2024-03-31,2024-04-19,74.96,25.04
IFBIND.NS,2024-06-30,2024-07-20,74.96,25.04
IFBIND.NS,2024-09-30,2024-10-19,74.96,25.04
IFBIND.NS,2024-12-31,2025-01-08,74.96,25.04
IFBIND.NS,2025-03-31,2025-04-09,74.96,25.04
IFBIND.NS,2025-06-30,2025-07-19,74.96,25.04
IFBIND.NS,2025-09-30,2025-10-18,74.96,25.04
IFBIND.NS,2025-12-31,2026-01-12,74.96,25.04
IFBIND.NS,2026-03-31,2026-04-16,74.96,25.04
IFBIND.NS,2026-06-30,2026-07-14,74.96,25.04
IFCI.NS,2021-09-30,2021-10-13,63.81,36.19
IFCI.NS,2021-12-31,2022-01-10,63.81,36.19
IFCI.NS,2022-02-25,2022-03-02,64.86,35.14
IFCI.NS,2022-03-31,2022-04-12,64.86,35.14
IFCI.NS,2022-06-30,2022-07-15,64.86,35.14
IFCI.NS,2022-09-30,2022-10-20,64.86,35.14
IFCI.NS,2022-10-27,2022-11-15,66.35,33.65
IFCI.NS,2022-12-31,2023-01-16,66.35,33.65
IFCI.NS,2023-03-31,2023-04-20,66.35,33.65
IFCI.NS,2023-04-27,2023-05-03,70.32,29.68
IFCI.NS,2023-06-30,2023-07-12,70.32,29.68
IFCI.NS,2023-09-30,2023-10-16,70.32,29.68
IFCI.NS,2023-12-31,2024-01-19,70.32,29.68
IFCI.NS,2024-03-31,2024-04-19,70.32,29.68
IFCI.NS,2024-04-18,2024-04-25,71.72,28.28
IFCI.NS,2024-06-30,2024-07-18,71.72,28.28
IFCI.NS,2024-09-30,2024-10-08,71.72,28.28
IFCI.NS,2024-12-31,2025-01-07,71.72,28.28
IFCI.NS,2025-02-28,2025-03-05,72.57,27.43
IFCI.NS,2025-03-31,2025-04-17,72.57,27.43
IFCI.NS,2025-06-30,2025-07-07,72.57,27.43
IFCI.NS,2025-09-30,2025-10-17,72.57,27.43
IFCI.NS,2025-12-31,2026-01-14,72.57,27.43
IFCI.NS,2026-03-31,2026-04-16,72.57,27.43
IFCI.NS,2026-06-30,2026-07-16,72.57,27.43
IGIL.NS,2024-12-19,2024-12-20,76.55,23.45
IGIL.NS,2024-12-31,2025-01-21,76.55,23.45
IGIL.NS,2025-03-31,2025-04-08,76.55,23.45
IGIL.NS,2025-06-30,2025-07-17,76.55,23.45
IGIL.NS,2025-09-30,2025-10-08,76.55,23.45
IGIL.NS,2025-12-31,2026-01-16,76.55,23.45
IGIL.NS,2026-03-31,2026-04-08,76.55,23.45
IGIL.NS,2026-06-30,2026-07-13,76.55,23.45
IGL.NS,2021-09-30,2021-10-20,45.0,55.0
IGL.NS,2021-12-31,2022-01-17,45.0,55.0
IGL.NS,2022-03-31,2022-04-20,45.0,55.0
IGL.NS,2022-06-30,2022-07-19,45.0,55.0
IGL.NS,2022-09-30,2022-10-19,45.0,55.0
IGL.NS,2022-12-31,2023-01-19,45.0,55.0
IGL.NS,2023-03-31,2023-04-20,45.0,55.0
IGL.NS,2023-06-30,2023-07-20,45.0,55.0
IGL.NS,2023-09-30,2023-10-19,45.0,55.0
IGL.NS,2023-12-31,2024-01-17,45.0,55.0
IGL.NS,2024-03-31,2024-04-17,45.0,55.0
IGL.NS,2024-06-30,2024-07-16,45.0,55.0
IGL.NS,2024-09-30,2024-10-17,45.0,55.0
IGL.NS,2024-12-31,2025-01-17,45.0,55.0
IGL.NS,2025-02-01,2025-02-10,45.0,55.0
IGL.NS,2025-03-31,2025-04-19,45.0,55.0
IGL.NS,2025-06-30,2025-07-15,45.0,55.0
IGL.NS,2025-09-30,2025-10-17,45.0,55.0
IGL.NS,2025-12-31,2026-01-08,45.0,55.0
IGL.NS,2026-03-31,2026-04-16,45.0,55.0
IGL.NS,2026-06-30,2026-07-16,45.0,55.0
IIFL.NS,2021-09-30,2021-10-18,24.93,75.07
IIFL.NS,2021-12-31,2022-01-18,24.93,75.07
IIFL.NS,2022-03-31,2022-04-18,24.91,75.09
IIFL.NS,2022-06-30,2022-07-20,24.9,75.1
IIFL.NS,2022-09-30,2022-10-18,24.9,75.1
IIFL.NS,2022-12-31,2023-01-18,24.88,75.12
IIFL.NS,2023-03-31,2023-04-21,24.85,75.15
IIFL.NS,2023-06-30,2023-07-18,24.84,75.16
IIFL.NS,2023-09-30,2023-10-16,24.81,75.19
IIFL.NS,2023-12-31,2024-01-16,24.79,75.21
IIFL.NS,2024-03-31,2024-04-10,24.78,75.22
IIFL.NS,2024-05-17,2024-05-24,24.92,75.08
IIFL.NS,2024-06-30,2024-07-11,24.91,75.09
IIFL.NS,2024-09-30,2024-10-09,24.91,75.09
IIFL.NS,2024-12-31,2025-01-20,24.9,75.1
IIFL.NS,2025-03-31,2025-04-21,24.89,75.11
IIFL.NS,2025-06-30,2025-07-19,24.87,75.13
IIFL.NS,2025-09-30,2025-10-20,24.87,75.13
IIFL.NS,2025-12-31,2026-01-16,24.85,75.15
IIFL.NS,2026-03-31,2026-04-20,24.85,75.15
IIFL.NS,2026-06-30,2026-07-16,24.85,75.15
IKS.NS,2024-12-18,2024-12-19,63.72,33.43
IKS.NS,2024-12-31,2025-01-16,63.72,33.43
IKS.NS,2025-03-31,2025-04-18,63.72,33.7
IKS.NS,2025-06-30,2025-07-18,63.72,33.71
IKS.NS,2025-09-30,2025-10-17,63.72,33.82
IKS.NS,2025-12-31,2026-01-19,63.72,33.91
IKS.NS,2026-03-31,2026-04-17,63.72,33.97
IKS.NS,2026-06-30,2026-07-17,63.72,34.05
INDGN.NS,2024-05-10,2024-05-13,0.0,99.84
INDGN.NS,2024-06-30,2024-07-19,0.0,100.0
INDGN.NS,2024-09-30,2024-10-18,0.0,100.0
INDGN.NS,2024-12-31,2025-01-20,0.0,100.0
INDGN.NS,2025-03-31,2025-04-21,0.0,100.0
INDGN.NS,2025-06-30,2025-07-21,0.0,100.0
INDGN.NS,2025-09-30,2025-10-17,0.0,100.0
INDGN.NS,2025-12-31,2026-01-20,0.0,100.0
INDGN.NS,2026-03-31,2026-04-20,0.0,100.0
INDGN.NS,2026-06-30,2026-07-17,0.0,100.0
INDHOTEL.NS,2021-09-30,2021-10-14,40.75,59.25
INDHOTEL.NS,2021-12-31,2022-01-19,41.05,58.95
INDHOTEL.NS,2022-03-31,2022-04-20,38.19,61.81
INDHOTEL.NS,2022-06-30,2022-07-20,38.19,61.81
INDHOTEL.NS,2022-09-30,2022-10-21,38.19,61.81
INDHOTEL.NS,2022-12-31,2023-01-19,38.19,61.81
INDHOTEL.NS,2023-03-31,2023-04-20,38.19,61.81
INDHOTEL.NS,2023-06-30,2023-07-20,38.19,61.81
INDHOTEL.NS,2023-09-30,2023-10-19,38.19,61.81
INDHOTEL.NS,2023-12-31,2024-01-18,38.12,61.88
INDHOTEL.NS,2024-03-31,2024-04-19,38.12,61.88
INDHOTEL.NS,2024-06-30,2024-07-19,38.12,61.88
INDHOTEL.NS,2024-09-30,2024-10-18,38.12,61.88
INDHOTEL.NS,2024-12-31,2025-01-15,38.12,61.88
INDHOTEL.NS,2025-03-31,2025-04-17,38.12,61.88
INDHOTEL.NS,2025-06-30,2025-07-21,38.12,61.88
INDHOTEL.NS,2025-09-30,2025-10-21,38.12,61.88
INDHOTEL.NS,2025-12-31,2026-01-21,38.12,61.88
INDHOTEL.NS,2026-03-31,2026-04-21,38.12,61.88
INDHOTEL.NS,2026-06-30,2026-07-20,38.12,61.88
INDIACEM.NS,2021-09-30,2021-10-20,28.42,71.59
INDIACEM.NS,2021-12-31,2022-01-20,28.42,71.58
INDIACEM.NS,2022-03-31,2022-04-18,28.42,71.57
INDIACEM.NS,2022-06-30,2022-07-20,28.42,71.58
INDIACEM.NS,2022-09-30,2022-10-21,28.42,71.58
INDIACEM.NS,2022-12-31,2023-01-21,28.42,71.59
INDIACEM.NS,2023-03-31,2023-04-20,28.42,71.58
INDIACEM.NS,2023-06-30,2023-07-19,28.42,71.58
INDIACEM.NS,2023-09-30,2023-10-20,28.42,71.58
INDIACEM.NS,2023-12-31,2024-01-20,28.42,71.58
INDIACEM.NS,2024-03-31,2024-04-20,28.42,71.58
INDIACEM.NS,2024-06-30,2024-07-19,28.42,71.58
INDIACEM.NS,2024-09-30,2024-10-19,28.42,71.58
INDIACEM.NS,2024-12-31,2025-01-20,55.49,44.51
INDIACEM.NS,2025-03-31,2025-04-19,81.49,18.51
INDIACEM.NS,2025-06-30,2025-07-21,81.49,18.51
INDIACEM.NS,2025-09-30,2025-10-21,75.6,24.4
INDIACEM.NS,2025-12-31,2026-01-21,75.0,25.0
INDIACEM.NS,2026-03-31,2026-04-21,75.0,25.0
INDIACEM.NS,2026-06-30,2026-07-20,75.0,25.0
INDIAMART.NS,2021-09-30,2021-10-18,49.52,49.75
INDIAMART.NS,2021-12-31,2022-01-18,49.52,50.44
INDIAMART.NS,2022-03-31,2022-04-18,49.52,50.44
INDIAMART.NS,2022-06-30,2022-07-19,49.22,50.04
INDIAMART.NS,2022-09-30,2022-10-18,49.22,50.57
INDIAMART.NS,2022-12-31,2023-01-17,49.22,50.64
INDIAMART.NS,2023-03-31,2023-04-11,49.22,50.67
INDIAMART.NS,2023-06-22,2023-07-02,49.22,50.67
INDIAMART.NS,2023-06-30,2023-07-20,49.22,50.67
INDIAMART.NS,2023-09-25,2023-09-30,49.21,50.68
INDIAMART.NS,2023-09-30,2023-10-20,49.21,50.68
INDIAMART.NS,2023-12-31,2024-01-18,49.21,50.71
INDIAMART.NS,2024-03-31,2024-04-14,49.21,50.74
INDIAMART.NS,2024-06-30,2024-07-19,49.21,50.74
INDIAMART.NS,2024-09-30,2024-10-17,49.21,50.75
INDIAMART.NS,2024-12-31,2025-01-17,49.17,50.74
INDIAMART.NS,2025-03-31,2025-04-18,49.17,50.79
INDIAMART.NS,2025-06-30,2025-07-21,49.17,50.8
INDIAMART.NS,2025-09-30,2025-10-16,49.17,50.81
INDIAMART.NS,2025-12-31,2026-01-19,49.12,50.83
INDIAMART.NS,2026-03-31,2026-04-13,49.12,50.87
INDIAMART.NS,2026-06-30,2026-07-21,49.07,50.91
INDIANB.NS,2021-09-30,2021-10-12,79.86,20.14
INDIANB.NS,2021-12-31,2022-01-11,79.86,20.14
INDIANB.NS,2022-03-31,2022-04-11,79.86,20.14
INDIANB.NS,2022-06-30,2022-07-16,79.86,20.14
INDIANB.NS,2022-09-30,2022-10-14,79.86,20.14
INDIANB.NS,2022-12-31,2023-01-11,79.86,20.14
INDIANB.NS,2023-03-31,2023-04-12,79.86,20.14
INDIANB.NS,2023-06-30,2023-07-17,79.86,20.14
INDIANB.NS,2023-09-30,2023-10-10,79.86,20.14
INDIANB.NS,2023-12-16,2023-12-19,73.84,26.16
INDIANB.NS,2023-12-31,2024-01-08,73.84,26.16
INDIANB.NS,2024-03-31,2024-04-08,73.84,26.16
INDIANB.NS,2024-06-30,2024-07-03,73.84,26.16
INDIANB.NS,2024-09-30,2024-10-15,73.84,26.16
INDIANB.NS,2024-12-31,2025-01-13,73.84,26.16
INDIANB.NS,2025-03-31,2025-04-05,73.84,26.16
INDIANB.NS,2025-06-30,2025-07-16,73.84,26.16
INDIANB.NS,2025-09-30,2025-10-15,73.84,26.16
INDIANB.NS,2025-12-31,2026-01-13,73.84,26.16
INDIANB.NS,2026-03-31,2026-04-07,73.84,26.16
INDIANB.NS,2026-06-30,2026-07-04,73.84,26.16
INDIGO.NS,2021-09-30,2021-10-21,74.79,25.21
INDIGO.NS,2021-12-31,2022-01-18,74.78,25.22
INDIGO.NS,2022-03-31,2022-04-21,74.77,25.23
INDIGO.NS,2022-06-30,2022-07-20,74.77,25.23
INDIGO.NS,2022-09-30,2022-10-20,71.93,28.07
INDIGO.NS,2022-12-31,2023-01-11,71.92,28.08
INDIGO.NS,2023-03-31,2023-04-18,67.86,32.14
INDIGO.NS,2023-06-30,2023-07-19,67.77,32.23
INDIGO.NS,2023-09-30,2023-10-19,63.24,36.76
INDIGO.NS,2023-12-31,2024-01-18,63.13,36.87
INDIGO.NS,2024-03-31,2024-04-08,57.29,42.71
INDIGO.NS,2024-06-30,2024-07-09,55.29,44.71
INDIGO.NS,2024-09-30,2024-10-11,49.29,50.71
INDIGO.NS,2024-12-31,2025-01-20,49.27,50.73
INDIGO.NS,2025-03-31,2025-04-18,49.27,50.73
INDIGO.NS,2025-06-30,2025-07-21,43.54,56.46
INDIGO.NS,2025-09-30,2025-10-19,41.58,58.42
INDIGO.NS,2025-12-31,2026-01-20,41.58,58.42
INDIGO.NS,2026-03-31,2026-04-21,41.57,58.43
INDIGO.NS,2026-06-30,2026-07-21,41.57,58.43
INDIGOPNTS.NS,2021-09-30,2021-10-11,54.0,46.0
INDIGOPNTS.NS,2021-12-31,2022-01-11,54.0,46.0
INDIGOPNTS.NS,2022-03-31,2022-04-12,54.0,46.0
INDIGOPNTS.NS,2022-06-30,2022-07-12,54.0,46.0
INDIGOPNTS.NS,2022-09-30,2022-10-15,54.0,46.0
INDIGOPNTS.NS,2022-12-31,2023-01-17,54.0,46.0
INDIGOPNTS.NS,2023-03-31,2023-04-10,53.98,46.02
INDIGOPNTS.NS,2023-06-30,2023-07-19,53.98,46.02
INDIGOPNTS.NS,2023-09-30,2023-10-12,53.95,46.05
INDIGOPNTS.NS,2023-12-31,2024-01-08,53.94,46.06
INDIGOPNTS.NS,2024-03-31,2024-04-17,53.94,46.06
INDIGOPNTS.NS,2024-06-30,2024-07-16,53.94,46.06
INDIGOPNTS.NS,2024-09-30,2024-10-15,53.92,46.08
INDIGOPNTS.NS,2024-12-31,2025-01-15,53.92,46.08
INDIGOPNTS.NS,2025-03-31,2025-04-21,53.92,46.08
INDIGOPNTS.NS,2025-06-30,2025-07-21,53.92,46.08
INDIGOPNTS.NS,2025-09-30,2025-10-21,53.88,46.12
INDIGOPNTS.NS,2025-12-31,2026-01-15,53.88,46.12
INDIGOPNTS.NS,2026-03-31,2026-04-21,53.88,46.12
INDIGOPNTS.NS,2026-06-30,2026-07-21,53.88,46.12
INDOCO.NS,2021-09-30,2021-10-11,58.69,41.31
INDOCO.NS,2021-12-31,2022-01-11,58.69,41.31
INDOCO.NS,2022-03-31,2022-04-11,58.69,41.31
INDOCO.NS,2022-06-30,2022-07-07,58.69,41.31
INDOCO.NS,2022-09-30,2022-10-13,58.69,41.31
INDOCO.NS,2022-12-31,2023-01-17,58.69,41.31
INDOCO.NS,2023-03-31,2023-04-17,58.69,41.31
INDOCO.NS,2023-06-30,2023-07-17,58.73,41.27
INDOCO.NS,2023-09-30,2023-10-16,58.74,41.26
INDOCO.NS,2023-12-31,2024-01-18,58.74,41.26
INDOCO.NS,2024-03-31,2024-04-17,58.72,41.24
INDOCO.NS,2024-06-30,2024-07-18,58.75,41.21
INDOCO.NS,2024-09-30,2024-10-17,58.75,41.21
INDOCO.NS,2024-12-31,2025-01-17,58.8,41.17
INDOCO.NS,2025-03-31,2025-04-11,58.9,41.01
INDOCO.NS,2025-06-30,2025-07-21,58.9,41.01
INDOCO.NS,2025-09-30,2025-10-17,58.9,41.01
INDOCO.NS,2025-12-31,2026-01-20,58.9,41.01
INDOCO.NS,2026-03-31,2026-04-16,58.86,41.0
INDOCO.NS,2026-06-30,2026-07-17,58.86,41.0
INDOSTAR.NS,2021-09-30,2021-10-20,88.16,11.84
INDOSTAR.NS,2021-11-26,2021-11-27,89.21,10.79
INDOSTAR.NS,2021-12-31,2022-01-18,89.21,10.8
INDOSTAR.NS,2022-03-31,2022-04-21,89.21,10.79
INDOSTAR.NS,2022-06-30,2022-07-13,89.21,10.79
INDOSTAR.NS,2022-09-30,2022-10-20,89.21,10.79
INDOSTAR.NS,2022-12-31,2023-01-17,89.21,10.79
INDOSTAR.NS,2023-03-31,2023-04-21,89.21,10.79
INDOSTAR.NS,2023-06-30,2023-07-20,75.0,25.0
INDOSTAR.NS,2023-09-30,2023-10-19,75.0,25.0
INDOSTAR.NS,2023-12-31,2024-01-17,75.0,25.0
INDOSTAR.NS,2024-03-31,2024-04-18,75.0,25.0
INDOSTAR.NS,2024-06-30,2024-07-16,73.6,26.4
INDOSTAR.NS,2024-09-30,2024-10-17,73.6,26.4
INDOSTAR.NS,2024-12-31,2025-01-11,73.59,26.41
INDOSTAR.NS,2025-03-31,2025-04-21,73.29,26.71
INDOSTAR.NS,2025-06-30,2025-07-18,72.98,27.02
INDOSTAR.NS,2025-09-30,2025-10-17,72.96,27.04
INDOSTAR.NS,2025-11-25,2025-11-27,67.59,32.41
INDOSTAR.NS,2025-12-20,2025-12-31,70.39,29.61
INDOSTAR.NS,2025-12-31,2026-01-19,70.39,29.61
INDOSTAR.NS,2026-03-31,2026-04-16,70.38,29.62
INDOSTAR.NS,2026-06-30,2026-07-17,70.36,29.64
INDUSINDBK.NS,2021-06-30,2021-07-19,16.54,83.46
INDUSINDBK.NS,2021-09-30,2021-10-14,16.54,83.46
INDUSINDBK.NS,2021-12-31,2022-01-14,16.53,83.47
INDUSINDBK.NS,2022-03-31,2022-04-11,16.52,83.48
INDUSINDBK.NS,2022-06-30,2022-07-11,16.51,83.49
INDUSINDBK.NS,2022-09-30,2022-10-20,16.51,83.49
INDUSINDBK.NS,2022-12-31,2023-01-18,16.51,83.49
INDUSINDBK.NS,2023-03-31,2023-04-11,16.5,83.5
INDUSINDBK.NS,2023-06-30,2023-07-11,16.49,83.51
INDUSINDBK.NS,2023-09-30,2023-10-18,16.47,83.53
INDUSINDBK.NS,2023-12-31,2024-01-17,16.45,83.55
INDUSINDBK.NS,2024-03-31,2024-04-16,16.4,83.6
INDUSINDBK.NS,2024-06-30,2024-07-18,16.38,83.62
INDUSINDBK.NS,2024-09-30,2024-10-17,16.36,83.64
INDUSINDBK.NS,2024-12-31,2025-01-10,16.29,83.71
INDUSINDBK.NS,2025-03-31,2025-04-15,15.83,84.17
INDUSINDBK.NS,2025-06-30,2025-07-21,15.82,84.18
INDUSINDBK.NS,2025-09-30,2025-10-17,15.82,84.18
INDUSINDBK.NS,2025-12-31,2026-01-14,15.82,84.18
INDUSINDBK.NS,2026-03-31,2026-04-20,15.82,84.18
INDUSINDBK.NS,2026-06-30,2026-07-17,15.82,84.18
INDUSTOWER.NS,2021-09-30,2021-10-21,69.85,30.13
INDUSTOWER.NS,2021-12-31,2022-01-21,69.85,30.13
INDUSTOWER.NS,2022-03-31,2022-04-20,67.49,32.49
INDUSTOWER.NS,2022-06-30,2022-07-21,68.81,31.17
INDUSTOWER.NS,2022-09-30,2022-10-21,69.0,30.99
INDUSTOWER.NS,2022-12-31,2023-01-20,69.0,30.99
INDUSTOWER.NS,2023-03-31,2023-04-21,69.0,30.98
INDUSTOWER.NS,2023-06-30,2023-07-20,69.0,30.98
INDUSTOWER.NS,2023-09-30,2023-10-16,69.0,30.99
INDUSTOWER.NS,2023-12-31,2024-01-20,69.0,30.96
INDUSTOWER.NS,2024-03-31,2024-04-19,69.0,30.97
INDUSTOWER.NS,2024-06-30,2024-07-20,52.01,47.95
INDUSTOWER.NS,2024-09-04,2024-09-13,53.01,46.98
INDUSTOWER.NS,2024-09-30,2024-10-21,53.01,46.98
INDUSTOWER.NS,2024-12-31,2025-01-21,50.0,49.96
INDUSTOWER.NS,2025-03-31,2025-04-21,50.0,49.96
INDUSTOWER.NS,2025-06-30,2025-07-21,50.0,49.96
INDUSTOWER.NS,2025-09-30,2025-10-20,51.03,48.93
INDUSTOWER.NS,2025-12-31,2026-01-21,51.03,48.93
INDUSTOWER.NS,2026-03-31,2026-04-21,51.26,48.71
INDUSTOWER.NS,2026-06-30,2026-07-21,51.26,48.71
INFY.NS,2021-09-30,2021-10-19,13.12,86.53
INFY.NS,2021-12-31,2022-01-12,13.12,86.54
INFY.NS,2022-03-31,2022-04-19,13.11,86.56
INFY.NS,2022-06-30,2022-07-19,13.11,86.57
INFY.NS,2022-09-30,2022-10-21,15.16,84.48
INFY.NS,2022-12-31,2023-01-19,15.11,84.54
INFY.NS,2023-03-31,2023-04-17,15.14,84.52
INFY.NS,2023-06-30,2023-07-21,14.94,84.74
INFY.NS,2023-09-30,2023-10-19,14.89,84.8
INFY.NS,2023-12-31,2024-01-18,14.78,84.92
INFY.NS,2024-03-31,2024-04-20,14.71,84.99
INFY.NS,2024-06-30,2024-07-18,14.61,85.12
INFY.NS,2024-09-30,2024-10-16,14.43,85.3
INFY.NS,2024-12-31,2025-01-20,14.43,85.3
INFY.NS,2025-03-31,2025-04-18,14.6,85.14
INFY.NS,2025-06-30,2025-07-21,14.61,85.15
INFY.NS,2025-09-30,2025-10-17,14.3,85.46
INFY.NS,2025-12-04,2025-12-11,14.55,85.21
INFY.NS,2025-12-31,2026-01-18,14.52,85.24
INFY.NS,2026-03-31,2026-04-16,14.38,85.38
INFY.NS,2026-06-30,2026-07-15,13.82,85.97
INGERRAND.NS,2021-09-30,2021-10-14,75.0,25.0
INGERRAND.NS,2021-12-31,2022-01-19,75.0,25.0
INGERRAND.NS,2022-03-31,2022-04-19,75.0,25.0
INGERRAND.NS,2022-06-30,2022-07-20,75.0,25.0
INGERRAND.NS,2022-09-30,2022-10-20,75.0,25.0
INGERRAND.NS,2022-12-31,2023-01-20,75.0,25.0
INGERRAND.NS,2023-03-31,2023-04-20,75.0,25.0
INGERRAND.NS,2023-06-30,2023-07-19,75.0,25.0
INGERRAND.NS,2023-09-30,2023-10-19,75.0,25.0
INGERRAND.NS,2023-12-31,2024-01-18,75.0,25.0
INGERRAND.NS,2024-03-31,2024-04-18,75.0,25.0
INGERRAND.NS,2024-06-30,2024-07-19,75.0,25.0
INGERRAND.NS,2024-09-30,2024-10-19,75.0,25.0
INGERRAND.NS,2024-12-31,2025-01-20,75.0,25.0
INGERRAND.NS,2025-03-31,2025-04-21,75.0,25.0
INGERRAND.NS,2025-06-30,2025-07-18,75.0,25.0
INGERRAND.NS,2025-09-30,2025-10-16,75.0,25.0
INGERRAND.NS,2025-12-31,2026-01-20,75.0,25.0
INGERRAND.NS,2026-03-31,2026-04-17,75.0,25.0
INGERRAND.NS,2026-06-30,2026-07-20,75.0,25.0
INOXINDIA.NS,2023-12-19,2023-12-22,75.0,25.0
INOXINDIA.NS,2023-12-31,2024-01-13,75.0,25.0
INOXINDIA.NS,2024-03-31,2024-04-16,75.0,25.0
INOXINDIA.NS,2024-06-30,2024-07-08,75.0,25.0
INOXINDIA.NS,2024-09-30,2024-10-08,75.0,25.0
INOXINDIA.NS,2024-12-31,2025-01-06,75.0,25.0
INOXINDIA.NS,2025-03-31,2025-04-14,75.0,25.0
INOXINDIA.NS,2025-06-30,2025-07-19,75.0,25.0
INOXINDIA.NS,2025-09-30,2025-10-14,75.0,25.0
INOXINDIA.NS,2025-12-31,2026-01-20,75.0,25.0
INOXINDIA.NS,2026-03-31,2026-04-15,75.0,25.0
INOXINDIA.NS,2026-06-30,2026-07-13,74.86,25.14
INOXWIND.NS,2021-09-30,2021-10-19,66.82,33.18
INOXWIND.NS,2021-12-31,2022-01-21,67.55,32.45
INOXWIND.NS,2022-03-31,2022-04-13,67.55,32.45
INOXWIND.NS,2022-05-25,2022-06-03,71.64,28.36
INOXWIND.NS,2022-06-02,2022-06-10,72.24,27.76
INOXWIND.NS,2022-06-30,2022-07-19,72.24,27.76
INOXWIND.NS,2022-09-30,2022-10-19,72.24,27.76
INOXWIND.NS,2022-12-31,2023-01-20,72.24,27.76
INOXWIND.NS,2023-03-15,2023-03-24,72.01,27.99
INOXWIND.NS,2023-03-31,2023-04-20,72.01,27.99
INOXWIND.NS,2023-06-30,2023-07-20,72.01,27.99
INOXWIND.NS,2023-09-30,2023-10-17,64.64,35.36
INOXWIND.NS,2023-12-31,2024-01-11,52.87,47.13
INOXWIND.NS,2024-03-31,2024-04-16,52.87,47.13
INOXWIND.NS,2024-05-27,2024-06-03,52.87,47.13
INOXWIND.NS,2024-06-30,2024-07-16,48.27,51.73
INOXWIND.NS,2024-09-30,2024-10-15,48.27,51.73
INOXWIND.NS,2024-12-31,2025-01-17,48.27,51.73
INOXWIND.NS,2025-03-31,2025-04-19,48.27,51.73
INOXWIND.NS,2025-06-24,2025-07-04,44.18,55.82
INOXWIND.NS,2025-06-30,2025-07-21,44.18,55.82
INOXWIND.NS,2025-08-21,2025-09-01,44.18,55.82
INOXWIND.NS,2025-09-30,2025-10-15,44.18,55.82
INOXWIND.NS,2025-12-31,2026-01-21,44.18,55.82
INOXWIND.NS,2026-03-31,2026-04-20,44.18,55.82
INOXWIND.NS,2026-06-30,2026-07-17,44.18,55.82
INTELLECT.NS,2021-09-30,2021-10-14,30.96,69.03
INTELLECT.NS,2021-12-31,2022-01-07,30.91,69.08
INTELLECT.NS,2022-03-31,2022-04-11,30.86,69.13
INTELLECT.NS,2022-06-30,2022-07-14,30.76,69.23
INTELLECT.NS,2022-09-30,2022-10-21,30.66,69.33
INTELLECT.NS,2022-12-31,2023-01-17,30.64,69.36
INTELLECT.NS,2023-03-31,2023-04-18,30.6,69.4
INTELLECT.NS,2023-06-30,2023-07-13,30.5,69.5
INTELLECT.NS,2023-09-30,2023-10-17,30.42,69.58
INTELLECT.NS,2023-12-31,2024-01-17,30.38,69.62
INTELLECT.NS,2024-03-31,2024-04-17,30.35,69.65
INTELLECT.NS,2024-06-30,2024-07-19,30.26,69.74
INTELLECT.NS,2024-09-30,2024-10-16,30.05,69.95
INTELLECT.NS,2024-12-31,2025-01-17,29.95,70.05
INTELLECT.NS,2025-03-31,2025-04-18,29.91,70.09
INTELLECT.NS,2025-06-30,2025-07-18,29.87,70.13
INTELLECT.NS,2025-09-30,2025-10-21,29.84,70.16
INTELLECT.NS,2025-12-31,2026-01-20,29.81,70.19
INTELLECT.NS,2026-03-31,2026-04-16,29.73,70.27
INTELLECT.NS,2026-06-30,2026-07-16,29.62,70.38
IOB.NS,2021-09-30,2021-10-18,96.38,3.62
IOB.NS,2021-12-31,2022-01-13,96.38,3.62
IOB.NS,2022-03-31,2022-04-13,96.38,3.62
IOB.NS,2022-06-30,2022-07-11,96.38,3.62
IOB.NS,2022-09-30,2022-10-17,96.38,3.62
IOB.NS,2022-12-31,2023-01-06,96.38,3.62
IOB.NS,2023-03-31,2023-04-11,96.38,3.62
IOB.NS,2023-06-30,2023-07-10,96.38,3.62
IOB.NS,2023-09-30,2023-10-11,96.38,3.62
IOB.NS,2023-12-31,2024-01-06,96.38,3.62
IOB.NS,2024-03-31,2024-04-20,96.38,3.62
IOB.NS,2024-06-30,2024-07-08,96.38,3.62
IOB.NS,2024-09-30,2024-10-05,96.38,3.62
IOB.NS,2024-12-31,2025-01-06,96.38,3.62
IOB.NS,2025-03-24,2025-04-01,94.61,5.39
IOB.NS,2025-03-31,2025-04-15,94.61,5.39
IOB.NS,2025-06-30,2025-07-12,94.61,5.39
IOB.NS,2025-09-30,2025-10-19,94.61,5.39
IOB.NS,2025-12-18,2025-12-26,92.44,7.56
IOB.NS,2025-12-31,2026-01-11,92.44,7.56
IOB.NS,2026-03-31,2026-04-07,92.44,7.56
IOB.NS,2026-06-30,2026-07-13,92.44,7.56
IOC.NS,2021-09-30,2021-10-14,51.5,48.5
IOC.NS,2021-12-31,2022-01-12,51.5,48.5
IOC.NS,2022-03-31,2022-04-05,51.5,48.5
IOC.NS,2022-06-30,2022-07-12,51.5,48.5
IOC.NS,2022-07-04,2022-07-12,51.5,48.5
IOC.NS,2022-09-30,2022-10-20,51.5,48.5
IOC.NS,2022-12-31,2023-01-18,51.5,48.5
IOC.NS,2023-03-31,2023-04-12,51.5,48.5
IOC.NS,2023-06-30,2023-07-19,51.5,48.5
IOC.NS,2023-09-30,2023-10-12,51.5,48.5
IOC.NS,2023-12-31,2024-01-15,51.5,48.5
IOC.NS,2024-03-31,2024-04-17,51.5,48.5
IOC.NS,2024-06-30,2024-07-17,51.5,48.5
IOC.NS,2024-09-30,2024-10-17,51.5,48.5
IOC.NS,2024-12-31,2025-01-15,51.5,48.5
IOC.NS,2025-03-31,2025-04-16,51.5,48.5
IOC.NS,2025-06-30,2025-07-17,51.5,48.5
IOC.NS,2025-09-30,2025-10-17,51.5,48.5
IOC.NS,2025-12-31,2026-01-19,51.5,48.5
IOC.NS,2026-03-31,2026-04-16,51.5,48.5
IOC.NS,2026-06-30,2026-07-09,51.5,48.5
IPCALAB.NS,2021-09-30,2021-10-20,46.29,53.71
IPCALAB.NS,2021-12-31,2022-01-10,46.29,53.71
IPCALAB.NS,2022-03-31,2022-04-13,46.29,53.71
IPCALAB.NS,2022-06-30,2022-07-18,46.29,53.71
IPCALAB.NS,2022-09-30,2022-10-17,46.29,53.71
IPCALAB.NS,2022-12-31,2023-01-17,46.29,53.71
IPCALAB.NS,2023-03-31,2023-04-14,46.29,53.71
IPCALAB.NS,2023-06-30,2023-07-12,46.29,53.71
IPCALAB.NS,2023-09-30,2023-10-16,46.29,53.71
IPCALAB.NS,2023-12-31,2024-01-18,46.29,53.71
IPCALAB.NS,2024-03-31,2024-04-16,46.3,53.7
IPCALAB.NS,2024-06-30,2024-07-15,46.3,53.7
IPCALAB.NS,2024-09-30,2024-10-17,46.3,53.7
IPCALAB.NS,2024-12-31,2025-01-09,44.72,55.28
IPCALAB.NS,2025-03-31,2025-04-09,44.72,55.28
IPCALAB.NS,2025-06-30,2025-07-16,44.72,55.28
IPCALAB.NS,2025-09-30,2025-10-14,44.72,55.28
IPCALAB.NS,2025-12-31,2026-01-14,44.72,55.28
IPCALAB.NS,2026-03-31,2026-04-08,44.72,55.28
IPCALAB.NS,2026-06-30,2026-07-17,44.72,55.28
IRB.NS,2021-09-30,2021-10-19,58.46,41.54
IRB.NS,2021-12-29,2021-12-30,34.02,65.98
IRB.NS,2021-12-31,2022-01-14,34.02,65.98
IRB.NS,2022-03-31,2022-04-14,34.02,65.98
IRB.NS,2022-06-30,2022-07-14,34.2,65.8
IRB.NS,2022-09-30,2022-10-18,34.2,65.8
IRB.NS,2022-12-31,2023-01-18,34.2,65.8
IRB.NS,2023-03-31,2023-04-14,34.2,65.8
IRB.NS,2023-06-30,2023-07-18,34.21,65.79
IRB.NS,2023-09-30,2023-10-17,34.39,65.61
IRB.NS,2023-12-31,2024-01-17,34.39,65.61
IRB.NS,2024-03-31,2024-04-17,34.39,65.61
IRB.NS,2024-06-30,2024-07-10,30.42,69.58
IRB.NS,2024-09-30,2024-10-16,30.42,69.58
IRB.NS,2024-12-31,2025-01-14,30.42,69.58
IRB.NS,2025-03-31,2025-04-21,30.42,69.58
IRB.NS,2025-06-30,2025-07-18,30.42,69.58
IRB.NS,2025-09-30,2025-10-17,30.42,69.58
IRB.NS,2025-12-31,2026-01-21,30.42,69.58
IRB.NS,2026-03-31,2026-04-10,30.79,69.21
IRB.NS,2026-04-02,2026-04-10,30.79,69.21
IRB.NS,2026-06-30,2026-07-17,30.81,69.19
IRCON.NS,2021-09-30,2021-10-11,73.18,26.82
IRCON.NS,2021-12-31,2022-01-13,73.18,26.82
IRCON.NS,2022-03-31,2022-04-11,73.18,26.82
IRCON.NS,2022-06-30,2022-07-11,73.18,26.82
IRCON.NS,2022-09-30,2022-10-20,73.18,26.82
IRCON.NS,2022-12-31,2023-01-09,73.18,26.82
IRCON.NS,2023-03-31,2023-04-12,73.18,26.82
IRCON.NS,2023-06-30,2023-07-13,73.18,26.82
IRCON.NS,2023-09-30,2023-10-10,73.18,26.82
IRCON.NS,2023-12-31,2024-01-09,65.17,34.83
IRCON.NS,2024-03-31,2024-04-12,65.17,34.83
IRCON.NS,2024-06-30,2024-07-11,65.17,34.83
IRCON.NS,2024-09-30,2024-10-15,65.17,34.83
IRCON.NS,2024-12-31,2025-01-07,65.17,34.83
IRCON.NS,2025-03-31,2025-04-07,65.17,34.83
IRCON.NS,2025-06-30,2025-07-11,65.17,34.83
IRCON.NS,2025-09-30,2025-10-14,65.17,34.83
IRCON.NS,2025-12-31,2026-01-13,65.17,34.83
IRCON.NS,2026-03-31,2026-04-13,65.17,34.83
IRCON.NS,2026-06-30,2026-07-08,65.17,34.83
IRCTC.NS,2021-09-30,2021-10-08,67.4,32.6
IRCTC.NS,2021-10-29,2021-11-17,67.4,32.6
IRCTC.NS,2021-12-31,2022-01-11,67.4,32.6
IRCTC.NS,2022-03-31,2022-04-08,67.4,32.6
IRCTC.NS,2022-06-30,2022-07-15,67.4,32.6
IRCTC.NS,2022-09-30,2022-10-20,67.4,32.6
IRCTC.NS,2022-12-31,2023-01-12,62.4,37.6
IRCTC.NS,2023-03-31,2023-04-18,62.4,37.6
IRCTC.NS,2023-06-30,2023-07-14,62.4,37.6
IRCTC.NS,2023-09-30,2023-10-16,62.4,37.6
IRCTC.NS,2023-12-31,2024-01-11,62.4,37.6
IRCTC.NS,2024-03-31,2024-04-18,62.4,37.6
IRCTC.NS,2024-06-30,2024-07-16,62.4,37.6
IRCTC.NS,2024-09-30,2024-10-16,62.4,37.6
IRCTC.NS,2024-12-31,2025-01-10,62.4,37.6
IRCTC.NS,2025-03-31,2025-04-15,62.4,37.6
IRCTC.NS,2025-06-30,2025-07-11,62.4,37.6
IRCTC.NS,2025-09-30,2025-10-14,62.4,37.6
IRCTC.NS,2025-12-31,2026-01-15,62.4,37.6
IRCTC.NS,2026-03-31,2026-04-13,62.4,37.6
IRCTC.NS,2026-06-30,2026-07-16,62.4,37.6
IREDA.NS,2023-11-25,2023-12-05,75.0,25.0
IREDA.NS,2023-12-31,2024-01-17,75.0,25.0
IREDA.NS,2024-03-31,2024-04-16,75.0,25.0
IREDA.NS,2024-06-30,2024-07-10,75.0,25.0
IREDA.NS,2024-09-30,2024-10-08,75.0,25.0
IREDA.NS,2024-12-31,2025-01-15,75.0,25.0
IREDA.NS,2025-03-31,2025-04-09,75.0,25.0
IREDA.NS,2025-06-11,2025-06-12,71.76,28.24
IREDA.NS,2025-06-30,2025-07-16,71.76,28.24
IREDA.NS,2025-09-30,2025-10-08,71.76,28.24
IREDA.NS,2025-12-31,2026-01-06,71.76,28.24
IREDA.NS,2026-03-31,2026-04-10,71.76,28.24
IREDA.NS,2026-06-30,2026-07-17,71.76,28.24
IRFC.NS,2021-09-30,2021-10-11,86.36,13.64
IRFC.NS,2021-12-31,2022-01-14,86.36,13.64
IRFC.NS,2022-03-31,2022-04-13,86.36,13.64
IRFC.NS,2022-06-30,2022-07-15,86.36,13.64
IRFC.NS,2022-09-30,2022-10-20,86.36,13.64
IRFC.NS,2022-12-31,2023-01-19,86.36,13.64
IRFC.NS,2023-03-31,2023-04-13,86.36,13.64
IRFC.NS,2023-06-30,2023-07-18,86.36,13.64
IRFC.NS,2023-09-30,2023-10-18,86.36,13.64
IRFC.NS,2023-12-31,2024-01-17,86.36,13.64
IRFC.NS,2024-03-31,2024-04-18,86.36,13.64
IRFC.NS,2024-06-30,2024-07-19,86.36,13.64
IRFC.NS,2024-09-30,2024-10-18,86.36,13.64
IRFC.NS,2024-12-31,2025-01-17,86.36,13.64
IRFC.NS,2025-03-31,2025-04-17,86.36,13.64
IRFC.NS,2025-06-30,2025-07-21,86.36,13.64
IRFC.NS,2025-09-30,2025-10-16,86.36,13.64
IRFC.NS,2025-12-31,2026-01-19,86.36,13.64
IRFC.NS,2026-03-31,2026-04-16,84.65,15.35
IRFC.NS,2026-06-30,2026-07-17,82.9,17.1
ITC.NS,2021-09-30,2021-10-12,0.0,100.0
ITC.NS,2021-12-31,2022-01-18,0.0,100.0
ITC.NS,2022-03-31,2022-04-11,0.0,100.0
ITC.NS,2022-06-30,2022-07-19,0.0,100.0
ITC.NS,2022-09-30,2022-10-20,0.0,100.0
ITC.NS,2022-12-31,2023-01-13,0.0,100.0
ITC.NS,2023-03-31,2023-04-11,0.0,100.0
ITC.NS,2023-06-30,2023-07-19,0.0,100.0
ITC.NS,2023-09-30,2023-10-17,0.0,100.0
ITC.NS,2023-12-31,2024-01-16,0.0,100.0
ITC.NS,2024-03-31,2024-04-18,0.0,100.0
ITC.NS,2024-06-30,2024-07-18,0.0,100.0
ITC.NS,2024-09-30,2024-10-17,0.0,100.0
ITC.NS,2024-12-31,2025-01-16,0.0,100.0
ITC.NS,2025-03-31,2025-04-16,0.0,100.0
ITC.NS,2025-06-30,2025-07-18,0.0,100.0
ITC.NS,2025-09-30,2025-10-15,0.0,100.0
ITC.NS,2025-12-31,2026-01-20,0.0,100.0
ITC.NS,2026-03-31,2026-04-17,0.0,100.0
ITC.NS,2026-06-30,2026-07-15,0.0,100.0
ITCHOTELS.NS,2025-01-28,2025-01-29,39.88,60.12
ITCHOTELS.NS,2025-03-31,2025-04-21,39.88,60.12
ITCHOTELS.NS,2025-06-30,2025-07-21,39.87,60.13
ITCHOTELS.NS,2025-09-30,2025-10-14,39.85,60.15
ITCHOTELS.NS,2025-12-31,2026-01-21,39.85,60.15
ITCHOTELS.NS,2026-03-31,2026-04-21,39.85,60.15
ITCHOTELS.NS,2026-06-30,2026-07-21,39.85,60.15
ITDC.NS,2021-09-30,2021-10-13,87.03,12.97
ITDC.NS,2021-12-31,2022-01-12,87.03,12.97
ITDC.NS,2022-03-31,2022-04-13,87.03,12.97
ITDC.NS,2022-06-30,2022-07-12,87.03,12.97
ITDC.NS,2022-09-30,2022-10-10,87.03,12.97
ITDC.NS,2022-12-31,2023-01-09,87.03,12.97
ITDC.NS,2023-03-31,2023-04-13,87.03,12.97
ITDC.NS,2023-06-30,2023-07-13,87.03,12.97
ITDC.NS,2023-09-30,2023-10-12,87.03,12.97
ITDC.NS,2023-12-31,2024-01-10,87.03,12.97
ITDC.NS,2024-03-31,2024-04-08,87.03,12.97
ITDC.NS,2024-06-30,2024-07-09,87.03,12.97
ITDC.NS,2024-09-30,2024-10-08,87.03,12.97
ITDC.NS,2024-12-31,2025-01-09,87.03,12.97
ITDC.NS,2025-03-31,2025-04-17,87.03,12.97
ITDC.NS,2025-06-30,2025-07-14,87.03,12.97
ITDC.NS,2025-09-30,2025-10-13,87.03,12.97
ITDC.NS,2025-12-31,2026-01-13,87.03,12.97
ITDC.NS,2026-03-31,2026-04-13,87.03,12.97
ITDC.NS,2026-06-30,2026-07-16,87.03,12.97
ITI.NS,2021-12-31,2022-01-06,90.09,9.91
ITI.NS,2022-03-31,2022-04-07,90.0,10.0
ITI.NS,2022-05-25,2022-05-27,90.09,9.91
ITI.NS,2022-06-30,2022-07-13,90.09,9.91
ITI.NS,2022-09-28,2022-09-29,90.17,9.83
ITI.NS,2022-09-30,2022-10-19,90.09,9.91
ITI.NS,2022-12-31,2023-01-18,90.17,9.83
ITI.NS,2023-03-31,2023-04-06,90.17,9.83
ITI.NS,2023-05-11,2023-05-17,90.28,9.72
ITI.NS,2023-06-30,2023-07-11,90.28,9.72
ITI.NS,2023-09-30,2023-10-06,90.28,9.72
ITI.NS,2023-12-31,2024-01-06,90.28,9.72
ITI.NS,2024-03-31,2024-04-08,90.0,10.0
ITI.NS,2024-06-30,2024-07-19,90.0,10.0
ITI.NS,2024-09-30,2024-10-15,90.0,10.0
ITI.NS,2024-12-31,2025-01-10,90.0,10.0
ITI.NS,2025-03-31,2025-04-18,90.0,10.0
ITI.NS,2025-05-27,2025-05-28,90.02,9.98
ITI.NS,2025-06-30,2025-07-07,90.02,9.98
ITI.NS,2025-09-30,2025-10-21,90.02,9.98
ITI.NS,2025-12-31,2026-01-20,90.02,9.98
ITI.NS,2026-03-31,2026-04-18,90.02,9.98
ITI.NS,2026-06-30,2026-07-20,90.02,9.98
JAGRAN.NS,2021-09-30,2021-10-09,69.4,30.6
JAGRAN.NS,2021-12-31,2022-01-18,69.4,30.6
JAGRAN.NS,2022-03-31,2022-04-14,69.4,30.6
JAGRAN.NS,2022-06-30,2022-07-16,69.41,30.59
JAGRAN.NS,2022-09-30,2022-10-20,69.41,30.59
JAGRAN.NS,2022-12-31,2023-01-16,69.41,30.59
JAGRAN.NS,2023-03-28,2023-04-05,69.0,31.0
JAGRAN.NS,2023-03-31,2023-04-06,69.0,31.0
JAGRAN.NS,2023-06-30,2023-07-14,69.0,31.0
JAGRAN.NS,2023-09-30,2023-10-10,69.0,31.0
JAGRAN.NS,2023-12-31,2024-01-05,69.0,31.0
JAGRAN.NS,2024-03-31,2024-04-06,69.0,31.0
JAGRAN.NS,2024-06-30,2024-07-08,69.0,31.0
JAGRAN.NS,2024-09-30,2024-10-10,69.0,31.0
JAGRAN.NS,2024-12-31,2025-01-08,69.0,31.0
JAGRAN.NS,2025-03-31,2025-04-10,69.0,31.0
JAGRAN.NS,2025-06-30,2025-07-10,69.0,31.0
JAGRAN.NS,2025-09-30,2025-10-18,69.0,31.0
JAGRAN.NS,2025-12-31,2026-01-05,69.0,31.0
JAGRAN.NS,2026-03-31,2026-04-09,69.0,31.0
JAGRAN.NS,2026-06-30,2026-07-10,69.0,31.0
JAICORPLTD.NS,2021-09-30,2021-10-16,73.01,26.99
JAICORPLTD.NS,2021-12-31,2022-01-08,73.01,26.99
JAICORPLTD.NS,2022-03-31,2022-04-18,73.01,26.99
JAICORPLTD.NS,2022-06-30,2022-07-14,73.01,27.0
JAICORPLTD.NS,2022-09-30,2022-10-19,73.01,26.99
JAICORPLTD.NS,2022-12-31,2023-01-17,73.01,26.99
JAICORPLTD.NS,2023-03-31,2023-04-19,73.79,26.21
JAICORPLTD.NS,2023-06-30,2023-07-19,73.79,26.21
JAICORPLTD.NS,2023-09-30,2023-10-11,73.79,26.21
JAICORPLTD.NS,2023-12-31,2024-01-08,73.79,26.21
JAICORPLTD.NS,2024-03-31,2024-04-16,73.79,26.21
JAICORPLTD.NS,2024-06-30,2024-07-08,73.79,26.21
JAICORPLTD.NS,2024-09-30,2024-10-18,73.79,26.21
JAICORPLTD.NS,2024-12-31,2025-01-14,73.92,26.08
JAICORPLTD.NS,2025-03-31,2025-04-08,73.92,26.08
JAICORPLTD.NS,2025-06-30,2025-07-18,73.92,26.08
JAICORPLTD.NS,2025-09-30,2025-10-15,73.92,26.08
JAICORPLTD.NS,2025-12-31,2026-01-07,73.92,26.08
JAICORPLTD.NS,2026-03-31,2026-04-16,73.92,26.08
JAICORPLTD.NS,2026-06-30,2026-07-16,73.92,26.08
JAMNAAUTO.NS,2021-09-30,2021-10-13,50.0,50.0
JAMNAAUTO.NS,2021-12-31,2022-01-12,50.0,50.0
JAMNAAUTO.NS,2022-03-31,2022-04-20,49.98,50.02
JAMNAAUTO.NS,2022-06-30,2022-07-13,49.98,50.02
JAMNAAUTO.NS,2022-09-30,2022-10-21,49.98,50.02
JAMNAAUTO.NS,2022-12-31,2023-01-17,49.98,50.02
JAMNAAUTO.NS,2023-03-31,2023-04-15,49.95,50.05
JAMNAAUTO.NS,2023-06-30,2023-07-13,49.95,50.05
JAMNAAUTO.NS,2023-09-30,2023-10-13,49.95,50.05
JAMNAAUTO.NS,2023-12-31,2024-01-10,49.95,50.05
JAMNAAUTO.NS,2024-03-31,2024-04-09,49.94,50.06
JAMNAAUTO.NS,2024-06-30,2024-07-11,49.94,50.06
JAMNAAUTO.NS,2024-09-30,2024-10-15,49.94,50.06
JAMNAAUTO.NS,2024-12-31,2025-01-20,49.94,50.06
JAMNAAUTO.NS,2025-03-31,2025-04-16,49.94,50.06
JAMNAAUTO.NS,2025-06-30,2025-07-19,49.94,50.06
JAMNAAUTO.NS,2025-09-30,2025-10-17,49.94,50.06
JAMNAAUTO.NS,2025-12-31,2026-01-17,49.93,50.07
JAMNAAUTO.NS,2026-03-31,2026-04-20,49.84,50.16
JAMNAAUTO.NS,2026-06-30,2026-07-14,49.84,50.16
JBCHEPHARM.NS,2021-09-30,2021-10-20,55.91,44.09
JBCHEPHARM.NS,2021-12-31,2022-01-14,54.0,46.0
JBCHEPHARM.NS,2022-03-31,2022-04-19,54.0,46.0
JBCHEPHARM.NS,2022-06-30,2022-07-14,54.0,46.0
JBCHEPHARM.NS,2022-09-30,2022-10-19,53.96,46.04
JBCHEPHARM.NS,2022-12-31,2023-01-18,53.95,46.05
JBCHEPHARM.NS,2023-03-31,2023-04-20,53.93,46.07
JBCHEPHARM.NS,2023-06-30,2023-07-19,53.91,46.09
JBCHEPHARM.NS,2023-09-30,2023-10-18,53.86,46.14
JBCHEPHARM.NS,2023-12-31,2024-01-19,53.83,46.17
JBCHEPHARM.NS,2024-03-31,2024-04-19,53.78,46.22
JBCHEPHARM.NS,2024-06-30,2024-07-19,53.77,46.23
JBCHEPHARM.NS,2024-09-30,2024-10-18,53.74,46.26
JBCHEPHARM.NS,2024-12-31,2025-01-20,53.66,46.34
JBCHEPHARM.NS,2025-03-31,2025-04-21,47.84,52.16
JBCHEPHARM.NS,2025-06-30,2025-07-21,47.73,52.27
JBCHEPHARM.NS,2025-09-30,2025-10-16,47.56,52.44
JBCHEPHARM.NS,2025-12-31,2026-01-06,47.55,52.45
JBCHEPHARM.NS,2026-01-23,2026-01-31,48.78,51.22
JBCHEPHARM.NS,2026-03-31,2026-04-16,48.8,51.2
JBMA.NS,2021-09-30,2021-10-19,67.54,32.46
JBMA.NS,2021-12-31,2022-01-20,67.54,32.46
JBMA.NS,2022-03-31,2022-04-19,67.53,32.47
JBMA.NS,2022-06-30,2022-07-18,67.53,32.47
JBMA.NS,2022-09-30,2022-10-20,67.53,32.47
JBMA.NS,2022-12-31,2023-01-16,67.53,32.47
JBMA.NS,2023-03-31,2023-04-18,67.53,32.47
JBMA.NS,2023-06-30,2023-07-18,67.53,32.47
JBMA.NS,2023-09-30,2023-10-11,67.53,32.47
JBMA.NS,2023-12-31,2024-01-12,67.53,32.47
JBMA.NS,2024-03-31,2024-04-15,67.53,32.47
JBMA.NS,2024-06-30,2024-07-13,67.53,32.47
JBMA.NS,2024-09-30,2024-10-16,67.53,32.47
JBMA.NS,2024-12-31,2025-01-15,67.53,32.47
JBMA.NS,2025-03-31,2025-04-16,67.53,32.47
JBMA.NS,2025-06-30,2025-07-17,67.53,32.47
JBMA.NS,2025-09-30,2025-10-16,67.53,32.47
JBMA.NS,2025-12-31,2026-01-07,67.53,32.47
JBMA.NS,2026-03-31,2026-04-13,67.53,32.47
JBMA.NS,2026-06-30,2026-07-03,67.53,32.47
JINDALSAW.NS,2015-12-31,2016-01-19,61.16,38.84
JINDALSAW.NS,2016-03-31,2016-04-18,61.16,38.84
JINDALSAW.NS,2016-06-30,2016-07-18,63.01,36.99
JINDALSAW.NS,2016-09-30,2016-10-14,63.01,36.99
JINDALSAW.NS,2016-12-31,2017-01-11,63.01,36.99
JINDALSAW.NS,2017-03-31,2017-04-14,63.01,36.99
JINDALSAW.NS,2017-06-30,2017-07-13,63.01,36.99
JINDALSAW.NS,2017-09-30,2017-10-12,63.01,36.99
JINDALSAW.NS,2017-12-31,2018-01-12,63.01,36.99
JINDALSAW.NS,2018-03-31,2018-04-16,63.01,36.99
JINDALSAW.NS,2018-06-30,2018-07-18,63.01,36.99
JINDALSAW.NS,2021-09-30,2021-10-19,63.02,36.32
JINDALSAW.NS,2021-12-31,2022-01-14,63.02,36.32
JINDALSAW.NS,2022-03-31,2022-04-19,63.02,36.32
JINDALSAW.NS,2022-06-30,2022-07-18,63.02,36.32
JINDALSAW.NS,2022-09-30,2022-10-18,63.02,36.32
JINDALSAW.NS,2022-12-31,2023-01-19,63.02,36.33
JINDALSAW.NS,2023-03-31,2023-04-07,63.25,36.11
JINDALSAW.NS,2023-06-30,2023-07-19,63.26,36.15
JINDALSAW.NS,2023-09-30,2023-10-18,63.26,36.16
JINDALSAW.NS,2023-12-31,2024-01-11,63.26,36.17
JINDALSAW.NS,2024-03-31,2024-04-11,63.27,36.24
JINDALSAW.NS,2024-06-30,2024-07-12,63.28,36.26
JINDALSAW.NS,2024-09-30,2024-10-16,63.28,36.26
JINDALSAW.NS,2024-12-31,2025-01-20,63.28,36.27
JINDALSAW.NS,2025-03-31,2025-04-17,63.28,36.34
JINDALSAW.NS,2025-06-30,2025-07-21,63.26,36.37
JINDALSAW.NS,2025-09-30,2025-10-21,63.25,36.39
JINDALSAW.NS,2025-12-31,2026-01-20,63.25,36.39
JINDALSAW.NS,2026-03-31,2026-04-08,63.25,36.46
JINDALSAW.NS,2026-06-30,2026-07-17,63.25,36.5
JINDALSTEL.NS,2020-03-31,2020-05-03,60.48,39.52
JINDALSTEL.NS,2020-06-30,2020-07-19,60.48,39.52
JINDALSTEL.NS,2020-09-30,2020-10-14,60.47,39.53
JINDALSTEL.NS,2020-12-31,2021-01-18,60.47,39.53
JINDALSTEL.NS,2021-03-31,2021-04-20,60.47,39.53
JINDALSTEL.NS,2021-06-30,2021-07-20,60.47,39.53
JINDALSTEL.NS,2021-09-30,2021-10-20,60.47,39.53
JINDALSTEL.NS,2021-12-31,2022-01-20,60.44,39.56
JINDALSTEL.NS,2022-03-31,2022-04-20,60.45,39.55
JINDALSTEL.NS,2022-06-30,2022-07-20,60.44,38.53
JINDALSTEL.NS,2022-09-30,2022-10-20,61.2,37.33
JINDALSTEL.NS,2022-12-31,2023-01-18,61.2,37.33
JINDALSTEL.NS,2023-03-31,2023-04-19,61.2,37.33
JINDALSTEL.NS,2023-06-30,2023-07-17,61.2,37.33
JINDALSTEL.NS,2023-09-30,2023-10-17,61.2,37.33
JINDALSTEL.NS,2023-12-31,2024-01-20,61.2,37.07
JINDALSTEL.NS,2024-03-31,2024-04-16,61.2,37.07
JINDALSTEL.NS,2024-06-30,2024-07-20,61.19,37.99
JINDALSTEL.NS,2024-09-30,2024-10-18,61.19,38.0
JINDALSTEL.NS,2024-12-31,2025-01-20,61.19,38.0
JINDALSTEL.NS,2025-03-31,2025-04-21,62.22,36.97
JINDALSTEL.NS,2025-06-30,2025-07-21,62.36,37.39
JINDALSTEL.NS,2025-09-30,2025-10-21,62.37,37.38
JINDALSTEL.NS,2025-12-31,2026-01-20,62.69,37.05
JINDALSTEL.NS,2026-03-31,2026-04-21,62.69,37.05
JINDALSTEL.NS,2026-06-30,2026-07-21,62.69,37.09
JINDWORLD.NS,2021-09-30,2021-10-21,61.27,38.73
JINDWORLD.NS,2021-12-31,2022-01-21,61.32,38.68
JINDWORLD.NS,2022-03-31,2022-04-18,61.32,38.68
JINDWORLD.NS,2022-06-30,2022-07-21,61.32,38.68
JINDWORLD.NS,2022-09-30,2022-10-21,61.32,38.68
JINDWORLD.NS,2022-12-31,2023-01-10,61.32,38.68
JINDWORLD.NS,2023-03-31,2023-04-07,61.32,38.68
JINDWORLD.NS,2023-06-30,2023-07-20,61.32,38.68
JINDWORLD.NS,2023-09-30,2023-10-09,61.31,38.69
JINDWORLD.NS,2023-12-31,2024-01-10,61.31,38.69
JINDWORLD.NS,2024-03-31,2024-04-18,60.31,39.69
JINDWORLD.NS,2024-06-30,2024-07-20,60.31,39.69
JINDWORLD.NS,2024-09-30,2024-10-19,59.81,40.19
JINDWORLD.NS,2024-12-31,2025-01-13,59.8,40.2
JINDWORLD.NS,2025-03-31,2025-04-18,59.8,40.2
JINDWORLD.NS,2025-06-30,2025-07-21,59.79,40.21
JINDWORLD.NS,2025-09-30,2025-10-16,61.15,38.85
JINDWORLD.NS,2025-12-31,2026-01-13,61.77,38.23
JINDWORLD.NS,2026-03-31,2026-04-11,61.76,38.24
JINDWORLD.NS,2026-06-30,2026-07-16,61.76,38.24
JIOFIN.NS,2023-08-10,2024-02-16,45.8,54.2
JIOFIN.NS,2023-09-30,2023-10-21,46.77,53.23
JIOFIN.NS,2023-12-31,2024-01-20,47.12,52.88
JIOFIN.NS,2024-03-31,2024-04-20,47.12,52.88
JIOFIN.NS,2024-06-30,2024-07-18,47.12,52.88
JIOFIN.NS,2024-09-30,2024-10-18,47.12,52.88
JIOFIN.NS,2024-12-31,2025-01-14,47.12,52.88
JIOFIN.NS,2025-03-31,2025-04-21,47.12,52.88
JIOFIN.NS,2025-06-30,2025-07-21,47.12,52.88
JIOFIN.NS,2025-09-30,2025-10-18,47.12,52.88
JIOFIN.NS,2025-12-31,2026-01-21,47.12,52.88
JIOFIN.NS,2026-03-31,2026-04-21,47.12,52.88
JIOFIN.NS,2026-04-21,2026-04-24,49.13,50.87
JIOFIN.NS,2026-06-30,2026-07-20,49.13,50.87
JKCEMENT.NS,2021-09-30,2021-10-20,57.62,42.38
JKCEMENT.NS,2021-12-31,2022-01-17,51.5,48.5
JKCEMENT.NS,2022-03-31,2022-04-18,45.82,54.18
JKCEMENT.NS,2022-06-30,2022-07-14,45.84,54.16
JKCEMENT.NS,2022-09-30,2022-10-20,45.84,54.16
JKCEMENT.NS,2022-12-31,2023-01-16,45.83,54.17
JKCEMENT.NS,2023-03-31,2023-04-11,45.83,54.17
JKCEMENT.NS,2023-06-30,2023-07-19,45.8,54.2
JKCEMENT.NS,2023-09-30,2023-10-11,45.8,54.2
JKCEMENT.NS,2023-12-31,2024-01-15,45.7,54.3
JKCEMENT.NS,2024-03-31,2024-04-17,45.7,54.3
JKCEMENT.NS,2024-06-30,2024-07-09,45.7,54.3
JKCEMENT.NS,2024-09-30,2024-10-08,45.68,54.32
JKCEMENT.NS,2024-12-31,2025-01-17,45.68,54.32
JKCEMENT.NS,2025-03-31,2025-04-17,45.68,54.32
JKCEMENT.NS,2025-06-30,2025-07-21,45.66,54.34
JKCEMENT.NS,2025-09-30,2025-10-23,45.66,54.34
JKCEMENT.NS,2025-12-31,2026-01-22,45.66,54.34
JKCEMENT.NS,2026-03-31,2026-04-20,45.66,54.34
JKCEMENT.NS,2026-06-30,2026-07-14,45.66,54.34
JKLAKSHMI.NS,2021-09-30,2021-10-20,46.01,53.99
JKLAKSHMI.NS,2021-12-31,2022-01-10,46.01,53.99
JKLAKSHMI.NS,2022-03-31,2022-04-19,46.31,53.69
JKLAKSHMI.NS,2022-06-30,2022-07-15,46.31,53.69
JKLAKSHMI.NS,2022-09-30,2022-10-20,46.31,53.69
JKLAKSHMI.NS,2022-12-31,2023-01-18,46.31,53.69
JKLAKSHMI.NS,2023-03-31,2023-04-18,46.31,53.69
JKLAKSHMI.NS,2023-06-30,2023-07-21,46.31,53.69
JKLAKSHMI.NS,2023-09-30,2023-10-21,46.31,53.69
JKLAKSHMI.NS,2023-12-31,2024-01-18,46.31,53.69
JKLAKSHMI.NS,2024-03-31,2024-04-18,46.34,53.66
JKLAKSHMI.NS,2024-06-30,2024-07-17,46.34,53.66
JKLAKSHMI.NS,2024-09-30,2024-10-18,46.34,53.66
JKLAKSHMI.NS,2024-12-31,2025-01-13,46.34,53.66
JKLAKSHMI.NS,2025-03-31,2025-04-19,46.34,53.66
JKLAKSHMI.NS,2025-06-30,2025-07-21,46.34,53.66
JKLAKSHMI.NS,2025-09-23,2025-09-30,45.12,54.88
JKLAKSHMI.NS,2025-09-30,2025-10-17,45.12,54.88
JKLAKSHMI.NS,2025-12-31,2026-01-21,45.12,54.88
JKLAKSHMI.NS,2026-03-31,2026-04-17,45.12,54.88
JKLAKSHMI.NS,2026-06-30,2026-07-20,45.12,54.88
JKPAPER.NS,2021-09-30,2021-10-19,49.52,50.48
JKPAPER.NS,2021-12-31,2022-01-15,49.52,50.48
JKPAPER.NS,2022-03-31,2022-04-19,49.63,50.37
JKPAPER.NS,2022-06-30,2022-07-19,49.63,50.37
JKPAPER.NS,2022-09-30,2022-10-20,49.63,50.37
JKPAPER.NS,2022-12-31,2023-01-20,49.63,50.37
JKPAPER.NS,2023-03-31,2023-04-17,49.63,50.37
JKPAPER.NS,2023-06-30,2023-07-19,49.63,50.37
JKPAPER.NS,2023-09-30,2023-10-19,49.63,50.37
JKPAPER.NS,2023-12-31,2024-01-19,49.63,50.37
JKPAPER.NS,2024-03-31,2024-04-09,49.63,50.37
JKPAPER.NS,2024-06-30,2024-07-11,49.63,50.37
JKPAPER.NS,2024-09-30,2024-10-15,49.63,50.37
JKPAPER.NS,2024-12-31,2025-01-17,49.63,50.37
JKPAPER.NS,2025-03-31,2025-04-09,49.63,50.37
JKPAPER.NS,2025-06-30,2025-07-21,49.63,50.37
JKPAPER.NS,2025-09-30,2025-10-15,49.63,50.37
JKPAPER.NS,2025-12-31,2026-01-14,49.63,50.37
JKPAPER.NS,2026-03-20,2026-03-23,52.94,47.06
JKPAPER.NS,2026-03-31,2026-04-13,52.94,47.06
JKPAPER.NS,2026-06-30,2026-07-20,52.94,47.06
JKTYRE.NS,2021-09-30,2021-10-19,55.93,44.07
JKTYRE.NS,2021-12-31,2022-01-14,55.93,44.07
JKTYRE.NS,2022-03-31,2022-04-18,56.26,43.74
JKTYRE.NS,2022-06-30,2022-07-19,56.26,43.74
JKTYRE.NS,2022-09-30,2022-10-20,56.26,43.74
JKTYRE.NS,2022-12-31,2023-01-19,56.26,43.74
JKTYRE.NS,2023-03-31,2023-04-19,56.26,43.74
JKTYRE.NS,2023-06-30,2023-07-20,56.26,43.74
JKTYRE.NS,2023-09-30,2023-10-20,56.26,43.74
JKTYRE.NS,2023-12-23,2024-01-01,53.13,46.87
JKTYRE.NS,2023-12-31,2024-01-18,53.13,46.87
JKTYRE.NS,2024-03-31,2024-04-19,53.13,46.87
JKTYRE.NS,2024-06-30,2024-07-19,53.13,46.87
JKTYRE.NS,2024-09-16,2024-09-20,50.55,49.45
JKTYRE.NS,2024-09-30,2024-10-21,50.55,49.45
JKTYRE.NS,2024-12-31,2025-01-20,50.55,49.45
JKTYRE.NS,2025-03-31,2025-04-18,50.55,49.45
JKTYRE.NS,2025-06-30,2025-07-21,50.55,49.45
JKTYRE.NS,2025-09-30,2025-10-17,50.55,49.45
JKTYRE.NS,2025-12-26,2025-12-31,51.72,48.28
JKTYRE.NS,2025-12-31,2026-01-20,51.72,48.28
JKTYRE.NS,2026-03-31,2026-04-20,51.72,48.28
JKTYRE.NS,2026-06-30,2026-07-21,51.72,48.28
JMFINANCIL.NS,2021-09-30,2021-10-20,54.81,45.19
JMFINANCIL.NS,2021-12-31,2022-01-19,55.27,44.73
JMFINANCIL.NS,2022-03-31,2022-04-21,55.42,44.58
JMFINANCIL.NS,2022-06-30,2022-07-19,55.41,44.59
JMFINANCIL.NS,2022-09-30,2022-10-20,56.01,43.99
JMFINANCIL.NS,2022-12-31,2023-01-20,56.01,43.99
JMFINANCIL.NS,2023-03-31,2023-04-20,56.49,43.51
JMFINANCIL.NS,2023-06-30,2023-07-20,56.47,43.53
JMFINANCIL.NS,2023-09-30,2023-10-19,56.47,43.53
JMFINANCIL.NS,2023-12-31,2024-01-18,56.44,43.56
JMFINANCIL.NS,2024-03-31,2024-04-15,56.44,43.56
JMFINANCIL.NS,2024-06-30,2024-07-20,56.43,43.57
JMFINANCIL.NS,2024-09-30,2024-10-21,56.43,43.57
JMFINANCIL.NS,2024-12-31,2025-01-21,56.43,43.57
JMFINANCIL.NS,2025-03-31,2025-04-21,56.5,43.5
JMFINANCIL.NS,2025-06-30,2025-07-21,56.51,43.49
JMFINANCIL.NS,2025-09-30,2025-10-20,56.6,43.4
JMFINANCIL.NS,2025-12-31,2026-01-21,56.9,43.1
JMFINANCIL.NS,2026-03-31,2026-04-21,57.07,42.93
JMFINANCIL.NS,2026-06-30,2026-07-20,57.03,42.97
JPPOWER.NS,2021-09-30,2021-10-13,26.02,73.98
JPPOWER.NS,2021-12-31,2022-01-11,26.02,73.98
JPPOWER.NS,2022-03-31,2022-04-07,24.0,76.0
JPPOWER.NS,2022-06-30,2022-07-15,24.0,76.0
JPPOWER.NS,2022-09-30,2022-10-18,24.0,76.0
JPPOWER.NS,2022-12-31,2023-01-10,24.0,76.0
JPPOWER.NS,2023-03-31,2023-04-10,24.0,76.0
JPPOWER.NS,2023-06-30,2023-07-15,24.0,76.0
JPPOWER.NS,2023-09-30,2023-10-14,24.0,76.0
JPPOWER.NS,2023-12-31,2024-01-09,24.0,76.0
JPPOWER.NS,2024-03-31,2024-04-09,24.0,76.0
JPPOWER.NS,2024-06-30,2024-07-08,24.0,76.0
JPPOWER.NS,2024-09-30,2024-10-08,24.0,76.0
JPPOWER.NS,2024-12-31,2025-01-13,24.0,76.0
JPPOWER.NS,2025-03-31,2025-04-11,24.0,76.0
JPPOWER.NS,2025-06-30,2025-07-15,24.0,76.0
JPPOWER.NS,2025-09-30,2025-10-11,24.0,76.0
JPPOWER.NS,2025-12-31,2026-01-14,24.0,76.0
JPPOWER.NS,2026-03-31,2026-04-07,24.0,76.0
JPPOWER.NS,2026-06-30,2026-07-13,24.0,76.0
JSL.NS,2021-09-30,2021-10-13,68.6,31.4
JSL.NS,2021-12-31,2022-01-13,68.6,31.4
JSL.NS,2022-03-28,2022-03-31,69.87,30.13
JSL.NS,2022-03-31,2022-04-17,69.87,30.13
JSL.NS,2022-06-30,2022-07-09,70.1,29.9
JSL.NS,2022-09-30,2022-10-19,70.1,29.9
JSL.NS,2022-12-31,2023-01-16,70.1,29.9
JSL.NS,2023-03-16,2023-03-25,57.94,42.06
JSL.NS,2023-03-31,2023-04-20,57.94,42.06
JSL.NS,2023-06-30,2023-07-17,57.94,42.06
JSL.NS,2023-09-30,2023-10-18,57.94,42.06
JSL.NS,2023-12-31,2024-01-17,58.69,41.31
JSL.NS,2024-03-31,2024-04-20,60.49,39.51
JSL.NS,2024-06-30,2024-07-17,60.49,39.51
JSL.NS,2024-09-30,2024-10-17,60.49,39.51
JSL.NS,2024-12-31,2025-01-15,60.71,39.25
JSL.NS,2025-03-31,2025-04-16,60.88,39.1
JSL.NS,2025-06-30,2025-07-21,61.1,38.89
JSL.NS,2025-09-30,2025-10-21,61.23,38.68
JSL.NS,2025-12-31,2026-01-19,61.23,38.69
JSL.NS,2026-03-31,2026-04-13,62.05,37.9
JSL.NS,2026-06-30,2026-07-15,62.05,37.92
JSWDULUX.NS,2021-09-30,2021-10-14,74.76,25.24
JSWDULUX.NS,2021-12-31,2022-01-11,74.76,25.24
JSWDULUX.NS,2022-03-31,2022-04-06,74.76,25.24
JSWDULUX.NS,2022-06-30,2022-07-15,74.76,25.24
JSWDULUX.NS,2022-09-30,2022-10-18,74.76,25.24
JSWDULUX.NS,2022-12-31,2023-01-18,74.76,25.24
JSWDULUX.NS,2023-03-31,2023-04-13,74.76,25.24
JSWDULUX.NS,2023-06-30,2023-07-05,74.76,25.24
JSWDULUX.NS,2023-09-30,2023-10-18,74.76,25.24
JSWDULUX.NS,2023-12-31,2024-01-17,74.76,25.24
JSWDULUX.NS,2024-03-31,2024-04-16,74.76,25.24
JSWDULUX.NS,2024-06-30,2024-07-15,74.76,25.24
JSWDULUX.NS,2024-09-30,2024-10-15,74.76,25.24
JSWDULUX.NS,2024-12-31,2025-01-15,74.76,25.24
JSWDULUX.NS,2025-03-31,2025-04-15,74.76,25.24
JSWDULUX.NS,2025-06-30,2025-07-17,74.76,25.24
JSWDULUX.NS,2025-09-30,2025-10-16,69.76,30.24
JSWDULUX.NS,2025-12-31,2026-01-16,61.2,38.8
JSWDULUX.NS,2026-03-31,2026-04-15,61.2,38.8
JSWDULUX.NS,2026-06-30,2026-07-17,61.2,38.8
JSWENERGY.NS,2021-09-30,2021-10-18,74.66,25.1
JSWENERGY.NS,2021-12-31,2022-01-19,74.66,25.07
JSWENERGY.NS,2022-03-31,2022-04-20,74.66,25.07
JSWENERGY.NS,2022-06-30,2022-07-14,74.69,25.05
JSWENERGY.NS,2022-09-30,2022-10-17,74.69,25.07
JSWENERGY.NS,2022-12-31,2023-01-18,74.66,25.08
JSWENERGY.NS,2023-03-31,2023-04-17,74.66,25.09
JSWENERGY.NS,2023-06-30,2023-07-12,74.66,25.1
JSWENERGY.NS,2023-09-30,2023-10-18,73.38,26.4
JSWENERGY.NS,2023-12-31,2024-01-12,73.38,26.4
JSWENERGY.NS,2024-03-31,2024-04-17,73.67,26.12
JSWENERGY.NS,2024-04-05,2024-04-08,69.32,30.48
JSWENERGY.NS,2024-06-30,2024-07-20,69.32,30.49
JSWENERGY.NS,2024-09-30,2024-10-19,69.32,30.53
JSWENERGY.NS,2024-12-31,2025-01-21,69.32,30.53
JSWENERGY.NS,2025-03-31,2025-04-20,69.26,30.59
JSWENERGY.NS,2025-06-30,2025-07-21,69.27,30.59
JSWENERGY.NS,2025-09-30,2025-10-21,69.27,30.66
JSWENERGY.NS,2025-12-31,2026-01-19,69.27,30.67
JSWENERGY.NS,2026-03-31,2026-04-21,69.41,30.52
JSWENERGY.NS,2026-05-25,2026-06-03,66.53,33.41
JSWENERGY.NS,2026-06-30,2026-07-17,66.53,33.41
JSWHL.NS,2021-09-30,2021-10-12,61.42,38.29
JSWHL.NS,2021-12-31,2022-01-07,66.26,33.69
JSWHL.NS,2022-03-31,2022-04-21,66.26,33.69
JSWHL.NS,2022-06-30,2022-07-12,66.26,33.69
JSWHL.NS,2022-09-30,2022-10-20,66.29,33.7
JSWHL.NS,2022-12-31,2023-01-13,66.29,33.7
JSWHL.NS,2023-03-31,2023-04-19,66.29,33.69
JSWHL.NS,2023-06-30,2023-07-13,66.29,33.69
JSWHL.NS,2023-09-30,2023-10-12,66.29,33.69
JSWHL.NS,2023-12-31,2024-01-08,66.29,33.7
JSWHL.NS,2024-03-31,2024-04-18,66.29,33.69
JSWHL.NS,2024-06-30,2024-07-17,66.29,33.69
JSWHL.NS,2024-09-30,2024-10-21,66.29,33.7
JSWHL.NS,2024-12-31,2025-01-09,66.29,33.7
JSWHL.NS,2025-03-31,2025-04-10,66.29,33.7
JSWHL.NS,2025-06-30,2025-07-21,66.29,33.7
JSWHL.NS,2025-09-30,2025-10-21,66.29,33.7
JSWHL.NS,2025-12-31,2026-01-21,66.29,33.7
JSWHL.NS,2026-03-31,2026-04-16,66.29,33.7
JSWHL.NS,2026-06-30,2026-07-16,66.29,33.7
JSWINFRA.NS,2023-09-28,2023-10-06,85.61,11.2
JSWINFRA.NS,2023-09-30,2023-10-13,85.61,11.2
JSWINFRA.NS,2023-12-31,2024-01-10,85.61,11.7
JSWINFRA.NS,2024-03-31,2024-04-05,85.61,12.08
JSWINFRA.NS,2024-06-30,2024-07-20,85.61,12.69
JSWINFRA.NS,2024-09-30,2024-10-18,85.62,13.03
JSWINFRA.NS,2024-12-31,2025-01-20,85.62,13.09
JSWINFRA.NS,2025-03-31,2025-04-18,85.62,13.12
JSWINFRA.NS,2025-06-30,2025-07-21,83.62,15.43
JSWINFRA.NS,2025-09-30,2025-10-21,83.62,15.5
JSWINFRA.NS,2025-12-31,2026-01-20,83.62,15.64
JSWINFRA.NS,2026-03-31,2026-04-20,83.62,15.68
JSWINFRA.NS,2026-06-26,2026-07-03,73.93,25.78
JSWINFRA.NS,2026-06-30,2026-07-21,73.93,25.79
JSWSTEEL.NS,2021-09-30,2021-10-19,44.09,55.54
JSWSTEEL.NS,2021-12-31,2022-01-14,44.72,54.95
JSWSTEEL.NS,2022-03-31,2022-04-16,45.01,54.68
JSWSTEEL.NS,2022-06-30,2022-07-14,45.02,54.33
JSWSTEEL.NS,2022-09-30,2022-10-18,45.19,54.2
JSWSTEEL.NS,2022-12-31,2023-01-13,45.19,54.24
JSWSTEEL.NS,2023-03-31,2023-04-18,45.4,54.06
JSWSTEEL.NS,2023-06-30,2023-07-17,45.4,54.09
JSWSTEEL.NS,2023-09-30,2023-10-16,44.81,54.76
JSWSTEEL.NS,2023-12-31,2024-01-11,44.81,54.79
JSWSTEEL.NS,2024-03-31,2024-04-15,44.81,54.83
JSWSTEEL.NS,2024-06-30,2024-07-16,44.81,54.86
JSWSTEEL.NS,2024-09-30,2024-10-14,44.84,54.92
JSWSTEEL.NS,2024-12-31,2025-01-20,44.85,54.93
JSWSTEEL.NS,2025-03-31,2025-04-15,44.84,54.96
JSWSTEEL.NS,2025-06-30,2025-07-15,45.31,54.45
JSWSTEEL.NS,2025-09-30,2025-10-21,45.32,54.56
JSWSTEEL.NS,2025-12-31,2026-01-19,45.32,54.49
JSWSTEEL.NS,2026-03-31,2026-04-21,45.32,54.49
JSWSTEEL.NS,2026-06-30,2026-07-21,44.29,55.52
JUBLFOOD.NS,2021-09-30,2021-10-12,41.94,57.85
JUBLFOOD.NS,2021-12-31,2022-01-17,41.94,57.87
JUBLFOOD.NS,2022-03-31,2022-04-19,41.94,57.81
JUBLFOOD.NS,2022-06-30,2022-07-13,41.94,57.86
JUBLFOOD.NS,2022-09-30,2022-10-21,41.94,57.88
JUBLFOOD.NS,2022-12-31,2023-01-17,41.94,57.88
JUBLFOOD.NS,2023-03-31,2023-04-19,41.94,57.88
JUBLFOOD.NS,2023-06-30,2023-07-17,41.94,57.88
JUBLFOOD.NS,2023-09-30,2023-10-13,41.94,57.85
JUBLFOOD.NS,2023-12-31,2024-01-18,41.94,57.85
JUBLFOOD.NS,2024-03-31,2024-04-16,41.94,57.71
JUBLFOOD.NS,2024-06-30,2024-07-17,41.94,57.71
JUBLFOOD.NS,2024-09-30,2024-10-11,41.94,57.71
JUBLFOOD.NS,2024-12-31,2025-01-17,41.94,57.72
JUBLFOOD.NS,2025-03-31,2025-04-18,41.94,57.73
JUBLFOOD.NS,2025-06-30,2025-07-21,40.27,59.39
JUBLFOOD.NS,2025-09-30,2025-10-17,40.27,59.37
JUBLFOOD.NS,2025-12-31,2026-01-19,40.27,59.4
JUBLFOOD.NS,2026-03-31,2026-04-20,40.27,59.4
JUBLFOOD.NS,2026-06-30,2026-07-20,40.27,59.4
JUBLINGREA.NS,2021-09-30,2021-10-20,50.92,48.89
JUBLINGREA.NS,2021-12-31,2022-01-18,51.03,48.78
JUBLINGREA.NS,2022-03-31,2022-04-13,51.1,48.7
JUBLINGREA.NS,2022-06-30,2022-07-20,51.47,48.33
JUBLINGREA.NS,2022-09-30,2022-10-21,51.47,48.33
JUBLINGREA.NS,2022-12-31,2023-01-19,51.47,48.33
JUBLINGREA.NS,2023-03-31,2023-04-18,51.47,48.33
JUBLINGREA.NS,2023-06-30,2023-07-18,51.47,47.7
JUBLINGREA.NS,2023-09-30,2023-10-11,51.47,47.7
JUBLINGREA.NS,2023-12-31,2024-01-17,51.47,47.7
JUBLINGREA.NS,2024-03-31,2024-04-18,51.47,47.72
JUBLINGREA.NS,2024-06-30,2024-07-18,51.47,47.72
JUBLINGREA.NS,2024-09-30,2024-10-10,51.47,47.76
JUBLINGREA.NS,2024-12-31,2025-01-20,51.47,47.79
JUBLINGREA.NS,2025-03-31,2025-04-17,51.47,47.8
JUBLINGREA.NS,2025-06-30,2025-07-21,45.22,54.06
JUBLINGREA.NS,2025-09-30,2025-10-18,45.22,53.95
JUBLINGREA.NS,2025-12-31,2026-01-19,45.22,53.98
JUBLINGREA.NS,2026-03-31,2026-04-14,45.22,53.79
JUBLINGREA.NS,2026-06-30,2026-07-15,45.22,53.79
JUBLPHARMA.NS,2021-09-30,2021-10-19,50.68,49.26
JUBLPHARMA.NS,2021-12-31,2022-01-20,50.68,49.26
JUBLPHARMA.NS,2022-03-31,2022-04-18,50.68,49.26
JUBLPHARMA.NS,2022-06-30,2022-07-20,50.68,49.26
JUBLPHARMA.NS,2022-09-30,2022-10-20,50.68,49.26
JUBLPHARMA.NS,2022-12-31,2023-01-19,50.68,49.19
JUBLPHARMA.NS,2023-03-31,2023-04-21,50.68,49.19
JUBLPHARMA.NS,2023-06-30,2023-07-20,50.68,48.74
JUBLPHARMA.NS,2023-09-30,2023-10-20,50.68,48.74
JUBLPHARMA.NS,2023-12-31,2024-01-19,50.68,48.74
JUBLPHARMA.NS,2024-03-31,2024-04-19,50.68,48.74
JUBLPHARMA.NS,2024-06-30,2024-07-18,50.68,48.74
JUBLPHARMA.NS,2024-09-30,2024-10-18,50.68,48.77
JUBLPHARMA.NS,2024-12-31,2025-01-21,50.68,48.77
JUBLPHARMA.NS,2025-03-31,2025-04-17,50.68,48.77
JUBLPHARMA.NS,2025-06-30,2025-07-21,47.68,51.77
JUBLPHARMA.NS,2025-09-30,2025-10-21,47.68,51.69
JUBLPHARMA.NS,2025-12-31,2026-01-21,47.68,51.75
JUBLPHARMA.NS,2026-03-31,2026-04-18,47.68,51.76
JUBLPHARMA.NS,2026-06-30,2026-07-21,47.68,51.77
JUSTDIAL.NS,2021-09-30,2021-10-21,51.68,48.32
JUSTDIAL.NS,2021-12-31,2022-01-21,77.66,22.34
JUSTDIAL.NS,2022-03-31,2022-04-21,77.64,22.36
JUSTDIAL.NS,2022-06-30,2022-07-12,77.05,22.95
JUSTDIAL.NS,2022-09-30,2022-10-21,76.98,23.02
JUSTDIAL.NS,2022-12-31,2023-01-20,74.98,25.02
JUSTDIAL.NS,2023-03-31,2023-04-21,74.96,25.04
JUSTDIAL.NS,2023-06-30,2023-07-20,74.3,25.7
JUSTDIAL.NS,2023-09-30,2023-10-19,74.3,25.7
JUSTDIAL.NS,2023-12-31,2024-01-16,74.3,25.7
JUSTDIAL.NS,2024-03-31,2024-04-19,74.3,25.7
JUSTDIAL.NS,2024-06-30,2024-07-16,74.18,25.82
JUSTDIAL.NS,2024-09-30,2024-10-10,74.15,25.85
JUSTDIAL.NS,2024-12-31,2025-01-20,74.15,25.85
JUSTDIAL.NS,2025-03-31,2025-04-21,74.15,25.85
JUSTDIAL.NS,2025-06-30,2025-07-21,74.15,25.85
JUSTDIAL.NS,2025-09-30,2025-10-16,74.15,25.85
JUSTDIAL.NS,2025-12-31,2026-01-19,74.15,25.85
JUSTDIAL.NS,2026-03-31,2026-04-21,74.15,25.85
JUSTDIAL.NS,2026-06-30,2026-07-20,74.14,25.86
JWL.NS,2021-09-30,2021-10-18,60.65,39.35
JWL.NS,2021-12-31,2022-01-19,60.65,39.35
JWL.NS,2022-03-31,2022-04-06,60.65,39.35
JWL.NS,2022-05-29,2022-06-08,74.62,25.38
JWL.NS,2022-06-30,2022-07-19,74.62,25.38
JWL.NS,2022-09-30,2022-10-19,74.62,25.38
JWL.NS,2022-12-31,2023-01-18,74.62,25.38
JWL.NS,2023-03-31,2023-04-20,74.62,25.38
JWL.NS,2023-05-15,2023-05-24,72.36,27.64
JWL.NS,2023-06-30,2023-07-12,72.37,27.63
JWL.NS,2023-09-30,2023-10-18,72.37,27.63
JWL.NS,2023-12-04,2023-12-06,70.12,29.88
JWL.NS,2023-12-31,2024-01-16,70.12,29.88
JWL.NS,2024-03-31,2024-04-18,70.12,29.88
JWL.NS,2024-06-30,2024-07-05,70.12,29.88
JWL.NS,2024-07-12,2024-07-13,68.11,31.89
JWL.NS,2024-09-30,2024-10-19,68.11,31.89
JWL.NS,2024-12-31,2025-01-16,68.11,31.89
JWL.NS,2025-03-31,2025-04-10,68.11,31.89
JWL.NS,2025-06-30,2025-07-18,68.11,31.89
JWL.NS,2025-09-30,2025-10-15,68.09,31.91
JWL.NS,2025-12-19,2026-01-07,68.31,31.69
JWL.NS,2025-12-31,2026-01-12,68.31,31.69
JWL.NS,2026-03-31,2026-04-14,68.31,31.69
JWL.NS,2026-06-30,2026-07-10,68.31,31.69
JYOTHYLAB.NS,2021-09-30,2021-10-11,62.89,37.11
JYOTHYLAB.NS,2021-12-31,2022-01-07,62.89,37.11
JYOTHYLAB.NS,2022-03-31,2022-04-14,62.89,37.11
JYOTHYLAB.NS,2022-06-30,2022-07-15,62.89,37.11
JYOTHYLAB.NS,2022-09-30,2022-10-19,62.89,37.11
JYOTHYLAB.NS,2022-12-31,2023-01-18,62.89,37.11
JYOTHYLAB.NS,2023-03-31,2023-04-19,62.89,37.11
JYOTHYLAB.NS,2023-06-30,2023-07-19,62.89,37.11
JYOTHYLAB.NS,2023-09-30,2023-10-11,62.89,37.11
JYOTHYLAB.NS,2023-12-31,2024-01-16,62.89,37.11
JYOTHYLAB.NS,2024-03-31,2024-04-12,62.89,37.11
JYOTHYLAB.NS,2024-06-30,2024-07-08,62.89,37.11
JYOTHYLAB.NS,2024-09-30,2024-10-14,62.89,37.11
JYOTHYLAB.NS,2024-12-31,2025-01-15,62.89,37.11
JYOTHYLAB.NS,2025-03-31,2025-04-08,62.89,37.11
JYOTHYLAB.NS,2025-06-30,2025-07-21,62.89,37.11
JYOTHYLAB.NS,2025-09-30,2025-10-14,62.89,37.11
JYOTHYLAB.NS,2025-12-31,2026-01-21,62.89,37.11
JYOTHYLAB.NS,2026-03-31,2026-04-20,62.89,37.11
JYOTHYLAB.NS,2026-06-30,2026-07-16,62.89,37.11
JYOTICNC.NS,2024-01-13,2024-01-16,62.55,37.45
JYOTICNC.NS,2024-03-31,2024-04-19,62.55,37.45
JYOTICNC.NS,2024-06-30,2024-07-16,62.55,37.45
JYOTICNC.NS,2024-09-30,2024-10-17,62.55,37.45
JYOTICNC.NS,2024-12-31,2025-01-20,62.55,37.45
JYOTICNC.NS,2025-03-31,2025-04-18,62.55,37.45
JYOTICNC.NS,2025-06-30,2025-07-21,62.55,37.45
JYOTICNC.NS,2025-09-30,2025-10-15,62.55,37.45
JYOTICNC.NS,2025-12-31,2026-01-15,62.55,37.45
JYOTICNC.NS,2026-03-31,2026-04-17,62.55,37.45
JYOTICNC.NS,2026-06-30,2026-07-15,62.55,37.45
KAJARIACER.NS,2021-09-30,2021-10-20,47.51,52.48
KAJARIACER.NS,2021-12-31,2022-01-14,47.51,52.49
KAJARIACER.NS,2022-03-31,2022-04-20,47.5,52.5
KAJARIACER.NS,2022-06-30,2022-07-19,47.5,52.49
KAJARIACER.NS,2022-09-30,2022-10-19,47.49,52.51
KAJARIACER.NS,2022-12-31,2023-01-18,47.49,52.51
KAJARIACER.NS,2023-03-31,2023-04-18,47.49,52.51
KAJARIACER.NS,2023-06-30,2023-07-18,47.49,52.51
KAJARIACER.NS,2023-09-30,2023-10-12,47.49,52.51
KAJARIACER.NS,2023-12-31,2024-01-16,47.49,52.51
KAJARIACER.NS,2024-03-31,2024-04-18,47.49,52.51
KAJARIACER.NS,2024-06-30,2024-07-12,47.49,52.51
KAJARIACER.NS,2024-09-30,2024-10-14,47.49,52.51
KAJARIACER.NS,2024-12-31,2025-01-13,47.48,52.52
KAJARIACER.NS,2025-03-31,2025-04-17,47.48,52.52
KAJARIACER.NS,2025-06-30,2025-07-21,47.48,52.52
KAJARIACER.NS,2025-09-30,2025-10-14,47.61,52.39
KAJARIACER.NS,2025-12-31,2026-01-09,47.69,52.31
KAJARIACER.NS,2026-03-31,2026-04-21,47.69,52.31
KAJARIACER.NS,2026-06-30,2026-07-14,47.69,52.31
KALYANKJIL.NS,2021-09-30,2021-10-07,60.54,39.46
KALYANKJIL.NS,2021-12-31,2022-01-08,60.54,39.46
KALYANKJIL.NS,2022-03-31,2022-04-11,60.54,39.46
KALYANKJIL.NS,2022-06-30,2022-07-09,60.54,39.46
KALYANKJIL.NS,2022-09-30,2022-10-14,60.54,39.46
KALYANKJIL.NS,2022-12-31,2023-01-09,60.54,39.46
KALYANKJIL.NS,2023-03-31,2023-04-06,60.55,39.45
KALYANKJIL.NS,2023-06-30,2023-07-05,60.55,39.45
KALYANKJIL.NS,2023-09-30,2023-10-09,60.55,39.45
KALYANKJIL.NS,2023-12-31,2024-01-06,60.55,39.45
KALYANKJIL.NS,2024-03-31,2024-04-08,60.63,39.37
KALYANKJIL.NS,2024-06-30,2024-07-09,60.59,39.41
KALYANKJIL.NS,2024-09-30,2024-10-11,62.9,37.1
KALYANKJIL.NS,2024-12-31,2025-01-09,62.85,37.15
KALYANKJIL.NS,2025-03-31,2025-04-11,62.85,37.15
KALYANKJIL.NS,2025-06-30,2025-07-17,62.82,37.18
KALYANKJIL.NS,2025-09-30,2025-10-15,62.78,37.22
KALYANKJIL.NS,2025-12-31,2026-01-09,62.76,37.24
KALYANKJIL.NS,2026-03-31,2026-04-10,62.87,37.13
KALYANKJIL.NS,2026-06-30,2026-07-15,62.86,37.14
KANSAINER.NS,2021-09-30,2021-10-12,74.99,25.01
KANSAINER.NS,2021-12-31,2022-01-14,74.99,25.01
KANSAINER.NS,2022-03-31,2022-04-14,74.99,25.01
KANSAINER.NS,2022-06-30,2022-07-19,74.99,25.01
KANSAINER.NS,2022-09-30,2022-10-20,74.99,25.01
KANSAINER.NS,2022-12-31,2023-01-13,74.99,25.01
KANSAINER.NS,2023-03-31,2023-04-18,74.99,25.01
KANSAINER.NS,2023-06-30,2023-07-11,74.99,25.01
KANSAINER.NS,2023-07-05,2023-07-05,74.99,25.01
KANSAINER.NS,2023-09-30,2023-10-16,74.99,25.01
KANSAINER.NS,2023-12-31,2024-01-10,74.99,25.01
KANSAINER.NS,2024-03-31,2024-04-18,74.99,25.01
KANSAINER.NS,2024-06-30,2024-07-18,74.99,25.01
KANSAINER.NS,2024-09-30,2024-10-17,74.99,25.01
KANSAINER.NS,2024-12-31,2025-01-14,74.99,25.01
KANSAINER.NS,2025-03-31,2025-04-18,74.98,25.02
KANSAINER.NS,2025-06-30,2025-07-18,74.98,25.02
KANSAINER.NS,2025-09-30,2025-10-15,74.98,25.02
KANSAINER.NS,2025-12-31,2026-01-09,74.98,25.02
KANSAINER.NS,2026-03-31,2026-04-16,74.96,25.04
KANSAINER.NS,2026-06-30,2026-07-17,74.96,25.04
KARURVYSYA.NS,2021-09-30,2021-10-20,2.12,97.88
KARURVYSYA.NS,2021-12-31,2022-01-17,2.28,97.72
KARURVYSYA.NS,2022-03-31,2022-04-20,2.28,97.74
KARURVYSYA.NS,2022-06-30,2022-07-21,2.28,97.73
KARURVYSYA.NS,2022-09-30,2022-10-20,2.26,97.74
KARURVYSYA.NS,2022-12-31,2023-01-13,2.25,97.75
KARURVYSYA.NS,2023-03-31,2023-04-20,2.24,97.76
KARURVYSYA.NS,2023-06-30,2023-07-17,2.24,97.76
KARURVYSYA.NS,2023-09-30,2023-10-13,2.24,97.76
KARURVYSYA.NS,2023-12-31,2024-01-18,2.22,97.78
KARURVYSYA.NS,2024-03-31,2024-04-20,2.2,97.8
KARURVYSYA.NS,2024-06-30,2024-07-21,2.15,97.85
KARURVYSYA.NS,2024-09-30,2024-10-17,2.13,97.87
KARURVYSYA.NS,2024-12-31,2025-01-18,2.13,97.87
KARURVYSYA.NS,2025-03-31,2025-04-17,2.11,97.89
KARURVYSYA.NS,2025-06-30,2025-07-19,2.1,97.9
KARURVYSYA.NS,2025-09-30,2025-10-18,2.1,97.9
KARURVYSYA.NS,2025-12-31,2026-01-14,2.07,97.93
KARURVYSYA.NS,2026-03-31,2026-04-17,2.07,97.93
KARURVYSYA.NS,2026-06-30,2026-07-21,2.07,97.93
KAYNES.NS,2022-11-18,2022-12-13,63.57,36.43
KAYNES.NS,2022-12-31,2023-01-20,63.57,36.43
KAYNES.NS,2023-03-31,2023-04-13,63.57,36.43
KAYNES.NS,2023-06-30,2023-07-13,63.57,36.43
KAYNES.NS,2023-09-30,2023-10-10,63.57,36.43
KAYNES.NS,2023-12-21,2023-12-26,57.83,42.17
KAYNES.NS,2023-12-31,2024-01-09,57.83,42.17
KAYNES.NS,2024-03-31,2024-04-16,57.83,42.17
KAYNES.NS,2024-06-30,2024-07-17,57.83,42.17
KAYNES.NS,2024-09-30,2024-10-10,57.75,42.25
KAYNES.NS,2024-12-31,2025-01-10,57.75,42.25
KAYNES.NS,2025-03-31,2025-04-18,57.75,42.25
KAYNES.NS,2025-06-24,2025-06-27,53.52,46.48
KAYNES.NS,2025-06-30,2025-07-19,53.52,46.48
KAYNES.NS,2025-09-30,2025-10-14,53.46,46.54
KAYNES.NS,2025-12-31,2026-01-20,53.46,46.54
KAYNES.NS,2026-03-31,2026-04-18,53.46,46.54
KAYNES.NS,2026-06-30,2026-07-20,53.46,46.54
KEC.NS,2021-09-30,2021-10-19,51.82,48.18
KEC.NS,2021-12-31,2022-01-19,51.82,48.18
KEC.NS,2022-03-31,2022-04-18,51.82,48.18
KEC.NS,2022-06-30,2022-07-19,51.88,48.12
KEC.NS,2022-09-30,2022-10-20,51.88,48.12
KEC.NS,2022-12-31,2023-01-18,51.88,48.12
KEC.NS,2023-03-31,2023-04-17,51.88,48.12
KEC.NS,2023-06-30,2023-07-21,51.88,48.12
KEC.NS,2023-09-30,2023-10-17,51.88,48.12
KEC.NS,2023-12-31,2024-01-16,51.88,48.12
KEC.NS,2024-03-31,2024-04-18,51.88,48.12
KEC.NS,2024-06-30,2024-07-18,51.88,48.12
KEC.NS,2024-09-26,2024-09-30,50.1,49.9
KEC.NS,2024-09-30,2024-10-19,50.1,49.9
KEC.NS,2024-12-31,2025-01-21,50.1,49.9
KEC.NS,2025-03-31,2025-04-17,50.1,49.9
KEC.NS,2025-06-30,2025-07-21,50.1,49.9
KEC.NS,2025-09-30,2025-10-21,50.1,49.9
KEC.NS,2025-12-31,2026-01-20,50.1,49.9
KEC.NS,2026-03-31,2026-04-20,50.1,49.9
KEC.NS,2026-06-30,2026-07-17,50.1,49.9
KEI.NS,2021-09-30,2021-10-16,38.02,61.98
KEI.NS,2021-12-31,2022-01-12,38.02,61.98
KEI.NS,2022-03-31,2022-04-13,38.02,61.98
KEI.NS,2022-06-30,2022-07-13,38.02,61.98
KEI.NS,2022-09-30,2022-10-20,37.99,62.01
KEI.NS,2022-12-31,2023-01-17,37.32,62.68
KEI.NS,2023-03-31,2023-04-19,37.21,62.79
KEI.NS,2023-06-30,2023-07-19,37.1,62.9
KEI.NS,2023-09-30,2023-10-13,37.08,62.92
KEI.NS,2023-12-31,2024-01-18,37.08,62.92
KEI.NS,2024-03-31,2024-04-12,37.08,62.92
KEI.NS,2024-06-30,2024-07-20,37.08,62.92
KEI.NS,2024-09-30,2024-10-10,37.06,62.94
KEI.NS,2024-11-28,2024-11-29,35.02,64.98
KEI.NS,2024-12-31,2025-01-10,35.02,64.98
KEI.NS,2025-03-31,2025-04-09,35.02,64.98
KEI.NS,2025-06-30,2025-07-21,35.02,64.98
KEI.NS,2025-09-30,2025-10-13,35.0,65.0
KEI.NS,2025-12-31,2026-01-17,35.0,65.0
KEI.NS,2026-03-31,2026-04-18,35.0,65.0
KEI.NS,2026-06-30,2026-07-20,35.0,65.0
KFINTECH.NS,2022-12-27,2023-01-03,49.91,50.09
KFINTECH.NS,2022-12-31,2023-01-20,49.91,50.09
KFINTECH.NS,2023-03-31,2023-04-19,49.42,50.58
KFINTECH.NS,2023-06-30,2023-07-19,49.22,50.78
KFINTECH.NS,2023-09-30,2023-10-21,49.12,50.88
KFINTECH.NS,2023-12-31,2024-01-12,39.05,60.95
KFINTECH.NS,2024-03-31,2024-04-15,38.97,61.03
KFINTECH.NS,2024-06-30,2024-07-17,33.06,66.94
KFINTECH.NS,2024-09-30,2024-10-15,33.04,66.96
KFINTECH.NS,2024-12-31,2025-01-17,32.96,67.04
KFINTECH.NS,2025-03-31,2025-04-18,32.91,67.09
KFINTECH.NS,2025-06-30,2025-07-17,22.9,77.1
KFINTECH.NS,2025-09-30,2025-10-15,22.89,77.11
KFINTECH.NS,2025-12-31,2026-01-16,22.87,77.13
KFINTECH.NS,2026-03-31,2026-04-21,22.86,77.14
KFINTECH.NS,2026-06-30,2026-07-21,22.82,77.18
KIMS.NS,2021-06-25,2021-07-01,38.85,61.15
KIMS.NS,2021-09-30,2021-10-19,38.84,61.16
KIMS.NS,2021-12-31,2022-01-08,38.84,61.16
KIMS.NS,2022-03-31,2022-04-09,38.84,61.16
KIMS.NS,2022-06-30,2022-07-19,38.84,61.16
KIMS.NS,2022-09-30,2022-10-18,38.84,61.16
KIMS.NS,2022-12-31,2023-01-19,38.84,61.16
KIMS.NS,2023-03-31,2023-04-18,38.84,61.16
KIMS.NS,2023-06-30,2023-07-17,38.84,61.16
KIMS.NS,2023-09-30,2023-10-17,38.84,61.16
KIMS.NS,2023-12-31,2024-01-16,38.82,61.18
KIMS.NS,2024-03-31,2024-04-15,38.82,61.18
KIMS.NS,2024-06-30,2024-07-16,38.82,61.18
KIMS.NS,2024-09-30,2024-10-18,38.82,61.18
KIMS.NS,2024-12-31,2025-01-20,38.82,61.18
KIMS.NS,2025-03-31,2025-04-18,38.82,61.18
KIMS.NS,2025-06-30,2025-07-19,34.11,65.89
KIMS.NS,2025-09-30,2025-10-20,34.11,65.89
KIMS.NS,2025-12-31,2026-01-19,34.11,65.89
KIMS.NS,2026-03-31,2026-04-21,34.11,65.89
KIMS.NS,2026-06-19,2026-08-04,32.5,67.5
KIMS.NS,2026-06-30,2026-07-21,32.5,67.5
KIRLOSBROS.NS,2020-06-30,2020-07-20,65.95,34.05
KIRLOSBROS.NS,2020-09-30,2020-10-13,65.95,34.05
KIRLOSBROS.NS,2020-12-31,2021-01-15,65.95,34.05
KIRLOSBROS.NS,2021-03-31,2021-04-09,65.95,34.05
KIRLOSBROS.NS,2021-06-30,2021-07-10,65.95,34.05
KIRLOSBROS.NS,2021-09-30,2021-10-12,65.95,34.05
KIRLOSBROS.NS,2021-12-31,2022-01-19,65.95,34.05
KIRLOSBROS.NS,2022-03-31,2022-04-20,65.95,34.05
KIRLOSBROS.NS,2022-06-30,2022-07-15,65.95,34.05
KIRLOSBROS.NS,2022-09-30,2022-10-19,65.95,34.05
KIRLOSBROS.NS,2022-12-31,2023-01-20,65.95,34.05
KIRLOSBROS.NS,2023-03-31,2023-04-20,65.95,34.05
KIRLOSBROS.NS,2023-06-30,2023-07-19,65.95,34.05
KIRLOSBROS.NS,2023-09-30,2023-10-12,65.95,34.05
KIRLOSBROS.NS,2023-12-31,2024-01-16,65.95,34.05
KIRLOSBROS.NS,2024-03-31,2024-04-16,65.95,34.05
KIRLOSBROS.NS,2024-06-30,2024-07-19,65.95,34.05
KIRLOSBROS.NS,2024-09-30,2024-10-17,65.95,34.05
KIRLOSBROS.NS,2024-12-31,2025-01-17,65.95,34.05
KIRLOSBROS.NS,2025-03-31,2025-04-11,65.95,34.05
KIRLOSBROS.NS,2025-06-30,2025-07-18,65.95,34.05
KIRLOSBROS.NS,2025-09-30,2025-10-17,65.95,34.05
KIRLOSBROS.NS,2025-12-31,2026-01-20,65.95,34.05
KIRLOSBROS.NS,2026-03-31,2026-04-15,65.95,34.05
KIRLOSBROS.NS,2026-06-30,2026-07-17,65.95,34.05
KIRLOSENG.NS,2021-09-30,2021-10-18,59.44,40.55
KIRLOSENG.NS,2021-12-31,2022-01-14,59.44,40.55
KIRLOSENG.NS,2022-03-31,2022-04-18,59.44,40.54
KIRLOSENG.NS,2022-06-30,2022-07-15,59.44,40.55
KIRLOSENG.NS,2022-09-30,2022-10-21,59.44,40.56
KIRLOSENG.NS,2022-12-31,2023-01-19,59.42,40.58
KIRLOSENG.NS,2023-03-31,2023-04-20,41.25,58.75
KIRLOSENG.NS,2023-06-30,2023-07-20,41.23,58.77
KIRLOSENG.NS,2023-09-30,2023-10-19,41.23,58.77
KIRLOSENG.NS,2023-12-31,2024-01-12,41.23,58.77
KIRLOSENG.NS,2024-03-31,2024-04-12,41.21,58.79
KIRLOSENG.NS,2024-06-30,2024-07-12,41.18,58.82
KIRLOSENG.NS,2024-09-30,2024-10-18,41.17,58.83
KIRLOSENG.NS,2024-12-31,2025-01-15,41.16,58.84
KIRLOSENG.NS,2025-03-31,2025-04-19,41.15,58.85
KIRLOSENG.NS,2025-06-30,2025-07-21,41.13,58.87
KIRLOSENG.NS,2025-09-30,2025-10-20,41.12,58.88
KIRLOSENG.NS,2025-12-31,2026-01-21,41.08,58.92
KIRLOSENG.NS,2026-03-31,2026-04-21,41.07,58.93
KIRLOSENG.NS,2026-06-30,2026-07-21,41.07,58.93
KNRCON.NS,2021-09-30,2021-10-08,51.48,48.52
KNRCON.NS,2021-12-31,2022-01-11,51.48,48.52
KNRCON.NS,2022-03-31,2022-04-08,51.48,48.52
KNRCON.NS,2022-06-30,2022-07-13,51.63,48.37
KNRCON.NS,2022-09-30,2022-10-17,51.09,48.91
KNRCON.NS,2022-12-31,2023-01-10,51.09,48.91
KNRCON.NS,2023-03-31,2023-04-07,51.09,48.91
KNRCON.NS,2023-06-30,2023-07-12,51.09,48.91
KNRCON.NS,2023-09-30,2023-10-12,51.09,48.91
KNRCON.NS,2023-12-31,2024-01-16,51.09,48.91
KNRCON.NS,2024-03-31,2024-04-11,51.09,48.91
KNRCON.NS,2024-06-30,2024-07-08,48.81,51.19
KNRCON.NS,2024-09-30,2024-10-16,48.81,51.19
KNRCON.NS,2024-12-31,2025-01-16,48.81,51.19
KNRCON.NS,2025-03-31,2025-04-14,48.81,51.19
KNRCON.NS,2025-06-30,2025-07-14,48.81,51.19
KNRCON.NS,2025-09-30,2025-10-10,48.81,51.19
KNRCON.NS,2025-12-31,2026-01-06,48.81,51.19
KNRCON.NS,2026-03-31,2026-04-06,48.81,51.19
KNRCON.NS,2026-06-30,2026-07-10,48.81,51.19
KOLTEPATIL.NS,2021-09-30,2021-10-12,74.45,25.55
KOLTEPATIL.NS,2021-12-31,2022-01-13,74.45,25.55
KOLTEPATIL.NS,2022-03-31,2022-04-18,74.45,25.55
KOLTEPATIL.NS,2022-06-30,2022-07-19,74.45,25.55
KOLTEPATIL.NS,2022-09-30,2022-10-20,74.45,25.55
KOLTEPATIL.NS,2022-12-31,2023-01-19,74.45,25.55
KOLTEPATIL.NS,2023-03-31,2023-04-19,74.45,25.55
KOLTEPATIL.NS,2023-06-30,2023-07-21,74.45,25.55
KOLTEPATIL.NS,2023-09-30,2023-10-18,74.45,25.55
KOLTEPATIL.NS,2023-12-31,2024-01-15,74.45,25.55
KOLTEPATIL.NS,2024-03-31,2024-04-19,69.45,30.55
KOLTEPATIL.NS,2024-06-30,2024-07-18,69.45,30.55
KOLTEPATIL.NS,2024-09-30,2024-10-16,69.45,30.55
KOLTEPATIL.NS,2024-12-31,2025-01-18,69.45,30.55
KOLTEPATIL.NS,2025-03-31,2025-04-19,69.45,30.55
KOLTEPATIL.NS,2025-06-23,2025-07-02,59.52,40.48
KOLTEPATIL.NS,2025-06-30,2025-07-19,69.45,30.55
KOLTEPATIL.NS,2025-09-30,2025-10-17,73.81,26.19
KOLTEPATIL.NS,2025-12-31,2026-01-21,73.81,26.19
KOLTEPATIL.NS,2026-03-31,2026-04-13,73.81,26.19
KOLTEPATIL.NS,2026-06-30,2026-07-20,73.81,26.19
KOTAKBANK.NS,2021-09-30,2021-10-16,26.0,74.0
KOTAKBANK.NS,2021-12-31,2022-01-19,25.99,74.01
KOTAKBANK.NS,2022-03-31,2022-04-21,25.98,74.02
KOTAKBANK.NS,2022-06-30,2022-07-21,25.97,74.03
KOTAKBANK.NS,2022-09-30,2022-10-21,25.96,74.04
KOTAKBANK.NS,2022-12-31,2023-01-20,25.95,74.05
KOTAKBANK.NS,2023-03-31,2023-04-10,25.95,74.05
KOTAKBANK.NS,2023-06-30,2023-07-21,25.94,74.06
KOTAKBANK.NS,2023-09-30,2023-10-20,25.93,74.07
KOTAKBANK.NS,2023-12-31,2024-01-13,25.91,74.09
KOTAKBANK.NS,2024-03-31,2024-04-12,25.9,74.1
KOTAKBANK.NS,2024-06-30,2024-07-10,25.89,74.11
KOTAKBANK.NS,2024-09-30,2024-10-17,25.89,74.11
KOTAKBANK.NS,2024-12-31,2025-01-09,25.89,74.11
KOTAKBANK.NS,2025-03-31,2025-04-11,25.88,74.12
KOTAKBANK.NS,2025-06-30,2025-07-15,25.88,74.12
KOTAKBANK.NS,2025-09-30,2025-10-14,25.88,74.12
KOTAKBANK.NS,2025-12-31,2026-01-16,25.87,74.13
KOTAKBANK.NS,2026-03-31,2026-04-16,25.87,74.13
KOTAKBANK.NS,2026-06-30,2026-07-14,25.87,74.13
KPIL.NS,2021-09-30,2021-10-18,54.55,45.45
KPIL.NS,2021-12-31,2022-01-20,51.58,48.42
KPIL.NS,2022-03-31,2022-04-19,51.58,48.42
KPIL.NS,2022-06-30,2022-07-13,51.55,48.45
KPIL.NS,2022-09-30,2022-10-19,51.55,48.45
KPIL.NS,2022-12-31,2023-01-19,51.53,48.47
KPIL.NS,2023-01-16,2023-01-25,47.24,52.76
KPIL.NS,2023-03-31,2023-04-19,47.24,52.76
KPIL.NS,2023-06-30,2023-07-20,41.08,58.92
KPIL.NS,2023-09-30,2023-10-19,41.07,58.93
KPIL.NS,2023-12-31,2024-01-17,40.59,59.41
KPIL.NS,2024-03-31,2024-04-18,40.59,59.41
KPIL.NS,2024-06-30,2024-07-11,35.24,64.76
KPIL.NS,2024-09-30,2024-10-17,35.24,64.76
KPIL.NS,2024-12-16,2024-12-17,33.52,66.48
KPIL.NS,2024-12-31,2025-01-16,33.52,66.48
KPIL.NS,2025-03-31,2025-04-17,33.52,66.48
KPIL.NS,2025-06-30,2025-07-21,33.52,66.48
KPIL.NS,2025-09-30,2025-10-17,33.57,66.43
KPIL.NS,2025-12-31,2026-01-20,33.57,66.43
KPIL.NS,2026-03-31,2026-04-16,33.58,66.42
KPIL.NS,2026-06-30,2026-07-17,33.58,66.42
KPITTECH.NS,2021-09-30,2021-10-13,40.14,58.21
KPITTECH.NS,2021-12-31,2022-01-11,40.11,58.33
KPITTECH.NS,2022-03-31,2022-04-08,40.11,58.39
KPITTECH.NS,2022-06-30,2022-07-11,40.11,58.42
KPITTECH.NS,2022-09-30,2022-10-13,40.11,58.51
KPITTECH.NS,2022-12-31,2023-01-19,40.1,58.44
KPITTECH.NS,2023-03-31,2023-04-10,39.49,59.13
KPITTECH.NS,2023-06-30,2023-07-14,39.47,59.23
KPITTECH.NS,2023-09-30,2023-10-12,39.47,59.38
KPITTECH.NS,2023-12-31,2024-01-11,39.47,59.43
KPITTECH.NS,2024-03-31,2024-04-10,39.47,59.46
KPITTECH.NS,2024-06-30,2024-07-12,39.47,59.51
KPITTECH.NS,2024-09-30,2024-10-14,39.47,59.56
KPITTECH.NS,2024-12-31,2025-01-14,39.47,59.6
KPITTECH.NS,2025-03-31,2025-04-16,39.47,59.64
KPITTECH.NS,2025-06-30,2025-07-18,39.45,59.75
KPITTECH.NS,2025-09-30,2025-10-14,39.44,59.8
KPITTECH.NS,2025-12-31,2026-01-20,39.42,59.85
KPITTECH.NS,2026-03-31,2026-04-13,39.42,59.88
KPITTECH.NS,2026-06-30,2026-07-17,38.6,60.78
KPRMILL.NS,2021-09-30,2021-10-16,74.72,25.28
KPRMILL.NS,2021-12-31,2022-01-10,74.72,25.28
KPRMILL.NS,2022-03-31,2022-04-20,74.72,25.28
KPRMILL.NS,2022-04-26,2022-04-30,74.78,25.22
KPRMILL.NS,2022-06-30,2022-07-18,74.78,25.22
KPRMILL.NS,2022-09-30,2022-10-19,74.78,25.22
KPRMILL.NS,2022-12-31,2023-01-20,74.78,25.22
KPRMILL.NS,2023-03-31,2023-04-19,74.78,25.22
KPRMILL.NS,2023-06-30,2023-07-17,74.78,25.22
KPRMILL.NS,2023-09-30,2023-10-14,73.76,26.24
KPRMILL.NS,2023-12-31,2024-01-11,73.76,26.24
KPRMILL.NS,2024-03-31,2024-04-15,73.76,26.24
KPRMILL.NS,2024-06-30,2024-07-10,73.76,26.24
KPRMILL.NS,2024-09-30,2024-10-14,70.68,29.32
KPRMILL.NS,2024-12-31,2025-01-16,70.68,29.32
KPRMILL.NS,2025-03-31,2025-04-17,70.68,29.32
KPRMILL.NS,2025-06-30,2025-07-14,67.52,32.48
KPRMILL.NS,2025-09-30,2025-10-17,67.52,32.48
KPRMILL.NS,2025-12-31,2026-01-14,67.52,32.48
KPRMILL.NS,2026-03-31,2026-04-13,67.52,32.48
KPRMILL.NS,2026-06-30,2026-07-16,67.52,32.48
KRBL.NS,2019-12-31,2020-01-18,59.13,40.87
KRBL.NS,2021-09-30,2021-10-20,59.46,40.54
KRBL.NS,2021-12-31,2022-01-13,59.46,40.54
KRBL.NS,2022-03-31,2022-04-20,59.8,40.2
KRBL.NS,2022-06-30,2022-07-06,59.96,40.04
KRBL.NS,2022-09-30,2022-10-20,59.98,40.02
KRBL.NS,2022-12-31,2023-01-19,59.98,40.02
KRBL.NS,2023-03-31,2023-04-17,59.98,40.02
KRBL.NS,2023-06-30,2023-07-19,59.98,40.02
KRBL.NS,2023-09-20,2023-09-27,60.17,39.83
KRBL.NS,2023-09-30,2023-10-13,60.17,39.83
KRBL.NS,2023-12-31,2024-01-09,60.17,39.83
KRBL.NS,2024-03-31,2024-04-15,60.17,39.83
KRBL.NS,2024-06-30,2024-07-11,60.17,39.83
KRBL.NS,2024-09-30,2024-10-11,60.17,39.83
KRBL.NS,2024-12-31,2025-01-18,60.17,39.83
KRBL.NS,2025-03-31,2025-04-09,60.17,39.83
KRBL.NS,2025-06-30,2025-07-15,60.17,39.83
KRBL.NS,2025-09-30,2025-10-14,60.17,39.83
KRBL.NS,2025-12-31,2026-01-12,60.17,39.83
KRBL.NS,2026-03-31,2026-04-07,60.17,39.83
KRBL.NS,2026-06-30,2026-07-20,60.17,39.83
KSB.NS,2021-09-30,2021-10-20,66.69,33.31
KSB.NS,2021-12-31,2022-01-21,66.69,33.31
KSB.NS,2022-03-31,2022-04-21,66.69,33.31
KSB.NS,2022-06-30,2022-07-21,66.69,33.31
KSB.NS,2022-09-30,2022-10-21,66.69,33.31
KSB.NS,2022-12-31,2023-01-20,66.69,33.31
KSB.NS,2023-03-31,2023-04-20,66.69,33.31
KSB.NS,2023-06-30,2023-07-21,66.69,33.31
KSB.NS,2023-09-30,2023-10-16,66.69,33.31
KSB.NS,2023-12-31,2024-01-19,66.69,33.31
KSB.NS,2024-03-31,2024-04-19,66.69,33.31
KSB.NS,2024-06-30,2024-07-20,69.8,30.2
KSB.NS,2024-09-30,2024-10-21,69.8,30.2
KSB.NS,2024-12-31,2025-01-21,69.8,30.2
KSB.NS,2025-03-31,2025-04-21,69.8,30.2
KSB.NS,2025-06-30,2025-07-21,69.8,30.2
KSB.NS,2025-09-30,2025-10-17,69.8,30.2
KSB.NS,2025-12-31,2026-01-21,69.8,30.2
KSB.NS,2026-03-31,2026-04-20,69.8,30.2
KSB.NS,2026-06-30,2026-07-21,69.8,30.2
KSCL.NS,2021-09-27,2021-10-06,57.28,41.21
KSCL.NS,2021-09-30,2021-10-18,57.28,41.21
KSCL.NS,2021-12-31,2022-01-21,57.44,41.06
KSCL.NS,2022-03-31,2022-04-21,57.44,41.06
KSCL.NS,2022-06-30,2022-07-20,57.44,41.06
KSCL.NS,2022-09-30,2022-10-20,57.44,41.06
KSCL.NS,2022-12-30,2023-01-20,59.9,38.53
KSCL.NS,2022-12-31,2023-01-21,59.9,38.53
KSCL.NS,2023-03-31,2023-04-19,59.9,38.54
KSCL.NS,2023-06-30,2023-07-21,59.9,38.64
KSCL.NS,2023-09-30,2023-10-20,59.9,38.64
KSCL.NS,2023-12-31,2024-01-20,59.9,38.64
KSCL.NS,2024-03-18,2024-03-27,60.5,37.91
KSCL.NS,2024-03-31,2024-04-19,60.5,37.91
KSCL.NS,2024-06-30,2024-07-17,60.5,38.91
KSCL.NS,2024-09-30,2024-10-19,60.5,38.91
KSCL.NS,2024-12-31,2025-01-20,60.5,38.92
KSCL.NS,2025-03-31,2025-04-18,60.5,38.92
KSCL.NS,2025-06-30,2025-07-18,60.5,38.92
KSCL.NS,2025-09-30,2025-10-18,60.5,38.92
KSCL.NS,2025-12-31,2026-01-19,60.5,38.15
KSCL.NS,2026-03-31,2026-04-15,60.5,38.72
KSCL.NS,2026-06-30,2026-07-18,60.5,38.72
KTKBANK.NS,2021-09-30,2021-10-16,0.0,100.0
KTKBANK.NS,2021-12-31,2022-01-10,0.0,100.0
KTKBANK.NS,2022-03-31,2022-04-12,0.0,100.0
KTKBANK.NS,2022-06-30,2022-07-15,0.0,100.0
KTKBANK.NS,2022-09-30,2022-10-18,0.0,100.0
KTKBANK.NS,2022-12-31,2023-01-19,0.0,100.0
KTKBANK.NS,2023-03-31,2023-04-19,0.0,100.0
KTKBANK.NS,2023-06-30,2023-07-13,0.0,100.0
KTKBANK.NS,2023-09-30,2023-10-12,0.0,100.0
KTKBANK.NS,2023-10-26,2023-10-28,0.0,100.0
KTKBANK.NS,2023-12-31,2024-01-12,0.0,100.0
KTKBANK.NS,2024-02-28,2024-02-28,0.0,100.0
KTKBANK.NS,2024-03-31,2024-04-19,0.0,100.0
KTKBANK.NS,2024-06-30,2024-07-11,0.0,100.0
KTKBANK.NS,2024-09-30,2024-10-09,0.0,100.0
KTKBANK.NS,2024-12-31,2025-01-07,0.0,100.0
KTKBANK.NS,2025-03-31,2025-04-09,0.0,100.0
KTKBANK.NS,2025-06-30,2025-07-17,0.0,100.0
KTKBANK.NS,2025-09-30,2025-10-17,0.0,100.0
KTKBANK.NS,2025-12-31,2026-01-20,0.0,100.0
KTKBANK.NS,2026-03-31,2026-04-18,0.0,100.0
KTKBANK.NS,2026-06-30,2026-07-18,0.0,100.0
LALPATHLAB.NS,2021-09-30,2021-10-12,55.23,43.97
LALPATHLAB.NS,2021-12-31,2022-01-13,55.23,44.03
LALPATHLAB.NS,2022-03-31,2022-04-15,55.23,44.07
LALPATHLAB.NS,2022-06-30,2022-07-07,55.05,44.35
LALPATHLAB.NS,2022-09-30,2022-10-14,55.05,44.38
LALPATHLAB.NS,2022-12-31,2023-01-20,55.05,44.39
LALPATHLAB.NS,2023-03-31,2023-04-17,55.03,44.45
LALPATHLAB.NS,2023-06-30,2023-07-11,55.01,44.55
LALPATHLAB.NS,2023-09-30,2023-10-11,54.61,44.98
LALPATHLAB.NS,2023-12-31,2024-01-12,54.6,45.03
LALPATHLAB.NS,2024-03-31,2024-04-15,54.6,45.08
LALPATHLAB.NS,2024-06-30,2024-07-12,54.6,45.1
LALPATHLAB.NS,2024-09-30,2024-10-16,53.92,45.75
LALPATHLAB.NS,2024-12-31,2025-01-15,53.91,45.81
LALPATHLAB.NS,2025-03-31,2025-04-11,53.91,45.83
LALPATHLAB.NS,2025-06-30,2025-07-17,53.79,45.82
LALPATHLAB.NS,2025-09-30,2025-10-15,53.21,46.42
LALPATHLAB.NS,2025-12-22,2025-12-27,53.21,46.44
LALPATHLAB.NS,2025-12-31,2026-01-20,53.21,46.44
LALPATHLAB.NS,2026-03-31,2026-04-20,53.21,46.44
LALPATHLAB.NS,2026-06-30,2026-07-21,53.19,46.43
LAOPALA.NS,2021-09-30,2021-10-09,65.64,34.36
LAOPALA.NS,2021-12-31,2022-01-19,65.64,34.36
LAOPALA.NS,2022-03-31,2022-04-13,65.64,34.36
LAOPALA.NS,2022-06-30,2022-07-19,65.64,34.36
LAOPALA.NS,2022-09-30,2022-10-21,65.64,34.36
LAOPALA.NS,2022-12-31,2023-01-19,65.64,34.36
LAOPALA.NS,2023-03-31,2023-04-18,65.64,34.36
LAOPALA.NS,2023-06-30,2023-07-17,65.64,34.36
LAOPALA.NS,2023-09-30,2023-10-14,65.64,34.36
LAOPALA.NS,2023-12-31,2024-01-15,65.64,34.36
LAOPALA.NS,2024-03-31,2024-04-17,65.64,34.36
LAOPALA.NS,2024-06-30,2024-07-20,65.64,34.36
LAOPALA.NS,2024-09-30,2024-10-10,65.64,34.36
LAOPALA.NS,2024-12-31,2025-01-08,65.64,34.36
LAOPALA.NS,2025-03-31,2025-04-14,65.84,34.16
LAOPALA.NS,2025-06-30,2025-07-11,65.84,34.16
LAOPALA.NS,2025-09-30,2025-10-14,65.84,34.16
LAOPALA.NS,2025-12-31,2026-01-12,65.84,34.16
LAOPALA.NS,2026-03-31,2026-04-14,66.15,33.85
LAOPALA.NS,2026-06-30,2026-07-16,66.28,33.72
LATENTVIEW.NS,2021-11-18,2021-11-25,68.1,31.9
LATENTVIEW.NS,2021-12-31,2022-01-17,68.1,31.9
LATENTVIEW.NS,2022-03-31,2022-04-12,67.21,32.79
LATENTVIEW.NS,2022-06-30,2022-07-12,67.21,32.79
LATENTVIEW.NS,2022-09-30,2022-10-21,67.21,32.79
LATENTVIEW.NS,2022-12-31,2023-01-19,66.31,33.69
LATENTVIEW.NS,2023-03-31,2023-04-12,65.74,34.26
LATENTVIEW.NS,2023-06-30,2023-07-12,65.74,34.26
LATENTVIEW.NS,2023-09-30,2023-10-16,65.74,34.26
LATENTVIEW.NS,2023-12-31,2024-01-17,65.42,34.58
LATENTVIEW.NS,2024-03-31,2024-04-17,65.42,34.58
LATENTVIEW.NS,2024-06-30,2024-07-17,65.39,34.61
LATENTVIEW.NS,2024-09-30,2024-10-16,65.39,34.61
LATENTVIEW.NS,2024-12-31,2025-01-15,65.24,34.76
LATENTVIEW.NS,2025-03-31,2025-04-18,65.24,34.76
LATENTVIEW.NS,2025-06-30,2025-07-16,65.2,34.8
LATENTVIEW.NS,2025-09-30,2025-10-18,65.2,34.8
LATENTVIEW.NS,2025-12-31,2026-01-16,65.1,34.9
LATENTVIEW.NS,2026-03-31,2026-04-17,65.1,34.9
LATENTVIEW.NS,2026-06-30,2026-07-21,65.1,34.9
LAURUSLABS.NS,2021-09-30,2021-10-11,27.3,72.7
LAURUSLABS.NS,2021-12-31,2022-01-12,27.27,72.73
LAURUSLABS.NS,2022-03-31,2022-04-13,27.27,72.73
LAURUSLABS.NS,2022-06-30,2022-07-12,27.27,72.73
LAURUSLABS.NS,2022-09-30,2022-10-19,27.27,72.73
LAURUSLABS.NS,2022-12-31,2023-01-07,27.2,72.8
LAURUSLABS.NS,2023-03-31,2023-04-13,27.2,72.8
LAURUSLABS.NS,2023-06-30,2023-07-15,27.2,72.8
LAURUSLABS.NS,2023-09-30,2023-10-10,27.2,72.8
LAURUSLABS.NS,2023-12-31,2024-01-12,27.19,72.81
LAURUSLABS.NS,2024-03-31,2024-04-08,27.19,72.81
LAURUSLABS.NS,2024-06-30,2024-07-15,27.18,72.82
LAURUSLABS.NS,2024-09-30,2024-10-10,27.18,72.82
LAURUSLABS.NS,2024-12-31,2025-01-17,27.62,72.38
LAURUSLABS.NS,2025-03-31,2025-04-16,27.62,72.38
LAURUSLABS.NS,2025-06-30,2025-07-19,27.59,72.41
LAURUSLABS.NS,2025-09-30,2025-10-17,27.59,72.41
LAURUSLABS.NS,2025-12-31,2026-01-21,27.49,72.51
LAURUSLABS.NS,2026-03-31,2026-04-20,27.49,72.51
LAURUSLABS.NS,2026-06-30,2026-07-21,27.47,72.53
LEMONTREE.NS,2021-09-30,2021-10-19,25.88,73.91
LEMONTREE.NS,2021-12-31,2022-01-19,25.88,73.92
LEMONTREE.NS,2022-03-31,2022-04-21,23.95,75.87
LEMONTREE.NS,2022-06-30,2022-07-21,23.93,75.95
LEMONTREE.NS,2022-09-30,2022-10-20,23.61,76.29
LEMONTREE.NS,2022-12-31,2023-01-20,23.61,76.3
LEMONTREE.NS,2023-03-31,2023-04-20,23.61,76.31
LEMONTREE.NS,2023-06-30,2023-07-19,23.6,76.32
LEMONTREE.NS,2023-09-30,2023-10-19,23.28,76.64
LEMONTREE.NS,2023-12-31,2024-01-18,23.21,76.72
LEMONTREE.NS,2024-03-31,2024-04-16,22.88,77.07
LEMONTREE.NS,2024-06-30,2024-07-18,22.8,77.15
LEMONTREE.NS,2024-09-30,2024-10-17,22.77,77.17
LEMONTREE.NS,2024-12-31,2025-01-10,22.77,77.18
LEMONTREE.NS,2025-03-31,2025-04-21,22.34,77.61
LEMONTREE.NS,2025-06-30,2025-07-17,22.28,77.67
LEMONTREE.NS,2025-09-30,2025-10-21,22.28,77.67
LEMONTREE.NS,2025-12-31,2026-01-17,22.28,77.67
LEMONTREE.NS,2026-03-31,2026-04-17,22.32,77.63
LEMONTREE.NS,2026-06-30,2026-07-08,22.32,77.63
LICHSGFIN.NS,2021-09-30,2021-10-20,45.24,54.76
LICHSGFIN.NS,2021-12-31,2022-01-17,45.24,54.76
LICHSGFIN.NS,2022-03-31,2022-04-18,45.24,54.76
LICHSGFIN.NS,2022-06-30,2022-07-11,45.24,54.76
LICHSGFIN.NS,2022-09-30,2022-10-18,45.24,54.76
LICHSGFIN.NS,2022-12-31,2023-01-13,45.24,54.76
LICHSGFIN.NS,2023-03-31,2023-04-12,45.24,54.76
LICHSGFIN.NS,2023-06-30,2023-07-14,45.24,54.76
LICHSGFIN.NS,2023-09-30,2023-10-13,45.24,54.76
LICHSGFIN.NS,2023-12-31,2024-01-12,45.24,54.76
LICHSGFIN.NS,2024-03-31,2024-04-15,45.24,54.76
LICHSGFIN.NS,2024-06-30,2024-07-16,45.24,54.76
LICHSGFIN.NS,2024-09-30,2024-10-15,45.24,54.76
LICHSGFIN.NS,2024-12-31,2025-01-14,45.24,54.76
LICHSGFIN.NS,2025-03-31,2025-04-19,45.24,54.76
LICHSGFIN.NS,2025-06-30,2025-07-17,45.24,54.76
LICHSGFIN.NS,2025-09-30,2025-10-16,45.24,54.76
LICHSGFIN.NS,2025-12-31,2026-01-16,45.24,54.76
LICHSGFIN.NS,2026-03-31,2026-04-16,45.24,54.76
LICHSGFIN.NS,2026-06-30,2026-07-17,45.24,54.76
LICI.NS,2022-05-12,2022-05-18,96.5,3.5
LICI.NS,2022-06-30,2022-07-11,96.5,3.5
LICI.NS,2022-09-30,2022-10-17,96.5,3.5
LICI.NS,2022-12-31,2023-01-13,96.5,3.5
LICI.NS,2023-03-31,2023-04-12,96.5,3.5
LICI.NS,2023-06-30,2023-07-17,96.5,3.5
LICI.NS,2023-09-30,2023-10-12,96.5,3.5
LICI.NS,2023-12-31,2024-01-15,96.5,3.5
LICI.NS,2024-03-31,2024-04-12,96.5,3.5
LICI.NS,2024-06-30,2024-07-18,96.5,3.5
LICI.NS,2024-09-30,2024-10-10,96.5,3.5
LICI.NS,2024-12-31,2025-01-17,96.5,3.5
LICI.NS,2025-03-31,2025-04-08,96.5,3.5
LICI.NS,2025-06-30,2025-07-21,96.5,3.5
LICI.NS,2025-09-30,2025-10-17,96.5,3.5
LICI.NS,2025-12-31,2026-01-16,96.5,3.5
LICI.NS,2026-03-31,2026-04-21,96.5,3.5
LICI.NS,2026-06-01,2026-06-08,96.5,3.5
LICI.NS,2026-06-30,2026-07-17,96.5,3.5
LINDEINDIA.NS,2021-09-30,2021-10-11,75.0,25.0
LINDEINDIA.NS,2021-12-31,2022-01-17,75.0,25.0
LINDEINDIA.NS,2022-03-31,2022-04-19,75.0,25.0
LINDEINDIA.NS,2022-06-30,2022-07-19,75.0,25.0
LINDEINDIA.NS,2022-09-30,2022-10-20,75.0,25.0
LINDEINDIA.NS,2022-12-31,2023-01-18,75.0,25.0
LINDEINDIA.NS,2023-03-31,2023-04-14,75.0,25.0
LINDEINDIA.NS,2023-06-30,2023-07-18,75.0,25.0
LINDEINDIA.NS,2023-09-30,2023-10-16,75.0,25.0
LINDEINDIA.NS,2023-12-31,2024-01-17,75.0,25.0
LINDEINDIA.NS,2024-03-31,2024-04-12,75.0,25.0
LINDEINDIA.NS,2024-06-30,2024-07-18,75.0,25.0
LINDEINDIA.NS,2024-09-30,2024-10-16,75.0,25.0
LINDEINDIA.NS,2024-12-31,2025-01-20,75.0,25.0
LINDEINDIA.NS,2025-03-31,2025-04-10,75.0,25.0
LINDEINDIA.NS,2025-06-30,2025-07-18,75.0,25.0
LINDEINDIA.NS,2025-09-30,2025-10-15,75.0,25.0
LINDEINDIA.NS,2025-12-31,2026-01-13,75.0,25.0
LINDEINDIA.NS,2026-03-31,2026-04-18,75.0,25.0
LINDEINDIA.NS,2026-06-30,2026-07-20,75.0,25.0
LLOYDSME.NS,2023-06-30,2023-07-21,65.75,34.25
LLOYDSME.NS,2023-07-14,2024-06-04,65.75,34.25
LLOYDSME.NS,2023-09-30,2023-10-07,65.75,34.25
LLOYDSME.NS,2023-12-31,2024-01-12,65.7,34.22
LLOYDSME.NS,2024-03-31,2024-04-13,65.69,34.27
LLOYDSME.NS,2024-06-30,2024-07-16,65.69,34.28
LLOYDSME.NS,2024-07-09,2024-07-10,63.49,36.48
LLOYDSME.NS,2024-09-30,2024-10-18,63.49,36.49
LLOYDSME.NS,2024-12-31,2025-01-18,63.49,36.5
LLOYDSME.NS,2025-03-31,2025-04-14,63.44,36.53
LLOYDSME.NS,2025-06-30,2025-07-19,63.44,36.54
LLOYDSME.NS,2025-08-12,2025-08-20,63.05,36.91
LLOYDSME.NS,2025-09-30,2025-10-17,63.05,36.93
LLOYDSME.NS,2025-10-21,2025-10-27,62.82,37.16
LLOYDSME.NS,2025-12-31,2026-01-08,63.73,36.14
LLOYDSME.NS,2025-12-31,2026-01-08,63.73,36.14
LLOYDSME.NS,2026-02-03,2026-02-09,63.64,36.24
LLOYDSME.NS,2026-03-13,2026-03-19,61.64,38.32
LLOYDSME.NS,2026-03-31,2026-04-09,61.64,38.32
LLOYDSME.NS,2026-06-30,2026-07-17,61.63,38.31
LMW.NS,2021-09-30,2021-10-13,31.13,68.87
LMW.NS,2021-12-31,2022-01-18,31.13,68.87
LMW.NS,2022-03-31,2022-04-13,31.13,68.87
LMW.NS,2022-06-30,2022-07-19,31.13,68.87
LMW.NS,2022-09-30,2022-10-18,31.13,68.87
LMW.NS,2022-12-31,2023-01-13,31.13,68.87
LMW.NS,2023-03-31,2023-04-18,31.13,68.87
LMW.NS,2023-06-30,2023-07-17,31.13,68.87
LMW.NS,2023-09-30,2023-10-16,31.13,68.87
LMW.NS,2023-12-31,2024-01-12,31.13,68.87
LMW.NS,2024-03-31,2024-04-16,31.13,68.87
LMW.NS,2024-06-30,2024-07-12,31.13,68.87
LMW.NS,2024-09-30,2024-10-16,31.13,68.87
LMW.NS,2024-12-31,2025-01-11,31.13,68.87
LMW.NS,2025-03-31,2025-04-15,31.13,68.87
LMW.NS,2025-06-30,2025-07-11,30.8,69.2
LMW.NS,2025-09-30,2025-10-17,30.8,69.2
LMW.NS,2025-12-31,2026-01-13,30.8,69.2
LMW.NS,2026-03-31,2026-04-09,30.8,69.2
LMW.NS,2026-06-30,2026-07-16,30.8,69.2
LODHA.NS,2021-09-30,2021-10-08,88.5,11.5
LODHA.NS,2021-11-18,2021-11-26,82.22,17.78
LODHA.NS,2021-12-31,2022-01-10,82.22,17.78
LODHA.NS,2022-03-31,2022-04-12,82.22,17.78
LODHA.NS,2022-06-30,2022-07-08,82.2,17.8
LODHA.NS,2022-09-30,2022-10-13,82.2,17.8
LODHA.NS,2022-12-12,2022-12-19,75.0,25.0
LODHA.NS,2022-12-31,2023-01-13,75.0,25.0
LODHA.NS,2023-03-31,2023-04-14,74.99,25.01
LODHA.NS,2023-06-01,2023-06-05,74.99,25.01
LODHA.NS,2023-06-30,2023-07-13,74.96,25.04
LODHA.NS,2023-09-30,2023-10-17,74.93,25.07
LODHA.NS,2023-12-31,2024-01-17,74.92,25.08
LODHA.NS,2024-03-07,2024-03-09,72.67,27.33
LODHA.NS,2024-03-31,2024-04-15,72.16,27.84
LODHA.NS,2024-06-30,2024-07-16,72.13,27.87
LODHA.NS,2024-09-30,2024-10-18,72.11,27.89
LODHA.NS,2024-12-31,2025-01-15,71.98,28.02
LODHA.NS,2025-03-31,2025-04-17,71.94,28.06
LODHA.NS,2025-06-30,2025-07-21,71.9,28.1
LODHA.NS,2025-09-30,2025-10-19,71.87,28.13
LODHA.NS,2025-12-31,2026-01-20,71.85,28.15
LODHA.NS,2026-03-31,2026-04-14,72.27,27.73
LODHA.NS,2026-06-30,2026-07-21,70.31,29.69
LT.NS,2021-09-30,2021-10-19,0.0,100.0
LT.NS,2021-12-31,2022-01-15,0.0,100.0
LT.NS,2022-03-31,2022-04-14,0.0,100.0
LT.NS,2022-06-30,2022-07-18,0.0,100.0
LT.NS,2022-09-30,2022-10-20,0.0,100.0
LT.NS,2022-12-31,2023-01-20,0.0,100.0
LT.NS,2023-03-31,2023-04-13,0.0,100.0
LT.NS,2023-06-30,2023-07-18,0.0,100.0
LT.NS,2023-09-28,2023-10-07,0.0,100.0
LT.NS,2023-09-30,2023-10-19,0.0,100.0
LT.NS,2023-12-31,2024-01-10,0.0,100.0
LT.NS,2024-03-31,2024-04-12,0.0,100.0
LT.NS,2024-06-30,2024-07-18,0.0,100.0
LT.NS,2024-09-30,2024-10-14,0.0,100.0
LT.NS,2024-12-31,2025-01-14,0.0,100.0
LT.NS,2025-03-31,2025-04-17,0.0,100.0
LT.NS,2025-06-30,2025-07-21,0.0,100.0
LT.NS,2025-09-30,2025-10-18,0.0,100.0
LT.NS,2025-12-31,2026-01-21,0.0,100.0
LT.NS,2026-03-31,2026-04-16,0.0,100.0
LT.NS,2026-06-30,2026-07-16,0.0,100.0
LTF.NS,2021-09-30,2021-10-11,63.53,36.47
LTF.NS,2021-12-31,2022-01-07,63.5,36.5
LTF.NS,2022-03-31,2022-04-12,66.26,33.74
LTF.NS,2022-06-30,2022-07-08,66.23,33.77
LTF.NS,2022-09-30,2022-10-14,66.2,33.8
LTF.NS,2022-12-31,2023-01-14,66.15,33.85
LTF.NS,2023-03-31,2023-04-14,66.11,33.89
LTF.NS,2023-06-30,2023-07-13,66.1,33.9
LTF.NS,2023-09-30,2023-10-13,66.02,33.98
LTF.NS,2023-12-31,2024-01-11,65.9,34.1
LTF.NS,2024-03-31,2024-04-12,65.86,34.14
LTF.NS,2024-06-30,2024-07-11,66.37,33.63
LTF.NS,2024-09-30,2024-10-11,66.29,33.71
LTF.NS,2024-12-31,2025-01-09,66.25,33.75
LTF.NS,2025-03-31,2025-04-09,66.24,33.76
LTF.NS,2025-06-30,2025-07-10,66.16,33.84
LTF.NS,2025-09-30,2025-10-08,66.1,33.9
LTF.NS,2025-12-31,2026-01-08,66.03,33.97
LTF.NS,2026-03-31,2026-04-16,65.99,34.01
LTF.NS,2026-06-30,2026-07-08,65.96,34.04
LTFOODS.NS,2021-09-30,2021-10-19,56.81,43.19
LTFOODS.NS,2021-12-31,2022-01-11,56.81,43.19
LTFOODS.NS,2022-03-31,2022-04-12,56.81,43.19
LTFOODS.NS,2022-06-30,2022-07-13,56.81,43.19
LTFOODS.NS,2022-09-30,2022-10-20,56.81,43.19
LTFOODS.NS,2022-12-31,2023-01-21,56.81,43.19
LTFOODS.NS,2023-02-28,2023-03-06,52.33,47.67
LTFOODS.NS,2023-03-31,2023-04-18,51.0,49.0
LTFOODS.NS,2023-06-30,2023-07-15,51.0,49.0
LTFOODS.NS,2023-09-30,2023-10-16,51.0,49.0
LTFOODS.NS,2023-12-31,2024-01-16,51.0,49.0
LTFOODS.NS,2024-03-31,2024-04-17,51.0,49.0
LTFOODS.NS,2024-06-30,2024-07-18,51.0,49.0
LTFOODS.NS,2024-09-30,2024-10-15,51.0,49.0
LTFOODS.NS,2024-12-31,2025-01-10,51.0,49.0
LTFOODS.NS,2025-03-31,2025-04-15,51.0,49.0
LTFOODS.NS,2025-06-30,2025-07-18,51.0,49.0
LTFOODS.NS,2025-09-30,2025-10-20,51.0,49.0
LTFOODS.NS,2025-12-31,2026-01-21,51.01,48.99
LTFOODS.NS,2026-03-31,2026-04-21,51.01,48.99
LTFOODS.NS,2026-06-30,2026-07-20,51.01,48.99
LTM.NS,2021-09-30,2021-10-12,74.09,25.91
LTM.NS,2021-12-31,2022-01-10,74.07,25.93
LTM.NS,2022-03-31,2022-04-15,74.05,25.95
LTM.NS,2022-06-30,2022-07-11,74.03,25.97
LTM.NS,2022-09-30,2022-10-21,74.0,26.0
LTM.NS,2022-11-25,2022-12-02,68.69,31.31
LTM.NS,2022-12-31,2023-01-18,68.69,31.31
LTM.NS,2023-03-31,2023-04-21,68.68,31.32
LTM.NS,2023-06-30,2023-07-21,68.66,31.33
LTM.NS,2023-09-30,2023-10-19,68.66,31.34
LTM.NS,2023-12-31,2024-01-19,68.64,31.35
LTM.NS,2024-03-31,2024-04-19,68.6,31.4
LTM.NS,2024-06-30,2024-07-16,68.6,31.37
LTM.NS,2024-09-30,2024-10-14,68.6,31.38
LTM.NS,2024-12-31,2025-01-20,68.57,31.4
LTM.NS,2025-03-31,2025-04-18,68.57,31.42
LTM.NS,2025-06-30,2025-07-21,68.56,31.44
LTM.NS,2025-09-30,2025-10-20,68.54,31.44
LTM.NS,2025-12-31,2026-01-21,68.53,31.45
LTM.NS,2026-03-31,2026-04-20,68.52,31.47
LTM.NS,2026-06-30,2026-07-17,68.49,31.46
LTTS.NS,2021-09-30,2021-10-16,74.15,25.85
LTTS.NS,2021-12-31,2022-01-13,73.93,26.07
LTTS.NS,2022-03-31,2022-04-20,73.9,26.1
LTTS.NS,2022-06-30,2022-07-12,73.88,26.12
LTTS.NS,2022-09-30,2022-10-19,73.87,26.13
LTTS.NS,2022-12-31,2023-01-09,73.85,26.15
LTTS.NS,2023-03-31,2023-04-20,73.85,26.15
LTTS.NS,2023-06-30,2023-07-17,73.8,26.2
LTTS.NS,2023-09-30,2023-10-13,73.77,26.23
LTTS.NS,2023-12-31,2024-01-05,73.75,26.25
LTTS.NS,2024-03-31,2024-04-15,73.74,26.26
LTTS.NS,2024-06-30,2024-07-16,73.69,26.31
LTTS.NS,2024-09-30,2024-10-18,73.69,26.31
LTTS.NS,2024-12-31,2025-01-20,73.66,26.34
LTTS.NS,2025-03-31,2025-04-21,73.66,26.34
LTTS.NS,2025-06-30,2025-07-21,73.59,26.41
LTTS.NS,2025-09-30,2025-10-19,73.58,26.42
LTTS.NS,2025-12-31,2026-01-13,73.58,26.42
LTTS.NS,2026-03-31,2026-04-20,73.57,26.43
LTTS.NS,2026-06-30,2026-07-20,73.52,26.48
LUPIN.NS,2021-09-30,2021-10-12,46.83,53.15
LUPIN.NS,2021-12-31,2022-01-07,46.81,53.18
LUPIN.NS,2022-03-31,2022-04-12,46.78,53.22
LUPIN.NS,2022-06-30,2022-07-12,47.1,52.9
LUPIN.NS,2022-09-30,2022-10-14,47.11,52.89
LUPIN.NS,2022-12-31,2023-01-10,47.1,52.9
LUPIN.NS,2023-03-31,2023-04-07,47.08,52.92
LUPIN.NS,2023-06-30,2023-07-12,47.07,52.93
LUPIN.NS,2023-09-30,2023-10-10,47.06,52.94
LUPIN.NS,2023-12-31,2024-01-11,47.04,52.96
LUPIN.NS,2024-03-31,2024-04-11,47.01,52.99
LUPIN.NS,2024-06-30,2024-07-12,46.98,53.02
LUPIN.NS,2024-09-30,2024-10-08,46.96,53.04
LUPIN.NS,2024-12-31,2025-01-15,46.95,53.05
LUPIN.NS,2025-03-31,2025-04-16,46.92,53.08
LUPIN.NS,2025-06-30,2025-07-18,46.9,53.1
LUPIN.NS,2025-09-30,2025-10-17,46.9,53.1
LUPIN.NS,2025-12-31,2026-01-20,46.89,53.11
LUPIN.NS,2026-03-31,2026-04-20,46.86,53.14
LUPIN.NS,2026-06-30,2026-07-21,46.85,53.15
LUXIND.NS,2021-09-30,2021-10-07,74.39,25.61
LUXIND.NS,2021-12-31,2022-01-07,73.95,26.05
LUXIND.NS,2022-03-31,2022-04-12,73.95,26.05
LUXIND.NS,2022-06-30,2022-07-13,74.33,25.67
LUXIND.NS,2022-09-30,2022-10-20,74.19,25.81
LUXIND.NS,2022-12-31,2023-01-12,74.19,25.81
LUXIND.NS,2023-03-31,2023-04-14,74.19,25.81
LUXIND.NS,2023-06-30,2023-07-20,74.19,25.81
LUXIND.NS,2023-09-30,2023-10-14,74.19,25.81
LUXIND.NS,2023-12-31,2024-01-12,74.19,25.81
LUXIND.NS,2024-03-31,2024-04-12,74.19,25.81
LUXIND.NS,2024-06-30,2024-07-12,74.19,25.81
LUXIND.NS,2024-09-30,2024-10-15,74.19,25.81
LUXIND.NS,2024-12-31,2025-01-14,74.19,25.81
LUXIND.NS,2025-03-31,2025-04-11,74.19,25.81
LUXIND.NS,2025-06-30,2025-07-11,74.19,25.81
LUXIND.NS,2025-09-30,2025-10-20,74.19,25.81
LUXIND.NS,2025-12-31,2026-01-13,74.19,25.81
LUXIND.NS,2026-03-31,2026-04-20,74.19,25.81
LUXIND.NS,2026-06-30,2026-07-16,74.19,25.81
LXCHEM.NS,2021-03-25,2021-03-26,72.92,27.08
LXCHEM.NS,2021-03-31,2021-04-12,72.92,27.08
LXCHEM.NS,2021-06-30,2021-07-15,72.92,27.08
LXCHEM.NS,2021-09-30,2021-10-11,72.92,27.08
LXCHEM.NS,2021-12-31,2022-01-17,72.92,27.08
LXCHEM.NS,2022-03-31,2022-04-12,72.92,27.08
LXCHEM.NS,2022-06-30,2022-07-19,72.53,27.47
LXCHEM.NS,2022-09-30,2022-10-19,72.51,27.49
LXCHEM.NS,2022-12-31,2023-01-19,72.51,27.49
LXCHEM.NS,2023-03-31,2023-04-18,72.5,27.5
LXCHEM.NS,2023-06-30,2023-07-19,72.39,27.61
LXCHEM.NS,2023-09-30,2023-10-19,72.39,27.61
LXCHEM.NS,2023-12-31,2024-01-18,69.83,30.17
LXCHEM.NS,2024-03-31,2024-04-05,69.72,30.28
LXCHEM.NS,2024-06-30,2024-07-19,69.55,30.45
LXCHEM.NS,2024-09-30,2024-10-18,69.5,30.5
LXCHEM.NS,2024-12-31,2025-01-21,69.38,30.62
LXCHEM.NS,2025-03-31,2025-04-17,69.38,30.62
LXCHEM.NS,2025-06-30,2025-07-19,69.37,30.63
LXCHEM.NS,2025-09-30,2025-10-15,69.35,30.65
LXCHEM.NS,2025-12-31,2026-01-19,69.35,30.65
LXCHEM.NS,2026-03-31,2026-04-17,69.35,30.65
LXCHEM.NS,2026-06-30,2026-07-17,69.34,30.66
MAHABANK.NS,2021-09-30,2021-10-11,90.97,9.03
MAHABANK.NS,2021-12-31,2022-01-10,90.97,9.03
MAHABANK.NS,2022-03-31,2022-04-08,90.97,9.03
MAHABANK.NS,2022-06-30,2022-07-13,90.97,9.03
MAHABANK.NS,2022-09-30,2022-10-15,90.97,9.03
MAHABANK.NS,2022-12-31,2023-01-13,90.97,9.03
MAHABANK.NS,2023-03-31,2023-04-13,90.97,9.03
MAHABANK.NS,2023-06-06,2023-06-15,86.46,13.54
MAHABANK.NS,2023-06-30,2023-07-12,86.46,13.54
MAHABANK.NS,2023-09-30,2023-10-11,86.46,13.54
MAHABANK.NS,2023-12-31,2024-01-09,86.46,13.54
MAHABANK.NS,2024-03-31,2024-04-12,86.46,13.54
MAHABANK.NS,2024-06-30,2024-07-15,86.46,13.54
MAHABANK.NS,2024-09-30,2024-10-09,86.46,13.54
MAHABANK.NS,2024-10-05,2024-10-09,79.6,20.4
MAHABANK.NS,2024-12-31,2025-01-06,79.6,20.4
MAHABANK.NS,2025-03-31,2025-04-16,79.6,20.4
MAHABANK.NS,2025-06-30,2025-07-18,79.6,20.4
MAHABANK.NS,2025-09-30,2025-10-13,79.6,20.4
MAHABANK.NS,2025-12-04,2025-12-12,73.6,26.4
MAHABANK.NS,2025-12-31,2026-01-09,73.6,26.4
MAHABANK.NS,2026-03-31,2026-04-10,73.6,26.4
MAHABANK.NS,2026-06-30,2026-07-09,73.6,26.4
MAHLIFE.NS,2021-09-30,2021-10-20,51.45,48.55
MAHLIFE.NS,2021-12-31,2022-01-20,51.34,48.66
MAHLIFE.NS,2022-03-31,2022-04-20,51.33,48.67
MAHLIFE.NS,2022-06-30,2022-07-20,51.33,48.67
MAHLIFE.NS,2022-09-30,2022-10-21,51.31,48.69
MAHLIFE.NS,2022-12-31,2023-01-20,51.3,48.7
MAHLIFE.NS,2023-03-31,2023-04-21,51.28,48.72
MAHLIFE.NS,2023-06-30,2023-07-20,51.2,48.8
MAHLIFE.NS,2023-09-30,2023-10-20,51.19,48.81
MAHLIFE.NS,2023-12-31,2024-01-19,51.18,48.82
MAHLIFE.NS,2024-03-31,2024-04-18,51.17,48.83
MAHLIFE.NS,2024-06-30,2024-07-19,51.16,48.84
MAHLIFE.NS,2024-09-30,2024-10-21,51.15,48.85
MAHLIFE.NS,2024-12-31,2025-01-21,51.15,48.85
MAHLIFE.NS,2025-03-31,2025-04-04,51.14,48.86
MAHLIFE.NS,2025-06-18,2025-06-24,52.43,47.57
MAHLIFE.NS,2025-06-30,2025-07-21,52.43,47.57
MAHLIFE.NS,2025-09-30,2025-10-20,52.42,47.58
MAHLIFE.NS,2025-12-31,2026-01-21,52.41,47.59
MAHLIFE.NS,2026-03-31,2026-04-20,52.41,47.59
MAHLIFE.NS,2026-06-30,2026-07-21,52.41,47.59
MAHLOG.NS,2021-09-30,2021-10-19,58.25,41.75
MAHLOG.NS,2021-12-31,2022-01-18,58.18,41.82
MAHLOG.NS,2022-03-31,2022-04-19,58.18,41.82
MAHLOG.NS,2022-06-30,2022-07-16,58.12,41.88
MAHLOG.NS,2022-09-30,2022-10-20,58.11,41.89
MAHLOG.NS,2022-12-31,2023-01-21,58.1,41.9
MAHLOG.NS,2023-03-31,2023-04-20,58.09,41.91
MAHLOG.NS,2023-06-30,2023-07-07,58.04,41.96
MAHLOG.NS,2023-09-30,2023-10-14,58.04,41.96
MAHLOG.NS,2023-12-31,2024-01-18,58.04,41.96
MAHLOG.NS,2024-03-31,2024-04-18,58.04,41.96
MAHLOG.NS,2024-06-30,2024-07-17,58.03,41.97
MAHLOG.NS,2024-09-30,2024-10-17,58.03,41.97
MAHLOG.NS,2024-12-31,2025-01-17,58.03,41.97
MAHLOG.NS,2025-03-31,2025-04-18,57.97,42.03
MAHLOG.NS,2025-06-30,2025-07-20,57.97,42.03
MAHLOG.NS,2025-08-18,2025-08-26,59.6,40.4
MAHLOG.NS,2025-09-30,2025-10-20,59.6,40.4
MAHLOG.NS,2025-12-31,2026-01-21,59.6,40.4
MAHLOG.NS,2026-03-31,2026-04-20,59.58,40.42
MAHLOG.NS,2026-06-30,2026-07-20,59.58,40.42
MAHSCOOTER.NS,2021-09-30,2021-10-20,51.0,49.0
MAHSCOOTER.NS,2021-12-31,2022-01-19,51.0,49.0
MAHSCOOTER.NS,2022-03-31,2022-04-21,51.0,49.0
MAHSCOOTER.NS,2022-06-30,2022-07-19,51.05,48.95
MAHSCOOTER.NS,2022-09-30,2022-10-20,51.05,48.95
MAHSCOOTER.NS,2022-12-31,2023-01-18,51.0,49.0
MAHSCOOTER.NS,2023-03-31,2023-04-19,51.0,49.0
MAHSCOOTER.NS,2023-06-30,2023-07-18,51.0,49.0
MAHSCOOTER.NS,2023-09-30,2023-10-19,51.0,49.0
MAHSCOOTER.NS,2023-12-31,2024-01-17,51.0,49.0
MAHSCOOTER.NS,2024-03-31,2024-04-17,51.0,49.0
MAHSCOOTER.NS,2024-06-30,2024-07-19,51.0,49.0
MAHSCOOTER.NS,2024-09-30,2024-10-17,51.0,49.0
MAHSCOOTER.NS,2024-12-31,2025-01-20,51.0,49.0
MAHSCOOTER.NS,2025-03-31,2025-04-18,51.0,49.0
MAHSCOOTER.NS,2025-06-30,2025-07-21,51.0,49.0
MAHSCOOTER.NS,2025-09-30,2025-10-17,51.0,49.0
MAHSCOOTER.NS,2025-12-31,2026-01-21,51.0,49.0
MAHSCOOTER.NS,2026-03-31,2026-04-20,51.0,49.0
MAHSCOOTER.NS,2026-06-30,2026-07-20,51.0,49.0
MAHSEAMLES.NS,2021-09-30,2021-10-12,63.82,36.18
MAHSEAMLES.NS,2021-12-31,2022-01-14,64.9,35.1
MAHSEAMLES.NS,2022-03-31,2022-04-12,67.0,33.0
MAHSEAMLES.NS,2022-06-30,2022-07-21,67.08,32.92
MAHSEAMLES.NS,2022-09-30,2022-10-18,67.25,32.75
MAHSEAMLES.NS,2022-12-05,2022-12-06,67.6,32.4
MAHSEAMLES.NS,2022-12-31,2023-01-12,67.63,32.37
MAHSEAMLES.NS,2023-03-31,2023-04-14,67.8,32.2
MAHSEAMLES.NS,2023-06-30,2023-07-11,67.8,32.2
MAHSEAMLES.NS,2023-09-30,2023-10-18,67.86,32.14
MAHSEAMLES.NS,2023-12-31,2024-01-12,67.86,32.14
MAHSEAMLES.NS,2024-03-31,2024-04-08,68.0,32.0
MAHSEAMLES.NS,2024-06-30,2024-07-08,68.0,32.0
MAHSEAMLES.NS,2024-09-30,2024-10-16,68.04,31.96
MAHSEAMLES.NS,2024-12-31,2025-01-08,68.07,31.93
MAHSEAMLES.NS,2025-03-31,2025-04-04,68.86,31.14
MAHSEAMLES.NS,2025-06-30,2025-07-14,68.87,31.13
MAHSEAMLES.NS,2025-09-30,2025-10-15,69.05,30.95
MAHSEAMLES.NS,2025-12-31,2026-01-12,69.81,30.19
MAHSEAMLES.NS,2026-03-31,2026-04-07,70.28,29.72
MAHSEAMLES.NS,2026-06-30,2026-07-07,70.28,29.72
MANAPPURAM.NS,2021-09-30,2021-10-16,35.05,64.95
MANAPPURAM.NS,2021-12-31,2022-01-17,35.06,64.94
MANAPPURAM.NS,2022-03-31,2022-04-16,35.06,64.94
MANAPPURAM.NS,2022-06-30,2022-07-20,35.15,64.85
MANAPPURAM.NS,2022-09-30,2022-10-20,35.18,64.82
MANAPPURAM.NS,2022-12-31,2023-01-12,35.2,64.8
MANAPPURAM.NS,2023-03-31,2023-04-18,35.2,64.8
MANAPPURAM.NS,2023-06-30,2023-07-14,35.2,64.8
MANAPPURAM.NS,2023-09-30,2023-10-17,35.2,64.8
MANAPPURAM.NS,2023-12-31,2024-01-19,35.2,64.8
MANAPPURAM.NS,2024-03-31,2024-04-20,35.2,64.8
MANAPPURAM.NS,2024-06-30,2024-07-19,35.24,64.76
MANAPPURAM.NS,2024-09-30,2024-10-18,35.25,64.75
MANAPPURAM.NS,2024-12-31,2025-01-16,35.25,64.75
MANAPPURAM.NS,2025-03-31,2025-04-19,35.25,64.75
MANAPPURAM.NS,2025-06-30,2025-07-15,35.25,64.75
MANAPPURAM.NS,2025-09-30,2025-10-14,35.25,64.75
MANAPPURAM.NS,2025-12-31,2026-01-19,35.25,64.75
MANAPPURAM.NS,2026-03-27,2026-03-28,31.77,68.23
MANAPPURAM.NS,2026-03-31,2026-04-21,31.77,68.23
MANAPPURAM.NS,2026-06-30,2026-07-21,41.66,58.34
MANKIND.NS,2023-05-04,2023-05-15,76.5,23.5
MANKIND.NS,2023-06-30,2023-07-17,76.5,23.5
MANKIND.NS,2023-09-30,2023-10-12,76.5,23.5
MANKIND.NS,2023-12-31,2024-01-08,76.5,23.5
MANKIND.NS,2024-03-31,2024-04-04,74.88,25.12
MANKIND.NS,2024-06-30,2024-07-12,74.87,25.13
MANKIND.NS,2024-09-30,2024-10-18,74.87,25.13
MANKIND.NS,2024-12-20,2024-12-26,72.71,27.29
MANKIND.NS,2024-12-31,2025-01-13,72.71,27.29
MANKIND.NS,2025-03-31,2025-04-19,72.7,27.3
MANKIND.NS,2025-06-30,2025-07-19,72.68,27.32
MANKIND.NS,2025-09-30,2025-10-14,72.67,27.33
MANKIND.NS,2025-12-31,2026-01-13,72.66,27.34
MANKIND.NS,2026-03-31,2026-04-20,72.66,27.34
MANKIND.NS,2026-06-30,2026-07-21,72.63,27.37
MANYAVAR.NS,2022-02-15,2022-04-20,84.91,15.09
MANYAVAR.NS,2022-03-31,2022-04-21,84.91,15.09
MANYAVAR.NS,2022-06-30,2022-07-20,84.91,15.09
MANYAVAR.NS,2022-09-30,2022-10-19,84.91,15.09
MANYAVAR.NS,2022-12-31,2023-01-20,84.89,15.11
MANYAVAR.NS,2023-03-31,2023-04-21,84.88,15.12
MANYAVAR.NS,2023-06-30,2023-07-19,75.0,25.0
MANYAVAR.NS,2023-09-30,2023-10-20,74.99,25.01
MANYAVAR.NS,2023-12-31,2024-01-16,74.98,25.02
MANYAVAR.NS,2024-03-31,2024-04-19,74.97,25.03
MANYAVAR.NS,2024-06-30,2024-07-21,74.97,25.03
MANYAVAR.NS,2024-09-30,2024-10-21,74.96,25.04
MANYAVAR.NS,2024-12-31,2025-01-20,74.96,25.04
MANYAVAR.NS,2025-03-31,2025-04-21,74.95,25.05
MANYAVAR.NS,2025-06-30,2025-07-18,74.95,25.05
MANYAVAR.NS,2025-09-30,2025-10-16,74.95,25.05
MANYAVAR.NS,2025-12-31,2026-01-14,74.94,25.06
MANYAVAR.NS,2026-03-31,2026-04-15,74.94,25.06
MANYAVAR.NS,2026-06-30,2026-07-20,74.94,25.06
MAPMYINDIA.NS,2021-12-17,2022-01-07,53.73,46.27
MAPMYINDIA.NS,2021-12-31,2022-01-07,53.73,46.27
MAPMYINDIA.NS,2022-03-31,2022-04-15,53.73,46.27
MAPMYINDIA.NS,2022-06-30,2022-07-20,53.73,46.27
MAPMYINDIA.NS,2022-09-30,2022-10-11,53.31,46.69
MAPMYINDIA.NS,2022-12-31,2023-01-19,53.31,46.69
MAPMYINDIA.NS,2023-03-31,2023-04-19,53.31,46.69
MAPMYINDIA.NS,2023-06-30,2023-07-17,53.31,46.69
MAPMYINDIA.NS,2023-09-30,2023-10-11,52.93,47.07
MAPMYINDIA.NS,2023-12-31,2024-01-08,52.91,47.09
MAPMYINDIA.NS,2024-03-31,2024-04-10,52.91,47.09
MAPMYINDIA.NS,2024-06-30,2024-07-11,51.98,48.02
MAPMYINDIA.NS,2024-09-30,2024-10-17,51.67,48.33
MAPMYINDIA.NS,2024-12-31,2025-01-16,51.67,48.33
MAPMYINDIA.NS,2025-03-31,2025-04-18,51.65,48.35
MAPMYINDIA.NS,2025-06-30,2025-07-21,51.65,48.35
MAPMYINDIA.NS,2025-09-30,2025-10-16,51.36,48.64
MAPMYINDIA.NS,2025-12-31,2026-01-20,51.36,48.64
MAPMYINDIA.NS,2026-03-31,2026-04-17,51.41,48.59
MAPMYINDIA.NS,2026-06-30,2026-07-20,51.41,48.59
MARICO.NS,2021-09-30,2021-10-19,59.52,40.38
MARICO.NS,2021-12-31,2022-01-21,59.51,40.4
MARICO.NS,2022-03-31,2022-04-21,59.49,40.4
MARICO.NS,2022-06-30,2022-07-20,59.48,40.41
MARICO.NS,2022-09-30,2022-10-21,59.48,40.41
MARICO.NS,2022-12-31,2023-01-19,59.48,40.43
MARICO.NS,2023-03-31,2023-04-20,59.42,40.47
MARICO.NS,2023-06-30,2023-07-19,59.42,40.48
MARICO.NS,2023-09-30,2023-10-19,59.4,40.49
MARICO.NS,2023-12-31,2024-01-18,59.39,40.53
MARICO.NS,2024-03-31,2024-04-19,59.35,40.54
MARICO.NS,2024-06-30,2024-07-18,59.28,40.61
MARICO.NS,2024-09-30,2024-10-17,59.2,40.69
MARICO.NS,2024-12-31,2025-01-17,59.11,40.81
MARICO.NS,2025-03-31,2025-04-15,59.05,40.83
MARICO.NS,2025-06-30,2025-07-18,59.03,40.85
MARICO.NS,2025-09-30,2025-10-16,58.94,40.8
MARICO.NS,2025-12-31,2026-01-21,58.93,40.85
MARICO.NS,2026-03-31,2026-04-16,58.93,40.88
MARICO.NS,2026-06-30,2026-07-17,58.91,40.91
MARUTI.NS,2021-09-30,2021-10-20,56.37,43.63
MARUTI.NS,2021-12-31,2022-01-21,56.37,43.63
MARUTI.NS,2022-03-31,2022-04-20,56.37,43.63
MARUTI.NS,2022-06-30,2022-07-19,56.37,43.63
MARUTI.NS,2022-09-30,2022-10-20,56.37,43.63
MARUTI.NS,2022-12-31,2023-01-20,56.37,43.63
MARUTI.NS,2023-03-31,2023-04-19,56.48,43.52
MARUTI.NS,2023-06-30,2023-07-19,56.48,43.52
MARUTI.NS,2023-09-30,2023-10-20,56.48,43.52
MARUTI.NS,2023-11-24,2023-11-30,58.19,41.81
MARUTI.NS,2023-12-31,2024-01-15,58.19,41.81
MARUTI.NS,2024-03-31,2024-04-19,58.19,41.81
MARUTI.NS,2024-06-30,2024-07-16,58.19,41.81
MARUTI.NS,2024-09-30,2024-10-17,58.19,41.81
MARUTI.NS,2024-12-31,2025-01-20,58.28,41.72
MARUTI.NS,2025-03-31,2025-04-21,58.28,41.72
MARUTI.NS,2025-06-30,2025-07-21,58.28,41.72
MARUTI.NS,2025-09-30,2025-10-18,58.28,41.72
MARUTI.NS,2025-12-31,2026-01-21,58.28,41.72
MARUTI.NS,2026-03-31,2026-04-17,58.53,41.47
MARUTI.NS,2026-06-30,2026-07-17,58.65,41.35
MASFIN.NS,2021-09-30,2021-10-13,73.6,26.4
MASFIN.NS,2021-12-31,2022-01-20,73.62,26.38
MASFIN.NS,2022-03-31,2022-04-12,73.64,26.36
MASFIN.NS,2022-06-30,2022-07-19,73.71,26.29
MASFIN.NS,2022-09-30,2022-10-20,73.73,26.27
MASFIN.NS,2022-12-31,2023-01-17,73.73,26.27
MASFIN.NS,2023-03-31,2023-04-19,73.73,26.27
MASFIN.NS,2023-06-30,2023-07-17,73.73,26.27
MASFIN.NS,2023-09-30,2023-10-13,73.73,26.27
MASFIN.NS,2023-12-31,2024-01-09,73.73,26.27
MASFIN.NS,2024-02-24,2024-02-24,73.73,26.27
MASFIN.NS,2024-03-31,2024-04-17,73.73,26.27
MASFIN.NS,2024-06-21,2024-06-28,66.63,33.37
MASFIN.NS,2024-06-30,2024-07-16,66.63,33.37
MASFIN.NS,2024-09-30,2024-10-18,66.63,33.37
MASFIN.NS,2024-12-31,2025-01-17,66.63,33.37
MASFIN.NS,2025-03-31,2025-04-14,66.63,33.37
MASFIN.NS,2025-06-30,2025-07-19,66.63,33.37
MASFIN.NS,2025-09-30,2025-10-18,66.63,33.37
MASFIN.NS,2025-12-31,2026-01-20,66.63,33.37
MASFIN.NS,2026-03-31,2026-04-20,66.65,33.35
MASFIN.NS,2026-06-30,2026-07-18,66.65,33.35
MASTEK.NS,2021-09-30,2021-10-20,37.75,62.25
MASTEK.NS,2021-12-31,2022-01-18,37.59,62.41
MASTEK.NS,2022-03-31,2022-04-16,37.3,62.7
MASTEK.NS,2022-06-30,2022-07-19,37.31,62.69
MASTEK.NS,2022-09-30,2022-10-21,37.28,62.72
MASTEK.NS,2022-12-31,2023-01-20,37.27,62.73
MASTEK.NS,2023-03-31,2023-04-19,36.75,63.25
MASTEK.NS,2023-06-30,2023-07-21,36.57,63.43
MASTEK.NS,2023-09-30,2023-10-18,36.5,63.5
MASTEK.NS,2023-12-31,2024-01-18,36.47,63.53
MASTEK.NS,2024-03-31,2024-04-17,36.26,63.74
MASTEK.NS,2024-06-30,2024-07-17,36.25,63.75
MASTEK.NS,2024-09-30,2024-10-17,36.23,63.77
MASTEK.NS,2024-12-31,2025-01-14,36.22,63.78
MASTEK.NS,2025-03-31,2025-04-16,35.97,64.03
MASTEK.NS,2025-06-30,2025-07-18,35.95,64.05
MASTEK.NS,2025-09-30,2025-10-15,35.79,64.21
MASTEK.NS,2025-12-31,2026-01-16,35.77,64.23
MASTEK.NS,2026-03-31,2026-04-15,35.76,64.24
MASTEK.NS,2026-06-30,2026-07-08,35.76,64.24
MAXHEALTH.NS,2021-09-30,2021-10-07,60.91,39.09
MAXHEALTH.NS,2021-12-31,2022-01-12,60.68,39.32
MAXHEALTH.NS,2022-03-31,2022-04-07,50.64,49.36
MAXHEALTH.NS,2022-06-30,2022-07-07,50.64,49.36
MAXHEALTH.NS,2022-09-30,2022-10-17,23.8,76.2
MAXHEALTH.NS,2022-12-31,2023-01-20,23.78,76.22
MAXHEALTH.NS,2023-03-31,2023-04-15,23.77,76.23
MAXHEALTH.NS,2023-06-30,2023-07-12,23.76,76.24
MAXHEALTH.NS,2023-09-30,2023-10-12,23.76,76.24
MAXHEALTH.NS,2023-12-31,2024-01-15,23.75,76.25
MAXHEALTH.NS,2024-03-31,2024-04-17,23.75,76.25
MAXHEALTH.NS,2024-06-30,2024-07-16,23.74,76.26
MAXHEALTH.NS,2024-09-30,2024-10-18,23.74,76.26
MAXHEALTH.NS,2024-12-31,2025-01-20,23.74,76.26
MAXHEALTH.NS,2025-03-31,2025-04-15,23.74,76.26
MAXHEALTH.NS,2025-06-30,2025-07-18,23.74,76.26
MAXHEALTH.NS,2025-09-30,2025-10-18,23.74,76.26
MAXHEALTH.NS,2025-12-31,2026-01-15,23.72,76.28
MAXHEALTH.NS,2026-03-31,2026-04-20,23.71,76.29
MAXHEALTH.NS,2026-06-30,2026-07-17,23.71,76.29
MAZDOCK.NS,2021-09-30,2021-10-08,84.83,15.17
MAZDOCK.NS,2021-12-31,2022-01-07,84.83,15.17
MAZDOCK.NS,2022-03-31,2022-04-08,84.83,15.17
MAZDOCK.NS,2022-06-30,2022-07-11,84.83,15.17
MAZDOCK.NS,2022-09-30,2022-10-18,84.83,15.17
MAZDOCK.NS,2022-12-31,2023-01-12,84.83,15.17
MAZDOCK.NS,2023-03-31,2023-04-13,84.83,15.17
MAZDOCK.NS,2023-06-30,2023-07-14,84.83,15.17
MAZDOCK.NS,2023-09-30,2023-10-13,84.83,15.17
MAZDOCK.NS,2023-12-31,2024-01-09,84.83,15.17
MAZDOCK.NS,2024-03-31,2024-04-18,84.83,15.17
MAZDOCK.NS,2024-06-30,2024-07-10,84.83,15.17
MAZDOCK.NS,2024-09-30,2024-10-11,84.83,15.17
MAZDOCK.NS,2024-12-31,2025-01-15,84.83,15.17
MAZDOCK.NS,2025-03-31,2025-04-17,84.83,15.17
MAZDOCK.NS,2025-06-30,2025-07-18,81.22,18.78
MAZDOCK.NS,2025-09-30,2025-10-16,81.22,18.78
MAZDOCK.NS,2025-12-31,2026-01-19,81.22,18.78
MAZDOCK.NS,2026-03-31,2026-04-20,81.22,18.78
MAZDOCK.NS,2026-06-30,2026-07-20,81.22,18.78
MEDANTA.NS,2022-11-11,2022-11-17,33.08,66.92
MEDANTA.NS,2022-12-31,2023-01-19,33.08,66.92
MEDANTA.NS,2023-03-31,2023-04-20,33.08,66.92
MEDANTA.NS,2023-06-30,2023-07-19,33.07,66.93
MEDANTA.NS,2023-09-30,2023-10-20,33.06,66.94
MEDANTA.NS,2023-12-31,2024-01-17,33.05,66.95
MEDANTA.NS,2024-03-31,2024-04-19,33.04,66.96
MEDANTA.NS,2024-06-30,2024-07-19,33.04,66.96
MEDANTA.NS,2024-09-30,2024-10-18,33.04,66.96
MEDANTA.NS,2024-12-31,2025-01-20,33.03,66.97
MEDANTA.NS,2025-03-31,2025-04-16,33.03,66.97
MEDANTA.NS,2025-06-30,2025-07-19,33.01,66.93
MEDANTA.NS,2025-09-30,2025-10-14,33.01,66.93
MEDANTA.NS,2025-12-31,2026-01-13,33.01,66.93
MEDANTA.NS,2026-03-31,2026-04-13,33.01,66.92
MEDANTA.NS,2026-06-30,2026-07-21,33.0,66.91
MEDPLUS.NS,2021-12-22,2022-01-18,40.43,59.22
MEDPLUS.NS,2021-12-31,2022-01-18,40.43,59.22
MEDPLUS.NS,2022-03-31,2022-04-21,40.43,59.22
MEDPLUS.NS,2022-06-30,2022-07-20,40.43,59.22
MEDPLUS.NS,2022-09-30,2022-10-14,40.43,59.23
MEDPLUS.NS,2022-12-31,2023-01-20,40.43,59.28
MEDPLUS.NS,2023-03-31,2023-04-21,40.43,59.38
MEDPLUS.NS,2023-06-30,2023-07-12,40.43,59.42
MEDPLUS.NS,2023-09-30,2023-10-18,40.41,59.47
MEDPLUS.NS,2023-12-31,2024-01-10,40.45,59.45
MEDPLUS.NS,2024-03-31,2024-04-11,40.39,59.51
MEDPLUS.NS,2024-06-30,2024-07-16,40.39,59.54
MEDPLUS.NS,2024-09-30,2024-10-18,40.39,59.55
MEDPLUS.NS,2024-12-31,2025-01-17,40.39,59.57
MEDPLUS.NS,2025-03-31,2025-04-18,40.34,59.62
MEDPLUS.NS,2025-06-30,2025-07-21,40.32,59.63
MEDPLUS.NS,2025-09-30,2025-10-13,40.29,59.66
MEDPLUS.NS,2025-12-31,2026-01-20,40.29,59.66
MEDPLUS.NS,2026-03-31,2026-04-17,40.22,59.74
MEDPLUS.NS,2026-06-30,2026-07-18,40.19,59.77
METROBRAND.NS,2021-12-21,2022-01-04,74.27,25.73
METROBRAND.NS,2021-12-31,2022-01-20,74.27,25.73
METROBRAND.NS,2022-03-31,2022-04-21,74.27,25.73
METROBRAND.NS,2022-06-30,2022-07-20,74.27,25.73
METROBRAND.NS,2022-09-30,2022-10-21,74.25,25.75
METROBRAND.NS,2022-12-31,2023-01-20,74.21,25.79
METROBRAND.NS,2023-03-31,2023-04-19,74.21,25.79
METROBRAND.NS,2023-06-30,2023-07-18,74.2,25.8
METROBRAND.NS,2023-09-30,2023-10-16,74.2,25.8
METROBRAND.NS,2023-12-31,2024-01-16,74.17,25.83
METROBRAND.NS,2024-03-31,2024-04-16,74.16,25.84
METROBRAND.NS,2024-06-30,2024-07-15,74.15,25.85
METROBRAND.NS,2024-09-30,2024-10-17,71.96,28.04
METROBRAND.NS,2024-12-31,2025-01-20,71.93,28.07
METROBRAND.NS,2025-03-31,2025-04-17,71.88,28.12
METROBRAND.NS,2025-06-30,2025-07-18,71.87,28.13
METROBRAND.NS,2025-09-30,2025-10-17,71.86,28.14
METROBRAND.NS,2025-12-31,2026-01-19,71.83,28.17
METROBRAND.NS,2026-03-31,2026-04-16,71.8,28.2
METROBRAND.NS,2026-06-30,2026-07-17,71.8,28.2
METROPOLIS.NS,2021-09-30,2021-10-18,50.33,49.67
METROPOLIS.NS,2021-12-31,2022-01-12,49.5,50.5
METROPOLIS.NS,2022-03-31,2022-04-18,49.79,50.21
METROPOLIS.NS,2022-06-30,2022-07-21,49.79,50.21
METROPOLIS.NS,2022-09-30,2022-10-21,49.76,50.24
METROPOLIS.NS,2022-12-31,2023-01-20,49.76,50.24
METROPOLIS.NS,2023-03-31,2023-04-20,49.75,50.25
METROPOLIS.NS,2023-06-30,2023-07-21,49.75,50.25
METROPOLIS.NS,2023-09-30,2023-10-21,49.74,50.26
METROPOLIS.NS,2023-12-31,2024-01-20,49.74,50.26
METROPOLIS.NS,2024-03-31,2024-04-20,49.67,50.33
METROPOLIS.NS,2024-06-30,2024-07-20,49.62,50.38
METROPOLIS.NS,2024-09-30,2024-10-19,49.43,50.57
METROPOLIS.NS,2024-12-31,2025-01-20,49.4,50.6
METROPOLIS.NS,2025-03-31,2025-04-21,48.9,51.1
METROPOLIS.NS,2025-06-30,2025-07-21,48.89,51.11
METROPOLIS.NS,2025-09-30,2025-10-21,48.89,51.11
METROPOLIS.NS,2025-12-31,2026-01-20,48.88,51.12
METROPOLIS.NS,2026-03-23,2026-04-01,48.87,51.13
METROPOLIS.NS,2026-03-31,2026-04-21,48.87,51.13
METROPOLIS.NS,2026-06-30,2026-07-21,48.86,51.14
MFSL.NS,2021-09-30,2021-10-08,14.72,85.28
MFSL.NS,2021-12-31,2022-01-18,14.72,85.28
MFSL.NS,2022-03-31,2022-04-12,14.72,85.28
MFSL.NS,2022-06-30,2022-07-11,14.72,85.28
MFSL.NS,2022-09-30,2022-10-20,14.72,85.28
MFSL.NS,2022-12-31,2023-01-19,11.45,88.55
MFSL.NS,2023-03-31,2023-04-11,10.15,89.85
MFSL.NS,2023-06-30,2023-07-11,10.15,89.85
MFSL.NS,2023-09-30,2023-10-18,6.52,93.48
MFSL.NS,2023-12-31,2024-01-18,6.52,93.48
MFSL.NS,2024-03-31,2024-04-12,6.52,93.48
MFSL.NS,2024-06-30,2024-07-16,6.52,93.48
MFSL.NS,2024-09-30,2024-10-10,3.34,96.66
MFSL.NS,2024-12-31,2025-01-08,3.34,96.66
MFSL.NS,2025-03-31,2025-04-07,1.74,98.26
MFSL.NS,2025-06-30,2025-07-18,1.74,98.26
MFSL.NS,2025-09-30,2025-10-10,1.71,98.29
MFSL.NS,2025-12-31,2026-01-15,1.25,98.75
MFSL.NS,2026-03-31,2026-04-14,1.25,98.75
MFSL.NS,2026-06-30,2026-07-10,1.25,98.75
MGL.NS,2021-09-30,2021-10-13,32.5,67.5
MGL.NS,2021-12-31,2022-01-18,32.5,67.5
MGL.NS,2022-03-31,2022-04-19,32.5,67.5
MGL.NS,2022-06-30,2022-07-12,32.5,67.5
MGL.NS,2022-09-30,2022-10-21,32.5,67.5
MGL.NS,2022-12-31,2023-01-12,32.5,67.5
MGL.NS,2023-03-31,2023-04-19,32.5,67.5
MGL.NS,2023-06-30,2023-07-21,32.5,67.5
MGL.NS,2023-09-30,2023-10-20,32.5,67.5
MGL.NS,2023-12-31,2024-01-04,32.5,67.5
MGL.NS,2024-03-31,2024-04-19,32.5,67.5
MGL.NS,2024-06-30,2024-07-19,32.5,67.5
MGL.NS,2024-09-30,2024-10-18,32.5,67.5
MGL.NS,2024-12-31,2025-01-21,32.5,67.5
MGL.NS,2025-03-31,2025-04-18,32.5,67.5
MGL.NS,2025-06-30,2025-07-11,32.5,67.5
MGL.NS,2025-09-30,2025-10-16,32.5,67.5
MGL.NS,2025-12-31,2026-01-19,32.5,67.5
MGL.NS,2026-03-31,2026-04-20,32.5,67.5
MGL.NS,2026-06-30,2026-07-20,32.5,67.5
MHRIL.NS,2021-09-30,2021-10-21,67.27,32.31
MHRIL.NS,2021-12-31,2022-01-20,67.22,32.4
MHRIL.NS,2022-03-31,2022-04-12,67.22,32.41
MHRIL.NS,2022-06-30,2022-07-19,67.2,32.44
MHRIL.NS,2022-09-30,2022-10-21,67.08,32.6
MHRIL.NS,2022-12-31,2023-01-17,67.03,32.65
MHRIL.NS,2023-03-31,2023-04-18,67.0,32.72
MHRIL.NS,2023-06-30,2023-07-14,66.95,32.81
MHRIL.NS,2023-09-30,2023-10-13,66.81,32.98
MHRIL.NS,2023-12-31,2024-01-16,66.77,33.02
MHRIL.NS,2024-03-31,2024-04-15,66.77,33.03
MHRIL.NS,2024-06-30,2024-07-19,66.76,33.04
MHRIL.NS,2024-09-30,2024-10-14,66.76,33.05
MHRIL.NS,2024-12-31,2025-01-21,66.75,33.07
MHRIL.NS,2025-03-31,2025-04-14,66.74,33.07
MHRIL.NS,2025-06-30,2025-07-21,66.74,33.07
MHRIL.NS,2025-09-30,2025-10-17,66.74,33.07
MHRIL.NS,2025-12-31,2026-01-19,66.74,33.08
MHRIL.NS,2026-03-31,2026-04-20,66.74,33.08
MHRIL.NS,2026-06-30,2026-07-18,66.73,33.09
MIDHANI.NS,2021-09-30,2021-10-11,74.0,26.0
MIDHANI.NS,2021-12-31,2022-01-12,74.0,26.0
MIDHANI.NS,2022-03-31,2022-04-13,74.0,26.0
MIDHANI.NS,2022-06-30,2022-07-20,74.0,26.0
MIDHANI.NS,2022-09-30,2022-10-18,74.0,26.0
MIDHANI.NS,2022-12-31,2023-01-13,74.0,26.0
MIDHANI.NS,2023-03-31,2023-04-10,74.0,26.0
MIDHANI.NS,2023-06-30,2023-07-10,74.0,26.0
MIDHANI.NS,2023-09-30,2023-10-13,74.0,26.0
MIDHANI.NS,2023-12-31,2024-01-19,74.0,26.0
MIDHANI.NS,2024-03-31,2024-04-06,74.0,26.0
MIDHANI.NS,2024-06-30,2024-07-12,74.0,26.0
MIDHANI.NS,2024-09-30,2024-10-17,74.0,26.0
MIDHANI.NS,2024-12-31,2025-01-18,74.0,26.0
MIDHANI.NS,2025-03-31,2025-04-11,74.0,26.0
MIDHANI.NS,2025-06-30,2025-07-19,74.0,26.0
MIDHANI.NS,2025-09-30,2025-10-15,74.0,26.0
MIDHANI.NS,2025-12-31,2026-01-19,74.0,26.0
MIDHANI.NS,2026-03-31,2026-04-18,74.0,26.0
MIDHANI.NS,2026-06-30,2026-07-17,74.0,26.0
MINDACORP.NS,2020-12-31,2021-01-18,64.73,33.35
MINDACORP.NS,2021-09-30,2021-10-19,64.73,33.47
MINDACORP.NS,2021-12-31,2022-01-11,64.73,33.5
MINDACORP.NS,2022-03-31,2022-04-18,64.73,33.51
MINDACORP.NS,2022-06-30,2022-07-12,64.73,33.56
MINDACORP.NS,2022-09-30,2022-10-19,64.73,33.59
MINDACORP.NS,2022-12-31,2023-01-10,64.73,33.59
MINDACORP.NS,2023-03-31,2023-04-07,64.73,33.59
MINDACORP.NS,2023-06-30,2023-07-10,64.73,33.63
MINDACORP.NS,2023-09-30,2023-10-10,64.84,33.51
MINDACORP.NS,2023-12-31,2024-01-08,64.84,33.53
MINDACORP.NS,2024-03-31,2024-04-05,64.84,33.57
MINDACORP.NS,2024-06-30,2024-07-08,64.84,33.57
MINDACORP.NS,2024-09-30,2024-10-10,64.84,33.57
MINDACORP.NS,2024-12-31,2025-01-10,64.84,33.57
MINDACORP.NS,2025-03-31,2025-04-14,64.84,33.59
MINDACORP.NS,2025-06-30,2025-07-08,64.84,33.59
MINDACORP.NS,2025-09-30,2025-10-13,64.84,33.6
MINDACORP.NS,2025-12-31,2026-01-13,64.84,33.6
MINDACORP.NS,2026-03-31,2026-04-16,64.84,33.6
MINDACORP.NS,2026-06-30,2026-07-14,64.84,33.6
MMTC.NS,2021-09-30,2021-10-14,89.93,10.07
MMTC.NS,2021-12-31,2022-01-19,89.93,10.07
MMTC.NS,2022-03-31,2022-04-13,89.93,10.07
MMTC.NS,2022-06-30,2022-07-15,89.93,10.07
MMTC.NS,2022-09-30,2022-10-19,89.93,10.07
MMTC.NS,2022-12-31,2023-01-18,89.93,10.07
MMTC.NS,2023-03-31,2023-04-17,89.93,10.07
MMTC.NS,2023-06-30,2023-07-11,89.93,10.07
MMTC.NS,2023-09-30,2023-10-10,89.93,10.07
MMTC.NS,2023-12-31,2024-01-08,89.93,10.07
MMTC.NS,2024-03-31,2024-04-05,89.93,10.07
MMTC.NS,2024-06-30,2024-07-10,89.93,10.07
MMTC.NS,2024-09-30,2024-10-08,89.93,10.07
MMTC.NS,2024-12-31,2025-01-07,89.93,10.07
MMTC.NS,2025-03-31,2025-04-07,89.93,10.07
MMTC.NS,2025-06-30,2025-07-07,89.93,10.07
MMTC.NS,2025-09-30,2025-10-09,89.93,10.07
MMTC.NS,2025-12-31,2026-01-06,89.93,10.07
MMTC.NS,2026-03-31,2026-04-08,89.93,10.07
MMTC.NS,2026-06-30,2026-07-06,89.93,10.07
MOIL.NS,2021-09-30,2021-10-14,64.35,35.65
MOIL.NS,2021-12-31,2022-01-13,64.35,35.65
MOIL.NS,2022-02-21,2022-02-25,64.68,35.32
MOIL.NS,2022-03-31,2022-04-08,64.68,35.32
MOIL.NS,2022-06-30,2022-07-18,64.68,35.32
MOIL.NS,2022-09-30,2022-10-20,64.68,35.32
MOIL.NS,2022-12-31,2023-01-16,64.68,35.32
MOIL.NS,2023-03-31,2023-04-15,64.68,35.32
MOIL.NS,2023-06-30,2023-07-14,64.68,35.32
MOIL.NS,2023-09-30,2023-10-12,64.68,35.32
MOIL.NS,2023-12-31,2024-01-12,64.68,35.32
MOIL.NS,2024-03-31,2024-04-12,64.68,35.32
MOIL.NS,2024-06-30,2024-07-16,64.68,35.32
MOIL.NS,2024-09-30,2024-10-14,64.68,35.32
MOIL.NS,2024-12-31,2025-01-17,64.68,35.32
MOIL.NS,2025-03-31,2025-04-16,64.68,35.32
MOIL.NS,2025-06-30,2025-07-18,64.68,35.32
MOIL.NS,2025-09-30,2025-10-13,64.68,35.32
MOIL.NS,2025-12-31,2026-01-19,64.68,35.32
MOIL.NS,2026-03-31,2026-04-17,64.68,35.32
MOIL.NS,2026-06-30,2026-07-17,64.68,35.32
MOTHERSON.NS,2021-09-30,2021-10-19,61.73,38.27
MOTHERSON.NS,2021-12-31,2022-01-19,61.73,38.27
MOTHERSON.NS,2022-03-03,2022-03-10,68.16,31.84
MOTHERSON.NS,2022-03-31,2022-04-20,68.16,31.84
MOTHERSON.NS,2022-06-30,2022-07-20,68.16,31.84
MOTHERSON.NS,2022-09-30,2022-10-14,68.16,31.84
MOTHERSON.NS,2022-10-06,2022-10-14,68.16,31.84
MOTHERSON.NS,2022-12-31,2023-01-19,68.16,31.84
MOTHERSON.NS,2023-03-31,2023-04-17,64.77,35.23
MOTHERSON.NS,2023-06-30,2023-07-20,64.77,35.23
MOTHERSON.NS,2023-09-30,2023-10-20,64.77,35.23
MOTHERSON.NS,2023-12-31,2024-01-19,64.78,35.22
MOTHERSON.NS,2024-03-31,2024-04-16,60.36,39.64
MOTHERSON.NS,2024-06-30,2024-07-19,60.36,39.64
MOTHERSON.NS,2024-09-20,2024-09-30,58.13,41.87
MOTHERSON.NS,2024-09-30,2024-10-18,58.13,41.87
MOTHERSON.NS,2024-12-31,2025-01-16,58.13,41.87
MOTHERSON.NS,2025-03-31,2025-04-17,58.13,41.87
MOTHERSON.NS,2025-06-30,2025-07-21,48.6,51.4
MOTHERSON.NS,2025-07-21,2025-07-29,48.6,51.4
MOTHERSON.NS,2025-09-30,2025-10-17,48.58,51.42
MOTHERSON.NS,2025-12-31,2026-01-20,48.6,51.26
MOTHERSON.NS,2026-03-31,2026-04-07,48.6,51.18
MOTHERSON.NS,2026-06-30,2026-07-17,48.6,51.18
MOTILALOFS.NS,2021-09-30,2021-10-20,70.48,29.52
MOTILALOFS.NS,2021-12-31,2022-01-20,70.4,29.6
MOTILALOFS.NS,2022-03-31,2022-04-20,69.5,30.5
MOTILALOFS.NS,2022-06-30,2022-07-21,69.5,30.5
MOTILALOFS.NS,2022-09-30,2022-10-19,69.58,30.42
MOTILALOFS.NS,2022-12-31,2023-01-13,69.47,30.53
MOTILALOFS.NS,2023-03-31,2023-04-11,69.68,30.32
MOTILALOFS.NS,2023-06-30,2023-07-18,69.66,30.34
MOTILALOFS.NS,2023-09-30,2023-10-18,69.53,30.47
MOTILALOFS.NS,2023-12-31,2024-01-10,69.39,30.61
MOTILALOFS.NS,2024-03-31,2024-04-04,69.16,30.84
MOTILALOFS.NS,2024-06-11,2024-06-19,69.04,30.96
MOTILALOFS.NS,2024-06-30,2024-07-20,69.04,30.96
MOTILALOFS.NS,2024-09-30,2024-10-17,68.86,31.14
MOTILALOFS.NS,2024-12-31,2025-01-16,68.71,31.29
MOTILALOFS.NS,2025-03-31,2025-04-19,68.44,31.56
MOTILALOFS.NS,2025-06-30,2025-07-21,67.8,32.2
MOTILALOFS.NS,2025-09-30,2025-10-21,67.69,32.31
MOTILALOFS.NS,2025-12-31,2026-01-21,67.62,32.38
MOTILALOFS.NS,2026-03-31,2026-04-20,67.54,32.46
MOTILALOFS.NS,2026-06-30,2026-07-13,67.2,32.8
MPHASIS.NS,2019-09-30,2019-10-14,52.22,47.78
MPHASIS.NS,2021-09-30,2021-10-12,55.95,44.05
MPHASIS.NS,2021-12-31,2022-01-13,55.9,44.1
MPHASIS.NS,2022-03-31,2022-04-14,55.8,44.2
MPHASIS.NS,2022-06-30,2022-07-15,55.72,44.28
MPHASIS.NS,2022-09-30,2022-10-15,55.7,44.3
MPHASIS.NS,2022-12-31,2023-01-13,55.65,44.35
MPHASIS.NS,2023-03-31,2023-04-14,55.63,44.37
MPHASIS.NS,2023-06-30,2023-07-13,55.58,44.42
MPHASIS.NS,2023-09-30,2023-10-13,55.57,44.43
MPHASIS.NS,2023-12-31,2024-01-19,55.52,44.48
MPHASIS.NS,2024-03-31,2024-04-12,55.45,44.54
MPHASIS.NS,2024-06-30,2024-07-12,40.35,59.65
MPHASIS.NS,2024-09-30,2024-10-11,40.32,59.65
MPHASIS.NS,2024-12-31,2025-01-16,40.23,59.77
MPHASIS.NS,2025-03-31,2025-04-14,40.14,59.86
MPHASIS.NS,2025-06-30,2025-07-21,40.1,59.89
MPHASIS.NS,2025-09-30,2025-10-17,40.1,59.9
MPHASIS.NS,2025-12-31,2026-01-16,30.59,69.4
MPHASIS.NS,2026-03-31,2026-04-19,30.55,69.45
MPHASIS.NS,2026-06-30,2026-07-16,30.54,69.46
MRF.NS,2021-09-30,2021-10-15,27.84,72.16
MRF.NS,2021-12-31,2022-01-17,27.9,72.1
MRF.NS,2022-03-31,2022-04-12,27.95,72.05
MRF.NS,2022-06-30,2022-07-18,27.94,72.06
MRF.NS,2022-09-30,2022-10-21,27.87,72.13
MRF.NS,2022-12-31,2023-01-19,27.87,72.13
MRF.NS,2023-03-31,2023-04-19,27.84,72.16
MRF.NS,2023-06-30,2023-07-19,27.77,72.23
MRF.NS,2023-09-30,2023-10-20,27.75,72.25
MRF.NS,2023-12-31,2024-01-18,27.75,72.25
MRF.NS,2024-03-31,2024-04-17,27.78,72.22
MRF.NS,2024-06-30,2024-07-18,27.78,72.22
MRF.NS,2024-09-30,2024-10-15,27.77,72.23
MRF.NS,2024-12-31,2025-01-20,27.8,72.2
MRF.NS,2025-03-31,2025-04-16,27.78,72.22
MRF.NS,2025-06-30,2025-07-18,27.78,72.22
MRF.NS,2025-09-30,2025-10-17,27.74,72.26
MRF.NS,2025-12-31,2026-01-19,27.73,72.27
MRF.NS,2026-03-31,2026-04-13,27.77,72.23
MRF.NS,2026-06-30,2026-07-21,27.77,72.23
MRPL.NS,2021-09-30,2021-10-12,88.58,11.42
MRPL.NS,2021-12-31,2022-01-05,88.58,11.42
MRPL.NS,2022-03-31,2022-04-13,88.58,11.42
MRPL.NS,2022-06-30,2022-07-13,88.58,11.42
MRPL.NS,2022-09-30,2022-10-20,88.58,11.42
MRPL.NS,2022-12-31,2023-01-09,88.58,11.42
MRPL.NS,2023-03-31,2023-04-11,88.58,11.42
MRPL.NS,2023-06-30,2023-07-05,88.58,11.42
MRPL.NS,2023-09-30,2023-10-06,88.58,11.42
MRPL.NS,2023-12-31,2024-01-08,88.58,11.42
MRPL.NS,2024-03-31,2024-04-12,88.58,11.42
MRPL.NS,2024-06-30,2024-07-09,88.58,11.42
MRPL.NS,2024-09-30,2024-10-04,88.58,11.42
MRPL.NS,2024-12-31,2025-01-04,88.58,11.42
MRPL.NS,2025-03-31,2025-04-08,88.58,11.42
MRPL.NS,2025-06-30,2025-07-08,88.58,11.42
MRPL.NS,2025-09-30,2025-10-06,88.58,11.42
MRPL.NS,2025-12-31,2026-01-06,88.58,11.42
MRPL.NS,2026-03-31,2026-04-07,88.58,11.42
MRPL.NS,2026-06-30,2026-07-07,88.58,11.42
MSUMI.NS,2022-03-28,2022-04-07,61.73,38.27
MSUMI.NS,2022-03-31,2022-04-19,61.73,38.27
MSUMI.NS,2022-06-30,2022-07-20,61.73,38.27
MSUMI.NS,2022-09-30,2022-10-20,61.73,38.27
MSUMI.NS,2022-11-18,2022-11-28,61.73,38.27
MSUMI.NS,2022-12-31,2023-01-20,61.73,38.27
MSUMI.NS,2023-03-31,2023-04-17,61.73,38.27
MSUMI.NS,2023-06-30,2023-07-20,61.73,38.27
MSUMI.NS,2023-09-30,2023-10-18,61.74,38.26
MSUMI.NS,2023-12-31,2024-01-19,61.73,38.27
MSUMI.NS,2024-03-31,2024-04-16,61.73,38.27
MSUMI.NS,2024-06-30,2024-07-19,61.73,38.27
MSUMI.NS,2024-09-30,2024-10-18,61.73,38.27
MSUMI.NS,2024-12-31,2025-01-15,61.73,38.27
MSUMI.NS,2025-03-31,2025-04-18,61.73,38.27
MSUMI.NS,2025-06-30,2025-07-21,61.73,38.27
MSUMI.NS,2025-07-21,2025-07-30,61.73,38.27
MSUMI.NS,2025-09-30,2025-10-16,61.73,38.27
MSUMI.NS,2025-12-31,2026-01-15,61.73,38.27
MSUMI.NS,2026-03-31,2026-04-14,61.73,38.27
MSUMI.NS,2026-06-30,2026-07-17,61.73,38.27
MTARTECH.NS,2021-09-30,2021-10-20,50.25,49.75
MTARTECH.NS,2021-12-31,2022-01-13,50.25,49.75
MTARTECH.NS,2022-03-31,2022-04-19,50.26,49.74
MTARTECH.NS,2022-06-30,2022-07-13,47.47,52.53
MTARTECH.NS,2022-09-30,2022-10-20,47.18,52.82
MTARTECH.NS,2022-12-31,2023-01-19,47.18,52.82
MTARTECH.NS,2023-03-31,2023-04-13,46.63,53.37
MTARTECH.NS,2023-06-30,2023-07-21,39.14,60.86
MTARTECH.NS,2023-09-30,2023-10-20,39.14,60.86
MTARTECH.NS,2023-12-31,2024-01-21,37.26,62.74
MTARTECH.NS,2024-03-31,2024-04-20,37.26,62.74
MTARTECH.NS,2024-06-30,2024-07-17,36.42,63.58
MTARTECH.NS,2024-09-30,2024-10-08,36.42,63.58
MTARTECH.NS,2024-12-31,2025-01-20,31.42,68.58
MTARTECH.NS,2025-03-31,2025-04-16,31.77,68.23
MTARTECH.NS,2025-06-30,2025-07-18,31.65,68.35
MTARTECH.NS,2025-09-30,2025-10-17,31.41,68.59
MTARTECH.NS,2025-12-31,2026-01-20,30.6,69.4
MTARTECH.NS,2026-03-31,2026-04-13,30.44,69.56
MTARTECH.NS,2026-06-30,2026-07-17,29.36,70.64
MUTHOOTFIN.NS,2021-09-30,2021-10-08,73.37,26.63
MUTHOOTFIN.NS,2021-12-31,2022-01-07,73.37,26.63
MUTHOOTFIN.NS,2022-03-31,2022-04-13,73.37,26.63
MUTHOOTFIN.NS,2022-06-30,2022-07-20,73.37,26.63
MUTHOOTFIN.NS,2022-09-30,2022-10-19,73.35,26.65
MUTHOOTFIN.NS,2022-12-31,2023-01-13,73.35,26.65
MUTHOOTFIN.NS,2023-03-31,2023-04-17,73.35,26.65
MUTHOOTFIN.NS,2023-06-30,2023-07-18,73.35,26.65
MUTHOOTFIN.NS,2023-09-30,2023-10-18,73.35,26.65
MUTHOOTFIN.NS,2023-12-31,2024-01-16,73.35,26.65
MUTHOOTFIN.NS,2024-03-31,2024-04-20,73.35,26.65
MUTHOOTFIN.NS,2024-06-30,2024-07-19,73.35,26.65
MUTHOOTFIN.NS,2024-09-30,2024-10-21,73.35,26.65
MUTHOOTFIN.NS,2024-12-31,2025-01-13,73.35,26.65
MUTHOOTFIN.NS,2025-03-31,2025-04-15,73.35,26.65
MUTHOOTFIN.NS,2025-06-30,2025-07-21,73.35,26.65
MUTHOOTFIN.NS,2025-09-30,2025-10-18,73.35,26.65
MUTHOOTFIN.NS,2025-12-31,2026-01-20,73.35,26.65
MUTHOOTFIN.NS,2026-03-31,2026-04-21,73.35,26.65
MUTHOOTFIN.NS,2026-06-30,2026-07-18,73.35,26.65
NAM-INDIA.NS,2021-09-30,2021-10-12,73.97,26.03
NAM-INDIA.NS,2021-12-31,2022-01-04,73.82,26.18
NAM-INDIA.NS,2022-03-31,2022-04-08,73.8,26.2
NAM-INDIA.NS,2022-06-30,2022-07-15,73.74,26.26
NAM-INDIA.NS,2022-09-30,2022-10-21,73.68,26.32
NAM-INDIA.NS,2022-12-31,2023-01-12,73.66,26.34
NAM-INDIA.NS,2023-03-31,2023-04-12,73.66,26.34
NAM-INDIA.NS,2023-06-30,2023-07-11,73.64,26.36
NAM-INDIA.NS,2023-09-30,2023-10-11,73.47,26.53
NAM-INDIA.NS,2023-12-31,2024-01-17,73.1,26.9
NAM-INDIA.NS,2024-03-31,2024-04-19,72.86,27.14
NAM-INDIA.NS,2024-06-30,2024-07-18,72.66,27.34
NAM-INDIA.NS,2024-09-30,2024-10-21,72.49,27.51
NAM-INDIA.NS,2024-12-31,2025-01-20,72.43,27.57
NAM-INDIA.NS,2025-03-31,2025-04-21,72.32,27.68
NAM-INDIA.NS,2025-06-30,2025-07-21,72.25,27.75
NAM-INDIA.NS,2025-09-30,2025-10-20,72.1,27.9
NAM-INDIA.NS,2025-12-31,2026-01-21,72.05,27.95
NAM-INDIA.NS,2026-03-31,2026-04-15,71.93,28.07
NAM-INDIA.NS,2026-06-30,2026-07-20,71.8,28.2
NATCOPHARM.NS,2021-09-30,2021-10-08,48.87,51.13
NATCOPHARM.NS,2021-12-31,2022-01-12,48.86,51.14
NATCOPHARM.NS,2022-03-31,2022-04-13,48.81,51.19
NATCOPHARM.NS,2022-06-30,2022-07-18,48.8,51.2
NATCOPHARM.NS,2022-09-30,2022-10-15,48.8,51.2
NATCOPHARM.NS,2022-12-31,2023-01-10,48.82,51.18
NATCOPHARM.NS,2023-03-31,2023-04-10,48.84,51.16
NATCOPHARM.NS,2023-06-30,2023-07-13,49.76,50.24
NATCOPHARM.NS,2023-09-30,2023-10-10,49.71,50.29
NATCOPHARM.NS,2023-12-31,2024-01-08,49.71,50.29
NATCOPHARM.NS,2024-03-31,2024-04-12,49.71,50.29
NATCOPHARM.NS,2024-06-30,2024-07-10,49.71,50.29
NATCOPHARM.NS,2024-09-30,2024-10-14,49.62,50.38
NATCOPHARM.NS,2024-12-31,2025-01-08,49.62,50.38
NATCOPHARM.NS,2025-03-31,2025-04-16,49.56,50.44
NATCOPHARM.NS,2025-06-30,2025-07-15,49.56,50.44
NATCOPHARM.NS,2025-09-30,2025-10-09,49.48,50.52
NATCOPHARM.NS,2025-12-31,2026-01-19,49.48,50.52
NATCOPHARM.NS,2026-03-31,2026-04-09,49.42,50.58
NATCOPHARM.NS,2026-06-30,2026-07-09,49.42,50.58
NATIONALUM.NS,2021-09-30,2021-10-12,51.28,48.72
NATIONALUM.NS,2021-12-31,2022-01-14,51.28,48.72
NATIONALUM.NS,2022-03-31,2022-04-18,51.28,48.72
NATIONALUM.NS,2022-06-30,2022-07-13,51.28,48.72
NATIONALUM.NS,2022-09-30,2022-10-20,51.28,48.72
NATIONALUM.NS,2022-12-31,2023-01-20,51.28,48.72
NATIONALUM.NS,2023-03-31,2023-04-18,51.28,48.72
NATIONALUM.NS,2023-06-30,2023-07-18,51.28,48.72
NATIONALUM.NS,2023-09-30,2023-10-10,51.28,48.72
NATIONALUM.NS,2023-12-31,2024-01-15,51.28,48.72
NATIONALUM.NS,2024-03-31,2024-04-17,51.28,48.72
NATIONALUM.NS,2024-06-30,2024-07-15,51.28,48.72
NATIONALUM.NS,2024-09-30,2024-10-15,51.28,48.72
NATIONALUM.NS,2024-12-31,2025-01-15,51.28,48.72
NATIONALUM.NS,2025-03-31,2025-04-17,51.28,48.72
NATIONALUM.NS,2025-06-30,2025-07-18,51.28,48.72
NATIONALUM.NS,2025-09-30,2025-10-13,51.28,48.72
NATIONALUM.NS,2025-12-31,2026-01-20,51.28,48.72
NATIONALUM.NS,2026-03-31,2026-04-20,51.28,48.72
NATIONALUM.NS,2026-06-30,2026-07-09,51.28,48.72
NAUKRI.NS,2021-09-30,2021-10-14,38.4,61.49
NAUKRI.NS,2021-12-31,2022-01-20,38.4,61.51
NAUKRI.NS,2022-03-31,2022-04-17,38.17,61.77
NAUKRI.NS,2022-06-30,2022-07-16,38.11,61.69
NAUKRI.NS,2022-09-30,2022-10-20,38.11,61.72
NAUKRI.NS,2022-12-31,2023-01-16,38.05,61.75
NAUKRI.NS,2023-03-31,2023-04-19,38.05,61.81
NAUKRI.NS,2023-06-30,2023-07-20,38.05,61.82
NAUKRI.NS,2023-09-30,2023-10-20,37.98,61.94
NAUKRI.NS,2023-12-31,2024-01-19,37.91,61.88
NAUKRI.NS,2024-03-31,2024-04-19,37.88,61.92
NAUKRI.NS,2024-06-30,2024-07-19,37.88,61.95
NAUKRI.NS,2024-09-30,2024-10-16,37.68,62.1
NAUKRI.NS,2024-12-31,2025-01-16,37.63,62.21
NAUKRI.NS,2025-03-31,2025-04-21,37.63,62.26
NAUKRI.NS,2025-06-30,2025-07-21,37.63,62.28
NAUKRI.NS,2025-09-30,2025-10-17,37.59,62.26
NAUKRI.NS,2025-12-31,2026-01-19,37.59,62.27
NAUKRI.NS,2026-03-31,2026-04-20,37.5,62.4
NAUKRI.NS,2026-06-30,2026-07-21,37.47,62.44
NAVA.NS,2021-09-30,2021-10-14,49.26,50.74
NAVA.NS,2021-12-31,2022-01-12,49.51,50.49
NAVA.NS,2022-03-31,2022-04-18,49.51,50.49
NAVA.NS,2022-06-30,2022-07-15,49.53,50.47
NAVA.NS,2022-09-30,2022-10-14,48.81,51.19
NAVA.NS,2022-12-31,2023-01-17,48.81,51.19
NAVA.NS,2023-03-31,2023-04-17,48.81,51.19
NAVA.NS,2023-06-30,2023-07-19,48.83,51.17
NAVA.NS,2023-09-30,2023-10-16,48.84,51.16
NAVA.NS,2023-12-31,2024-01-18,48.84,51.16
NAVA.NS,2024-03-31,2024-04-17,48.84,51.16
NAVA.NS,2024-06-30,2024-07-19,48.85,51.15
NAVA.NS,2024-09-30,2024-10-14,48.85,51.15
NAVA.NS,2024-12-31,2025-01-10,48.89,51.11
NAVA.NS,2025-03-24,2025-04-01,50.13,49.87
NAVA.NS,2025-03-31,2025-04-14,50.13,49.87
NAVA.NS,2025-06-30,2025-07-21,50.13,49.87
NAVA.NS,2025-09-30,2025-10-15,50.13,49.87
NAVA.NS,2025-12-31,2026-01-07,50.1,49.9
NAVA.NS,2026-03-31,2026-04-14,50.11,49.89
NAVA.NS,2026-06-30,2026-07-15,50.03,49.97
NAVINFLUOR.NS,2021-09-30,2021-10-20,30.2,69.8
NAVINFLUOR.NS,2021-12-31,2022-01-20,30.19,69.81
NAVINFLUOR.NS,2022-03-31,2022-04-19,29.7,70.3
NAVINFLUOR.NS,2022-06-30,2022-07-18,29.7,70.3
NAVINFLUOR.NS,2022-09-30,2022-10-21,29.4,70.6
NAVINFLUOR.NS,2022-12-31,2023-01-20,29.4,70.6
NAVINFLUOR.NS,2023-03-31,2023-04-17,28.81,71.19
NAVINFLUOR.NS,2023-06-30,2023-07-18,28.81,71.19
NAVINFLUOR.NS,2023-09-30,2023-10-11,28.81,71.19
NAVINFLUOR.NS,2023-12-31,2024-01-19,28.81,71.19
NAVINFLUOR.NS,2024-03-31,2024-04-18,28.81,71.19
NAVINFLUOR.NS,2024-06-30,2024-07-18,28.8,71.2
NAVINFLUOR.NS,2024-09-30,2024-10-17,28.44,71.56
NAVINFLUOR.NS,2024-12-31,2025-01-20,28.44,71.56
NAVINFLUOR.NS,2025-03-31,2025-04-21,28.44,71.56
NAVINFLUOR.NS,2025-06-30,2025-07-18,28.01,71.99
NAVINFLUOR.NS,2025-07-11,2025-07-18,27.14,72.86
NAVINFLUOR.NS,2025-09-30,2025-10-14,27.12,72.88
NAVINFLUOR.NS,2025-12-31,2026-01-20,27.11,72.89
NAVINFLUOR.NS,2026-03-31,2026-04-20,27.11,72.89
NAVINFLUOR.NS,2026-06-30,2026-07-20,27.08,72.92
NAZARA.NS,2021-09-30,2021-10-20,20.7,79.3
NAZARA.NS,2021-11-18,2021-11-26,19.77,80.23
NAZARA.NS,2021-11-24,2021-12-03,19.38,80.62
NAZARA.NS,2021-12-31,2022-01-21,19.32,80.68
NAZARA.NS,2022-03-31,2022-04-21,19.32,80.68
NAZARA.NS,2022-06-29,2022-07-07,19.2,80.8
NAZARA.NS,2022-06-30,2022-07-21,19.2,80.8
NAZARA.NS,2022-09-30,2022-10-21,19.17,80.83
NAZARA.NS,2022-12-31,2023-01-21,19.14,80.86
NAZARA.NS,2023-03-31,2023-04-19,19.05,80.95
NAZARA.NS,2023-06-30,2023-07-21,19.05,80.95
NAZARA.NS,2023-09-30,2023-10-13,19.01,80.99
NAZARA.NS,2023-10-07,2023-10-12,17.16,82.84
NAZARA.NS,2023-10-07,2023-10-12,17.16,82.84
NAZARA.NS,2023-12-31,2024-01-19,17.16,82.84
NAZARA.NS,2024-03-02,2024-03-11,16.51,83.49
NAZARA.NS,2024-03-13,2024-03-21,16.43,83.57
NAZARA.NS,2024-03-31,2024-04-19,16.43,83.57
NAZARA.NS,2024-06-30,2024-07-20,10.05,89.95
NAZARA.NS,2024-09-30,2024-10-20,10.05,89.95
NAZARA.NS,2024-11-27,2024-12-05,9.0,91.0
NAZARA.NS,2024-12-31,2025-01-21,9.0,91.0
NAZARA.NS,2025-01-17,2025-01-25,8.79,91.21
NAZARA.NS,2025-03-31,2025-04-18,8.78,91.22
NAZARA.NS,2025-06-16,2025-06-25,8.31,91.69
NAZARA.NS,2025-06-30,2025-07-21,8.31,91.69
NAZARA.NS,2025-09-29,2025-10-08,35.46,64.54
NAZARA.NS,2025-09-30,2025-10-20,35.46,64.54
NAZARA.NS,2025-12-31,2026-01-20,35.46,64.54
NAZARA.NS,2026-03-31,2026-04-21,35.46,64.54
NAZARA.NS,2026-06-30,2026-07-21,34.25,65.75
NAZARA.NS,2026-07-30,2026-08-08,34.06,65.94
NBCC.NS,2021-09-30,2021-10-13,61.75,38.25
NBCC.NS,2021-12-31,2022-01-19,61.75,38.25
NBCC.NS,2022-03-31,2022-04-08,61.75,38.25
NBCC.NS,2022-06-30,2022-07-18,61.75,38.25
NBCC.NS,2022-09-30,2022-10-20,61.75,38.25
NBCC.NS,2022-12-31,2023-01-18,61.75,38.25
NBCC.NS,2023-03-31,2023-04-19,61.75,38.25
NBCC.NS,2023-06-30,2023-07-19,61.75,38.25
NBCC.NS,2023-09-30,2023-10-19,61.75,38.25
NBCC.NS,2023-12-31,2024-01-18,61.75,38.25
NBCC.NS,2024-03-31,2024-04-17,61.75,38.25
NBCC.NS,2024-06-30,2024-07-19,61.75,38.25
NBCC.NS,2024-09-30,2024-10-18,61.75,38.25
NBCC.NS,2024-10-09,2024-10-16,61.75,38.25
NBCC.NS,2024-12-31,2025-01-20,61.75,38.25
NBCC.NS,2025-03-31,2025-04-18,61.75,38.25
NBCC.NS,2025-06-30,2025-07-14,61.75,38.25
NBCC.NS,2025-09-30,2025-10-13,61.75,38.25
NBCC.NS,2025-12-31,2026-01-10,61.75,38.25
NBCC.NS,2026-03-31,2026-04-15,61.75,38.25
NBCC.NS,2026-06-30,2026-07-15,61.75,38.25
NCC.NS,2021-09-30,2021-10-13,19.68,80.32
NCC.NS,2021-12-31,2022-01-17,19.68,80.32
NCC.NS,2022-03-31,2022-04-14,19.68,80.32
NCC.NS,2022-06-30,2022-07-15,21.11,78.89
NCC.NS,2022-07-01,2022-07-11,21.99,78.01
NCC.NS,2022-09-30,2022-10-15,21.99,78.01
NCC.NS,2022-12-31,2023-01-11,21.99,78.01
NCC.NS,2023-03-31,2023-04-12,22.0,78.0
NCC.NS,2023-06-30,2023-07-13,22.0,78.0
NCC.NS,2023-09-30,2023-10-10,22.0,78.0
NCC.NS,2023-12-31,2024-01-09,22.0,78.0
NCC.NS,2024-03-31,2024-04-15,22.0,78.0
NCC.NS,2024-06-30,2024-07-08,22.0,78.0
NCC.NS,2024-09-30,2024-10-09,22.0,78.0
NCC.NS,2024-12-31,2025-01-18,22.02,77.98
NCC.NS,2025-03-31,2025-04-15,22.11,77.89
NCC.NS,2025-06-30,2025-07-15,22.11,77.89
NCC.NS,2025-09-30,2025-10-09,22.11,77.89
NCC.NS,2025-12-31,2026-01-09,22.25,77.75
NCC.NS,2026-03-31,2026-04-14,22.81,77.19
NCC.NS,2026-06-30,2026-07-13,23.08,76.92
NESCO.NS,2021-09-30,2021-10-19,68.54,31.46
NESCO.NS,2021-12-31,2022-01-18,68.54,31.46
NESCO.NS,2022-03-31,2022-04-21,68.54,31.46
NESCO.NS,2022-06-30,2022-07-20,68.54,31.46
NESCO.NS,2022-09-30,2022-10-20,68.54,31.46
NESCO.NS,2022-12-31,2023-01-20,68.54,31.46
NESCO.NS,2023-03-31,2023-04-19,68.54,31.46
NESCO.NS,2023-06-30,2023-07-20,68.54,31.46
NESCO.NS,2023-09-30,2023-10-15,68.54,31.46
NESCO.NS,2023-12-31,2024-01-11,68.54,31.46
NESCO.NS,2024-03-31,2024-04-13,68.54,31.46
NESCO.NS,2024-06-30,2024-07-11,68.54,31.46
NESCO.NS,2024-09-30,2024-10-15,68.54,31.46
NESCO.NS,2024-12-31,2025-01-13,68.54,31.46
NESCO.NS,2025-03-31,2025-04-15,68.54,31.46
NESCO.NS,2025-06-30,2025-07-17,68.54,31.46
NESCO.NS,2025-09-30,2025-10-16,68.54,31.46
NESCO.NS,2025-12-31,2026-01-17,68.54,31.46
NESCO.NS,2026-03-31,2026-04-10,68.54,31.46
NESCO.NS,2026-06-30,2026-07-16,68.54,31.46
NESTLEIND.NS,2023-06-30,2024-06-05,62.76,37.24
NESTLEIND.NS,2023-09-30,2023-10-18,62.76,37.24
NESTLEIND.NS,2023-12-31,2024-01-19,62.76,37.24
NESTLEIND.NS,2024-03-31,2024-04-18,62.76,37.24
NESTLEIND.NS,2024-06-30,2024-07-20,62.76,37.24
NESTLEIND.NS,2024-09-30,2024-10-16,62.76,37.24
NESTLEIND.NS,2024-12-31,2025-01-17,62.76,37.24
NESTLEIND.NS,2025-03-31,2025-04-21,62.76,37.24
NESTLEIND.NS,2025-06-30,2025-07-19,62.76,37.24
NESTLEIND.NS,2025-08-11,2025-08-20,62.76,37.24
NESTLEIND.NS,2025-09-30,2025-10-19,62.76,37.24
NESTLEIND.NS,2025-12-31,2026-01-21,62.76,37.24
NESTLEIND.NS,2026-03-31,2026-04-21,62.76,37.24
NESTLEIND.NS,2026-06-30,2026-07-21,62.76,37.24
NETWEB.NS,2023-07-24,2023-07-29,75.45,24.55
NETWEB.NS,2023-09-30,2023-10-11,75.45,24.55
NETWEB.NS,2023-12-31,2024-01-16,75.45,24.55
NETWEB.NS,2024-03-31,2024-04-16,75.04,24.96
NETWEB.NS,2024-06-30,2024-07-16,75.04,24.96
NETWEB.NS,2024-09-30,2024-10-10,71.39,28.61
NETWEB.NS,2024-12-31,2025-01-15,71.39,28.61
NETWEB.NS,2025-03-31,2025-04-19,71.03,28.97
NETWEB.NS,2025-06-30,2025-07-18,71.03,28.97
NETWEB.NS,2025-09-30,2025-10-17,71.0,29.0
NETWEB.NS,2025-12-31,2026-01-16,71.0,29.0
NETWEB.NS,2026-03-31,2026-04-09,66.98,33.02
NETWEB.NS,2026-06-30,2026-07-17,66.98,33.02
NETWORK18.NS,2021-09-30,2021-10-21,75.0,25.0
NETWORK18.NS,2021-12-31,2022-01-21,75.0,25.0
NETWORK18.NS,2022-03-31,2022-04-21,75.0,25.0
NETWORK18.NS,2022-06-30,2022-07-21,75.0,25.0
NETWORK18.NS,2022-09-30,2022-10-21,75.0,25.0
NETWORK18.NS,2022-12-31,2023-01-20,75.0,25.0
NETWORK18.NS,2023-03-31,2023-04-21,75.0,25.0
NETWORK18.NS,2023-06-30,2023-07-20,75.0,25.0
NETWORK18.NS,2023-09-30,2023-10-20,75.0,25.0
NETWORK18.NS,2023-12-31,2024-01-19,75.0,25.0
NETWORK18.NS,2024-03-31,2024-04-20,75.0,25.0
NETWORK18.NS,2024-06-30,2024-07-19,75.0,25.0
NETWORK18.NS,2024-09-30,2024-10-18,75.0,25.0
NETWORK18.NS,2024-10-25,2024-10-29,56.89,43.11
NETWORK18.NS,2024-12-31,2025-01-21,56.89,43.11
NETWORK18.NS,2025-03-31,2025-04-21,56.89,43.11
NETWORK18.NS,2025-06-30,2025-07-21,56.89,43.11
NETWORK18.NS,2025-09-30,2025-10-17,56.89,43.11
NETWORK18.NS,2025-12-31,2026-01-16,56.89,43.11
NETWORK18.NS,2026-03-31,2026-04-21,56.89,43.11
NETWORK18.NS,2026-06-30,2026-07-20,56.89,43.11
NEULANDLAB.NS,2021-09-30,2021-10-07,36.22,63.78
NEULANDLAB.NS,2021-12-31,2022-01-12,36.22,63.78
NEULANDLAB.NS,2022-03-31,2022-04-11,36.22,63.78
NEULANDLAB.NS,2022-06-30,2022-07-15,36.22,63.78
NEULANDLAB.NS,2022-09-30,2022-10-18,36.22,63.78
NEULANDLAB.NS,2022-12-31,2023-01-12,36.14,63.86
NEULANDLAB.NS,2023-03-31,2023-04-14,36.14,63.86
NEULANDLAB.NS,2023-06-30,2023-07-17,36.03,63.97
NEULANDLAB.NS,2023-09-30,2023-10-12,35.97,64.03
NEULANDLAB.NS,2023-12-31,2024-01-12,32.8,67.2
NEULANDLAB.NS,2024-03-31,2024-04-12,32.74,67.26
NEULANDLAB.NS,2024-06-30,2024-07-12,32.72,67.28
NEULANDLAB.NS,2024-09-30,2024-10-17,32.64,67.36
NEULANDLAB.NS,2024-12-31,2025-01-20,32.68,67.32
NEULANDLAB.NS,2025-03-31,2025-04-10,32.68,67.32
NEULANDLAB.NS,2025-06-30,2025-07-17,32.68,67.32
NEULANDLAB.NS,2025-09-30,2025-10-17,32.64,67.36
NEULANDLAB.NS,2025-12-31,2026-01-07,32.63,67.37
NEULANDLAB.NS,2026-03-31,2026-04-11,32.63,67.37
NEULANDLAB.NS,2026-06-30,2026-07-20,32.62,67.38
NEWGEN.NS,2021-09-30,2021-10-14,55.16,44.11
NEWGEN.NS,2021-12-31,2022-01-13,55.16,44.18
NEWGEN.NS,2022-03-31,2022-04-09,55.16,44.25
NEWGEN.NS,2022-06-30,2022-07-15,55.16,44.33
NEWGEN.NS,2022-09-30,2022-10-14,55.16,44.36
NEWGEN.NS,2022-12-31,2023-01-12,55.16,44.4
NEWGEN.NS,2023-03-31,2023-04-14,55.16,44.41
NEWGEN.NS,2023-06-30,2023-07-14,55.16,44.47
NEWGEN.NS,2023-09-30,2023-10-13,55.16,44.53
NEWGEN.NS,2023-12-31,2024-01-13,55.07,44.5
NEWGEN.NS,2024-01-13,2024-01-19,55.07,44.65
NEWGEN.NS,2024-03-31,2024-04-12,55.01,44.63
NEWGEN.NS,2024-06-30,2024-07-16,54.3,45.41
NEWGEN.NS,2024-09-30,2024-10-14,54.3,45.44
NEWGEN.NS,2024-12-31,2025-01-15,54.3,45.46
NEWGEN.NS,2025-03-31,2025-04-16,53.78,45.22
NEWGEN.NS,2025-06-30,2025-07-21,53.78,45.37
NEWGEN.NS,2025-09-30,2025-10-17,53.76,45.54
NEWGEN.NS,2025-12-31,2026-01-15,53.52,45.4
NEWGEN.NS,2026-03-31,2026-04-13,53.52,45.66
NEWGEN.NS,2026-06-30,2026-07-14,53.45,45.81
NFL.NS,2021-09-30,2021-10-12,74.71,25.29
NFL.NS,2021-12-31,2022-01-06,74.71,25.29
NFL.NS,2022-03-31,2022-04-12,74.71,25.29
NFL.NS,2022-06-30,2022-07-07,74.71,25.29
NFL.NS,2022-09-30,2022-10-19,74.71,25.29
NFL.NS,2022-12-31,2023-01-13,74.71,25.29
NFL.NS,2023-03-31,2023-04-07,74.71,25.29
NFL.NS,2023-06-30,2023-07-11,74.71,25.29
NFL.NS,2023-09-30,2023-10-12,74.71,25.29
NFL.NS,2023-12-31,2024-01-10,74.71,25.29
NFL.NS,2024-03-31,2024-04-15,74.71,25.29
NFL.NS,2024-06-30,2024-07-15,74.71,25.29
NFL.NS,2024-09-30,2024-10-09,74.71,25.29
NFL.NS,2024-12-31,2025-01-16,74.71,25.29
NFL.NS,2025-03-31,2025-04-15,74.71,25.29
NFL.NS,2025-06-30,2025-07-11,74.71,25.29
NFL.NS,2025-09-30,2025-10-10,74.71,25.29
NFL.NS,2025-12-31,2026-01-09,74.71,25.29
NFL.NS,2026-03-31,2026-04-09,74.71,25.29
NFL.NS,2026-06-30,2026-07-08,74.71,25.29
NH.NS,2021-09-30,2021-10-11,63.85,35.45
NH.NS,2021-12-31,2022-01-20,63.85,35.45
NH.NS,2022-03-31,2022-04-20,63.85,35.45
NH.NS,2022-06-30,2022-07-15,63.85,35.46
NH.NS,2022-09-30,2022-10-19,63.85,35.46
NH.NS,2022-12-31,2023-01-18,63.85,35.52
NH.NS,2023-03-31,2023-04-20,63.85,35.52
NH.NS,2023-06-30,2023-07-20,63.85,35.52
NH.NS,2023-09-30,2023-10-19,63.85,35.53
NH.NS,2023-12-31,2024-01-20,63.85,35.53
NH.NS,2024-03-31,2024-04-19,63.85,35.53
NH.NS,2024-06-30,2024-07-09,63.85,35.53
NH.NS,2024-09-30,2024-10-16,63.85,35.53
NH.NS,2024-12-31,2025-01-09,63.85,35.53
NH.NS,2025-03-31,2025-04-17,63.85,35.53
NH.NS,2025-06-30,2025-07-19,63.85,35.53
NH.NS,2025-09-30,2025-10-13,63.85,35.53
NH.NS,2025-12-31,2026-01-20,63.27,36.11
NH.NS,2026-03-31,2026-04-23,63.27,36.11
NH.NS,2026-06-30,2026-07-14,63.27,36.11
NHPC.NS,2021-09-30,2021-10-20,70.95,29.05
NHPC.NS,2021-12-31,2022-01-14,70.95,29.05
NHPC.NS,2022-03-31,2022-04-20,70.95,29.05
NHPC.NS,2022-06-30,2022-07-18,70.95,29.05
NHPC.NS,2022-09-30,2022-10-18,70.95,29.05
NHPC.NS,2022-12-31,2023-01-20,70.95,29.05
NHPC.NS,2023-03-31,2023-04-18,70.95,29.05
NHPC.NS,2023-06-30,2023-07-19,70.95,29.05
NHPC.NS,2023-09-30,2023-10-18,70.95,29.05
NHPC.NS,2023-12-31,2024-01-11,70.95,29.05
NHPC.NS,2024-03-31,2024-04-18,67.4,32.6
NHPC.NS,2024-06-30,2024-07-16,67.4,32.6
NHPC.NS,2024-09-30,2024-10-18,67.4,32.6
NHPC.NS,2024-12-31,2025-01-17,67.4,32.6
NHPC.NS,2025-03-31,2025-04-17,67.4,32.6
NHPC.NS,2025-06-30,2025-07-17,67.4,32.6
NHPC.NS,2025-09-30,2025-10-14,67.4,32.6
NHPC.NS,2025-12-31,2026-01-09,67.4,32.6
NHPC.NS,2026-03-31,2026-04-20,67.4,32.6
NHPC.NS,2026-06-30,2026-07-16,61.39,38.61
NIACL.NS,2021-09-30,2021-10-20,85.44,14.56
NIACL.NS,2021-12-31,2022-01-06,85.44,14.56
NIACL.NS,2022-03-31,2022-04-08,85.44,14.56
NIACL.NS,2022-06-30,2022-07-08,85.44,14.56
NIACL.NS,2022-09-30,2022-10-18,85.44,14.56
NIACL.NS,2022-12-31,2023-01-06,85.44,14.56
NIACL.NS,2023-03-31,2023-04-13,85.44,14.56
NIACL.NS,2023-06-30,2023-07-11,85.44,14.56
NIACL.NS,2023-09-30,2023-10-09,85.44,14.56
NIACL.NS,2023-12-31,2024-01-16,85.44,14.56
NIACL.NS,2024-03-31,2024-04-19,85.44,14.56
NIACL.NS,2024-06-30,2024-07-18,85.44,14.56
NIACL.NS,2024-09-30,2024-10-09,85.44,14.56
NIACL.NS,2024-12-31,2025-01-06,85.44,14.56
NIACL.NS,2025-03-31,2025-04-16,85.44,14.56
NIACL.NS,2025-06-30,2025-07-17,85.44,14.56
NIACL.NS,2025-09-30,2025-10-13,85.44,14.56
NIACL.NS,2025-12-31,2026-01-19,85.44,14.56
NIACL.NS,2026-03-31,2026-04-09,85.44,14.56
NIACL.NS,2026-06-30,2026-07-08,85.44,14.56
NIITLTD.NS,2021-09-30,2021-10-19,35.12,64.88
NIITLTD.NS,2021-12-31,2022-01-12,35.08,64.92
NIITLTD.NS,2022-03-31,2022-04-13,35.03,64.97
NIITLTD.NS,2022-06-30,2022-07-19,34.98,65.02
NIITLTD.NS,2022-09-30,2022-10-20,34.88,65.12
NIITLTD.NS,2022-12-31,2023-01-11,34.86,65.14
NIITLTD.NS,2023-03-31,2023-04-19,34.85,65.15
NIITLTD.NS,2023-06-30,2023-07-19,34.84,65.16
NIITLTD.NS,2023-09-30,2023-10-18,34.81,65.19
NIITLTD.NS,2023-12-31,2024-01-16,34.73,65.27
NIITLTD.NS,2024-03-31,2024-04-17,34.72,65.28
NIITLTD.NS,2024-06-30,2024-07-18,34.66,65.34
NIITLTD.NS,2024-09-30,2024-10-11,37.26,62.74
NIITLTD.NS,2024-12-31,2025-01-09,37.22,62.78
NIITLTD.NS,2025-03-31,2025-04-10,37.19,62.81
NIITLTD.NS,2025-06-30,2025-07-21,37.16,62.84
NIITLTD.NS,2025-09-30,2025-10-15,37.01,62.99
NIITLTD.NS,2025-12-31,2026-01-12,36.98,63.02
NIITLTD.NS,2026-03-31,2026-04-10,36.98,63.02
NIITLTD.NS,2026-06-30,2026-07-10,40.87,59.13
NILKAMAL.NS,2021-09-30,2021-10-16,64.53,35.47
NILKAMAL.NS,2021-12-31,2022-01-19,64.53,35.47
NILKAMAL.NS,2022-03-31,2022-04-16,64.53,35.47
NILKAMAL.NS,2022-06-30,2022-07-21,64.53,35.47
NILKAMAL.NS,2022-09-30,2022-10-21,64.54,35.46
NILKAMAL.NS,2022-12-31,2023-01-19,64.54,35.46
NILKAMAL.NS,2023-03-31,2023-04-14,64.54,35.46
NILKAMAL.NS,2023-06-30,2023-07-20,64.54,35.46
NILKAMAL.NS,2023-09-30,2023-10-20,64.54,35.46
NILKAMAL.NS,2023-12-31,2024-01-19,64.54,35.46
NILKAMAL.NS,2024-03-31,2024-04-19,64.54,35.46
NILKAMAL.NS,2024-06-30,2024-07-11,64.54,35.46
NILKAMAL.NS,2024-09-30,2024-10-14,64.54,35.46
NILKAMAL.NS,2024-12-31,2025-01-08,64.54,35.46
NILKAMAL.NS,2025-03-31,2025-04-17,64.54,35.46
NILKAMAL.NS,2025-06-30,2025-07-11,64.54,35.46
NILKAMAL.NS,2025-09-30,2025-10-13,64.54,35.46
NILKAMAL.NS,2025-12-31,2026-01-19,64.54,35.46
NILKAMAL.NS,2026-03-31,2026-04-20,64.54,35.46
NILKAMAL.NS,2026-06-30,2026-07-20,64.54,35.46
NIVABUPA.NS,2024-11-13,2024-11-14,55.98,44.02
NIVABUPA.NS,2024-12-31,2025-01-14,55.98,44.02
NIVABUPA.NS,2025-03-31,2025-04-14,55.98,44.02
NIVABUPA.NS,2025-06-30,2025-07-21,55.43,44.57
NIVABUPA.NS,2025-09-30,2025-10-16,55.41,44.59
NIVABUPA.NS,2025-12-31,2026-01-16,55.36,44.64
NIVABUPA.NS,2026-03-31,2026-04-15,55.36,44.64
NIVABUPA.NS,2026-06-30,2026-07-20,55.3,44.7
NLCINDIA.NS,2021-09-30,2021-10-18,79.2,20.8
NLCINDIA.NS,2021-12-31,2022-01-19,79.2,20.8
NLCINDIA.NS,2022-03-31,2022-04-20,79.2,20.8
NLCINDIA.NS,2022-06-30,2022-07-15,79.2,20.8
NLCINDIA.NS,2022-09-30,2022-10-18,79.2,20.8
NLCINDIA.NS,2022-12-31,2023-01-19,79.2,20.8
NLCINDIA.NS,2023-03-31,2023-04-18,79.2,20.8
NLCINDIA.NS,2023-06-30,2023-07-17,79.2,20.8
NLCINDIA.NS,2023-09-30,2023-10-18,79.2,20.8
NLCINDIA.NS,2023-12-31,2024-01-17,79.2,20.8
NLCINDIA.NS,2024-03-31,2024-04-18,72.2,27.8
NLCINDIA.NS,2024-06-30,2024-07-15,72.2,27.8
NLCINDIA.NS,2024-09-30,2024-10-18,72.2,27.8
NLCINDIA.NS,2024-12-31,2025-01-17,72.2,27.8
NLCINDIA.NS,2025-03-31,2025-04-22,72.2,27.8
NLCINDIA.NS,2025-06-30,2025-07-19,72.2,27.8
NLCINDIA.NS,2025-09-30,2025-10-15,72.2,27.8
NLCINDIA.NS,2025-12-31,2026-01-21,72.2,27.8
NLCINDIA.NS,2026-03-31,2026-04-18,72.2,27.8
NLCINDIA.NS,2026-06-30,2026-07-20,69.47,30.53
NMDC.NS,2015-12-31,2016-01-21,80.0,20.0
NMDC.NS,2021-09-30,2021-10-19,60.79,39.21
NMDC.NS,2021-12-31,2022-01-12,60.79,39.21
NMDC.NS,2022-03-31,2022-04-11,60.79,39.21
NMDC.NS,2022-06-30,2022-07-11,60.79,39.21
NMDC.NS,2022-09-30,2022-10-19,60.79,39.21
NMDC.NS,2022-12-31,2023-01-10,60.79,39.21
NMDC.NS,2023-03-31,2023-04-11,60.79,39.21
NMDC.NS,2023-06-30,2023-07-12,60.79,39.21
NMDC.NS,2023-09-30,2023-10-17,60.79,39.21
NMDC.NS,2023-12-31,2024-01-16,60.79,39.21
NMDC.NS,2024-03-31,2024-04-15,60.79,39.21
NMDC.NS,2024-06-30,2024-07-15,60.79,39.21
NMDC.NS,2024-09-30,2024-10-17,60.79,39.21
NMDC.NS,2024-12-30,2025-01-08,60.79,39.21
NMDC.NS,2024-12-31,2025-01-20,60.79,39.21
NMDC.NS,2025-03-31,2025-04-19,60.79,39.21
NMDC.NS,2025-06-30,2025-07-18,60.79,39.21
NMDC.NS,2025-09-30,2025-10-21,60.79,39.21
NMDC.NS,2025-12-31,2026-01-20,60.79,39.21
NMDC.NS,2026-03-31,2026-04-21,60.79,39.21
NMDC.NS,2026-06-30,2026-07-18,60.79,39.21
NOCIL.NS,2021-09-30,2021-10-18,33.88,66.12
NOCIL.NS,2021-12-31,2022-01-13,33.86,66.14
NOCIL.NS,2022-03-31,2022-04-14,33.85,66.15
NOCIL.NS,2022-06-30,2022-07-11,33.85,66.15
NOCIL.NS,2022-09-30,2022-10-20,33.84,66.16
NOCIL.NS,2022-12-31,2023-01-17,33.84,66.16
NOCIL.NS,2023-03-31,2023-04-17,33.84,66.16
NOCIL.NS,2023-06-30,2023-07-18,33.84,66.16
NOCIL.NS,2023-09-30,2023-10-16,33.84,66.16
NOCIL.NS,2023-12-31,2024-01-16,33.84,66.16
NOCIL.NS,2024-03-31,2024-04-15,33.84,66.16
NOCIL.NS,2024-06-30,2024-07-19,33.84,66.16
NOCIL.NS,2024-09-30,2024-10-10,33.79,66.21
NOCIL.NS,2024-12-31,2025-01-13,33.78,66.22
NOCIL.NS,2025-03-31,2025-04-18,33.76,66.24
NOCIL.NS,2025-06-30,2025-07-18,33.76,66.24
NOCIL.NS,2025-09-30,2025-10-17,33.76,66.24
NOCIL.NS,2025-12-31,2026-01-20,33.76,66.24
NOCIL.NS,2026-03-31,2026-04-16,33.76,66.24
NOCIL.NS,2026-06-30,2026-07-20,33.76,66.24
NSLNISP.NS,2023-02-20,2023-03-16,60.79,39.19
NSLNISP.NS,2023-03-31,2023-04-10,60.79,39.21
NSLNISP.NS,2023-06-30,2023-07-13,60.79,39.21
NSLNISP.NS,2023-09-30,2023-10-19,60.79,39.21
NSLNISP.NS,2023-12-31,2024-01-18,60.79,39.21
NSLNISP.NS,2024-03-31,2024-04-16,60.79,39.21
NSLNISP.NS,2024-06-30,2024-07-15,60.79,39.21
NSLNISP.NS,2024-09-30,2024-10-16,60.79,39.21
NSLNISP.NS,2024-12-31,2025-01-16,60.79,39.21
NSLNISP.NS,2025-03-31,2025-04-15,60.79,39.21
NSLNISP.NS,2025-06-30,2025-07-21,60.79,39.21
NSLNISP.NS,2025-09-30,2025-10-13,60.79,39.21
NSLNISP.NS,2025-12-31,2026-01-13,60.79,39.21
NSLNISP.NS,2026-03-31,2026-04-18,60.79,39.21
NSLNISP.NS,2026-06-30,2026-07-20,60.79,39.21
NTPC.NS,2021-09-30,2021-10-20,51.1,48.9
NTPC.NS,2021-12-31,2022-01-18,51.1,48.9
NTPC.NS,2022-03-31,2022-04-13,51.1,48.9
NTPC.NS,2022-06-30,2022-07-18,51.1,48.9
NTPC.NS,2022-09-30,2022-10-18,51.1,48.9
NTPC.NS,2022-12-31,2023-01-13,51.1,48.9
NTPC.NS,2023-03-31,2023-04-13,51.1,48.9
NTPC.NS,2023-06-30,2023-07-14,51.1,48.9
NTPC.NS,2023-09-30,2023-10-17,51.1,48.9
NTPC.NS,2023-12-31,2024-01-17,51.1,48.9
NTPC.NS,2024-03-31,2024-04-17,51.1,48.9
NTPC.NS,2024-06-30,2024-07-17,51.1,48.9
NTPC.NS,2024-09-30,2024-10-18,51.1,48.9
NTPC.NS,2024-12-31,2025-01-16,51.1,48.9
NTPC.NS,2025-03-31,2025-04-18,51.1,48.9
NTPC.NS,2025-06-30,2025-07-17,51.1,48.9
NTPC.NS,2025-09-30,2025-10-17,51.1,48.9
NTPC.NS,2025-12-31,2026-01-14,51.1,48.9
NTPC.NS,2026-03-31,2026-04-15,51.1,48.9
NTPC.NS,2026-06-30,2026-07-14,51.1,48.9
NTPCGREEN.NS,2024-11-26,2024-11-27,89.01,10.99
NTPCGREEN.NS,2024-12-31,2025-01-21,89.01,10.99
NTPCGREEN.NS,2025-03-31,2025-04-18,89.01,10.99
NTPCGREEN.NS,2025-06-30,2025-07-17,89.01,10.99
NTPCGREEN.NS,2025-09-30,2025-10-13,89.01,10.99
NTPCGREEN.NS,2025-12-31,2026-01-09,89.01,10.99
NTPCGREEN.NS,2026-03-31,2026-04-20,89.01,10.99
NTPCGREEN.NS,2026-06-30,2026-07-16,89.01,10.99
NUVAMA.NS,2023-09-25,2023-10-05,56.19,42.38
NUVAMA.NS,2023-09-30,2023-10-19,56.19,42.38
NUVAMA.NS,2023-12-31,2024-01-16,55.95,44.05
NUVAMA.NS,2024-03-31,2024-04-19,55.81,44.19
NUVAMA.NS,2024-06-30,2024-07-21,55.68,44.32
NUVAMA.NS,2024-09-30,2024-10-16,55.18,44.82
NUVAMA.NS,2024-12-31,2025-01-21,54.93,45.07
NUVAMA.NS,2025-03-31,2025-04-17,54.78,45.22
NUVAMA.NS,2025-06-30,2025-07-21,54.73,45.27
NUVAMA.NS,2025-09-30,2025-10-17,54.65,45.35
NUVAMA.NS,2025-12-31,2026-01-20,54.2,45.8
NUVAMA.NS,2026-03-31,2026-04-15,54.13,45.87
NUVAMA.NS,2026-06-30,2026-07-17,53.98,46.02
NUVOCO.NS,2021-09-30,2021-10-12,71.03,28.97
NUVOCO.NS,2021-12-31,2022-01-19,71.03,28.97
NUVOCO.NS,2022-03-31,2022-04-14,71.42,28.58
NUVOCO.NS,2022-06-30,2022-07-07,71.72,28.28
NUVOCO.NS,2022-09-30,2022-10-17,71.79,28.21
NUVOCO.NS,2022-12-31,2023-01-12,71.79,28.21
NUVOCO.NS,2023-03-31,2023-04-11,71.79,28.21
NUVOCO.NS,2023-06-30,2023-07-11,71.79,28.21
NUVOCO.NS,2023-09-30,2023-10-09,71.79,28.21
NUVOCO.NS,2023-12-31,2024-01-10,71.79,28.21
NUVOCO.NS,2024-03-31,2024-04-18,72.02,27.98
NUVOCO.NS,2024-06-30,2024-07-18,72.02,27.98
NUVOCO.NS,2024-09-30,2024-10-21,72.02,27.98
NUVOCO.NS,2024-12-31,2025-01-16,72.02,27.98
NUVOCO.NS,2025-03-31,2025-04-21,72.02,27.98
NUVOCO.NS,2025-06-30,2025-07-21,72.02,27.98
NUVOCO.NS,2025-09-30,2025-10-15,72.02,27.98
NUVOCO.NS,2025-12-31,2026-01-12,72.02,27.98
NUVOCO.NS,2026-03-31,2026-04-20,72.02,27.98
NUVOCO.NS,2026-06-30,2026-07-16,72.02,27.98
NYKAA.NS,2021-11-08,2021-11-10,52.56,47.44
NYKAA.NS,2021-12-31,2022-01-14,52.56,47.44
NYKAA.NS,2022-03-31,2022-04-19,52.43,47.57
NYKAA.NS,2022-06-30,2022-07-13,52.41,47.59
NYKAA.NS,2022-09-30,2022-10-19,52.38,47.62
NYKAA.NS,2022-11-12,2022-11-21,52.36,47.64
NYKAA.NS,2022-12-31,2023-01-18,52.34,47.66
NYKAA.NS,2023-03-31,2023-04-20,52.28,47.72
NYKAA.NS,2023-06-30,2023-07-12,52.28,47.72
NYKAA.NS,2023-09-30,2023-10-16,52.26,47.74
NYKAA.NS,2023-12-31,2024-01-15,52.24,47.76
NYKAA.NS,2024-03-31,2024-04-16,52.22,47.78
NYKAA.NS,2024-06-30,2024-07-16,52.2,47.8
NYKAA.NS,2024-09-30,2024-10-04,52.18,47.82
NYKAA.NS,2024-12-31,2025-01-21,52.16,47.84
NYKAA.NS,2025-03-31,2025-04-10,52.16,47.84
NYKAA.NS,2025-06-30,2025-07-21,52.14,47.86
NYKAA.NS,2025-09-30,2025-10-17,52.12,47.88
NYKAA.NS,2025-12-31,2026-01-20,52.1,47.9
NYKAA.NS,2026-03-31,2026-04-17,52.09,47.91
NYKAA.NS,2026-06-30,2026-07-20,52.08,47.92
OBEROIRLTY.NS,2021-09-30,2021-10-11,67.7,32.3
OBEROIRLTY.NS,2021-12-31,2022-01-11,67.7,32.3
OBEROIRLTY.NS,2022-03-31,2022-04-11,67.7,32.3
OBEROIRLTY.NS,2022-06-30,2022-07-12,67.7,32.3
OBEROIRLTY.NS,2022-09-30,2022-10-18,67.7,32.3
OBEROIRLTY.NS,2022-12-31,2023-01-19,67.7,32.3
OBEROIRLTY.NS,2023-03-31,2023-04-17,67.7,32.3
OBEROIRLTY.NS,2023-06-30,2023-07-18,67.7,32.3
OBEROIRLTY.NS,2023-09-30,2023-10-12,67.7,32.3
OBEROIRLTY.NS,2023-12-31,2024-01-19,67.7,32.3
OBEROIRLTY.NS,2024-03-31,2024-04-12,67.7,32.3
OBEROIRLTY.NS,2024-06-30,2024-07-12,67.7,32.3
OBEROIRLTY.NS,2024-09-30,2024-10-15,67.7,32.3
OBEROIRLTY.NS,2024-12-31,2025-01-16,67.7,32.3
OBEROIRLTY.NS,2025-03-31,2025-04-18,67.7,32.3
OBEROIRLTY.NS,2025-06-30,2025-07-17,67.7,32.3
OBEROIRLTY.NS,2025-09-30,2025-10-13,67.7,32.3
OBEROIRLTY.NS,2025-12-31,2026-01-21,67.7,32.3
OBEROIRLTY.NS,2026-03-31,2026-04-15,67.7,32.3
OBEROIRLTY.NS,2026-06-30,2026-07-13,67.7,32.3
OFSS.NS,2021-09-30,2021-10-13,73.15,26.85
OFSS.NS,2021-12-31,2022-01-10,73.12,26.88
OFSS.NS,2022-03-31,2022-04-11,73.11,26.89
OFSS.NS,2022-06-30,2022-07-11,73.02,26.98
OFSS.NS,2022-09-30,2022-10-18,73.0,27.0
OFSS.NS,2022-12-31,2023-01-12,72.99,27.01
OFSS.NS,2023-03-31,2023-04-11,72.98,27.02
OFSS.NS,2023-06-30,2023-07-12,72.9,27.1
OFSS.NS,2023-09-30,2023-10-12,72.81,27.19
OFSS.NS,2023-12-31,2024-01-10,72.78,27.22
OFSS.NS,2024-03-31,2024-04-05,72.75,27.25
OFSS.NS,2024-06-30,2024-07-08,72.71,27.29
OFSS.NS,2024-09-30,2024-10-08,72.69,27.31
OFSS.NS,2024-12-31,2025-01-09,72.62,27.38
OFSS.NS,2025-03-31,2025-04-08,72.59,27.41
OFSS.NS,2025-06-30,2025-07-18,72.56,27.44
OFSS.NS,2025-09-30,2025-10-16,72.53,27.47
OFSS.NS,2025-12-31,2026-01-13,72.46,27.54
OFSS.NS,2026-03-31,2026-04-14,72.44,27.56
OFSS.NS,2026-06-30,2026-07-10,72.41,27.59
OIL.NS,2021-09-30,2021-10-20,56.66,43.34
OIL.NS,2021-12-31,2022-01-13,56.66,43.34
OIL.NS,2022-03-31,2022-04-21,56.66,43.34
OIL.NS,2022-06-30,2022-07-15,56.66,43.34
OIL.NS,2022-09-30,2022-10-20,56.66,43.34
OIL.NS,2022-12-31,2023-01-18,56.66,43.34
OIL.NS,2023-03-31,2023-04-19,56.66,43.34
OIL.NS,2023-06-30,2023-07-19,56.66,43.34
OIL.NS,2023-09-30,2023-10-19,56.66,43.34
OIL.NS,2023-12-31,2024-01-16,56.66,43.34
OIL.NS,2024-03-31,2024-04-19,56.66,43.34
OIL.NS,2024-06-30,2024-07-19,56.66,43.34
OIL.NS,2024-07-04,2024-07-11,56.66,43.34
OIL.NS,2024-09-30,2024-10-18,56.66,43.34
OIL.NS,2024-12-31,2025-01-16,56.66,43.34
OIL.NS,2025-03-31,2025-04-20,56.66,43.34
OIL.NS,2025-06-30,2025-07-14,56.66,43.34
OIL.NS,2025-09-30,2025-10-17,56.66,43.34
OIL.NS,2025-12-31,2026-01-21,56.66,43.34
OIL.NS,2026-03-31,2026-04-10,56.66,43.34
OIL.NS,2026-06-30,2026-07-20,56.66,43.34
OLAELEC.NS,2024-08-08,2024-08-09,36.78,56.81
OLAELEC.NS,2024-09-30,2024-10-21,36.78,57.73
OLAELEC.NS,2024-12-31,2025-01-21,36.78,57.89
OLAELEC.NS,2025-03-31,2025-04-21,36.78,57.95
OLAELEC.NS,2025-06-30,2025-07-21,36.78,58.04
OLAELEC.NS,2025-09-30,2025-10-21,36.78,58.35
OLAELEC.NS,2025-12-31,2026-01-21,34.59,60.58
OLAELEC.NS,2026-03-31,2026-04-21,34.59,60.65
OLAELEC.NS,2026-06-04,2026-06-13,32.97,62.5
OLAELEC.NS,2026-06-30,2026-07-21,32.97,62.52
OLECTRA.NS,2021-09-30,2021-10-11,51.74,48.26
OLECTRA.NS,2021-12-31,2022-01-19,51.62,48.38
OLECTRA.NS,2022-03-31,2022-04-09,50.02,49.98
OLECTRA.NS,2022-06-30,2022-07-14,50.02,49.98
OLECTRA.NS,2022-09-30,2022-10-18,50.02,49.98
OLECTRA.NS,2022-12-31,2023-01-20,50.02,49.98
OLECTRA.NS,2023-03-31,2023-04-15,50.02,49.98
OLECTRA.NS,2023-06-30,2023-07-19,50.02,49.98
OLECTRA.NS,2023-09-30,2023-10-19,50.02,49.98
OLECTRA.NS,2023-12-31,2024-01-09,50.02,49.98
OLECTRA.NS,2024-03-31,2024-04-16,50.02,49.98
OLECTRA.NS,2024-06-30,2024-07-11,50.02,49.98
OLECTRA.NS,2024-09-30,2024-10-15,50.02,49.98
OLECTRA.NS,2024-12-31,2025-01-17,50.02,49.98
OLECTRA.NS,2025-03-31,2025-04-16,50.02,49.98
OLECTRA.NS,2025-06-30,2025-07-21,50.02,49.98
OLECTRA.NS,2025-09-30,2025-10-18,50.02,49.98
OLECTRA.NS,2025-12-31,2026-01-16,50.02,49.98
OLECTRA.NS,2026-03-31,2026-04-17,50.02,49.98
OLECTRA.NS,2026-06-30,2026-07-17,50.02,49.98
OMAXE.NS,2021-09-30,2021-10-21,74.14,25.86
OMAXE.NS,2021-12-31,2022-01-18,74.14,25.86
OMAXE.NS,2022-03-31,2022-04-20,74.14,25.86
OMAXE.NS,2022-06-30,2022-07-15,74.14,25.86
OMAXE.NS,2022-09-30,2022-10-20,74.14,25.86
OMAXE.NS,2022-12-31,2023-01-20,74.14,25.86
OMAXE.NS,2023-03-31,2023-04-19,74.14,25.86
OMAXE.NS,2023-06-30,2023-07-19,74.14,25.86
OMAXE.NS,2023-09-30,2023-10-18,74.14,25.86
OMAXE.NS,2023-12-31,2024-01-19,74.14,25.86
OMAXE.NS,2024-03-31,2024-04-19,74.14,25.86
OMAXE.NS,2024-06-30,2024-07-19,74.14,25.86
OMAXE.NS,2024-09-30,2024-10-19,74.14,25.86
OMAXE.NS,2024-12-31,2025-01-18,74.14,25.86
OMAXE.NS,2025-03-31,2025-04-17,74.14,25.86
OMAXE.NS,2025-06-30,2025-07-21,74.14,25.86
OMAXE.NS,2025-09-30,2025-10-16,74.14,25.86
OMAXE.NS,2025-12-31,2026-01-16,74.14,25.86
OMAXE.NS,2026-03-31,2026-04-17,74.14,25.86
OMAXE.NS,2026-06-30,2026-07-16,74.14,25.86
ONESOURCE.NS,2024-12-01,2025-01-25,37.77,62.23
ONESOURCE.NS,2024-12-31,2025-01-29,37.77,62.23
ONESOURCE.NS,2025-03-31,2025-04-18,34.25,65.75
ONESOURCE.NS,2025-06-30,2025-07-21,29.79,70.21
ONESOURCE.NS,2025-09-30,2025-10-19,29.77,70.23
ONESOURCE.NS,2025-12-31,2026-01-20,29.93,70.07
ONESOURCE.NS,2026-03-31,2026-04-20,30.48,69.52
ONESOURCE.NS,2026-06-30,2026-07-21,30.48,69.52
ONGC.NS,2021-09-30,2021-10-13,60.41,39.59
ONGC.NS,2021-12-31,2022-01-18,60.41,39.59
ONGC.NS,2022-03-31,2022-04-18,58.91,41.09
ONGC.NS,2022-06-30,2022-07-14,58.89,41.11
ONGC.NS,2022-09-30,2022-10-20,58.89,41.11
ONGC.NS,2022-12-31,2023-01-19,58.89,41.11
ONGC.NS,2023-03-31,2023-04-20,58.89,41.11
ONGC.NS,2023-06-30,2023-07-19,58.89,41.11
ONGC.NS,2023-09-30,2023-10-19,58.89,41.11
ONGC.NS,2023-12-31,2024-01-19,58.89,41.11
ONGC.NS,2024-03-31,2024-04-18,58.89,41.11
ONGC.NS,2024-06-30,2024-07-19,58.89,41.11
ONGC.NS,2024-09-30,2024-10-18,58.89,41.11
ONGC.NS,2024-12-31,2025-01-17,58.89,41.11
ONGC.NS,2025-03-31,2025-04-18,58.89,41.11
ONGC.NS,2025-06-30,2025-07-18,58.89,41.11
ONGC.NS,2025-09-30,2025-10-21,58.89,41.11
ONGC.NS,2025-12-31,2026-01-20,58.89,41.11
ONGC.NS,2026-03-31,2026-04-20,58.89,41.11
ONGC.NS,2026-06-30,2026-07-20,58.89,41.11
ORIENTCEM.NS,2021-09-30,2021-10-12,37.37,62.63
ORIENTCEM.NS,2021-12-31,2022-01-14,37.37,62.63
ORIENTCEM.NS,2022-03-31,2022-04-15,37.37,62.63
ORIENTCEM.NS,2022-06-30,2022-07-15,37.9,62.1
ORIENTCEM.NS,2022-09-30,2022-10-21,37.9,62.1
ORIENTCEM.NS,2022-12-31,2023-01-17,37.9,62.1
ORIENTCEM.NS,2023-03-31,2023-04-17,37.9,62.1
ORIENTCEM.NS,2023-06-30,2023-07-17,37.9,62.1
ORIENTCEM.NS,2023-09-30,2023-10-17,37.9,62.1
ORIENTCEM.NS,2023-12-31,2024-01-16,37.9,62.1
ORIENTCEM.NS,2024-03-31,2024-04-15,37.9,62.1
ORIENTCEM.NS,2024-06-30,2024-07-17,37.9,62.1
ORIENTCEM.NS,2024-09-30,2024-10-15,37.9,62.1
ORIENTCEM.NS,2024-12-31,2025-01-17,37.86,62.14
ORIENTCEM.NS,2025-03-31,2025-04-19,37.86,62.14
ORIENTCEM.NS,2025-06-30,2025-07-21,72.66,27.34
ORIENTCEM.NS,2025-09-30,2025-10-08,72.66,27.34
ORIENTCEM.NS,2025-12-31,2026-01-12,72.66,27.34
ORIENTCEM.NS,2026-03-31,2026-04-10,72.66,27.34
ORIENTCEM.NS,2026-06-30,2026-07-10,72.66,27.34
ORIENTELEC.NS,2021-09-30,2021-10-07,38.52,61.48
ORIENTELEC.NS,2021-12-31,2022-01-07,38.52,61.48
ORIENTELEC.NS,2022-03-31,2022-04-13,38.52,61.48
ORIENTELEC.NS,2022-06-30,2022-07-21,38.52,61.48
ORIENTELEC.NS,2022-09-30,2022-10-21,38.42,61.58
ORIENTELEC.NS,2022-12-31,2023-01-16,38.42,61.58
ORIENTELEC.NS,2023-03-31,2023-04-18,38.41,61.59
ORIENTELEC.NS,2023-06-30,2023-07-17,38.31,61.69
ORIENTELEC.NS,2023-09-30,2023-10-13,38.31,61.69
ORIENTELEC.NS,2023-12-31,2024-01-18,38.31,61.69
ORIENTELEC.NS,2024-03-31,2024-04-19,38.31,61.69
ORIENTELEC.NS,2024-06-30,2024-07-19,38.31,61.69
ORIENTELEC.NS,2024-09-30,2024-10-15,38.31,61.69
ORIENTELEC.NS,2024-12-31,2025-01-20,38.31,61.69
ORIENTELEC.NS,2025-03-31,2025-04-19,38.31,61.69
ORIENTELEC.NS,2025-06-30,2025-07-17,38.31,61.69
ORIENTELEC.NS,2025-09-30,2025-10-16,38.31,61.69
ORIENTELEC.NS,2025-12-31,2026-01-19,38.31,61.69
ORIENTELEC.NS,2026-03-31,2026-04-20,38.31,61.69
ORIENTELEC.NS,2026-06-30,2026-07-21,38.31,61.69
PAGEIND.NS,2021-09-30,2021-10-14,47.91,52.09
PAGEIND.NS,2021-12-31,2022-01-12,47.19,52.81
PAGEIND.NS,2022-03-31,2022-04-08,47.19,52.81
PAGEIND.NS,2022-06-30,2022-07-08,46.12,53.88
PAGEIND.NS,2022-09-30,2022-10-14,46.12,53.88
PAGEIND.NS,2022-12-31,2023-01-18,46.12,53.88
PAGEIND.NS,2023-03-31,2023-04-17,46.12,53.88
PAGEIND.NS,2023-06-30,2023-07-17,46.12,53.88
PAGEIND.NS,2023-09-30,2023-10-11,45.11,54.89
PAGEIND.NS,2023-12-31,2024-01-12,45.11,54.89
PAGEIND.NS,2024-03-31,2024-04-16,45.11,54.89
PAGEIND.NS,2024-06-30,2024-07-15,45.04,54.96
PAGEIND.NS,2024-09-30,2024-10-16,44.29,55.71
PAGEIND.NS,2024-12-31,2025-01-13,42.89,57.11
PAGEIND.NS,2025-03-31,2025-04-18,42.89,57.11
PAGEIND.NS,2025-06-30,2025-07-16,42.89,57.11
PAGEIND.NS,2025-09-30,2025-10-16,42.89,57.11
PAGEIND.NS,2025-12-31,2026-01-14,42.89,57.11
PAGEIND.NS,2026-03-31,2026-04-15,42.89,57.11
PAGEIND.NS,2026-06-30,2026-07-17,42.89,57.11
PARADEEP.NS,2022-05-24,2022-05-31,56.1,43.9
PARADEEP.NS,2022-06-30,2022-07-19,56.1,43.9
PARADEEP.NS,2022-09-30,2022-10-21,56.1,43.9
PARADEEP.NS,2022-12-31,2023-01-18,56.1,43.9
PARADEEP.NS,2023-03-31,2023-04-18,56.1,43.9
PARADEEP.NS,2023-06-30,2023-07-07,56.1,43.9
PARADEEP.NS,2023-09-30,2023-10-10,56.08,43.92
PARADEEP.NS,2023-12-31,2024-01-10,56.08,43.92
PARADEEP.NS,2024-03-31,2024-04-12,56.08,43.92
PARADEEP.NS,2024-06-30,2024-07-17,56.08,43.92
PARADEEP.NS,2024-09-30,2024-10-18,56.08,43.92
PARADEEP.NS,2024-12-31,2025-01-16,56.05,43.95
PARADEEP.NS,2025-03-31,2025-04-11,56.05,43.95
PARADEEP.NS,2025-06-30,2025-07-21,56.04,43.96
PARADEEP.NS,2025-09-30,2025-10-21,57.2,42.8
PARADEEP.NS,2025-12-30,2026-01-20,57.7,42.3
PARADEEP.NS,2025-12-31,2026-01-20,57.7,42.3
PARADEEP.NS,2026-03-31,2026-04-17,57.8,42.2
PARADEEP.NS,2026-06-30,2026-07-15,57.86,42.14
PATANJALI.NS,2021-09-30,2021-10-07,98.9,1.1
PATANJALI.NS,2021-12-31,2022-01-04,98.9,1.1
PATANJALI.NS,2022-03-31,2022-04-06,98.9,1.11
PATANJALI.NS,2022-04-05,2022-04-11,80.82,19.17
PATANJALI.NS,2022-06-30,2022-07-20,80.82,19.18
PATANJALI.NS,2022-09-30,2022-10-18,80.82,19.18
PATANJALI.NS,2022-12-31,2023-01-07,80.82,19.18
PATANJALI.NS,2023-03-31,2023-04-14,80.82,19.18
PATANJALI.NS,2023-06-30,2023-07-11,80.82,19.18
PATANJALI.NS,2023-09-30,2023-10-11,73.82,26.18
PATANJALI.NS,2023-12-31,2024-01-04,73.82,26.18
PATANJALI.NS,2024-03-31,2024-04-16,73.77,26.23
PATANJALI.NS,2024-06-30,2024-07-11,72.81,27.19
PATANJALI.NS,2024-09-30,2024-10-15,69.76,30.24
PATANJALI.NS,2024-12-31,2025-01-10,69.48,30.52
PATANJALI.NS,2025-03-31,2025-04-21,69.45,30.55
PATANJALI.NS,2025-06-30,2025-07-21,68.83,31.17
PATANJALI.NS,2025-09-12,2025-09-18,68.81,31.19
PATANJALI.NS,2025-09-30,2025-10-16,68.81,31.19
PATANJALI.NS,2025-12-31,2026-01-19,68.26,31.74
PATANJALI.NS,2026-03-31,2026-04-18,68.25,31.75
PATANJALI.NS,2026-06-30,2026-07-10,68.25,31.75
PAYTM.NS,2021-11-17,2021-12-08,0.0,100.0
PAYTM.NS,2021-12-31,2022-01-21,0.0,100.0
PAYTM.NS,2022-03-31,2022-04-21,0.0,100.0
PAYTM.NS,2022-06-30,2022-07-19,0.0,100.0
PAYTM.NS,2022-09-30,2022-10-21,0.0,100.0
PAYTM.NS,2022-12-31,2023-01-20,0.0,100.0
PAYTM.NS,2023-02-18,2023-02-27,0.0,100.0
PAYTM.NS,2023-03-31,2023-04-19,0.0,100.0
PAYTM.NS,2023-06-30,2023-07-21,0.0,100.0
PAYTM.NS,2023-09-30,2023-10-10,0.0,100.0
PAYTM.NS,2023-12-31,2024-01-12,0.0,100.0
PAYTM.NS,2024-03-31,2024-04-09,0.0,100.0
PAYTM.NS,2024-06-30,2024-07-12,0.0,100.0
PAYTM.NS,2024-09-30,2024-10-12,0.0,100.0
PAYTM.NS,2024-12-31,2025-01-09,0.0,100.0
PAYTM.NS,2025-03-31,2025-04-10,0.0,100.0
PAYTM.NS,2025-06-30,2025-07-12,0.0,100.0
PAYTM.NS,2025-09-30,2025-10-10,0.0,100.0
PAYTM.NS,2025-12-31,2026-01-12,0.0,100.0
PAYTM.NS,2026-03-31,2026-04-14,0.0,100.0
PAYTM.NS,2026-06-30,2026-07-15,0.0,100.0
PCBL.NS,2021-09-30,2021-10-06,55.69,44.32
PCBL.NS,2021-10-05,2021-10-25,50.85,49.15
PCBL.NS,2021-12-31,2022-01-11,51.38,48.61
PCBL.NS,2022-03-31,2022-04-18,51.38,48.62
PCBL.NS,2022-06-30,2022-07-19,51.38,48.62
PCBL.NS,2022-09-30,2022-10-20,51.41,48.59
PCBL.NS,2022-12-31,2023-01-13,51.41,48.59
PCBL.NS,2023-03-31,2023-04-14,51.41,48.59
PCBL.NS,2023-06-30,2023-07-14,51.41,48.59
PCBL.NS,2023-09-30,2023-10-16,51.41,48.59
PCBL.NS,2023-12-31,2024-01-15,51.41,48.59
PCBL.NS,2024-03-31,2024-04-16,51.41,48.59
PCBL.NS,2024-06-30,2024-07-19,51.41,48.59
PCBL.NS,2024-09-30,2024-10-18,51.41,48.59
PCBL.NS,2024-12-31,2025-01-17,51.41,48.59
PCBL.NS,2025-03-31,2025-04-17,51.41,48.59
PCBL.NS,2025-06-30,2025-07-21,51.41,48.59
PCBL.NS,2025-09-30,2025-10-16,51.41,48.59
PCBL.NS,2025-11-03,2025-11-10,53.38,46.62
PCBL.NS,2025-12-31,2026-01-20,53.38,46.62
PCBL.NS,2026-03-31,2026-04-20,53.38,46.62
PCBL.NS,2026-06-30,2026-07-21,53.38,46.62
PERSISTENT.NS,2021-09-30,2021-10-14,31.26,65.69
PERSISTENT.NS,2021-12-31,2022-01-14,31.26,65.51
PERSISTENT.NS,2022-03-31,2022-04-20,31.26,65.6
PERSISTENT.NS,2022-06-30,2022-07-08,31.26,65.91
PERSISTENT.NS,2022-09-30,2022-10-20,31.26,66.18
PERSISTENT.NS,2022-12-31,2023-01-17,31.26,66.47
PERSISTENT.NS,2023-03-31,2023-04-21,31.26,66.67
PERSISTENT.NS,2023-06-30,2023-07-20,31.06,66.53
PERSISTENT.NS,2023-09-30,2023-10-20,31.06,66.97
PERSISTENT.NS,2023-12-31,2024-01-19,31.06,67.6
PERSISTENT.NS,2024-03-31,2024-04-19,31.02,67.86
PERSISTENT.NS,2024-06-30,2024-07-17,31.02,68.29
PERSISTENT.NS,2024-09-30,2024-10-17,30.66,67.67
PERSISTENT.NS,2024-12-31,2025-01-16,30.66,68.25
PERSISTENT.NS,2025-03-31,2025-04-18,30.66,68.51
PERSISTENT.NS,2025-06-30,2025-07-20,30.56,68.85
PERSISTENT.NS,2025-09-30,2025-10-13,30.56,69.0
PERSISTENT.NS,2025-12-31,2026-01-16,30.29,68.83
PERSISTENT.NS,2026-03-31,2026-04-16,30.29,68.74
PERSISTENT.NS,2026-06-30,2026-07-17,30.29,69.04
PETRONET.NS,2021-09-30,2021-10-21,50.0,50.0
PETRONET.NS,2021-12-31,2022-01-21,50.0,50.0
PETRONET.NS,2022-03-31,2022-04-07,50.0,50.0
PETRONET.NS,2022-06-30,2022-07-11,50.0,50.0
PETRONET.NS,2022-09-30,2022-10-21,50.0,50.0
PETRONET.NS,2022-12-31,2023-01-19,50.0,50.0
PETRONET.NS,2023-03-31,2023-04-18,50.0,50.0
PETRONET.NS,2023-06-30,2023-07-19,50.0,50.0
PETRONET.NS,2023-09-30,2023-10-09,50.0,50.0
PETRONET.NS,2023-12-31,2024-01-12,50.0,50.0
PETRONET.NS,2024-03-31,2024-04-15,50.0,50.0
PETRONET.NS,2024-06-30,2024-07-18,50.0,50.0
PETRONET.NS,2024-09-30,2024-10-21,50.0,50.0
PETRONET.NS,2024-12-31,2025-01-13,50.0,50.0
PETRONET.NS,2025-03-31,2025-04-18,50.0,50.0
PETRONET.NS,2025-06-30,2025-07-20,50.0,50.0
PETRONET.NS,2025-09-30,2025-10-13,50.0,50.0
PETRONET.NS,2025-12-31,2026-01-20,50.0,50.0
PETRONET.NS,2026-03-31,2026-04-17,50.0,50.0
PETRONET.NS,2026-06-30,2026-07-21,50.0,50.0
PFC.NS,2021-09-30,2021-10-21,55.99,44.01
PFC.NS,2021-12-31,2022-01-20,55.99,44.01
PFC.NS,2022-03-31,2022-04-20,55.99,44.01
PFC.NS,2022-06-30,2022-07-21,55.99,44.01
PFC.NS,2022-09-30,2022-10-21,55.99,44.01
PFC.NS,2022-12-31,2023-01-20,55.99,44.01
PFC.NS,2023-03-31,2023-04-20,55.99,44.01
PFC.NS,2023-06-30,2023-07-05,55.99,44.01
PFC.NS,2023-09-22,2023-09-25,55.99,44.01
PFC.NS,2023-09-30,2023-10-20,55.99,44.01
PFC.NS,2023-12-31,2024-01-19,55.99,44.01
PFC.NS,2024-03-31,2024-04-21,55.99,44.01
PFC.NS,2024-06-30,2024-07-19,55.99,44.01
PFC.NS,2024-09-30,2024-10-18,55.99,44.01
PFC.NS,2024-12-31,2025-01-20,55.99,44.01
PFC.NS,2025-03-31,2025-04-15,55.99,44.01
PFC.NS,2025-06-30,2025-07-21,55.99,44.01
PFC.NS,2025-09-30,2025-10-13,55.99,44.01
PFC.NS,2025-12-31,2026-01-06,55.99,44.01
PFC.NS,2026-03-31,2026-04-21,55.99,44.01
PFC.NS,2026-06-30,2026-07-22,55.99,44.01
PFIZER.NS,2021-09-30,2021-10-14,63.92,36.08
PFIZER.NS,2021-12-31,2022-01-12,63.92,36.08
PFIZER.NS,2022-03-31,2022-04-08,63.92,36.08
PFIZER.NS,2022-06-30,2022-07-19,63.92,36.08
PFIZER.NS,2022-09-30,2022-10-21,63.92,36.08
PFIZER.NS,2022-12-31,2023-01-10,63.92,36.08
PFIZER.NS,2023-03-31,2023-04-13,63.92,36.08
PFIZER.NS,2023-06-30,2023-07-20,63.92,36.08
PFIZER.NS,2023-09-30,2023-10-19,63.92,36.08
PFIZER.NS,2023-12-31,2024-01-19,63.92,36.08
PFIZER.NS,2024-03-31,2024-04-17,63.92,36.08
PFIZER.NS,2024-06-30,2024-07-20,63.92,36.08
PFIZER.NS,2024-09-30,2024-10-16,63.92,36.08
PFIZER.NS,2024-12-31,2025-01-20,63.92,36.08
PFIZER.NS,2025-03-31,2025-04-18,63.92,36.08
PFIZER.NS,2025-06-30,2025-07-15,63.92,36.08
PFIZER.NS,2025-09-30,2025-10-17,63.92,36.08
PFIZER.NS,2025-12-31,2026-01-16,63.92,36.08
PFIZER.NS,2026-03-31,2026-04-15,63.92,36.08
PFIZER.NS,2026-06-30,2026-07-16,63.92,36.08
PGEL.NS,2021-09-30,2021-10-20,65.83,34.17
PGEL.NS,2021-12-31,2022-01-21,65.71,34.29
PGEL.NS,2022-03-31,2022-04-20,65.71,34.29
PGEL.NS,2022-06-30,2022-07-21,65.71,34.29
PGEL.NS,2022-09-30,2022-10-21,65.24,34.51
PGEL.NS,2022-12-31,2023-01-17,61.33,38.66
PGEL.NS,2022-12-31,2023-01-10,61.33,38.66
PGEL.NS,2023-03-31,2023-04-14,61.33,38.66
PGEL.NS,2023-06-30,2023-07-19,61.2,38.59
PGEL.NS,2023-09-02,2023-09-02,53.59,46.21
PGEL.NS,2023-09-30,2023-10-19,53.59,46.21
PGEL.NS,2023-12-31,2024-01-18,53.59,46.4
PGEL.NS,2024-03-31,2024-04-19,53.7,46.3
PGEL.NS,2024-06-30,2024-07-18,53.56,46.18
PGEL.NS,2024-07-10,2024-07-20,53.56,46.18
PGEL.NS,2024-09-30,2024-10-19,53.42,46.39
PGEL.NS,2024-12-10,2024-12-19,49.37,50.45
PGEL.NS,2024-12-31,2025-01-21,49.37,50.63
PGEL.NS,2025-03-31,2025-04-05,49.37,50.63
PGEL.NS,2025-06-30,2025-07-11,43.72,56.23
PGEL.NS,2025-09-30,2025-10-15,43.6,56.4
PGEL.NS,2025-12-31,2026-01-20,43.41,56.32
PGEL.NS,2026-03-31,2026-04-11,43.41,56.58
PGEL.NS,2026-06-30,2026-07-09,43.37,56.54
PGHH.NS,2021-09-30,2021-10-20,70.64,29.36
PGHH.NS,2021-12-31,2022-01-06,70.64,29.36
PGHH.NS,2022-03-31,2022-04-06,70.64,29.36
PGHH.NS,2022-06-30,2022-07-15,70.64,29.36
PGHH.NS,2022-09-30,2022-10-20,70.64,29.36
PGHH.NS,2022-12-31,2023-01-09,70.64,29.36
PGHH.NS,2023-03-31,2023-04-19,70.64,29.36
PGHH.NS,2023-06-30,2023-07-17,70.64,29.36
PGHH.NS,2023-09-30,2023-10-20,70.64,29.36
PGHH.NS,2023-12-31,2024-01-19,70.64,29.36
PGHH.NS,2024-03-31,2024-04-17,70.64,29.36
PGHH.NS,2024-06-30,2024-07-16,70.64,29.36
PGHH.NS,2024-09-30,2024-10-20,70.64,29.36
PGHH.NS,2024-12-31,2025-01-22,70.64,29.36
PGHH.NS,2025-03-31,2025-04-21,70.64,29.36
PGHH.NS,2025-06-30,2025-07-18,70.64,29.36
PGHH.NS,2025-09-30,2025-10-21,70.64,29.36
PGHH.NS,2025-12-31,2026-01-19,70.64,29.36
PGHH.NS,2026-03-31,2026-04-20,70.64,29.36
PGHH.NS,2026-06-30,2026-07-17,70.64,29.36
PGHL.NS,2021-09-30,2021-10-19,51.82,48.18
PGHL.NS,2021-12-31,2022-01-20,51.82,48.18
PGHL.NS,2022-03-31,2022-04-21,51.82,48.18
PGHL.NS,2022-06-30,2022-07-18,51.82,48.18
PGHL.NS,2022-09-30,2022-10-21,51.82,48.18
PGHL.NS,2022-12-31,2023-01-19,51.82,48.18
PGHL.NS,2023-03-31,2023-04-20,51.82,48.18
PGHL.NS,2023-06-30,2023-07-19,51.82,48.18
PGHL.NS,2023-09-30,2023-10-21,51.82,48.18
PGHL.NS,2023-12-31,2024-01-19,51.82,48.18
PGHL.NS,2024-03-31,2024-04-12,51.82,48.18
PGHL.NS,2024-06-30,2024-07-18,51.82,48.18
PGHL.NS,2024-09-30,2024-10-07,51.82,48.18
PGHL.NS,2024-12-31,2025-01-09,51.82,48.18
PGHL.NS,2025-03-31,2025-04-21,51.82,48.18
PGHL.NS,2025-06-30,2025-07-18,51.82,48.18
PGHL.NS,2025-09-30,2025-10-20,51.82,48.18
PGHL.NS,2025-12-31,2026-01-21,51.82,48.18
PGHL.NS,2026-03-31,2026-04-20,51.82,48.18
PGHL.NS,2026-06-30,2026-07-03,51.82,48.18
PHOENIXLTD.NS,2021-09-30,2021-10-20,45.48,54.52
PHOENIXLTD.NS,2021-12-31,2022-01-17,45.43,54.57
PHOENIXLTD.NS,2022-01-13,2022-01-21,47.34,52.66
PHOENIXLTD.NS,2022-03-31,2022-04-21,47.33,52.67
PHOENIXLTD.NS,2022-06-30,2022-07-19,47.32,52.68
PHOENIXLTD.NS,2022-09-30,2022-10-20,47.31,52.69
PHOENIXLTD.NS,2022-09-30,2022-10-20,47.31,52.69
PHOENIXLTD.NS,2022-12-31,2023-01-13,47.31,52.69
PHOENIXLTD.NS,2023-03-31,2023-04-19,47.3,52.7
PHOENIXLTD.NS,2023-06-30,2023-07-20,47.3,52.7
PHOENIXLTD.NS,2023-09-30,2023-10-20,47.29,52.71
PHOENIXLTD.NS,2023-12-31,2024-01-19,47.29,52.71
PHOENIXLTD.NS,2024-03-31,2024-04-12,47.28,52.72
PHOENIXLTD.NS,2024-06-30,2024-07-19,47.27,52.73
PHOENIXLTD.NS,2024-09-23,2024-09-30,47.27,52.73
PHOENIXLTD.NS,2024-09-30,2024-10-19,47.27,52.73
PHOENIXLTD.NS,2024-12-31,2025-01-20,47.26,52.74
PHOENIXLTD.NS,2025-03-31,2025-04-21,47.26,52.74
PHOENIXLTD.NS,2025-06-30,2025-07-18,47.26,52.74
PHOENIXLTD.NS,2025-09-30,2025-10-14,47.25,52.75
PHOENIXLTD.NS,2025-12-31,2026-01-13,47.25,52.75
PHOENIXLTD.NS,2026-03-31,2026-04-15,47.25,52.75
PHOENIXLTD.NS,2026-06-30,2026-07-13,47.25,52.75
PIDILITIND.NS,2021-09-30,2021-10-19,69.99,30.01
PIDILITIND.NS,2021-12-31,2022-01-13,69.98,30.02
PIDILITIND.NS,2022-03-31,2022-04-15,69.94,30.06
PIDILITIND.NS,2022-06-30,2022-07-13,69.94,30.06
PIDILITIND.NS,2022-09-30,2022-10-20,69.94,30.06
PIDILITIND.NS,2022-12-31,2023-01-17,69.94,30.06
PIDILITIND.NS,2023-03-31,2023-04-20,69.94,30.06
PIDILITIND.NS,2023-06-30,2023-07-19,69.92,30.08
PIDILITIND.NS,2023-09-30,2023-10-16,69.86,30.14
PIDILITIND.NS,2023-12-31,2024-01-15,69.84,30.16
PIDILITIND.NS,2024-03-31,2024-04-15,69.77,30.23
PIDILITIND.NS,2024-06-30,2024-07-18,69.75,30.25
PIDILITIND.NS,2024-09-30,2024-10-16,69.6,30.4
PIDILITIND.NS,2024-12-31,2025-01-17,69.6,30.4
PIDILITIND.NS,2025-03-31,2025-04-17,69.5,30.5
PIDILITIND.NS,2025-06-30,2025-07-18,69.36,30.64
PIDILITIND.NS,2025-09-24,2025-10-02,69.33,30.67
PIDILITIND.NS,2025-09-30,2025-10-17,69.33,30.67
PIDILITIND.NS,2025-12-31,2026-01-20,69.33,30.67
PIDILITIND.NS,2026-03-31,2026-04-17,69.32,30.68
PIDILITIND.NS,2026-06-30,2026-07-20,69.24,30.76
PIIND.NS,2021-09-30,2021-10-20,46.74,53.2
PIIND.NS,2021-12-31,2022-01-20,46.74,53.21
PIIND.NS,2022-03-31,2022-04-16,46.74,53.22
PIIND.NS,2022-06-30,2022-07-13,46.74,53.22
PIIND.NS,2022-09-30,2022-10-20,46.09,53.88
PIIND.NS,2022-12-31,2023-01-19,46.09,53.89
PIIND.NS,2023-03-31,2023-04-21,46.09,53.89
PIIND.NS,2023-06-30,2023-07-17,46.09,53.89
PIIND.NS,2023-09-30,2023-10-18,46.09,53.89
PIIND.NS,2023-12-31,2024-01-18,46.09,53.89
PIIND.NS,2024-03-31,2024-04-19,46.09,53.9
PIIND.NS,2024-06-30,2024-07-19,46.09,53.9
PIIND.NS,2024-09-30,2024-10-18,46.09,53.9
PIIND.NS,2024-12-31,2025-01-10,46.09,53.9
PIIND.NS,2025-03-31,2025-04-19,46.09,53.9
PIIND.NS,2025-06-30,2025-07-21,46.09,53.9
PIIND.NS,2025-09-30,2025-10-18,46.09,53.9
PIIND.NS,2025-12-31,2026-01-20,46.09,53.9
PIIND.NS,2026-03-31,2026-04-20,46.09,53.9
PIIND.NS,2026-06-30,2026-07-21,46.09,53.91
PNB.NS,2021-09-30,2021-10-08,73.15,26.85
PNB.NS,2021-12-31,2022-01-07,73.15,26.85
PNB.NS,2022-03-31,2022-04-13,73.15,26.85
PNB.NS,2022-06-30,2022-07-12,73.15,26.85
PNB.NS,2022-09-30,2022-10-18,73.15,26.85
PNB.NS,2022-12-31,2023-01-13,73.15,26.85
PNB.NS,2023-03-31,2023-04-11,73.15,26.85
PNB.NS,2023-06-30,2023-07-13,73.15,26.85
PNB.NS,2023-09-30,2023-10-10,73.15,26.85
PNB.NS,2023-12-31,2024-01-08,73.15,26.85
PNB.NS,2024-03-31,2024-04-12,73.15,26.85
PNB.NS,2024-06-30,2024-07-09,73.15,26.85
PNB.NS,2024-09-27,2024-10-03,70.08,29.92
PNB.NS,2024-09-30,2024-10-08,70.08,29.92
PNB.NS,2024-12-31,2025-01-08,70.08,29.92
PNB.NS,2025-03-31,2025-04-08,70.08,29.92
PNB.NS,2025-06-30,2025-07-14,70.08,29.92
PNB.NS,2025-09-30,2025-10-16,70.08,29.92
PNB.NS,2025-12-31,2026-01-16,70.08,29.92
PNB.NS,2026-03-31,2026-04-17,70.08,29.92
PNB.NS,2026-06-30,2026-07-18,70.08,29.92
PNBHOUSING.NS,2021-03-31,2021-04-09,32.64,67.36
PNBHOUSING.NS,2021-09-30,2021-10-20,32.58,67.42
PNBHOUSING.NS,2021-12-31,2022-01-21,32.57,67.43
PNBHOUSING.NS,2022-03-31,2022-04-08,32.57,67.43
PNBHOUSING.NS,2022-06-30,2022-07-21,32.57,67.43
PNBHOUSING.NS,2022-09-30,2022-10-14,32.57,67.43
PNBHOUSING.NS,2022-12-31,2023-01-20,32.53,67.47
PNBHOUSING.NS,2023-03-31,2023-04-20,32.52,67.48
PNBHOUSING.NS,2023-05-04,2023-05-09,28.15,71.85
PNBHOUSING.NS,2023-06-30,2023-07-19,28.15,71.85
PNBHOUSING.NS,2023-09-30,2023-10-20,28.14,71.86
PNBHOUSING.NS,2023-12-31,2024-01-20,28.13,71.87
PNBHOUSING.NS,2024-03-31,2024-04-18,28.13,71.87
PNBHOUSING.NS,2024-06-30,2024-07-19,28.13,71.87
PNBHOUSING.NS,2024-09-30,2024-10-19,28.11,71.89
PNBHOUSING.NS,2024-12-31,2025-01-10,28.11,71.89
PNBHOUSING.NS,2025-03-31,2025-04-17,28.1,71.9
PNBHOUSING.NS,2025-06-30,2025-07-19,28.08,71.92
PNBHOUSING.NS,2025-09-30,2025-10-18,28.04,71.96
PNBHOUSING.NS,2025-12-31,2026-01-19,28.04,71.96
PNBHOUSING.NS,2026-03-31,2026-04-18,28.04,71.96
PNBHOUSING.NS,2026-06-30,2026-07-20,28.03,71.97
PNCINFRA.NS,2021-09-30,2021-10-14,56.07,43.93
PNCINFRA.NS,2021-12-31,2022-01-20,56.07,43.93
PNCINFRA.NS,2022-03-31,2022-04-15,56.07,43.93
PNCINFRA.NS,2022-06-30,2022-07-09,56.07,43.93
PNCINFRA.NS,2022-09-30,2022-10-19,56.07,43.93
PNCINFRA.NS,2022-12-31,2023-01-19,56.07,43.93
PNCINFRA.NS,2023-03-31,2023-04-17,56.07,43.93
PNCINFRA.NS,2023-06-30,2023-07-15,56.07,43.93
PNCINFRA.NS,2023-09-30,2023-10-20,56.07,43.93
PNCINFRA.NS,2023-12-31,2024-01-17,56.07,43.93
PNCINFRA.NS,2024-03-31,2024-04-17,56.07,43.93
PNCINFRA.NS,2024-06-30,2024-07-18,56.07,43.93
PNCINFRA.NS,2024-09-30,2024-10-17,56.07,43.93
PNCINFRA.NS,2024-12-31,2025-01-21,56.07,43.93
PNCINFRA.NS,2025-03-31,2025-04-17,56.07,43.93
PNCINFRA.NS,2025-06-30,2025-07-19,56.07,43.93
PNCINFRA.NS,2025-09-30,2025-10-17,56.07,43.93
PNCINFRA.NS,2025-12-31,2026-01-14,56.07,43.93
PNCINFRA.NS,2026-03-31,2026-04-16,56.07,43.93
PNCINFRA.NS,2026-06-30,2026-07-16,56.07,43.93
POLICYBZR.NS,2021-11-12,2021-11-16,0.0,94.99
POLICYBZR.NS,2021-12-31,2022-01-17,0.0,95.56
POLICYBZR.NS,2022-03-31,2022-04-13,0.0,97.69
POLICYBZR.NS,2022-06-30,2022-07-19,0.0,98.92
POLICYBZR.NS,2022-09-30,2022-10-20,0.0,98.93
POLICYBZR.NS,2022-12-31,2023-01-18,0.0,99.17
POLICYBZR.NS,2023-03-31,2023-04-17,0.0,99.17
POLICYBZR.NS,2023-06-30,2023-07-19,0.0,99.17
POLICYBZR.NS,2023-09-30,2023-10-23,0.0,99.17
POLICYBZR.NS,2023-12-31,2024-01-18,0.0,99.24
POLICYBZR.NS,2024-03-31,2024-04-17,0.0,99.41
POLICYBZR.NS,2024-06-30,2024-07-19,0.0,99.45
POLICYBZR.NS,2024-09-30,2024-10-18,0.0,99.46
POLICYBZR.NS,2024-12-31,2025-01-17,0.0,99.72
POLICYBZR.NS,2025-03-31,2025-04-18,0.0,99.72
POLICYBZR.NS,2025-06-30,2025-07-17,0.0,99.72
POLICYBZR.NS,2025-09-30,2025-10-18,0.0,99.73
POLICYBZR.NS,2025-12-31,2026-01-20,0.0,99.86
POLICYBZR.NS,2026-03-31,2026-04-21,0.0,99.86
POLICYBZR.NS,2026-06-30,2026-07-20,0.0,99.86
POLYCAB.NS,2021-09-30,2021-10-21,68.36,31.65
POLYCAB.NS,2021-12-31,2022-01-21,68.15,31.85
POLYCAB.NS,2022-03-31,2022-04-18,68.08,31.92
POLYCAB.NS,2022-06-30,2022-07-14,67.99,32.01
POLYCAB.NS,2022-09-30,2022-10-21,67.97,32.03
POLYCAB.NS,2022-12-31,2023-01-21,66.61,33.39
POLYCAB.NS,2023-03-31,2023-04-21,66.2,33.8
POLYCAB.NS,2023-06-30,2023-07-20,65.99,34.01
POLYCAB.NS,2023-09-30,2023-10-20,65.91,34.09
POLYCAB.NS,2023-12-31,2024-01-20,65.79,34.21
POLYCAB.NS,2024-03-31,2024-04-15,65.24,34.76
POLYCAB.NS,2024-06-30,2024-07-20,65.02,34.98
POLYCAB.NS,2024-09-30,2024-10-10,63.06,36.94
POLYCAB.NS,2024-12-31,2025-01-20,63.05,36.95
POLYCAB.NS,2025-03-31,2025-04-12,63.04,36.96
POLYCAB.NS,2025-06-30,2025-07-21,63.01,36.99
POLYCAB.NS,2025-09-30,2025-10-24,61.52,38.48
POLYCAB.NS,2025-12-31,2026-01-21,61.5,38.5
POLYCAB.NS,2026-03-31,2026-04-18,61.5,38.5
POLYCAB.NS,2026-06-30,2026-07-20,61.46,38.54
POLYMED.NS,2021-09-30,2021-10-18,44.77,55.23
POLYMED.NS,2021-12-31,2022-01-19,44.76,55.24
POLYMED.NS,2022-03-31,2022-04-15,44.66,55.34
POLYMED.NS,2022-06-30,2022-07-18,53.34,46.66
POLYMED.NS,2022-09-30,2022-10-19,53.33,46.67
POLYMED.NS,2022-12-31,2023-01-19,53.33,46.67
POLYMED.NS,2023-03-31,2023-04-19,53.31,46.69
POLYMED.NS,2023-06-30,2023-07-17,53.31,46.69
POLYMED.NS,2023-09-30,2023-10-19,53.16,46.84
POLYMED.NS,2023-12-31,2024-01-17,53.16,46.84
POLYMED.NS,2024-03-31,2024-04-16,53.15,46.85
POLYMED.NS,2024-06-30,2024-07-18,66.03,33.97
POLYMED.NS,2024-08-22,2024-08-28,62.56,37.44
POLYMED.NS,2024-09-30,2024-10-18,62.56,37.44
POLYMED.NS,2024-12-31,2025-01-16,62.44,37.56
POLYMED.NS,2025-03-31,2025-04-18,62.44,37.56
POLYMED.NS,2025-06-30,2025-07-21,62.44,37.56
POLYMED.NS,2025-09-30,2025-10-21,62.42,37.58
POLYMED.NS,2025-12-31,2026-01-20,62.42,37.58
POLYMED.NS,2026-03-31,2026-04-21,62.42,37.58
POLYMED.NS,2026-06-30,2026-07-21,62.42,37.58
POLYPLEX.NS,2021-09-30,2021-10-19,50.97,49.03
POLYPLEX.NS,2021-12-31,2022-01-20,50.97,49.03
POLYPLEX.NS,2022-03-31,2022-04-18,50.97,49.03
POLYPLEX.NS,2022-06-30,2022-07-15,50.97,49.03
POLYPLEX.NS,2022-09-30,2022-10-20,50.97,49.03
POLYPLEX.NS,2022-12-31,2023-01-16,50.97,49.03
POLYPLEX.NS,2023-03-31,2023-04-12,50.97,49.03
POLYPLEX.NS,2023-06-30,2023-07-19,50.97,49.03
POLYPLEX.NS,2023-09-30,2023-10-19,50.97,49.03
POLYPLEX.NS,2023-12-31,2024-01-17,26.69,73.31
POLYPLEX.NS,2024-03-31,2024-04-18,26.69,73.31
POLYPLEX.NS,2024-06-30,2024-07-16,26.69,73.31
POLYPLEX.NS,2024-09-30,2024-10-16,26.69,73.31
POLYPLEX.NS,2024-12-31,2025-01-20,26.69,73.31
POLYPLEX.NS,2025-03-31,2025-04-18,26.69,73.31
POLYPLEX.NS,2025-06-30,2025-07-11,26.73,73.27
POLYPLEX.NS,2025-09-30,2025-10-18,26.73,73.27
POLYPLEX.NS,2025-12-31,2026-01-21,26.73,73.27
POLYPLEX.NS,2026-03-31,2026-04-18,26.73,73.27
POLYPLEX.NS,2026-06-30,2026-07-20,26.73,73.27
POONAWALLA.NS,2021-09-30,2021-10-20,72.52,27.47
POONAWALLA.NS,2021-12-31,2022-01-12,68.25,31.75
POONAWALLA.NS,2022-03-31,2022-04-20,61.5,38.5
POONAWALLA.NS,2022-06-30,2022-07-11,61.49,38.51
POONAWALLA.NS,2022-09-30,2022-10-19,61.48,38.52
POONAWALLA.NS,2022-12-31,2023-01-17,62.05,37.95
POONAWALLA.NS,2023-03-31,2023-04-11,62.14,37.86
POONAWALLA.NS,2023-06-30,2023-07-12,62.12,37.88
POONAWALLA.NS,2023-09-30,2023-10-10,62.1,37.9
POONAWALLA.NS,2023-12-31,2024-01-09,62.07,37.93
POONAWALLA.NS,2024-03-31,2024-04-12,62.13,37.35
POONAWALLA.NS,2024-06-30,2024-07-11,62.09,37.25
POONAWALLA.NS,2024-09-30,2024-10-09,61.87,37.47
POONAWALLA.NS,2024-12-31,2025-01-07,62.36,36.98
POONAWALLA.NS,2025-03-31,2025-04-08,62.53,36.82
POONAWALLA.NS,2025-06-30,2025-07-21,62.46,36.89
POONAWALLA.NS,2025-09-17,2025-09-27,63.97,35.41
POONAWALLA.NS,2025-09-30,2025-10-15,63.96,35.42
POONAWALLA.NS,2025-12-31,2026-01-13,63.95,35.46
POONAWALLA.NS,2026-03-31,2026-04-09,63.93,35.47
POONAWALLA.NS,2026-04-13,2026-04-15,59.03,40.42
POONAWALLA.NS,2026-06-30,2026-07-10,59.02,40.45
POWERGRID.NS,2021-09-30,2021-10-20,51.34,48.66
POWERGRID.NS,2021-12-31,2022-01-12,51.34,48.66
POWERGRID.NS,2022-03-31,2022-04-12,51.34,48.66
POWERGRID.NS,2022-06-30,2022-07-19,51.34,48.66
POWERGRID.NS,2022-09-30,2022-10-14,51.34,48.66
POWERGRID.NS,2022-12-31,2023-01-13,51.34,48.66
POWERGRID.NS,2023-03-31,2023-04-12,51.34,48.66
POWERGRID.NS,2023-06-30,2023-07-18,51.34,48.66
POWERGRID.NS,2023-09-30,2023-10-16,51.34,48.66
POWERGRID.NS,2023-12-31,2024-01-16,51.34,48.66
POWERGRID.NS,2024-03-31,2024-04-18,51.34,48.66
POWERGRID.NS,2024-06-30,2024-07-12,51.34,48.66
POWERGRID.NS,2024-09-30,2024-10-18,51.34,48.66
POWERGRID.NS,2024-12-31,2025-01-20,51.34,48.66
POWERGRID.NS,2025-03-31,2025-04-11,51.34,48.66
POWERGRID.NS,2025-06-30,2025-07-19,51.34,48.66
POWERGRID.NS,2025-09-30,2025-10-13,51.34,48.66
POWERGRID.NS,2025-12-31,2026-01-14,51.34,48.66
POWERGRID.NS,2026-03-31,2026-04-16,51.34,48.66
POWERGRID.NS,2026-06-30,2026-07-14,51.34,48.66
POWERINDIA.NS,2021-09-30,2021-10-08,75.0,25.0
POWERINDIA.NS,2021-12-31,2022-01-18,75.0,25.0
POWERINDIA.NS,2022-03-31,2022-04-20,75.0,25.0
POWERINDIA.NS,2022-06-30,2022-07-08,75.0,25.0
POWERINDIA.NS,2022-09-30,2022-10-14,75.0,25.0
POWERINDIA.NS,2022-12-31,2023-01-11,75.0,25.0
POWERINDIA.NS,2023-03-31,2023-04-18,75.0,25.0
POWERINDIA.NS,2023-06-30,2023-07-13,75.0,25.0
POWERINDIA.NS,2023-09-30,2023-10-13,75.0,25.0
POWERINDIA.NS,2023-12-31,2024-01-10,75.0,25.0
POWERINDIA.NS,2024-03-31,2024-04-15,75.0,25.0
POWERINDIA.NS,2024-06-30,2024-07-09,75.0,25.0
POWERINDIA.NS,2024-09-30,2024-10-11,75.0,25.0
POWERINDIA.NS,2024-12-31,2025-01-10,75.0,25.0
POWERINDIA.NS,2025-03-13,2025-03-20,71.31,28.69
POWERINDIA.NS,2025-03-31,2025-04-11,71.31,28.69
POWERINDIA.NS,2025-06-30,2025-07-10,71.31,28.69
POWERINDIA.NS,2025-09-30,2025-10-09,71.31,28.69
POWERINDIA.NS,2025-12-31,2026-01-09,71.31,28.69
POWERINDIA.NS,2026-03-31,2026-04-16,71.31,28.69
POWERINDIA.NS,2026-06-30,2026-07-15,71.31,28.69
PPLPHARMA.NS,2022-10-18,2022-11-03,34.79,64.81
PPLPHARMA.NS,2022-12-31,2023-01-20,34.79,64.82
PPLPHARMA.NS,2023-03-31,2023-04-21,34.79,64.82
PPLPHARMA.NS,2023-06-30,2023-07-18,34.79,64.82
PPLPHARMA.NS,2023-08-22,2023-08-25,35.02,64.59
PPLPHARMA.NS,2023-09-27,2023-10-06,35.02,64.6
PPLPHARMA.NS,2023-09-30,2023-10-19,35.02,64.6
PPLPHARMA.NS,2023-12-31,2024-01-19,35.02,64.6
PPLPHARMA.NS,2024-03-31,2024-04-19,35.02,64.61
PPLPHARMA.NS,2024-06-30,2024-07-19,34.95,64.58
PPLPHARMA.NS,2024-09-30,2024-10-18,34.95,64.61
PPLPHARMA.NS,2024-12-31,2025-01-17,34.95,64.65
PPLPHARMA.NS,2025-03-31,2025-04-21,34.95,64.71
PPLPHARMA.NS,2025-06-30,2025-07-21,34.86,64.57
PPLPHARMA.NS,2025-09-30,2025-10-17,34.86,64.63
PPLPHARMA.NS,2025-12-31,2026-01-20,34.86,64.7
PPLPHARMA.NS,2026-03-31,2026-04-20,34.86,64.81
PPLPHARMA.NS,2026-06-30,2026-07-20,34.8,64.72
PRAJIND.NS,2021-09-30,2021-10-19,32.83,67.17
PRAJIND.NS,2021-12-31,2022-01-05,32.83,67.17
PRAJIND.NS,2022-03-31,2022-04-12,32.83,67.17
PRAJIND.NS,2022-06-30,2022-07-19,32.83,67.17
PRAJIND.NS,2022-09-30,2022-10-21,32.82,67.18
PRAJIND.NS,2022-12-31,2023-01-09,32.87,67.13
PRAJIND.NS,2023-03-31,2023-04-17,32.82,67.18
PRAJIND.NS,2023-06-30,2023-07-11,32.82,67.18
PRAJIND.NS,2023-09-30,2023-10-12,32.82,67.18
PRAJIND.NS,2023-12-31,2024-01-08,32.81,67.19
PRAJIND.NS,2024-03-31,2024-04-11,32.81,67.19
PRAJIND.NS,2024-06-30,2024-07-09,32.81,67.19
PRAJIND.NS,2024-09-30,2024-10-11,32.81,67.19
PRAJIND.NS,2024-12-31,2025-01-07,32.81,67.19
PRAJIND.NS,2025-03-31,2025-04-07,32.81,67.19
PRAJIND.NS,2025-06-30,2025-07-21,32.81,67.19
PRAJIND.NS,2025-09-30,2025-10-14,32.81,67.19
PRAJIND.NS,2025-12-31,2026-01-20,32.81,67.19
PRAJIND.NS,2026-03-31,2026-04-14,32.81,67.19
PRAJIND.NS,2026-06-30,2026-07-15,32.81,67.19
PREMIERENE.NS,2024-08-30,2024-09-12,64.25,34.88
PREMIERENE.NS,2024-09-30,2024-10-18,64.25,34.88
PREMIERENE.NS,2024-12-31,2025-01-20,64.25,34.88
PREMIERENE.NS,2025-03-31,2025-04-03,64.25,35.03
PREMIERENE.NS,2025-06-30,2025-07-05,64.25,35.05
PREMIERENE.NS,2025-09-30,2025-10-15,63.94,35.21
PREMIERENE.NS,2025-12-31,2026-01-13,63.94,35.26
PREMIERENE.NS,2026-03-31,2026-04-18,63.94,35.69
PREMIERENE.NS,2026-06-30,2026-07-18,58.49,40.96
PRESTIGE.NS,2021-09-30,2021-10-21,65.48,34.52
PRESTIGE.NS,2021-12-31,2022-01-21,65.48,34.52
PRESTIGE.NS,2022-03-31,2022-04-21,65.48,34.52
PRESTIGE.NS,2022-06-30,2022-07-21,65.48,34.52
PRESTIGE.NS,2022-09-30,2022-10-21,65.48,34.52
PRESTIGE.NS,2022-12-31,2023-01-19,65.48,34.52
PRESTIGE.NS,2023-03-31,2023-04-20,65.48,34.52
PRESTIGE.NS,2023-06-30,2023-07-20,65.48,34.52
PRESTIGE.NS,2023-09-30,2023-10-20,65.48,34.52
PRESTIGE.NS,2023-12-31,2024-01-19,65.48,34.52
PRESTIGE.NS,2024-03-31,2024-04-18,65.48,34.52
PRESTIGE.NS,2024-06-30,2024-07-19,65.48,34.52
PRESTIGE.NS,2024-09-05,2024-09-11,60.94,39.06
PRESTIGE.NS,2024-09-30,2024-10-18,60.94,39.06
PRESTIGE.NS,2024-12-31,2025-01-21,60.94,39.06
PRESTIGE.NS,2025-03-31,2025-04-21,60.94,39.06
PRESTIGE.NS,2025-06-30,2025-07-21,60.94,39.06
PRESTIGE.NS,2025-09-30,2025-10-21,60.94,39.06
PRESTIGE.NS,2025-12-31,2026-01-20,60.94,39.06
PRESTIGE.NS,2026-03-31,2026-04-16,60.94,39.06
PRESTIGE.NS,2026-06-30,2026-07-20,60.94,39.06
PRINCEPIPE.NS,2021-09-30,2021-10-06,63.25,36.75
PRINCEPIPE.NS,2021-12-31,2022-01-07,62.94,37.06
PRINCEPIPE.NS,2022-03-31,2022-04-12,62.94,37.06
PRINCEPIPE.NS,2022-06-30,2022-07-11,62.94,37.06
PRINCEPIPE.NS,2022-09-30,2022-10-17,62.94,37.06
PRINCEPIPE.NS,2022-12-31,2023-01-17,62.94,37.06
PRINCEPIPE.NS,2023-03-31,2023-04-13,60.94,39.06
PRINCEPIPE.NS,2023-06-30,2023-07-12,60.94,39.06
PRINCEPIPE.NS,2023-09-30,2023-10-12,60.94,39.06
PRINCEPIPE.NS,2023-12-31,2024-01-12,60.94,39.06
PRINCEPIPE.NS,2024-03-31,2024-04-16,60.94,39.06
PRINCEPIPE.NS,2024-06-30,2024-07-12,60.94,39.06
PRINCEPIPE.NS,2024-09-30,2024-10-10,60.94,39.06
PRINCEPIPE.NS,2024-12-31,2025-01-08,60.94,39.06
PRINCEPIPE.NS,2025-03-31,2025-04-17,60.94,39.06
PRINCEPIPE.NS,2025-06-30,2025-07-18,60.94,39.06
PRINCEPIPE.NS,2025-09-30,2025-10-15,60.94,39.06
PRINCEPIPE.NS,2025-12-31,2026-01-13,60.94,39.06
PRINCEPIPE.NS,2026-03-31,2026-04-20,60.95,39.05
PRINCEPIPE.NS,2026-06-30,2026-07-15,60.95,39.05
PRIVISCL.NS,2021-09-30,2021-10-18,74.06,25.94
PRIVISCL.NS,2021-12-31,2022-01-11,74.06,25.94
PRIVISCL.NS,2022-03-31,2022-04-11,74.05,25.95
PRIVISCL.NS,2022-06-30,2022-07-14,74.05,25.95
PRIVISCL.NS,2022-09-30,2022-10-15,74.05,25.95
PRIVISCL.NS,2022-12-31,2023-01-16,74.05,25.95
PRIVISCL.NS,2023-03-31,2023-04-13,74.05,25.95
PRIVISCL.NS,2023-06-30,2023-07-15,74.05,25.95
PRIVISCL.NS,2023-09-30,2023-10-11,74.05,25.95
PRIVISCL.NS,2023-12-31,2024-01-10,74.05,25.95
PRIVISCL.NS,2024-03-31,2024-04-15,74.05,25.95
PRIVISCL.NS,2024-06-30,2024-07-15,74.05,25.95
PRIVISCL.NS,2024-09-30,2024-10-16,74.05,25.95
PRIVISCL.NS,2024-12-31,2025-01-09,74.05,25.95
PRIVISCL.NS,2025-03-31,2025-04-18,74.05,25.95
PRIVISCL.NS,2025-06-30,2025-07-15,69.89,30.11
PRIVISCL.NS,2025-09-30,2025-10-13,69.89,30.11
PRIVISCL.NS,2025-12-31,2026-01-19,60.6,39.4
PRIVISCL.NS,2026-03-31,2026-04-10,60.6,39.4
PRIVISCL.NS,2026-06-30,2026-07-15,60.6,39.4
PRSMJOHNSN.NS,2021-09-30,2021-10-14,74.87,25.13
PRSMJOHNSN.NS,2022-03-31,2022-04-16,74.87,25.13
PRSMJOHNSN.NS,2022-06-30,2022-07-08,74.87,25.13
PRSMJOHNSN.NS,2022-09-30,2022-10-13,74.87,25.13
PRSMJOHNSN.NS,2022-12-31,2023-01-13,74.87,25.13
PRSMJOHNSN.NS,2023-03-31,2023-04-18,74.87,25.13
PRSMJOHNSN.NS,2023-06-30,2023-07-20,74.87,25.13
PRSMJOHNSN.NS,2023-09-30,2023-10-13,74.87,25.13
PRSMJOHNSN.NS,2023-12-31,2024-01-15,74.87,25.13
PRSMJOHNSN.NS,2024-03-31,2024-04-17,74.87,25.13
PRSMJOHNSN.NS,2024-06-30,2024-07-18,74.87,25.13
PRSMJOHNSN.NS,2024-09-30,2024-10-10,74.87,25.13
PRSMJOHNSN.NS,2024-12-31,2025-01-14,74.87,25.13
PRSMJOHNSN.NS,2025-03-31,2025-04-17,74.87,25.13
PRSMJOHNSN.NS,2025-06-30,2025-07-18,74.87,25.13
PRSMJOHNSN.NS,2025-09-30,2025-10-20,74.87,25.13
PRSMJOHNSN.NS,2025-12-31,2026-01-19,74.87,25.13
PRSMJOHNSN.NS,2026-03-31,2026-04-20,74.87,25.13
PRSMJOHNSN.NS,2026-06-30,2026-07-17,74.87,25.13
PTC.NS,2021-09-30,2021-10-13,16.22,83.78
PTC.NS,2021-12-31,2022-01-12,16.22,83.78
PTC.NS,2022-03-31,2022-04-08,16.22,83.78
PTC.NS,2022-06-30,2022-07-18,16.22,83.78
PTC.NS,2022-09-30,2022-10-18,16.22,83.78
PTC.NS,2022-12-31,2023-01-17,16.22,83.78
PTC.NS,2023-03-31,2023-04-12,16.22,83.78
PTC.NS,2023-06-30,2023-07-13,16.22,83.78
PTC.NS,2023-09-30,2023-10-12,16.22,83.78
PTC.NS,2023-12-31,2024-01-11,16.22,83.78
PTC.NS,2024-03-31,2024-04-15,16.22,83.78
PTC.NS,2024-06-30,2024-07-10,16.22,83.78
PTC.NS,2024-09-30,2024-10-15,16.22,83.78
PTC.NS,2024-12-31,2025-01-10,16.22,83.78
PTC.NS,2025-03-31,2025-04-09,16.22,83.78
PTC.NS,2025-06-30,2025-07-10,16.22,83.78
PTC.NS,2025-09-30,2025-10-09,16.22,83.78
PTC.NS,2025-12-31,2026-01-14,16.22,83.78
PTC.NS,2026-03-31,2026-04-09,16.22,83.78
PTC.NS,2026-06-30,2026-07-15,16.22,83.78
PTCIL.NS,2023-06-09,2024-06-12,67.93,32.07
PTCIL.NS,2023-06-30,2023-07-20,67.93,32.07
PTCIL.NS,2023-09-30,2023-10-11,67.03,32.97
PTCIL.NS,2023-12-31,2024-01-17,66.96,33.04
PTCIL.NS,2024-01-04,2024-01-17,63.99,36.01
PTCIL.NS,2024-03-31,2024-04-17,62.95,37.05
PTCIL.NS,2024-06-30,2024-07-20,62.88,37.12
PTCIL.NS,2024-09-03,2024-09-13,59.84,40.16
PTCIL.NS,2024-09-30,2024-10-15,59.8,40.2
PTCIL.NS,2024-12-31,2025-01-21,59.75,40.25
PTCIL.NS,2025-03-31,2025-04-19,59.75,40.25
PTCIL.NS,2025-06-30,2025-07-21,59.75,40.25
PTCIL.NS,2025-09-30,2025-10-15,59.75,40.25
PTCIL.NS,2025-12-31,2026-01-21,59.72,40.28
PTCIL.NS,2026-03-31,2026-04-16,59.72,40.28
PTCIL.NS,2026-06-30,2026-07-21,59.72,40.28
PVRINOX.NS,2021-09-30,2021-10-21,17.04,82.96
PVRINOX.NS,2021-12-31,2022-01-14,17.02,82.98
PVRINOX.NS,2022-03-31,2022-04-18,17.01,82.99
PVRINOX.NS,2022-06-30,2022-07-19,16.99,83.01
PVRINOX.NS,2022-09-30,2022-10-21,16.97,83.03
PVRINOX.NS,2022-12-31,2023-01-20,16.94,83.06
PVRINOX.NS,2023-02-22,2023-03-13,27.46,72.54
PVRINOX.NS,2023-03-31,2023-04-14,27.46,72.54
PVRINOX.NS,2023-06-30,2023-07-14,27.61,72.39
PVRINOX.NS,2023-09-30,2023-10-18,27.84,72.16
PVRINOX.NS,2023-12-31,2024-01-08,27.84,72.16
PVRINOX.NS,2024-03-31,2024-04-11,27.84,72.16
PVRINOX.NS,2024-06-30,2024-07-18,27.84,72.16
PVRINOX.NS,2024-09-30,2024-10-18,27.49,72.51
PVRINOX.NS,2024-12-31,2025-01-17,27.49,72.51
PVRINOX.NS,2025-03-31,2025-04-17,27.53,72.47
PVRINOX.NS,2025-06-30,2025-07-15,27.53,72.47
PVRINOX.NS,2025-09-30,2025-10-16,27.53,72.47
PVRINOX.NS,2025-12-31,2026-01-13,27.53,72.47
PVRINOX.NS,2026-03-31,2026-04-15,27.53,72.47
PVRINOX.NS,2026-06-30,2026-07-21,27.53,72.47
QUESS.NS,2021-09-30,2021-10-12,51.82,48.18
QUESS.NS,2021-12-31,2022-01-10,51.78,48.22
QUESS.NS,2022-03-31,2022-04-11,51.87,48.13
QUESS.NS,2022-06-30,2022-07-15,51.84,48.16
QUESS.NS,2022-09-30,2022-10-21,51.81,48.19
QUESS.NS,2022-12-31,2023-01-11,51.9,48.1
QUESS.NS,2023-03-31,2023-04-14,56.74,43.26
QUESS.NS,2023-06-30,2023-07-13,56.68,43.32
QUESS.NS,2023-09-30,2023-10-18,56.67,43.33
QUESS.NS,2023-12-31,2024-01-08,56.65,43.35
QUESS.NS,2024-03-31,2024-04-16,56.64,43.36
QUESS.NS,2024-06-30,2024-07-16,56.64,43.36
QUESS.NS,2024-09-30,2024-10-09,56.59,43.41
QUESS.NS,2024-12-31,2025-01-08,56.57,43.43
QUESS.NS,2025-03-31,2025-04-16,56.99,43.01
QUESS.NS,2025-06-30,2025-07-18,56.98,43.02
QUESS.NS,2025-09-30,2025-10-17,56.92,43.08
QUESS.NS,2025-12-31,2026-01-20,56.88,43.12
QUESS.NS,2026-03-31,2026-04-17,56.83,43.17
QUESS.NS,2026-06-30,2026-07-16,56.82,42.19
RADICO.NS,2021-09-30,2021-10-14,40.27,59.73
RADICO.NS,2021-12-31,2022-01-19,40.27,59.73
RADICO.NS,2022-03-31,2022-04-13,40.27,59.73
RADICO.NS,2022-06-30,2022-07-12,40.27,59.73
RADICO.NS,2022-09-30,2022-10-17,40.27,59.73
RADICO.NS,2022-12-31,2023-01-18,40.27,59.73
RADICO.NS,2023-03-31,2023-04-18,40.27,59.73
RADICO.NS,2023-06-30,2023-07-12,40.27,59.73
RADICO.NS,2023-09-30,2023-10-09,40.26,59.74
RADICO.NS,2023-12-31,2024-01-10,40.26,59.74
RADICO.NS,2024-03-31,2024-04-12,40.26,59.74
RADICO.NS,2024-06-30,2024-07-16,40.26,59.74
RADICO.NS,2024-09-30,2024-10-10,40.24,59.76
RADICO.NS,2024-12-31,2025-01-09,40.24,59.76
RADICO.NS,2025-03-31,2025-04-11,40.23,59.77
RADICO.NS,2025-06-30,2025-07-21,40.22,59.78
RADICO.NS,2025-09-30,2025-10-14,40.21,59.79
RADICO.NS,2025-12-31,2026-01-14,40.2,59.8
RADICO.NS,2026-03-31,2026-04-22,40.2,59.8
RADICO.NS,2026-06-30,2026-07-17,40.19,59.81
RAILTEL.NS,2021-09-30,2021-10-13,72.84,27.16
RAILTEL.NS,2021-12-31,2022-01-17,72.84,27.16
RAILTEL.NS,2022-03-31,2022-04-08,72.84,27.16
RAILTEL.NS,2022-06-30,2022-07-19,72.84,27.16
RAILTEL.NS,2022-09-30,2022-10-20,72.84,27.16
RAILTEL.NS,2022-12-31,2023-01-19,72.84,27.16
RAILTEL.NS,2023-03-31,2023-04-21,72.84,27.16
RAILTEL.NS,2023-06-30,2023-07-20,72.84,27.16
RAILTEL.NS,2023-09-30,2023-10-21,72.84,27.16
RAILTEL.NS,2023-12-31,2024-01-19,72.84,27.16
RAILTEL.NS,2024-03-31,2024-04-16,72.84,27.16
RAILTEL.NS,2024-06-30,2024-07-16,72.84,27.16
RAILTEL.NS,2024-09-30,2024-10-15,72.84,27.16
RAILTEL.NS,2024-12-31,2025-01-17,72.84,27.16
RAILTEL.NS,2025-03-31,2025-04-21,72.84,27.16
RAILTEL.NS,2025-06-30,2025-07-18,72.84,27.16
RAILTEL.NS,2025-09-30,2025-10-18,72.84,27.16
RAILTEL.NS,2025-12-31,2026-01-13,72.84,27.16
RAILTEL.NS,2026-03-31,2026-04-17,72.84,27.16
RAILTEL.NS,2026-06-30,2026-07-13,72.84,27.16
RAIN.NS,2021-09-30,2021-10-08,41.14,58.86
RAIN.NS,2021-12-31,2022-01-06,41.14,58.86
RAIN.NS,2022-03-31,2022-04-07,41.14,58.86
RAIN.NS,2022-06-30,2022-07-11,41.14,58.86
RAIN.NS,2022-09-30,2022-10-10,41.14,58.86
RAIN.NS,2022-12-31,2023-01-09,41.14,58.86
RAIN.NS,2023-03-31,2023-04-10,41.14,58.86
RAIN.NS,2023-06-30,2023-07-11,41.14,58.86
RAIN.NS,2023-09-30,2023-10-06,41.14,58.86
RAIN.NS,2023-12-31,2024-01-11,41.14,58.86
RAIN.NS,2024-03-31,2024-04-08,41.14,58.86
RAIN.NS,2024-06-30,2024-07-05,41.14,58.86
RAIN.NS,2024-09-30,2024-10-08,41.14,58.86
RAIN.NS,2024-12-31,2025-01-06,41.14,58.86
RAIN.NS,2025-03-31,2025-04-07,41.18,58.82
RAIN.NS,2025-06-30,2025-07-09,41.19,58.81
RAIN.NS,2025-09-30,2025-10-13,41.19,58.81
RAIN.NS,2025-12-31,2026-01-08,41.19,58.81
RAIN.NS,2026-03-31,2026-04-09,41.35,58.65
RAIN.NS,2026-06-30,2026-07-07,41.35,58.65
RAINBOW.NS,2022-05-06,2022-05-12,49.83,50.17
RAINBOW.NS,2022-06-30,2022-07-18,49.83,50.17
RAINBOW.NS,2022-09-30,2022-10-18,49.83,50.17
RAINBOW.NS,2022-12-31,2023-01-20,49.83,50.17
RAINBOW.NS,2023-03-31,2023-04-21,49.83,50.17
RAINBOW.NS,2023-06-30,2023-07-19,49.83,50.17
RAINBOW.NS,2023-09-30,2023-10-19,49.83,50.17
RAINBOW.NS,2023-12-31,2024-01-19,49.83,50.17
RAINBOW.NS,2024-03-31,2024-04-20,49.83,50.17
RAINBOW.NS,2024-06-30,2024-07-20,49.88,50.12
RAINBOW.NS,2024-09-30,2024-10-18,49.85,50.15
RAINBOW.NS,2024-12-31,2025-01-17,49.85,50.15
RAINBOW.NS,2025-03-31,2025-04-19,49.85,50.15
RAINBOW.NS,2025-06-30,2025-07-21,49.85,50.15
RAINBOW.NS,2025-09-30,2025-10-18,49.85,50.15
RAINBOW.NS,2025-12-31,2026-01-20,49.84,50.12
RAINBOW.NS,2026-03-31,2026-04-16,49.84,50.04
RAINBOW.NS,2026-06-30,2026-07-14,49.84,49.98
RAJESHEXPO.NS,2020-03-31,2020-05-21,54.04,45.96
RAJESHEXPO.NS,2020-06-30,2020-07-24,54.05,45.95
RAJESHEXPO.NS,2021-06-30,2021-07-21,54.05,45.95
RAJESHEXPO.NS,2021-09-30,2021-10-21,54.05,45.95
RAJESHEXPO.NS,2021-12-31,2022-03-03,54.05,45.95
RAJESHEXPO.NS,2022-03-31,2022-04-11,54.05,45.95
RAJESHEXPO.NS,2022-06-30,2022-07-21,54.05,45.95
RAJESHEXPO.NS,2022-09-30,2022-10-17,54.05,45.95
RAJESHEXPO.NS,2022-12-31,2023-01-11,54.05,45.95
RAJESHEXPO.NS,2023-03-31,2023-04-15,54.05,45.95
RAJESHEXPO.NS,2023-06-30,2023-07-21,54.05,45.95
RAJESHEXPO.NS,2023-09-30,2023-10-21,54.55,45.45
RAJESHEXPO.NS,2023-12-31,2024-01-19,54.55,45.45
RAJESHEXPO.NS,2024-03-31,2024-04-15,54.55,45.45
RAJESHEXPO.NS,2024-06-30,2024-07-16,54.55,45.45
RAJESHEXPO.NS,2024-09-30,2024-10-10,54.55,45.45
RAJESHEXPO.NS,2024-12-31,2025-05-14,54.55,45.45
RAJESHEXPO.NS,2025-03-31,2025-09-04,54.55,45.45
RAJESHEXPO.NS,2025-06-30,2026-01-14,54.55,45.45
RAJESHEXPO.NS,2025-09-30,2026-01-14,54.55,45.45
RAJESHEXPO.NS,2026-03-31,2026-04-18,54.55,45.45
RAJESHEXPO.NS,2026-06-30,2026-07-21,54.55,45.45
RALLIS.NS,2021-09-30,2021-10-19,50.09,49.91
RALLIS.NS,2021-12-31,2022-01-18,50.09,49.91
RALLIS.NS,2022-03-31,2022-04-20,50.09,49.91
RALLIS.NS,2022-06-30,2022-07-15,50.09,49.91
RALLIS.NS,2022-09-30,2022-10-20,50.09,49.91
RALLIS.NS,2022-12-31,2023-01-20,50.09,49.91
RALLIS.NS,2023-03-31,2023-04-19,50.09,49.91
RALLIS.NS,2023-06-30,2023-07-13,50.09,49.91
RALLIS.NS,2023-09-30,2023-10-20,55.08,44.92
RALLIS.NS,2023-12-31,2024-01-19,55.08,44.92
RALLIS.NS,2024-03-31,2024-04-19,55.08,44.92
RALLIS.NS,2024-06-30,2024-07-19,55.08,44.92
RALLIS.NS,2024-09-30,2024-10-18,55.08,44.92
RALLIS.NS,2024-12-31,2025-01-16,55.08,44.92
RALLIS.NS,2025-03-31,2025-04-19,55.08,44.92
RALLIS.NS,2025-06-30,2025-07-21,55.08,44.92
RALLIS.NS,2025-09-30,2025-10-21,55.08,44.92
RALLIS.NS,2025-12-31,2026-01-21,55.08,44.92
RALLIS.NS,2026-03-31,2026-04-21,55.08,44.92
RALLIS.NS,2026-06-30,2026-07-21,55.08,44.92
RAMCOCEM.NS,2021-09-30,2021-10-15,42.52,57.48
RAMCOCEM.NS,2021-12-31,2022-01-11,42.47,57.53
RAMCOCEM.NS,2022-03-31,2022-04-07,42.33,57.67
RAMCOCEM.NS,2022-06-30,2022-07-07,42.33,57.67
RAMCOCEM.NS,2022-09-30,2022-10-21,42.3,57.7
RAMCOCEM.NS,2022-12-31,2023-01-12,42.3,57.7
RAMCOCEM.NS,2023-03-31,2023-04-17,42.3,57.7
RAMCOCEM.NS,2023-06-30,2023-07-06,42.11,57.89
RAMCOCEM.NS,2023-09-30,2023-10-11,42.11,57.89
RAMCOCEM.NS,2023-12-31,2024-01-10,42.11,57.89
RAMCOCEM.NS,2024-03-31,2024-04-13,42.29,57.71
RAMCOCEM.NS,2024-06-30,2024-07-11,42.29,57.71
RAMCOCEM.NS,2024-09-30,2024-10-12,42.29,57.71
RAMCOCEM.NS,2024-12-31,2025-01-17,42.75,57.25
RAMCOCEM.NS,2025-03-31,2025-04-07,42.56,57.44
RAMCOCEM.NS,2025-06-30,2025-07-08,42.56,57.44
RAMCOCEM.NS,2025-09-30,2025-10-17,42.56,57.44
RAMCOCEM.NS,2025-12-31,2026-01-08,42.56,57.44
RAMCOCEM.NS,2026-03-31,2026-04-10,42.56,57.44
RAMCOCEM.NS,2026-06-30,2026-07-13,42.56,57.44
RATNAMANI.NS,2021-09-30,2021-10-08,60.16,39.84
RATNAMANI.NS,2021-12-31,2022-01-05,60.16,39.84
RATNAMANI.NS,2022-03-31,2022-04-13,60.16,39.84
RATNAMANI.NS,2022-06-30,2022-07-05,60.16,39.84
RATNAMANI.NS,2022-07-05,2022-07-06,60.16,39.84
RATNAMANI.NS,2022-09-30,2022-10-18,60.1,39.9
RATNAMANI.NS,2022-12-31,2023-01-09,60.1,39.9
RATNAMANI.NS,2023-03-31,2023-04-13,60.06,39.94
RATNAMANI.NS,2023-06-30,2023-07-14,59.77,40.23
RATNAMANI.NS,2023-09-30,2023-10-16,59.77,40.23
RATNAMANI.NS,2023-12-31,2024-01-08,59.77,40.23
RATNAMANI.NS,2024-03-31,2024-04-08,59.77,40.23
RATNAMANI.NS,2024-06-30,2024-07-13,59.77,40.23
RATNAMANI.NS,2024-09-30,2024-10-08,59.77,40.23
RATNAMANI.NS,2024-12-31,2025-01-21,59.77,40.23
RATNAMANI.NS,2025-03-31,2025-04-08,59.77,40.23
RATNAMANI.NS,2025-06-30,2025-07-15,59.77,40.23
RATNAMANI.NS,2025-09-30,2025-10-10,59.77,40.23
RATNAMANI.NS,2025-12-31,2026-01-15,59.77,40.23
RATNAMANI.NS,2026-03-31,2026-04-10,59.77,40.23
RATNAMANI.NS,2026-06-30,2026-07-14,59.77,40.23
RAYMOND.NS,2021-09-30,2021-10-13,49.12,50.88
RAYMOND.NS,2021-12-31,2022-01-19,49.04,50.96
RAYMOND.NS,2022-03-31,2022-04-18,49.16,50.84
RAYMOND.NS,2022-06-30,2022-07-20,49.16,50.84
RAYMOND.NS,2022-09-30,2022-10-19,49.15,50.85
RAYMOND.NS,2022-12-31,2023-01-17,49.15,50.85
RAYMOND.NS,2023-03-31,2023-04-06,49.15,50.85
RAYMOND.NS,2023-06-30,2023-07-18,49.11,50.89
RAYMOND.NS,2023-09-30,2023-10-13,49.11,50.86
RAYMOND.NS,2023-12-31,2024-01-11,49.11,50.86
RAYMOND.NS,2024-03-31,2024-04-17,49.11,50.86
RAYMOND.NS,2024-06-30,2024-07-19,49.01,50.96
RAYMOND.NS,2024-09-30,2024-10-15,48.87,51.1
RAYMOND.NS,2024-12-31,2025-01-13,48.87,51.1
RAYMOND.NS,2025-03-31,2025-04-18,48.87,51.1
RAYMOND.NS,2025-06-30,2025-07-21,48.87,51.1
RAYMOND.NS,2025-09-30,2025-10-15,48.87,51.1
RAYMOND.NS,2025-12-31,2026-01-21,48.87,51.1
RAYMOND.NS,2026-03-31,2026-04-09,48.87,51.1
RAYMOND.NS,2026-06-30,2026-07-20,48.87,51.1
RAYMONDLSL.NS,2024-08-30,2024-09-09,54.68,45.29
RAYMONDLSL.NS,2024-09-30,2024-10-17,54.68,45.29
RAYMONDLSL.NS,2024-12-31,2025-01-13,54.68,45.29
RAYMONDLSL.NS,2025-03-31,2025-04-18,54.68,45.29
RAYMONDLSL.NS,2025-06-30,2025-07-21,56.14,43.83
RAYMONDLSL.NS,2025-09-30,2025-10-15,57.15,42.82
RAYMONDLSL.NS,2025-12-31,2026-01-21,58.22,41.75
RAYMONDLSL.NS,2026-03-31,2026-04-17,59.53,40.44
RAYMONDLSL.NS,2026-06-30,2026-07-21,59.62,40.36
RBA.NS,2021-09-30,2021-10-19,52.56,47.44
RBA.NS,2021-12-31,2022-01-13,52.52,47.48
RBA.NS,2022-02-16,2022-02-18,40.96,59.04
RBA.NS,2022-03-31,2022-04-14,40.96,59.04
RBA.NS,2022-06-30,2022-07-15,40.91,59.09
RBA.NS,2022-09-30,2022-10-20,40.9,59.1
RBA.NS,2022-12-31,2023-01-12,40.82,59.18
RBA.NS,2023-03-31,2023-04-18,40.81,59.19
RBA.NS,2023-06-30,2023-07-18,40.8,59.2
RBA.NS,2023-09-30,2023-10-13,15.43,84.57
RBA.NS,2023-12-31,2024-01-15,15.39,84.61
RBA.NS,2024-03-31,2024-04-09,15.39,84.61
RBA.NS,2024-06-30,2024-07-10,15.33,84.67
RBA.NS,2024-09-30,2024-10-15,13.17,86.83
RBA.NS,2024-12-31,2025-01-17,13.16,86.84
RBA.NS,2025-03-26,2025-04-04,11.27,88.73
RBA.NS,2025-03-31,2025-04-15,11.27,88.73
RBA.NS,2025-06-30,2025-07-18,11.27,88.73
RBA.NS,2025-09-30,2025-10-14,11.27,88.73
RBA.NS,2025-12-31,2026-01-13,11.26,88.74
RBA.NS,2026-03-31,2026-04-15,11.26,88.74
RBA.NS,2026-06-02,2026-06-03,9.22,90.78
RBA.NS,2026-06-30,2026-07-15,9.22,90.78
RBLBANK.NS,2021-09-30,2021-10-12,0.0,100.0
RBLBANK.NS,2021-12-31,2022-01-11,0.0,100.0
RBLBANK.NS,2022-03-31,2022-04-11,0.0,100.0
RBLBANK.NS,2022-06-30,2022-07-15,0.0,100.0
RBLBANK.NS,2022-09-30,2022-10-17,0.0,100.0
RBLBANK.NS,2022-12-31,2023-01-10,0.0,100.0
RBLBANK.NS,2023-03-31,2023-04-19,0.0,100.0
RBLBANK.NS,2023-06-30,2023-07-14,0.0,100.0
RBLBANK.NS,2023-09-30,2023-10-13,0.0,100.0
RBLBANK.NS,2023-12-31,2024-01-05,0.0,100.0
RBLBANK.NS,2024-03-31,2024-04-12,0.0,100.0
RBLBANK.NS,2024-06-30,2024-07-16,0.0,100.0
RBLBANK.NS,2024-09-30,2024-10-10,0.0,100.0
RBLBANK.NS,2024-12-31,2025-01-08,0.0,100.0
RBLBANK.NS,2025-03-31,2025-04-17,0.0,100.0
RBLBANK.NS,2025-06-30,2025-07-11,0.0,100.0
RBLBANK.NS,2025-09-30,2025-10-16,0.0,100.0
RBLBANK.NS,2025-12-31,2026-01-08,0.0,100.0
RBLBANK.NS,2026-03-31,2026-04-17,0.0,100.0
RBLBANK.NS,2026-06-18,2026-06-18,60.0,40.0
RBLBANK.NS,2026-06-30,2026-07-08,60.0,40.0
RCF.NS,2021-09-30,2021-10-14,75.0,25.0
RCF.NS,2021-12-31,2022-01-06,75.0,25.0
RCF.NS,2022-03-31,2022-04-12,75.0,25.0
RCF.NS,2022-06-30,2022-07-12,75.0,25.0
RCF.NS,2022-09-30,2022-10-20,75.0,25.0
RCF.NS,2022-12-31,2023-01-12,75.0,25.0
RCF.NS,2023-03-31,2023-04-13,75.0,25.0
RCF.NS,2023-06-30,2023-07-13,75.0,25.0
RCF.NS,2023-09-30,2023-10-09,75.0,25.0
RCF.NS,2023-12-31,2024-01-11,75.0,25.0
RCF.NS,2024-03-31,2024-04-08,75.0,25.0
RCF.NS,2024-06-30,2024-07-09,75.0,25.0
RCF.NS,2024-09-30,2024-10-15,75.0,25.0
RCF.NS,2024-12-31,2025-01-13,75.0,25.0
RCF.NS,2025-03-31,2025-04-07,75.0,25.0
RCF.NS,2025-06-30,2025-07-10,75.0,25.0
RCF.NS,2025-09-30,2025-10-10,75.0,25.0
RCF.NS,2025-12-31,2026-01-06,75.0,25.0
RCF.NS,2026-03-31,2026-04-11,75.0,25.0
RCF.NS,2026-06-30,2026-07-16,75.0,25.0
RECLTD.NS,2015-12-31,2016-01-19,60.64,39.36
RECLTD.NS,2021-09-30,2021-10-21,52.63,47.37
RECLTD.NS,2021-12-31,2022-01-19,52.63,47.37
RECLTD.NS,2022-03-31,2022-04-18,52.63,47.37
RECLTD.NS,2022-06-30,2022-07-18,52.63,47.37
RECLTD.NS,2022-09-30,2022-10-21,52.63,47.37
RECLTD.NS,2022-12-31,2023-01-19,52.63,47.37
RECLTD.NS,2023-03-31,2023-04-20,52.63,47.37
RECLTD.NS,2023-06-30,2023-07-17,52.63,47.37
RECLTD.NS,2023-09-30,2023-10-13,52.63,47.37
RECLTD.NS,2023-12-31,2024-01-17,52.63,47.37
RECLTD.NS,2024-03-31,2024-04-18,52.63,47.37
RECLTD.NS,2024-06-30,2024-07-16,52.63,47.37
RECLTD.NS,2024-09-30,2024-10-16,52.63,47.37
RECLTD.NS,2024-12-31,2025-01-17,52.63,47.37
RECLTD.NS,2025-03-31,2025-04-15,52.63,47.37
RECLTD.NS,2025-06-30,2025-07-19,52.63,47.37
RECLTD.NS,2025-09-30,2025-10-14,52.63,47.37
RECLTD.NS,2025-12-31,2026-01-16,52.63,47.37
RECLTD.NS,2026-03-31,2026-04-16,52.63,47.37
RECLTD.NS,2026-06-30,2026-07-15,52.63,47.37
REDINGTON.NS,2021-09-30,2021-10-21,0.0,100.0
REDINGTON.NS,2021-12-31,2022-01-13,0.0,100.0
REDINGTON.NS,2022-03-31,2022-04-19,0.0,100.0
REDINGTON.NS,2022-06-30,2022-07-18,0.0,100.0
REDINGTON.NS,2022-09-30,2022-10-20,0.0,100.0
REDINGTON.NS,2022-12-31,2023-01-19,0.0,100.0
REDINGTON.NS,2023-03-31,2023-04-19,0.0,100.0
REDINGTON.NS,2023-06-30,2023-07-20,0.0,100.0
REDINGTON.NS,2023-09-30,2023-10-18,0.0,100.0
REDINGTON.NS,2023-12-31,2024-01-19,0.0,100.0
REDINGTON.NS,2024-03-31,2024-04-17,0.0,100.0
REDINGTON.NS,2024-06-30,2024-07-20,0.0,100.0
REDINGTON.NS,2024-09-30,2024-10-18,0.0,100.0
REDINGTON.NS,2024-12-31,2025-01-20,0.0,100.0
REDINGTON.NS,2025-03-31,2025-04-21,0.0,100.0
REDINGTON.NS,2025-06-30,2025-07-19,0.0,100.0
REDINGTON.NS,2025-09-30,2025-10-16,0.0,100.0
REDINGTON.NS,2025-12-31,2026-01-12,0.0,100.0
REDINGTON.NS,2026-03-31,2026-04-17,0.0,100.0
REDINGTON.NS,2026-06-30,2026-07-10,0.0,100.0
RELAXO.NS,2021-09-30,2021-10-11,70.92,29.08
RELAXO.NS,2021-12-31,2022-01-06,70.78,29.22
RELAXO.NS,2022-03-31,2022-04-12,70.78,29.22
RELAXO.NS,2022-06-30,2022-07-12,70.78,29.22
RELAXO.NS,2022-09-30,2022-10-17,70.78,29.22
RELAXO.NS,2022-12-31,2023-01-13,71.02,28.98
RELAXO.NS,2023-03-31,2023-04-10,71.25,28.75
RELAXO.NS,2023-06-30,2023-07-10,71.27,28.73
RELAXO.NS,2023-09-30,2023-10-12,71.27,28.73
RELAXO.NS,2023-12-31,2024-01-15,71.27,28.73
RELAXO.NS,2024-03-31,2024-04-09,71.27,28.73
RELAXO.NS,2024-06-30,2024-07-18,71.27,28.73
RELAXO.NS,2024-09-30,2024-10-10,71.27,28.73
RELAXO.NS,2024-12-31,2025-01-15,71.27,28.73
RELAXO.NS,2025-03-31,2025-04-18,71.27,28.73
RELAXO.NS,2025-06-30,2025-07-17,71.27,28.73
RELAXO.NS,2025-09-30,2025-10-16,71.27,28.73
RELAXO.NS,2025-12-31,2026-01-21,71.27,28.73
RELAXO.NS,2026-03-31,2026-04-17,71.27,28.73
RELAXO.NS,2026-06-30,2026-07-15,71.27,28.73
RELIANCE.NS,2021-09-30,2021-10-21,50.61,49.39
RELIANCE.NS,2021-12-08,2021-12-18,50.62,49.38
RELIANCE.NS,2021-12-31,2022-01-21,50.61,49.39
RELIANCE.NS,2022-03-31,2022-04-21,50.66,49.34
RELIANCE.NS,2022-06-30,2022-07-21,50.62,49.38
RELIANCE.NS,2022-09-30,2022-10-22,50.57,49.43
RELIANCE.NS,2022-12-31,2023-01-20,50.49,49.51
RELIANCE.NS,2023-03-31,2023-04-20,50.41,49.59
RELIANCE.NS,2023-06-30,2023-07-20,50.39,49.61
RELIANCE.NS,2023-09-30,2023-10-21,50.27,49.73
RELIANCE.NS,2023-12-31,2024-01-19,50.3,49.7
RELIANCE.NS,2024-03-31,2024-04-20,50.31,49.69
RELIANCE.NS,2024-06-30,2024-07-20,50.33,49.67
RELIANCE.NS,2024-09-30,2024-10-21,50.24,49.76
RELIANCE.NS,2024-10-29,2024-11-08,50.24,49.76
RELIANCE.NS,2024-12-31,2025-01-21,50.13,49.87
RELIANCE.NS,2025-03-31,2025-04-21,50.11,49.89
RELIANCE.NS,2025-06-30,2025-07-21,50.07,49.93
RELIANCE.NS,2025-09-30,2025-10-17,50.01,49.99
RELIANCE.NS,2025-12-31,2026-01-21,50.01,49.99
RELIANCE.NS,2026-03-31,2026-04-21,50.0,50.0
RELIANCE.NS,2026-06-30,2026-07-16,50.48,49.52
RELINFRA.NS,2021-09-30,2021-10-21,4.98,94.85
RELINFRA.NS,2021-12-31,2022-01-21,4.98,94.85
RELINFRA.NS,2022-03-31,2022-04-21,4.98,94.85
RELINFRA.NS,2022-06-30,2022-07-15,4.98,94.85
RELINFRA.NS,2022-09-30,2022-10-21,4.98,94.85
RELINFRA.NS,2022-11-16,2022-11-21,4.76,95.07
RELINFRA.NS,2022-12-07,2022-12-08,4.56,95.28
RELINFRA.NS,2022-12-31,2023-01-20,4.56,95.28
RELINFRA.NS,2023-01-13,2023-01-20,22.17,77.7
RELINFRA.NS,2023-03-31,2023-04-21,18.67,81.2
RELINFRA.NS,2023-06-30,2023-07-21,18.65,81.22
RELINFRA.NS,2023-09-05,2023-09-08,16.56,83.33
RELINFRA.NS,2023-09-30,2023-10-20,16.56,83.33
RELINFRA.NS,2023-12-31,2024-01-19,16.5,83.39
RELINFRA.NS,2024-03-31,2024-04-19,16.5,83.39
RELINFRA.NS,2024-06-30,2024-07-19,16.5,83.39
RELINFRA.NS,2024-09-30,2024-10-18,16.5,83.39
RELINFRA.NS,2025-03-31,2025-04-18,16.5,83.39
RELINFRA.NS,2025-06-18,2025-06-24,19.05,80.84
RELINFRA.NS,2025-06-30,2025-07-18,19.05,80.84
RELINFRA.NS,2025-09-30,2025-10-18,19.05,80.84
RELINFRA.NS,2025-12-31,2026-01-17,19.05,80.84
RELINFRA.NS,2026-03-31,2026-04-17,19.05,80.84
RELINFRA.NS,2026-06-30,2026-07-17,19.05,80.84
RENUKA.NS,2021-09-30,2021-10-12,62.48,37.52
RENUKA.NS,2021-12-31,2022-01-13,62.48,37.52
RENUKA.NS,2022-03-31,2022-04-06,62.48,37.52
RENUKA.NS,2022-06-30,2022-07-08,62.48,37.52
RENUKA.NS,2022-09-30,2022-10-18,62.48,37.52
RENUKA.NS,2022-12-31,2023-01-12,62.48,37.52
RENUKA.NS,2023-03-31,2023-04-12,62.48,37.52
RENUKA.NS,2023-06-30,2023-07-18,62.48,37.52
RENUKA.NS,2023-09-30,2023-10-18,62.48,37.52
RENUKA.NS,2023-12-31,2024-01-17,62.48,37.52
RENUKA.NS,2024-03-31,2024-04-10,62.48,37.52
RENUKA.NS,2024-06-30,2024-07-12,62.48,37.52
RENUKA.NS,2024-09-30,2024-10-10,62.48,37.52
RENUKA.NS,2024-12-31,2025-01-17,62.48,37.52
RENUKA.NS,2025-03-31,2025-04-07,62.48,37.52
RENUKA.NS,2025-06-30,2025-07-18,62.48,37.52
RENUKA.NS,2025-09-30,2025-10-13,62.48,37.52
RENUKA.NS,2025-12-31,2026-01-19,62.48,37.52
RENUKA.NS,2026-03-31,2026-04-15,62.48,37.52
RENUKA.NS,2026-06-30,2026-07-17,62.48,37.52
REPCOHOME.NS,2021-09-30,2021-10-20,37.13,62.87
REPCOHOME.NS,2021-12-31,2022-01-17,37.13,62.87
REPCOHOME.NS,2022-03-31,2022-04-11,37.13,62.87
REPCOHOME.NS,2022-06-30,2022-07-13,37.13,62.87
REPCOHOME.NS,2022-09-30,2022-10-17,37.13,62.87
REPCOHOME.NS,2022-12-31,2023-01-11,37.13,62.87
REPCOHOME.NS,2023-03-31,2023-04-11,37.13,62.87
REPCOHOME.NS,2023-06-30,2023-07-13,37.13,62.87
REPCOHOME.NS,2023-09-30,2023-10-17,37.13,62.87
REPCOHOME.NS,2023-12-31,2024-01-12,37.13,62.87
REPCOHOME.NS,2024-03-31,2024-04-17,37.13,62.87
REPCOHOME.NS,2024-06-30,2024-07-15,37.13,62.87
REPCOHOME.NS,2024-09-30,2024-10-09,37.13,62.87
REPCOHOME.NS,2024-12-31,2025-01-08,37.13,62.87
REPCOHOME.NS,2025-03-31,2025-04-15,37.13,62.87
REPCOHOME.NS,2025-06-30,2025-07-14,37.13,62.87
REPCOHOME.NS,2025-09-30,2025-10-14,37.13,62.87
REPCOHOME.NS,2025-12-31,2026-01-05,37.13,62.87
REPCOHOME.NS,2026-03-31,2026-04-06,37.13,62.87
REPCOHOME.NS,2026-06-30,2026-07-09,37.13,62.87
RHIM.NS,2021-09-30,2021-10-18,66.49,33.51
RHIM.NS,2021-12-31,2022-01-12,70.19,29.81
RHIM.NS,2022-03-31,2022-04-19,70.19,29.81
RHIM.NS,2022-06-30,2022-07-11,70.19,29.81
RHIM.NS,2022-09-30,2022-10-19,70.19,29.81
RHIM.NS,2022-12-31,2023-01-12,70.19,29.81
RHIM.NS,2023-01-05,2023-01-12,60.11,39.89
RHIM.NS,2023-03-31,2023-04-10,60.11,39.89
RHIM.NS,2023-04-06,2023-04-10,55.47,44.53
RHIM.NS,2023-06-21,2023-07-06,56.07,43.93
RHIM.NS,2023-06-30,2023-07-10,55.47,44.53
RHIM.NS,2023-09-30,2023-10-10,56.07,43.93
RHIM.NS,2023-12-31,2024-01-11,56.07,43.93
RHIM.NS,2024-03-31,2024-04-10,56.07,43.93
RHIM.NS,2024-06-30,2024-07-16,56.07,43.93
RHIM.NS,2024-09-30,2024-10-11,56.07,43.93
RHIM.NS,2024-12-31,2025-01-17,56.07,43.93
RHIM.NS,2025-03-31,2025-04-14,56.07,43.93
RHIM.NS,2025-06-30,2025-07-18,56.07,43.93
RHIM.NS,2025-09-30,2025-10-14,56.07,43.93
RHIM.NS,2025-12-31,2026-01-19,56.07,43.93
RHIM.NS,2026-03-31,2026-04-16,56.07,43.93
RHIM.NS,2026-06-30,2026-07-16,56.07,43.93
RITES.NS,2021-09-30,2021-10-20,72.2,27.8
RITES.NS,2021-12-31,2022-01-20,72.2,27.8
RITES.NS,2022-03-31,2022-04-21,72.2,27.8
RITES.NS,2022-06-30,2022-07-14,72.2,27.8
RITES.NS,2022-09-30,2022-10-19,72.2,27.8
RITES.NS,2022-12-31,2023-01-17,72.2,27.8
RITES.NS,2023-03-31,2023-04-20,72.2,27.8
RITES.NS,2023-06-30,2023-07-17,72.2,27.8
RITES.NS,2023-09-30,2023-10-11,72.2,27.8
RITES.NS,2023-12-31,2024-01-18,72.2,27.8
RITES.NS,2024-03-31,2024-04-10,72.2,27.8
RITES.NS,2024-06-30,2024-07-19,72.2,27.8
RITES.NS,2024-09-21,2024-09-27,72.2,27.8
RITES.NS,2024-09-30,2024-10-08,72.2,27.8
RITES.NS,2024-12-31,2025-01-14,72.2,27.8
RITES.NS,2025-03-31,2025-04-16,72.2,27.8
RITES.NS,2025-06-30,2025-07-15,72.2,27.8
RITES.NS,2025-09-30,2025-10-13,72.2,27.8
RITES.NS,2025-12-31,2026-01-09,72.2,27.8
RITES.NS,2026-03-31,2026-04-16,72.2,27.8
RITES.NS,2026-06-30,2026-07-17,72.2,27.8
RKFORGE.NS,2021-09-30,2021-10-16,46.02,53.72
RKFORGE.NS,2021-12-31,2022-01-12,46.04,53.72
RKFORGE.NS,2022-03-31,2022-04-20,46.24,53.56
RKFORGE.NS,2022-06-30,2022-07-19,46.24,53.6
RKFORGE.NS,2022-09-30,2022-10-18,46.27,53.57
RKFORGE.NS,2022-12-31,2023-01-12,46.27,53.58
RKFORGE.NS,2023-03-31,2023-04-12,46.27,53.58
RKFORGE.NS,2023-06-30,2023-07-18,46.27,53.6
RKFORGE.NS,2023-09-30,2023-10-13,47.41,52.49
RKFORGE.NS,2023-09-30,2023-10-13,47.41,52.49
RKFORGE.NS,2023-11-13,2023-11-22,43.14,56.77
RKFORGE.NS,2023-12-31,2024-01-20,43.14,56.77
RKFORGE.NS,2024-03-31,2024-04-20,43.17,56.75
RKFORGE.NS,2024-06-30,2024-07-20,43.17,56.75
RKFORGE.NS,2024-09-30,2024-10-19,43.17,56.82
RKFORGE.NS,2024-12-31,2025-01-15,43.16,56.82
RKFORGE.NS,2025-03-31,2025-04-18,43.13,56.74
RKFORGE.NS,2025-06-30,2025-07-21,43.13,56.74
RKFORGE.NS,2025-09-30,2025-10-18,43.13,56.75
RKFORGE.NS,2025-12-31,2026-01-21,43.13,56.75
RKFORGE.NS,2026-03-31,2026-04-20,43.33,56.55
RKFORGE.NS,2026-06-30,2026-07-17,43.39,56.41
ROSSARI.NS,2021-09-30,2021-10-13,68.56,31.44
ROSSARI.NS,2021-12-31,2022-01-07,68.56,31.44
ROSSARI.NS,2022-03-31,2022-04-08,68.56,31.44
ROSSARI.NS,2022-06-30,2022-07-13,68.56,31.44
ROSSARI.NS,2022-09-30,2022-10-17,68.46,31.54
ROSSARI.NS,2022-12-31,2023-01-10,68.44,31.56
ROSSARI.NS,2023-03-31,2023-04-06,68.43,31.57
ROSSARI.NS,2023-06-30,2023-07-10,68.43,31.57
ROSSARI.NS,2023-09-30,2023-10-05,68.35,31.65
ROSSARI.NS,2023-12-31,2024-01-08,68.33,31.67
ROSSARI.NS,2024-03-31,2024-04-06,68.32,31.68
ROSSARI.NS,2024-06-30,2024-07-20,68.32,31.68
ROSSARI.NS,2024-09-30,2024-10-17,68.27,31.73
ROSSARI.NS,2024-12-31,2025-01-10,68.19,31.81
ROSSARI.NS,2025-03-31,2025-04-11,68.18,31.82
ROSSARI.NS,2025-06-30,2025-07-10,68.17,31.83
ROSSARI.NS,2025-09-30,2025-10-13,68.17,31.83
ROSSARI.NS,2025-12-31,2026-01-09,68.16,31.84
ROSSARI.NS,2026-03-31,2026-04-14,68.15,31.85
ROSSARI.NS,2026-06-30,2026-07-21,68.14,31.86
ROUTE.NS,2021-09-30,2021-10-09,65.12,34.88
ROUTE.NS,2021-11-12,2021-11-15,60.25,39.75
ROUTE.NS,2021-12-31,2022-01-12,59.98,40.02
ROUTE.NS,2022-03-31,2022-04-19,59.82,39.91
ROUTE.NS,2022-06-30,2022-07-18,59.82,40.18
ROUTE.NS,2022-09-30,2022-10-20,58.56,41.44
ROUTE.NS,2022-12-31,2023-01-18,58.44,41.56
ROUTE.NS,2023-03-31,2023-04-19,58.32,41.68
ROUTE.NS,2023-06-30,2023-07-19,58.32,41.68
ROUTE.NS,2023-09-30,2023-10-13,58.15,41.85
ROUTE.NS,2023-12-31,2024-01-18,58.15,41.85
ROUTE.NS,2024-03-31,2024-04-16,58.0,42.0
ROUTE.NS,2024-06-30,2024-07-19,83.11,16.89
ROUTE.NS,2024-09-30,2024-10-09,74.9,25.1
ROUTE.NS,2024-12-31,2025-01-17,74.86,25.09
ROUTE.NS,2025-03-31,2025-04-17,74.86,25.14
ROUTE.NS,2025-06-30,2025-07-11,74.86,25.14
ROUTE.NS,2025-09-30,2025-10-17,74.86,25.14
ROUTE.NS,2025-12-31,2026-01-16,74.85,25.14
ROUTE.NS,2026-03-31,2026-04-17,74.85,25.15
ROUTE.NS,2026-06-30,2026-07-14,74.85,25.15
RPOWER.NS,2021-09-30,2021-10-21,24.98,75.02
RPOWER.NS,2021-12-31,2022-01-21,24.98,75.02
RPOWER.NS,2022-03-31,2022-04-21,24.98,75.02
RPOWER.NS,2022-06-30,2022-07-22,24.98,75.02
RPOWER.NS,2022-09-30,2022-10-21,24.98,75.02
RPOWER.NS,2022-12-30,2023-01-06,25.0,75.0
RPOWER.NS,2022-12-31,2023-01-20,25.0,75.0
RPOWER.NS,2023-01-13,2023-01-20,24.99,75.01
RPOWER.NS,2023-03-31,2023-04-21,24.99,75.01
RPOWER.NS,2023-06-30,2023-07-21,24.99,75.01
RPOWER.NS,2023-09-05,2023-09-08,24.49,75.51
RPOWER.NS,2023-09-30,2023-10-20,24.49,75.51
RPOWER.NS,2023-12-31,2024-01-19,24.49,75.51
RPOWER.NS,2024-03-13,2024-03-19,23.24,76.76
RPOWER.NS,2024-03-31,2024-04-19,23.24,76.76
RPOWER.NS,2024-06-30,2024-07-19,23.24,76.76
RPOWER.NS,2024-09-30,2024-10-17,23.26,76.74
RPOWER.NS,2025-03-31,2025-04-18,23.26,76.74
RPOWER.NS,2025-05-07,2025-05-13,24.98,75.02
RPOWER.NS,2025-06-30,2025-07-18,24.98,75.02
RPOWER.NS,2025-09-30,2025-10-17,24.98,75.02
RPOWER.NS,2025-12-31,2026-01-17,24.98,75.02
RPOWER.NS,2026-03-31,2026-04-17,24.98,75.02
RPOWER.NS,2026-06-30,2026-07-17,24.98,75.02
RRKABEL.NS,2023-09-18,2023-09-25,62.76,37.24
RRKABEL.NS,2023-09-30,2023-10-19,62.76,37.24
RRKABEL.NS,2023-12-31,2024-01-19,62.76,37.24
RRKABEL.NS,2024-03-31,2024-04-12,62.76,37.24
RRKABEL.NS,2024-06-30,2024-07-20,61.88,38.12
RRKABEL.NS,2024-09-30,2024-10-16,61.78,38.22
RRKABEL.NS,2024-12-31,2025-01-20,61.8,38.2
RRKABEL.NS,2025-03-31,2025-04-18,61.8,38.2
RRKABEL.NS,2025-06-30,2025-07-19,61.76,38.24
RRKABEL.NS,2025-09-30,2025-10-20,61.76,38.24
RRKABEL.NS,2025-12-31,2026-01-17,61.66,38.34
RRKABEL.NS,2026-03-31,2026-04-21,61.65,38.35
RRKABEL.NS,2026-06-30,2026-07-19,61.38,38.62
RTNINDIA.NS,2021-09-30,2021-10-21,74.8,25.2
RTNINDIA.NS,2021-12-31,2022-01-20,74.8,25.2
RTNINDIA.NS,2022-03-31,2022-04-20,74.8,25.2
RTNINDIA.NS,2022-06-30,2022-07-19,74.8,25.2
RTNINDIA.NS,2022-09-30,2022-10-21,74.86,25.14
RTNINDIA.NS,2022-12-31,2023-01-18,74.86,25.14
RTNINDIA.NS,2023-03-31,2023-04-21,74.86,25.06
RTNINDIA.NS,2023-06-30,2023-07-14,74.86,25.04
RTNINDIA.NS,2023-09-30,2023-10-20,74.86,25.04
RTNINDIA.NS,2023-12-31,2024-01-11,74.86,25.04
RTNINDIA.NS,2024-03-31,2024-04-16,74.86,25.04
RTNINDIA.NS,2024-06-30,2024-07-19,74.86,25.04
RTNINDIA.NS,2024-09-30,2024-10-17,74.86,25.04
RTNINDIA.NS,2024-12-31,2025-01-15,74.86,25.04
RTNINDIA.NS,2025-03-31,2025-04-17,74.86,25.04
RTNINDIA.NS,2025-06-30,2025-07-15,74.86,25.04
RTNINDIA.NS,2025-09-30,2025-10-17,74.86,25.04
RTNINDIA.NS,2025-12-31,2026-01-21,74.86,25.04
RTNINDIA.NS,2026-03-31,2026-04-20,74.87,25.03
RTNINDIA.NS,2026-06-30,2026-07-17,74.87,25.03
RUSTOMJEE.NS,2022-11-23,2023-01-18,96.71,3.29
RUSTOMJEE.NS,2022-12-31,2023-01-18,86.7,13.3
RUSTOMJEE.NS,2023-03-31,2023-04-07,86.7,13.3
RUSTOMJEE.NS,2023-06-30,2023-07-11,86.7,13.3
RUSTOMJEE.NS,2023-09-30,2023-10-18,86.7,13.3
RUSTOMJEE.NS,2023-12-31,2024-01-10,86.7,13.3
RUSTOMJEE.NS,2024-03-31,2024-04-10,86.7,13.3
RUSTOMJEE.NS,2024-05-27,2024-06-27,78.36,21.64
RUSTOMJEE.NS,2024-06-30,2024-07-16,78.36,21.64
RUSTOMJEE.NS,2024-09-30,2024-10-15,78.35,21.65
RUSTOMJEE.NS,2024-12-31,2025-01-09,78.35,21.65
RUSTOMJEE.NS,2025-03-31,2025-04-16,78.35,21.65
RUSTOMJEE.NS,2025-06-30,2025-07-15,78.34,21.66
RUSTOMJEE.NS,2025-09-30,2025-10-20,78.25,21.75
RUSTOMJEE.NS,2025-10-16,2025-10-24,74.63,25.37
RUSTOMJEE.NS,2025-12-31,2026-01-16,74.59,25.41
RUSTOMJEE.NS,2026-03-31,2026-04-20,74.59,25.41
RUSTOMJEE.NS,2026-06-30,2026-07-20,74.59,25.41
RVNL.NS,2021-09-30,2021-10-05,78.2,21.8
RVNL.NS,2021-12-31,2022-01-07,78.2,21.8
RVNL.NS,2022-03-31,2022-04-19,78.2,21.8
RVNL.NS,2022-06-30,2022-07-20,78.2,21.8
RVNL.NS,2022-09-30,2022-10-19,78.2,21.8
RVNL.NS,2022-12-31,2023-01-20,78.2,21.8
RVNL.NS,2023-03-31,2023-04-20,78.2,21.8
RVNL.NS,2023-06-30,2023-07-18,78.2,21.8
RVNL.NS,2023-07-28,2023-08-03,72.84,27.16
RVNL.NS,2023-09-30,2023-10-20,72.84,27.16
RVNL.NS,2023-12-31,2024-01-18,72.84,27.16
RVNL.NS,2024-03-31,2024-04-19,72.84,27.16
RVNL.NS,2024-06-30,2024-07-18,72.84,27.16
RVNL.NS,2024-09-30,2024-10-16,72.84,27.16
RVNL.NS,2024-12-31,2025-01-17,72.84,27.16
RVNL.NS,2025-03-31,2025-04-17,72.84,27.16
RVNL.NS,2025-06-30,2025-07-18,72.84,27.16
RVNL.NS,2025-09-30,2025-10-21,72.84,27.16
RVNL.NS,2025-12-31,2026-01-20,72.84,27.16
RVNL.NS,2026-03-31,2026-04-17,72.84,27.16
RVNL.NS,2026-06-30,2026-07-20,72.84,27.16
SADBHAV.NS,2021-09-30,2021-10-20,44.86,55.14
SADBHAV.NS,2021-12-31,2022-01-17,44.86,55.14
SADBHAV.NS,2022-03-31,2022-04-18,44.63,55.37
SADBHAV.NS,2022-06-30,2022-08-10,40.57,59.43
SADBHAV.NS,2022-09-30,2022-10-20,38.57,61.43
SADBHAV.NS,2022-12-31,2023-01-13,37.7,62.3
SADBHAV.NS,2023-03-31,2023-04-13,37.7,62.3
SADBHAV.NS,2023-06-30,2023-07-14,37.7,62.3
SADBHAV.NS,2023-09-30,2023-10-11,37.7,62.3
SADBHAV.NS,2023-12-31,2024-01-09,37.79,62.21
SADBHAV.NS,2024-03-31,2024-04-18,36.22,63.78
SADBHAV.NS,2024-06-30,2024-07-18,36.22,63.78
SADBHAV.NS,2024-09-30,2024-10-21,36.22,63.78
SADBHAV.NS,2024-12-31,2025-01-21,36.22,63.78
SADBHAV.NS,2025-03-31,2025-04-21,36.22,63.78
SADBHAV.NS,2025-06-30,2025-07-25,36.22,63.78
SADBHAV.NS,2025-09-30,2025-10-14,25.52,74.48
SADBHAV.NS,2025-12-31,2026-01-21,25.52,74.48
SADBHAV.NS,2026-03-31,2026-04-15,25.52,74.48
SADBHAV.NS,2026-06-30,2026-07-18,25.52,74.48
SAFARI.NS,2021-09-30,2021-10-08,49.9,50.1
SAFARI.NS,2021-12-31,2022-01-11,49.89,50.11
SAFARI.NS,2022-03-31,2022-04-08,50.02,49.98
SAFARI.NS,2022-06-30,2022-07-07,50.01,49.99
SAFARI.NS,2022-08-30,2022-09-08,47.24,52.76
SAFARI.NS,2022-09-30,2022-10-21,47.24,52.76
SAFARI.NS,2022-12-31,2023-01-11,47.23,52.77
SAFARI.NS,2023-03-31,2023-04-13,47.23,52.77
SAFARI.NS,2023-06-30,2023-07-19,47.23,52.77
SAFARI.NS,2023-09-30,2023-10-10,46.97,53.03
SAFARI.NS,2023-12-13,2023-12-19,46.88,53.12
SAFARI.NS,2023-12-31,2024-01-17,46.88,53.12
SAFARI.NS,2024-02-29,2024-03-06,45.73,54.27
SAFARI.NS,2024-03-31,2024-04-12,45.73,54.27
SAFARI.NS,2024-06-30,2024-07-12,45.73,54.27
SAFARI.NS,2024-09-30,2024-10-08,45.42,54.58
SAFARI.NS,2024-12-31,2025-01-17,45.41,54.59
SAFARI.NS,2025-03-31,2025-04-17,45.41,54.59
SAFARI.NS,2025-06-30,2025-07-21,45.41,54.59
SAFARI.NS,2025-09-30,2025-10-19,44.91,55.09
SAFARI.NS,2025-12-31,2026-01-21,44.7,55.3
SAFARI.NS,2026-03-31,2026-04-15,44.7,55.3
SAFARI.NS,2026-06-30,2026-07-21,44.7,55.3
SAGILITY.NS,2024-11-11,2024-11-12,82.39,17.61
SAGILITY.NS,2024-12-31,2025-01-16,82.39,17.61
SAGILITY.NS,2025-03-31,2025-04-16,82.39,17.61
SAGILITY.NS,2025-06-30,2025-07-21,67.38,32.62
SAGILITY.NS,2025-09-30,2025-10-15,67.38,32.62
SAGILITY.NS,2025-12-31,2026-01-14,50.95,49.05
SAGILITY.NS,2026-03-31,2026-04-20,50.95,49.05
SAGILITY.NS,2026-06-30,2026-07-17,50.95,49.05
SAIL.NS,2021-09-30,2021-10-20,65.0,35.0
SAIL.NS,2021-12-31,2022-01-19,65.0,35.0
SAIL.NS,2022-03-31,2022-04-20,65.0,35.0
SAIL.NS,2022-06-30,2022-07-19,65.0,35.0
SAIL.NS,2022-09-30,2022-10-19,65.0,35.0
SAIL.NS,2022-12-31,2023-01-20,65.0,35.0
SAIL.NS,2023-03-31,2023-04-20,65.0,35.0
SAIL.NS,2023-06-30,2023-07-20,65.0,35.0
SAIL.NS,2023-09-30,2023-10-17,65.0,35.0
SAIL.NS,2023-12-31,2024-01-12,65.0,35.0
SAIL.NS,2024-03-31,2024-04-18,65.0,35.0
SAIL.NS,2024-06-30,2024-07-16,65.0,35.0
SAIL.NS,2024-09-30,2024-10-19,65.0,35.0
SAIL.NS,2024-12-31,2025-01-30,65.0,35.0
SAIL.NS,2025-03-31,2025-04-19,65.0,35.0
SAIL.NS,2025-06-30,2025-07-21,65.0,35.0
SAIL.NS,2025-09-30,2025-10-17,65.0,35.0
SAIL.NS,2025-12-31,2026-01-19,65.0,35.0
SAIL.NS,2026-03-31,2026-04-20,65.0,35.0
SAIL.NS,2026-06-30,2026-07-17,65.0,35.0
SAILIFE.NS,2024-12-16,2024-12-18,35.24,64.76
SAILIFE.NS,2024-12-31,2025-01-20,35.24,64.76
SAILIFE.NS,2025-03-31,2025-04-17,35.17,64.83
SAILIFE.NS,2025-06-30,2025-07-18,35.15,64.85
SAILIFE.NS,2025-09-30,2025-10-19,34.94,65.06
SAILIFE.NS,2025-12-31,2026-01-20,34.7,65.3
SAILIFE.NS,2026-03-31,2026-04-14,34.61,65.39
SAILIFE.NS,2026-06-30,2026-07-20,34.53,65.47
SAMMAANCAP.NS,2021-09-30,2021-10-21,21.69,74.63
SAMMAANCAP.NS,2021-12-31,2022-01-20,9.72,86.62
SAMMAANCAP.NS,2022-03-31,2022-04-20,9.66,85.43
SAMMAANCAP.NS,2022-06-30,2022-07-21,9.59,85.52
SAMMAANCAP.NS,2022-09-30,2022-10-21,9.59,85.52
SAMMAANCAP.NS,2022-12-31,2023-01-17,9.59,85.52
SAMMAANCAP.NS,2023-03-31,2023-04-19,0.0,95.12
SAMMAANCAP.NS,2023-06-30,2023-07-19,0.0,95.12
SAMMAANCAP.NS,2023-09-30,2023-10-12,0.0,98.25
SAMMAANCAP.NS,2023-12-31,2024-01-20,0.0,98.29
SAMMAANCAP.NS,2024-02-15,2024-02-22,0.0,98.29
SAMMAANCAP.NS,2024-03-31,2024-04-21,0.0,98.29
SAMMAANCAP.NS,2024-06-30,2024-07-19,0.0,98.3
SAMMAANCAP.NS,2024-08-29,2024-09-06,0.0,98.3
SAMMAANCAP.NS,2024-09-30,2024-10-17,0.0,98.31
SAMMAANCAP.NS,2024-12-31,2025-01-21,0.0,98.31
SAMMAANCAP.NS,2025-01-27,2025-01-28,0.0,98.48
SAMMAANCAP.NS,2025-03-31,2025-04-21,0.0,98.09
SAMMAANCAP.NS,2025-06-30,2025-07-08,0.0,98.09
SAMMAANCAP.NS,2025-09-30,2025-10-17,0.0,98.09
SAMMAANCAP.NS,2025-12-31,2026-01-21,0.0,98.09
SAMMAANCAP.NS,2026-03-31,2026-04-20,0.0,98.63
SAMMAANCAP.NS,2026-03-31,2026-04-03,0.0,98.63
SAMMAANCAP.NS,2026-06-30,2026-07-20,28.34,70.3
SANOFI.NS,2021-09-30,2021-10-13,60.4,39.6
SANOFI.NS,2021-12-31,2022-01-17,60.4,39.6
SANOFI.NS,2022-03-31,2022-04-12,60.4,39.6
SANOFI.NS,2022-06-30,2022-07-15,60.4,39.6
SANOFI.NS,2022-09-30,2022-10-18,60.4,39.6
SANOFI.NS,2022-12-31,2023-01-13,60.4,39.6
SANOFI.NS,2023-03-31,2023-04-20,60.4,39.6
SANOFI.NS,2023-06-30,2023-07-19,60.4,39.6
SANOFI.NS,2023-09-30,2023-10-19,60.4,39.6
SANOFI.NS,2023-12-31,2024-01-17,60.4,39.6
SANOFI.NS,2024-03-31,2024-04-15,60.4,39.6
SANOFI.NS,2024-06-30,2024-07-17,60.4,39.6
SANOFI.NS,2024-09-30,2024-10-18,60.4,39.6
SANOFI.NS,2024-12-31,2025-01-20,60.4,39.6
SANOFI.NS,2025-03-31,2025-04-19,60.4,39.6
SANOFI.NS,2025-06-30,2025-07-19,60.4,39.6
SANOFI.NS,2025-09-30,2025-10-21,60.4,39.6
SANOFI.NS,2025-12-31,2026-01-20,60.4,39.6
SANOFI.NS,2026-03-31,2026-04-17,60.4,39.6
SANOFI.NS,2026-06-30,2026-07-20,60.4,39.6
SAPPHIRE.NS,2021-11-16,2022-01-19,51.26,48.74
SAPPHIRE.NS,2021-12-31,2022-01-20,51.26,48.74
SAPPHIRE.NS,2022-03-31,2022-04-20,51.26,48.74
SAPPHIRE.NS,2022-06-30,2022-07-20,51.26,48.74
SAPPHIRE.NS,2022-09-30,2022-10-21,51.26,48.74
SAPPHIRE.NS,2022-12-31,2023-01-20,44.9,55.1
SAPPHIRE.NS,2023-03-31,2023-04-21,44.9,55.1
SAPPHIRE.NS,2023-06-30,2023-07-21,44.86,55.14
SAPPHIRE.NS,2023-09-30,2023-10-20,41.68,58.32
SAPPHIRE.NS,2023-12-31,2024-01-20,31.3,68.7
SAPPHIRE.NS,2024-03-31,2024-04-18,30.84,69.16
SAPPHIRE.NS,2024-06-30,2024-07-19,30.82,69.18
SAPPHIRE.NS,2024-09-30,2024-10-17,26.2,73.8
SAPPHIRE.NS,2024-12-31,2025-01-20,26.13,73.87
SAPPHIRE.NS,2025-03-31,2025-04-21,26.08,73.92
SAPPHIRE.NS,2025-06-30,2025-07-21,26.07,73.93
SAPPHIRE.NS,2025-09-30,2025-10-13,26.07,73.93
SAPPHIRE.NS,2025-12-31,2026-01-20,26.07,73.93
SAPPHIRE.NS,2026-03-31,2026-04-21,26.07,73.93
SAPPHIRE.NS,2026-06-30,2026-07-21,26.07,73.93
SARDAEN.NS,2021-09-30,2021-10-18,72.5,27.5
SARDAEN.NS,2021-12-31,2022-01-13,72.5,27.5
SARDAEN.NS,2022-03-31,2022-04-13,72.5,27.5
SARDAEN.NS,2022-06-30,2022-07-18,71.01,28.99
SARDAEN.NS,2022-09-30,2022-10-18,72.64,27.36
SARDAEN.NS,2022-12-31,2023-01-14,72.64,27.36
SARDAEN.NS,2023-03-31,2023-04-13,72.64,27.36
SARDAEN.NS,2023-06-30,2023-07-12,72.64,27.36
SARDAEN.NS,2023-09-30,2023-10-16,72.64,27.36
SARDAEN.NS,2023-12-31,2024-01-17,72.64,27.36
SARDAEN.NS,2024-03-31,2024-04-17,72.64,27.36
SARDAEN.NS,2024-06-30,2024-07-18,72.64,27.36
SARDAEN.NS,2024-09-30,2024-10-16,73.16,26.84
SARDAEN.NS,2024-12-31,2025-01-18,73.16,26.84
SARDAEN.NS,2025-03-31,2025-04-16,73.16,26.84
SARDAEN.NS,2025-06-30,2025-07-19,73.16,26.84
SARDAEN.NS,2025-09-30,2025-10-15,73.16,26.84
SARDAEN.NS,2025-12-31,2026-01-15,73.16,26.84
SARDAEN.NS,2026-03-31,2026-04-09,73.16,26.84
SARDAEN.NS,2026-06-30,2026-07-07,73.16,26.84
SAREGAMA.NS,2021-09-30,2021-10-21,63.77,36.01
SAREGAMA.NS,2021-11-10,2021-11-11,63.77,36.01
SAREGAMA.NS,2021-12-31,2022-01-13,57.65,42.16
SAREGAMA.NS,2022-03-31,2022-04-21,57.65,42.25
SAREGAMA.NS,2022-06-30,2022-07-20,58.49,41.41
SAREGAMA.NS,2022-09-30,2022-10-20,58.49,41.4
SAREGAMA.NS,2022-12-31,2023-01-06,58.49,41.36
SAREGAMA.NS,2023-03-31,2023-04-21,58.49,41.27
SAREGAMA.NS,2023-06-30,2023-07-21,58.83,40.93
SAREGAMA.NS,2023-09-30,2023-10-21,59.09,40.65
SAREGAMA.NS,2023-12-31,2024-01-21,59.09,40.65
SAREGAMA.NS,2024-03-31,2024-04-20,59.09,40.65
SAREGAMA.NS,2024-06-30,2024-07-20,59.22,40.52
SAREGAMA.NS,2024-09-30,2024-10-21,59.38,40.38
SAREGAMA.NS,2024-12-31,2025-01-20,59.5,40.26
SAREGAMA.NS,2025-03-31,2025-04-21,59.65,40.05
SAREGAMA.NS,2025-06-30,2025-07-21,59.65,40.01
SAREGAMA.NS,2025-09-30,2025-10-17,59.65,40.01
SAREGAMA.NS,2025-12-31,2026-01-19,60.39,39.17
SAREGAMA.NS,2026-03-31,2026-04-17,60.84,38.72
SAREGAMA.NS,2026-06-30,2026-07-15,60.84,38.72
SBFC.NS,2023-08-11,2023-08-17,64.02,35.53
SBFC.NS,2023-09-30,2023-10-19,64.05,35.5
SBFC.NS,2023-12-31,2024-01-20,63.73,36.05
SBFC.NS,2024-03-31,2024-04-20,60.66,39.16
SBFC.NS,2024-06-30,2024-07-20,55.19,44.66
SBFC.NS,2024-09-30,2024-10-10,55.05,44.83
SBFC.NS,2024-12-31,2025-01-16,54.75,45.16
SBFC.NS,2025-03-31,2025-04-21,53.33,46.59
SBFC.NS,2025-06-30,2025-07-17,53.19,46.74
SBFC.NS,2025-09-30,2025-10-13,52.98,46.95
SBFC.NS,2025-12-31,2026-01-16,52.82,47.11
SBFC.NS,2026-03-31,2026-04-17,52.35,47.59
SBFC.NS,2026-06-30,2026-07-20,52.31,47.63
SBICARD.NS,2021-09-30,2021-10-11,69.37,30.63
SBICARD.NS,2021-12-31,2022-01-19,69.47,30.53
SBICARD.NS,2022-03-31,2022-04-14,69.59,30.41
SBICARD.NS,2022-06-30,2022-07-18,69.64,30.36
SBICARD.NS,2022-09-30,2022-10-20,69.41,30.59
SBICARD.NS,2022-12-31,2023-01-19,69.05,30.95
SBICARD.NS,2023-03-31,2023-04-20,69.02,30.98
SBICARD.NS,2023-06-30,2023-07-19,68.96,31.04
SBICARD.NS,2023-09-30,2023-10-20,68.94,31.06
SBICARD.NS,2023-12-31,2024-01-19,68.75,31.25
SBICARD.NS,2024-03-31,2024-04-19,68.63,31.37
SBICARD.NS,2024-06-30,2024-07-19,68.62,31.38
SBICARD.NS,2024-09-30,2024-10-18,68.61,31.39
SBICARD.NS,2024-12-31,2025-01-16,68.6,31.4
SBICARD.NS,2025-03-31,2025-04-17,68.6,31.4
SBICARD.NS,2025-06-30,2025-07-21,68.59,31.41
SBICARD.NS,2025-09-30,2025-10-17,68.59,31.41
SBICARD.NS,2025-12-31,2026-01-20,68.58,31.42
SBICARD.NS,2026-03-31,2026-04-17,68.92,31.08
SBICARD.NS,2026-06-30,2026-07-20,68.86,31.14
SBILIFE.NS,2021-09-30,2021-10-08,55.69,44.31
SBILIFE.NS,2021-12-31,2022-01-07,55.69,44.31
SBILIFE.NS,2022-03-31,2022-04-18,55.48,44.52
SBILIFE.NS,2022-06-30,2022-07-06,55.48,44.52
SBILIFE.NS,2022-09-30,2022-10-21,55.46,44.54
SBILIFE.NS,2022-12-31,2023-01-10,55.45,44.55
SBILIFE.NS,2023-03-31,2023-04-12,55.45,44.55
SBILIFE.NS,2023-06-30,2023-07-07,55.45,44.55
SBILIFE.NS,2023-09-30,2023-10-12,55.44,44.56
SBILIFE.NS,2023-12-31,2024-01-11,55.43,44.57
SBILIFE.NS,2024-03-31,2024-04-18,55.42,44.58
SBILIFE.NS,2024-06-30,2024-07-18,55.41,44.59
SBILIFE.NS,2024-09-30,2024-10-16,55.39,44.61
SBILIFE.NS,2024-12-31,2025-01-13,55.38,44.62
SBILIFE.NS,2025-03-31,2025-04-11,55.38,44.62
SBILIFE.NS,2025-06-30,2025-07-18,55.37,44.63
SBILIFE.NS,2025-09-30,2025-10-17,55.36,44.64
SBILIFE.NS,2025-12-31,2026-01-13,55.34,44.66
SBILIFE.NS,2026-03-31,2026-04-16,55.33,44.67
SBILIFE.NS,2026-06-30,2026-07-17,55.32,44.68
SBIN.NS,2021-09-30,2021-10-06,57.62,42.38
SBIN.NS,2021-12-31,2022-01-18,57.6,42.4
SBIN.NS,2022-03-31,2022-04-21,57.59,42.41
SBIN.NS,2022-06-30,2022-07-06,57.57,42.43
SBIN.NS,2022-09-30,2022-10-17,57.52,42.48
SBIN.NS,2022-12-31,2023-01-11,57.5,42.5
SBIN.NS,2023-03-31,2023-04-18,57.49,42.51
SBIN.NS,2023-06-30,2023-07-15,57.47,42.53
SBIN.NS,2023-09-30,2023-10-12,57.49,42.51
SBIN.NS,2023-12-31,2024-01-11,57.49,42.51
SBIN.NS,2024-03-31,2024-04-15,57.54,42.46
SBIN.NS,2024-06-30,2024-07-08,57.54,42.46
SBIN.NS,2024-09-30,2024-10-14,57.51,42.49
SBIN.NS,2024-12-31,2025-01-20,57.43,42.57
SBIN.NS,2025-03-31,2025-04-17,57.43,42.57
SBIN.NS,2025-06-30,2025-07-18,57.42,42.58
SBIN.NS,2025-07-21,2025-07-30,55.5,44.5
SBIN.NS,2025-09-30,2025-10-16,55.5,44.5
SBIN.NS,2025-12-31,2026-01-19,55.5,44.5
SBIN.NS,2026-03-31,2026-04-18,55.52,44.48
SBIN.NS,2026-06-30,2026-07-15,55.47,44.53
SCHAEFFLER.NS,2021-03-31,2021-04-13,74.13,25.87
SCHAEFFLER.NS,2021-09-30,2021-10-14,74.13,25.87
SCHAEFFLER.NS,2021-12-31,2022-01-17,74.13,25.87
SCHAEFFLER.NS,2022-03-31,2022-04-19,74.13,25.87
SCHAEFFLER.NS,2022-06-30,2022-07-14,74.13,25.87
SCHAEFFLER.NS,2022-09-30,2022-10-18,74.13,25.87
SCHAEFFLER.NS,2022-12-31,2023-01-12,74.13,25.87
SCHAEFFLER.NS,2023-03-31,2023-04-07,74.13,25.87
SCHAEFFLER.NS,2023-06-30,2023-07-10,74.13,25.87
SCHAEFFLER.NS,2023-09-30,2023-10-13,74.13,25.87
SCHAEFFLER.NS,2023-12-31,2024-01-09,74.13,25.87
SCHAEFFLER.NS,2024-03-31,2024-04-10,74.13,25.87
SCHAEFFLER.NS,2024-06-30,2024-07-10,74.13,25.87
SCHAEFFLER.NS,2024-09-30,2024-10-16,74.13,25.87
SCHAEFFLER.NS,2024-12-31,2025-01-17,74.13,25.87
SCHAEFFLER.NS,2025-03-31,2025-04-11,74.13,25.87
SCHAEFFLER.NS,2025-06-30,2025-07-09,74.13,25.87
SCHAEFFLER.NS,2025-09-30,2025-10-16,74.13,25.87
SCHAEFFLER.NS,2025-12-31,2026-01-16,74.13,25.87
SCHAEFFLER.NS,2026-03-31,2026-04-20,74.13,25.87
SCHAEFFLER.NS,2026-06-30,2026-07-14,74.13,25.87
SCHNEIDER.NS,2021-09-30,2021-10-18,75.0,25.0
SCHNEIDER.NS,2021-12-31,2022-01-17,75.0,25.0
SCHNEIDER.NS,2022-03-31,2022-04-12,75.0,25.0
SCHNEIDER.NS,2022-06-30,2022-07-18,75.0,25.0
SCHNEIDER.NS,2022-09-30,2022-10-20,75.0,25.0
SCHNEIDER.NS,2022-12-31,2023-01-12,75.0,25.0
SCHNEIDER.NS,2023-03-31,2023-04-14,75.0,25.0
SCHNEIDER.NS,2023-06-30,2023-07-14,75.0,25.0
SCHNEIDER.NS,2023-09-30,2023-10-18,75.0,25.0
SCHNEIDER.NS,2023-12-31,2024-01-17,75.0,25.0
SCHNEIDER.NS,2024-03-31,2024-04-17,75.0,25.0
SCHNEIDER.NS,2024-06-30,2024-07-19,75.0,25.0
SCHNEIDER.NS,2024-09-30,2024-10-16,75.0,25.0
SCHNEIDER.NS,2024-12-31,2025-01-14,75.0,25.0
SCHNEIDER.NS,2025-03-31,2025-04-15,75.0,25.0
SCHNEIDER.NS,2025-06-30,2025-07-18,75.0,25.0
SCHNEIDER.NS,2025-09-30,2025-10-15,75.0,25.0
SCHNEIDER.NS,2025-12-31,2026-01-09,75.0,25.0
SCHNEIDER.NS,2026-03-31,2026-04-17,75.0,25.0
SCHNEIDER.NS,2026-06-30,2026-07-17,75.0,25.0
SCI.NS,2021-09-30,2021-10-13,63.75,36.25
SCI.NS,2021-12-31,2022-01-10,63.75,36.25
SCI.NS,2022-03-31,2022-04-20,63.75,36.25
SCI.NS,2022-06-30,2022-07-12,63.75,36.25
SCI.NS,2022-09-30,2022-10-18,63.75,36.25
SCI.NS,2022-12-31,2023-01-16,63.75,36.25
SCI.NS,2023-03-31,2023-04-19,63.75,36.25
SCI.NS,2023-06-30,2023-07-18,63.75,36.25
SCI.NS,2023-09-30,2023-10-12,63.75,36.25
SCI.NS,2023-12-31,2024-01-17,63.75,36.25
SCI.NS,2024-03-31,2024-04-16,63.75,36.25
SCI.NS,2024-06-30,2024-07-15,63.75,36.25
SCI.NS,2024-09-30,2024-10-15,63.75,36.25
SCI.NS,2024-12-31,2025-01-22,63.75,36.25
SCI.NS,2025-03-31,2025-04-16,63.75,36.25
SCI.NS,2025-06-30,2025-07-18,63.75,36.25
SCI.NS,2025-09-30,2025-10-16,63.75,36.25
SCI.NS,2025-12-31,2026-01-14,63.75,36.25
SCI.NS,2026-03-31,2026-04-09,63.75,36.25
SCI.NS,2026-06-30,2026-07-17,63.75,36.25
SFL.NS,2021-09-30,2021-10-20,72.95,27.05
SFL.NS,2021-12-31,2022-01-20,72.95,27.05
SFL.NS,2022-03-31,2022-04-20,72.95,27.05
SFL.NS,2022-06-30,2022-07-19,72.95,27.05
SFL.NS,2022-09-30,2022-10-20,72.95,27.05
SFL.NS,2022-12-23,2022-12-28,72.95,27.05
SFL.NS,2022-12-31,2023-01-10,72.95,27.05
SFL.NS,2023-03-31,2023-04-20,72.95,27.05
SFL.NS,2023-06-30,2023-07-12,72.95,27.05
SFL.NS,2023-08-26,2023-09-28,65.48,34.52
SFL.NS,2023-09-30,2023-10-18,65.48,34.52
SFL.NS,2023-12-31,2024-01-20,65.48,34.52
SFL.NS,2024-03-31,2024-04-20,65.48,34.52
SFL.NS,2024-06-30,2024-07-18,65.48,34.52
SFL.NS,2024-09-30,2024-10-18,65.48,34.52
SFL.NS,2024-12-31,2025-01-21,65.7,34.3
SFL.NS,2025-03-31,2025-04-15,65.69,34.31
SFL.NS,2025-06-30,2025-07-15,65.69,34.31
SFL.NS,2025-09-30,2025-10-09,65.69,34.31
SFL.NS,2025-12-31,2026-01-16,65.69,34.31
SFL.NS,2026-03-31,2026-04-17,65.69,34.31
SFL.NS,2026-06-30,2026-07-20,65.39,34.61
SHARDACROP.NS,2021-09-30,2021-10-07,74.82,25.18
SHARDACROP.NS,2021-12-31,2022-01-07,74.82,25.18
SHARDACROP.NS,2022-03-31,2022-04-07,74.82,25.18
SHARDACROP.NS,2022-06-30,2022-07-08,74.82,25.18
SHARDACROP.NS,2022-09-30,2022-10-15,74.82,25.18
SHARDACROP.NS,2022-12-31,2023-01-09,74.82,25.18
SHARDACROP.NS,2023-03-31,2023-04-07,74.82,25.18
SHARDACROP.NS,2023-06-30,2023-07-11,74.82,25.18
SHARDACROP.NS,2023-09-30,2023-10-07,74.82,25.18
SHARDACROP.NS,2023-12-31,2024-01-05,74.82,25.18
SHARDACROP.NS,2024-03-31,2024-04-03,74.82,25.18
SHARDACROP.NS,2024-06-30,2024-07-03,74.82,25.18
SHARDACROP.NS,2024-09-30,2024-10-07,74.82,25.18
SHARDACROP.NS,2024-12-31,2025-01-03,74.82,25.18
SHARDACROP.NS,2025-03-31,2025-04-04,74.82,25.18
SHARDACROP.NS,2025-06-30,2025-07-07,74.82,25.18
SHARDACROP.NS,2025-09-30,2025-10-04,74.82,25.18
SHARDACROP.NS,2025-12-31,2026-01-06,74.82,25.18
SHARDACROP.NS,2026-03-31,2026-04-03,74.82,25.18
SHARDACROP.NS,2026-06-30,2026-07-03,74.82,25.18
SHILPAMED.NS,2021-09-30,2021-10-12,53.25,46.75
SHILPAMED.NS,2021-11-12,2021-11-17,50.01,49.99
SHILPAMED.NS,2021-12-31,2022-01-18,50.01,49.99
SHILPAMED.NS,2022-03-31,2022-04-08,50.01,49.99
SHILPAMED.NS,2022-06-30,2022-07-14,50.01,49.99
SHILPAMED.NS,2022-09-30,2022-10-19,50.01,49.99
SHILPAMED.NS,2022-12-31,2023-01-09,50.01,49.99
SHILPAMED.NS,2023-03-31,2023-04-19,50.01,49.99
SHILPAMED.NS,2023-06-30,2023-07-08,50.01,49.99
SHILPAMED.NS,2023-09-30,2023-10-11,50.01,49.99
SHILPAMED.NS,2023-12-31,2024-01-09,50.01,49.99
SHILPAMED.NS,2024-03-31,2024-04-18,50.01,49.99
SHILPAMED.NS,2024-04-13,2024-04-18,44.39,55.61
SHILPAMED.NS,2024-06-30,2024-07-12,44.39,55.61
SHILPAMED.NS,2024-09-30,2024-10-17,44.33,55.67
SHILPAMED.NS,2024-12-31,2025-01-20,44.23,55.77
SHILPAMED.NS,2025-03-31,2025-04-16,44.23,55.77
SHILPAMED.NS,2025-06-30,2025-07-17,44.23,55.77
SHILPAMED.NS,2025-09-30,2025-10-15,44.23,55.77
SHILPAMED.NS,2025-12-31,2026-01-12,40.13,59.87
SHILPAMED.NS,2026-03-31,2026-04-09,40.13,59.87
SHILPAMED.NS,2026-06-30,2026-07-13,40.13,59.87
SHOPERSTOP.NS,2021-09-30,2021-10-18,65.41,34.59
SHOPERSTOP.NS,2021-12-31,2022-01-11,65.51,34.49
SHOPERSTOP.NS,2022-03-31,2022-04-20,65.55,34.45
SHOPERSTOP.NS,2022-06-30,2022-07-18,65.55,34.45
SHOPERSTOP.NS,2022-09-30,2022-10-20,65.51,34.49
SHOPERSTOP.NS,2022-12-31,2023-01-19,65.46,34.54
SHOPERSTOP.NS,2023-03-31,2023-04-18,65.46,34.54
SHOPERSTOP.NS,2023-06-30,2023-07-17,65.46,34.54
SHOPERSTOP.NS,2023-09-30,2023-10-17,65.55,34.45
SHOPERSTOP.NS,2023-12-31,2024-01-17,65.55,34.45
SHOPERSTOP.NS,2024-03-31,2024-04-16,65.54,34.46
SHOPERSTOP.NS,2024-06-30,2024-07-15,65.58,34.42
SHOPERSTOP.NS,2024-09-30,2024-10-17,65.57,34.43
SHOPERSTOP.NS,2024-12-31,2025-01-09,65.55,34.45
SHOPERSTOP.NS,2025-03-31,2025-04-18,65.52,34.48
SHOPERSTOP.NS,2025-06-30,2025-07-21,65.52,34.48
SHOPERSTOP.NS,2025-09-30,2025-10-16,65.53,34.47
SHOPERSTOP.NS,2025-12-31,2026-01-19,65.7,34.3
SHOPERSTOP.NS,2026-03-31,2026-04-21,66.06,33.94
SHOPERSTOP.NS,2026-06-30,2026-07-10,66.06,33.94
SHREECEM.NS,2021-09-30,2021-10-16,62.55,37.45
SHREECEM.NS,2021-12-31,2022-01-17,62.55,37.45
SHREECEM.NS,2022-03-31,2022-04-14,62.55,37.45
SHREECEM.NS,2022-06-30,2022-07-18,62.55,37.45
SHREECEM.NS,2022-09-30,2022-10-20,62.55,37.45
SHREECEM.NS,2022-12-31,2023-01-17,62.55,37.45
SHREECEM.NS,2023-03-31,2023-04-19,62.55,37.45
SHREECEM.NS,2023-06-30,2023-07-18,62.55,37.45
SHREECEM.NS,2023-09-30,2023-10-13,62.55,37.45
SHREECEM.NS,2023-12-31,2024-01-10,62.55,37.45
SHREECEM.NS,2024-03-31,2024-04-09,62.55,37.45
SHREECEM.NS,2024-06-30,2024-07-11,62.55,37.45
SHREECEM.NS,2024-09-30,2024-10-11,62.55,37.45
SHREECEM.NS,2024-12-31,2025-01-10,62.55,37.45
SHREECEM.NS,2025-03-31,2025-04-16,62.55,37.45
SHREECEM.NS,2025-06-30,2025-07-17,62.55,37.45
SHREECEM.NS,2025-09-30,2025-10-13,62.55,37.45
SHREECEM.NS,2025-12-31,2026-01-14,62.55,37.45
SHREECEM.NS,2026-03-31,2026-04-08,62.55,37.45
SHREECEM.NS,2026-06-30,2026-07-13,62.55,37.45
SHRIRAMFIN.NS,2021-09-30,2021-10-20,25.58,74.42
SHRIRAMFIN.NS,2021-12-31,2022-01-19,26.06,73.94
SHRIRAMFIN.NS,2022-03-31,2022-04-16,26.45,73.55
SHRIRAMFIN.NS,2022-06-30,2022-07-15,29.3,70.7
SHRIRAMFIN.NS,2022-09-30,2022-10-18,29.37,70.63
SHRIRAMFIN.NS,2022-12-12,2022-12-13,25.24,74.76
SHRIRAMFIN.NS,2022-12-31,2023-01-18,25.29,74.71
SHRIRAMFIN.NS,2023-03-31,2023-04-19,25.51,74.49
SHRIRAMFIN.NS,2023-06-30,2023-07-19,25.48,74.52
SHRIRAMFIN.NS,2023-09-30,2023-10-18,25.45,74.55
SHRIRAMFIN.NS,2023-12-31,2024-01-18,25.43,74.57
SHRIRAMFIN.NS,2024-03-31,2024-04-19,25.42,74.58
SHRIRAMFIN.NS,2024-06-30,2024-07-18,25.41,74.59
SHRIRAMFIN.NS,2024-09-30,2024-10-17,25.4,74.6
SHRIRAMFIN.NS,2024-12-31,2025-01-21,25.4,74.6
SHRIRAMFIN.NS,2025-03-31,2025-04-18,25.4,74.6
SHRIRAMFIN.NS,2025-06-30,2025-07-18,25.39,74.61
SHRIRAMFIN.NS,2025-09-30,2025-10-17,25.39,74.61
SHRIRAMFIN.NS,2025-12-31,2026-01-20,25.38,74.62
SHRIRAMFIN.NS,2026-03-31,2026-04-17,25.38,74.62
SHRIRAMFIN.NS,2026-04-08,2026-04-08,20.3,79.7
SHRIRAMFIN.NS,2026-06-30,2026-07-21,20.3,79.7
SHYAMMETL.NS,2021-06-30,2021-07-16,88.35,11.65
SHYAMMETL.NS,2021-09-30,2021-10-07,88.35,11.65
SHYAMMETL.NS,2021-12-31,2022-01-20,88.35,11.65
SHYAMMETL.NS,2022-03-31,2022-04-20,88.35,11.65
SHYAMMETL.NS,2022-06-30,2022-07-20,88.35,11.65
SHYAMMETL.NS,2022-09-30,2022-10-20,88.35,11.65
SHYAMMETL.NS,2022-12-31,2023-01-16,88.35,11.65
SHYAMMETL.NS,2023-03-31,2023-04-10,88.35,11.65
SHYAMMETL.NS,2023-06-30,2023-07-11,88.35,11.65
SHYAMMETL.NS,2023-09-30,2023-10-10,81.62,17.95
SHYAMMETL.NS,2023-12-31,2024-01-11,81.62,17.95
SHYAMMETL.NS,2024-01-05,2024-01-13,74.59,25.02
SHYAMMETL.NS,2024-03-31,2024-04-12,74.59,25.02
SHYAMMETL.NS,2024-06-30,2024-07-09,74.59,25.02
SHYAMMETL.NS,2024-09-30,2024-10-17,74.59,25.02
SHYAMMETL.NS,2024-12-31,2025-01-13,74.59,25.02
SHYAMMETL.NS,2025-03-31,2025-04-15,74.59,25.09
SHYAMMETL.NS,2025-06-30,2025-07-04,74.59,25.09
SHYAMMETL.NS,2025-09-30,2025-10-07,74.59,25.09
SHYAMMETL.NS,2025-12-31,2026-01-09,74.59,25.09
SHYAMMETL.NS,2026-03-31,2026-04-14,74.59,25.11
SHYAMMETL.NS,2026-06-30,2026-07-09,74.59,25.14
SIEMENS.NS,2021-09-30,2021-10-21,75.0,25.0
SIEMENS.NS,2021-12-31,2022-01-19,75.0,25.0
SIEMENS.NS,2022-03-31,2022-04-20,75.0,25.0
SIEMENS.NS,2022-06-30,2022-07-20,75.0,25.0
SIEMENS.NS,2022-09-30,2022-10-20,75.0,25.0
SIEMENS.NS,2022-12-31,2023-01-20,75.0,25.0
SIEMENS.NS,2023-03-31,2023-04-20,75.0,25.0
SIEMENS.NS,2023-06-30,2023-07-20,75.0,25.0
SIEMENS.NS,2023-09-30,2023-10-19,75.0,25.0
SIEMENS.NS,2023-12-31,2024-01-18,75.0,25.0
SIEMENS.NS,2024-03-31,2024-04-19,75.0,25.0
SIEMENS.NS,2024-06-30,2024-07-19,75.0,25.0
SIEMENS.NS,2024-09-30,2024-10-18,75.0,25.0
SIEMENS.NS,2024-12-31,2025-01-20,75.0,25.0
SIEMENS.NS,2025-03-31,2025-04-21,75.0,25.0
SIEMENS.NS,2025-06-30,2025-07-21,75.0,25.0
SIEMENS.NS,2025-09-30,2025-10-20,75.0,25.0
SIEMENS.NS,2025-12-31,2026-01-21,75.0,25.0
SIEMENS.NS,2026-03-31,2026-04-21,75.0,25.0
SIEMENS.NS,2026-06-30,2026-07-21,75.0,25.0
SIGNATURE.NS,2023-09-26,2024-06-12,69.63,30.37
SIGNATURE.NS,2023-09-30,2023-10-21,69.63,30.37
SIGNATURE.NS,2023-12-31,2024-01-19,69.63,30.37
SIGNATURE.NS,2024-03-31,2024-04-18,69.63,30.37
SIGNATURE.NS,2024-06-30,2024-07-19,69.63,30.37
SIGNATURE.NS,2024-09-30,2024-10-19,69.63,30.37
SIGNATURE.NS,2024-12-31,2025-01-20,69.63,30.37
SIGNATURE.NS,2025-03-31,2025-04-19,69.63,30.37
SIGNATURE.NS,2025-06-30,2025-07-21,69.63,30.37
SIGNATURE.NS,2025-09-30,2025-10-21,69.63,30.37
SIGNATURE.NS,2025-12-31,2026-01-21,69.63,30.37
SIGNATURE.NS,2026-03-31,2026-04-21,69.63,30.37
SIGNATURE.NS,2026-06-30,2026-07-21,69.54,30.46
SIS.NS,2021-09-30,2021-10-19,72.81,27.19
SIS.NS,2021-12-31,2022-01-17,71.62,28.38
SIS.NS,2022-03-31,2022-04-15,71.55,28.45
SIS.NS,2022-06-30,2022-07-21,71.55,28.45
SIS.NS,2022-09-30,2022-10-19,71.48,28.52
SIS.NS,2022-12-31,2023-01-18,71.59,28.41
SIS.NS,2023-03-31,2023-04-18,71.59,28.41
SIS.NS,2023-06-30,2023-07-19,71.59,28.41
SIS.NS,2023-09-30,2023-10-18,71.58,28.42
SIS.NS,2023-12-31,2024-01-19,71.58,28.42
SIS.NS,2024-03-31,2024-04-16,71.7,28.3
SIS.NS,2024-06-30,2024-07-17,71.69,28.31
SIS.NS,2024-09-30,2024-10-19,71.85,28.15
SIS.NS,2024-12-31,2025-01-21,72.09,27.91
SIS.NS,2025-03-31,2025-04-19,71.98,28.02
SIS.NS,2025-06-26,2025-07-04,72.14,27.86
SIS.NS,2025-06-30,2025-07-18,72.14,27.86
SIS.NS,2025-09-30,2025-10-17,72.09,27.91
SIS.NS,2025-12-31,2026-01-20,72.02,27.98
SIS.NS,2026-03-31,2026-04-21,71.88,28.12
SIS.NS,2026-06-30,2026-07-21,71.86,28.14
SJVN.NS,2021-09-30,2021-10-08,86.77,13.23
SJVN.NS,2021-12-31,2022-01-10,86.77,13.23
SJVN.NS,2022-03-31,2022-04-07,86.77,13.23
SJVN.NS,2022-06-30,2022-07-14,86.77,13.23
SJVN.NS,2022-09-30,2022-10-17,86.77,13.23
SJVN.NS,2022-12-31,2023-01-05,86.77,13.23
SJVN.NS,2023-03-31,2023-04-17,86.77,13.23
SJVN.NS,2023-06-30,2023-07-10,86.77,13.23
SJVN.NS,2023-09-30,2023-10-06,81.85,18.15
SJVN.NS,2023-12-31,2024-01-08,81.85,18.15
SJVN.NS,2024-03-31,2024-04-05,81.85,18.15
SJVN.NS,2024-06-30,2024-07-05,81.85,18.15
SJVN.NS,2024-09-30,2024-10-11,81.85,18.15
SJVN.NS,2024-12-31,2025-01-07,81.85,18.15
SJVN.NS,2025-03-31,2025-04-07,81.85,18.15
SJVN.NS,2025-06-30,2025-07-11,81.85,18.15
SJVN.NS,2025-09-30,2025-10-07,81.85,18.15
SJVN.NS,2025-12-31,2026-01-05,81.85,18.15
SJVN.NS,2026-03-31,2026-04-07,81.85,18.15
SJVN.NS,2026-06-30,2026-07-09,81.85,18.15
SKFINDIA.NS,2021-09-30,2021-10-14,52.58,47.42
SKFINDIA.NS,2021-12-31,2022-01-18,52.58,47.42
SKFINDIA.NS,2022-03-31,2022-04-18,52.58,47.42
SKFINDIA.NS,2022-06-30,2022-07-13,52.58,47.42
SKFINDIA.NS,2022-09-30,2022-10-18,52.58,47.42
SKFINDIA.NS,2022-12-31,2023-01-12,52.58,47.42
SKFINDIA.NS,2023-03-31,2023-04-19,52.58,47.42
SKFINDIA.NS,2023-06-30,2023-07-18,52.58,47.42
SKFINDIA.NS,2023-09-30,2023-10-16,52.58,47.42
SKFINDIA.NS,2023-12-31,2024-01-12,52.58,47.42
SKFINDIA.NS,2024-03-31,2024-04-11,52.58,47.42
SKFINDIA.NS,2024-06-30,2024-07-09,52.58,47.42
SKFINDIA.NS,2024-09-30,2024-10-18,52.58,47.42
SKFINDIA.NS,2024-12-31,2025-01-08,52.58,47.42
SKFINDIA.NS,2025-03-31,2025-04-15,52.58,47.42
SKFINDIA.NS,2025-06-30,2025-07-15,52.58,47.42
SKFINDIA.NS,2025-09-30,2025-10-17,52.58,47.42
SKFINDIA.NS,2025-12-31,2026-01-13,52.58,47.42
SKFINDIA.NS,2026-03-31,2026-04-10,52.58,47.42
SKFINDIA.NS,2026-06-30,2026-07-20,52.58,47.42
SOBHA.NS,2015-12-31,2016-01-19,60.58,39.42
SOBHA.NS,2016-03-31,2016-04-20,60.58,39.42
SOBHA.NS,2016-06-30,2016-07-14,60.58,39.42
SOBHA.NS,2016-09-30,2016-10-14,60.24,39.76
SOBHA.NS,2016-12-31,2017-01-19,60.24,39.76
SOBHA.NS,2017-03-31,2017-04-19,60.24,39.76
SOBHA.NS,2017-06-30,2017-07-20,56.08,43.92
SOBHA.NS,2017-09-30,2017-10-12,56.08,43.92
SOBHA.NS,2017-12-31,2018-01-17,55.94,44.06
SOBHA.NS,2018-03-31,2018-04-11,55.94,44.06
SOBHA.NS,2018-06-30,2018-07-17,55.94,44.06
SOBHA.NS,2018-09-30,2018-10-16,55.94,44.06
SOBHA.NS,2018-12-31,2019-01-17,55.97,44.03
SOBHA.NS,2019-03-31,2019-04-17,55.97,44.03
SOBHA.NS,2019-09-30,2019-10-21,51.75,48.25
SOBHA.NS,2019-12-31,2020-01-17,51.75,48.25
SOBHA.NS,2020-03-31,2020-04-09,51.78,48.22
SOBHA.NS,2020-06-30,2020-07-13,51.9,48.1
SOBHA.NS,2020-09-30,2020-10-14,51.99,48.01
SOBHA.NS,2020-12-31,2021-01-20,51.99,48.01
SOBHA.NS,2021-03-31,2021-04-15,51.99,48.01
SOBHA.NS,2021-06-30,2021-07-14,51.99,48.01
SOBHA.NS,2021-09-30,2021-10-12,51.99,48.01
SOBHA.NS,2021-12-31,2022-01-18,51.99,48.01
SOBHA.NS,2022-03-31,2022-04-21,51.99,48.01
SOBHA.NS,2022-06-30,2022-07-21,51.99,48.01
SOBHA.NS,2022-09-30,2022-10-20,51.99,48.01
SOBHA.NS,2022-12-31,2023-01-19,51.99,48.01
SOBHA.NS,2023-03-31,2023-04-20,52.26,47.74
SOBHA.NS,2023-06-30,2023-07-17,52.28,47.72
SOBHA.NS,2023-09-30,2023-10-18,52.28,47.72
SOBHA.NS,2023-12-31,2024-01-11,52.28,47.72
SOBHA.NS,2024-03-31,2024-04-16,52.28,47.72
SOBHA.NS,2024-06-30,2024-07-12,52.28,47.72
SOBHA.NS,2024-07-11,2024-07-19,52.77,47.23
SOBHA.NS,2024-09-30,2024-10-18,52.77,47.23
SOBHA.NS,2024-12-31,2025-01-21,52.77,47.23
SOBHA.NS,2025-01-21,2025-01-29,52.77,47.23
SOBHA.NS,2025-03-13,2025-03-20,52.88,47.12
SOBHA.NS,2025-03-31,2025-04-18,52.88,47.12
SOBHA.NS,2025-05-13,2025-05-16,52.88,47.12
SOBHA.NS,2025-06-30,2025-07-16,52.88,47.12
SOBHA.NS,2025-09-30,2025-10-14,52.88,47.12
SOBHA.NS,2025-12-31,2026-01-12,52.88,47.12
SOBHA.NS,2026-03-31,2026-04-16,52.88,47.12
SOBHA.NS,2026-06-30,2026-07-10,52.88,47.12
SOLARA.NS,2021-06-30,2021-07-19,41.07,58.93
SOLARA.NS,2021-09-30,2021-10-20,41.07,58.93
SOLARA.NS,2021-12-31,2022-01-13,39.51,60.49
SOLARA.NS,2022-03-31,2022-04-12,39.71,60.29
SOLARA.NS,2022-06-30,2022-07-11,40.4,59.6
SOLARA.NS,2022-09-30,2022-10-14,40.4,59.6
SOLARA.NS,2022-12-31,2023-01-11,40.4,59.6
SOLARA.NS,2023-03-31,2023-04-18,40.97,59.03
SOLARA.NS,2023-06-30,2023-07-15,39.31,60.69
SOLARA.NS,2023-09-30,2023-10-13,37.19,62.81
SOLARA.NS,2023-12-31,2024-01-11,30.49,69.51
SOLARA.NS,2024-03-31,2024-04-13,30.49,69.51
SOLARA.NS,2024-06-19,2024-06-21,37.27,62.73
SOLARA.NS,2024-06-30,2024-07-18,37.27,62.73
SOLARA.NS,2024-09-30,2024-10-18,37.27,62.73
SOLARA.NS,2024-12-31,2025-01-21,37.23,62.77
SOLARA.NS,2025-03-31,2025-04-19,37.94,62.06
SOLARA.NS,2025-06-30,2025-07-21,42.01,57.99
SOLARA.NS,2025-09-30,2025-10-17,42.01,57.99
SOLARA.NS,2025-12-31,2026-01-20,42.0,58.0
SOLARA.NS,2026-03-31,2026-04-20,42.0,58.0
SOLARA.NS,2026-05-15,2026-05-22,42.0,58.0
SOLARA.NS,2026-06-30,2026-07-20,41.93,58.07
SOLARINDS.NS,2021-09-30,2021-10-13,73.15,26.85
SOLARINDS.NS,2021-12-31,2022-01-12,73.15,26.85
SOLARINDS.NS,2022-03-31,2022-04-09,73.15,26.85
SOLARINDS.NS,2022-06-30,2022-07-07,73.15,26.85
SOLARINDS.NS,2022-09-30,2022-10-18,73.15,26.85
SOLARINDS.NS,2022-12-31,2023-01-11,73.15,26.85
SOLARINDS.NS,2023-03-31,2023-04-11,73.15,26.85
SOLARINDS.NS,2023-06-30,2023-07-10,73.15,26.85
SOLARINDS.NS,2023-09-30,2023-10-12,73.15,26.85
SOLARINDS.NS,2023-12-31,2024-01-12,73.15,26.85
SOLARINDS.NS,2024-03-31,2024-04-11,73.15,26.85
SOLARINDS.NS,2024-06-30,2024-07-12,73.15,26.85
SOLARINDS.NS,2024-09-30,2024-10-11,73.15,26.85
SOLARINDS.NS,2024-12-31,2025-01-08,73.15,26.85
SOLARINDS.NS,2025-03-31,2025-04-17,73.15,26.85
SOLARINDS.NS,2025-06-30,2025-07-11,73.15,26.85
SOLARINDS.NS,2025-09-30,2025-10-13,73.15,26.85
SOLARINDS.NS,2025-12-31,2026-01-09,73.15,26.85
SOLARINDS.NS,2026-03-31,2026-04-10,73.15,26.85
SOLARINDS.NS,2026-06-30,2026-07-16,73.15,26.85
SONACOMS.NS,2021-09-30,2021-10-19,67.3,32.7
SONACOMS.NS,2021-12-31,2022-01-12,67.18,32.82
SONACOMS.NS,2022-03-31,2022-04-19,67.18,32.82
SONACOMS.NS,2022-06-30,2022-07-19,67.18,32.82
SONACOMS.NS,2022-09-30,2022-10-20,53.59,46.41
SONACOMS.NS,2022-12-31,2023-01-16,53.53,46.47
SONACOMS.NS,2023-03-31,2023-04-17,33.0,67.0
SONACOMS.NS,2023-06-30,2023-07-21,29.76,70.24
SONACOMS.NS,2023-09-30,2023-10-13,29.76,70.24
SONACOMS.NS,2023-12-31,2024-01-15,29.71,70.29
SONACOMS.NS,2024-03-31,2024-04-19,29.71,70.29
SONACOMS.NS,2024-06-30,2024-07-05,29.71,70.29
SONACOMS.NS,2024-09-09,2024-09-12,28.04,71.96
SONACOMS.NS,2024-09-30,2024-10-15,28.04,71.96
SONACOMS.NS,2024-12-31,2025-01-14,28.03,71.97
SONACOMS.NS,2025-03-31,2025-04-10,28.02,71.98
SONACOMS.NS,2025-06-30,2025-07-18,28.02,71.98
SONACOMS.NS,2025-09-30,2025-10-15,28.02,71.98
SONACOMS.NS,2025-12-31,2026-01-16,28.02,71.98
SONACOMS.NS,2026-03-31,2026-04-18,28.02,71.98
SONACOMS.NS,2026-06-30,2026-07-20,28.01,71.99
SONATSOFTW.NS,2021-09-30,2021-10-07,28.17,70.64
SONATSOFTW.NS,2021-12-31,2022-01-10,28.17,70.64
SONATSOFTW.NS,2022-03-31,2022-04-19,28.17,70.65
SONATSOFTW.NS,2022-06-30,2022-07-19,28.17,70.66
SONATSOFTW.NS,2022-09-12,2022-09-14,28.17,70.66
SONATSOFTW.NS,2022-09-30,2022-10-17,28.17,70.66
SONATSOFTW.NS,2022-12-31,2023-01-10,28.17,70.74
SONATSOFTW.NS,2023-03-31,2023-04-17,28.17,70.75
SONATSOFTW.NS,2023-06-30,2023-07-17,28.17,70.77
SONATSOFTW.NS,2023-09-30,2023-10-12,28.17,70.79
SONATSOFTW.NS,2023-12-13,2023-12-15,28.17,70.8
SONATSOFTW.NS,2023-12-31,2024-01-11,28.17,70.8
SONATSOFTW.NS,2024-03-31,2024-04-08,28.17,70.81
SONATSOFTW.NS,2024-06-30,2024-07-18,28.17,70.83
SONATSOFTW.NS,2024-09-30,2024-10-16,28.17,70.83
SONATSOFTW.NS,2024-12-31,2025-01-15,28.17,70.83
SONATSOFTW.NS,2025-03-31,2025-04-17,28.17,70.83
SONATSOFTW.NS,2025-06-30,2025-07-18,28.17,70.86
SONATSOFTW.NS,2025-09-30,2025-10-15,28.17,70.75
SONATSOFTW.NS,2025-12-31,2026-01-07,28.17,70.74
SONATSOFTW.NS,2026-03-31,2026-04-14,28.17,70.54
SONATSOFTW.NS,2026-06-30,2026-07-10,28.17,70.54
SOUTHBANK.NS,2021-09-30,2021-10-13,0.0,100.0
SOUTHBANK.NS,2021-12-31,2022-01-10,0.0,100.0
SOUTHBANK.NS,2022-03-31,2022-04-11,0.0,100.0
SOUTHBANK.NS,2022-06-30,2022-07-18,0.0,100.0
SOUTHBANK.NS,2022-09-30,2022-10-19,0.0,100.0
SOUTHBANK.NS,2022-12-31,2023-01-19,0.0,100.0
SOUTHBANK.NS,2023-03-31,2023-04-19,0.0,100.0
SOUTHBANK.NS,2023-06-30,2023-07-17,0.0,100.0
SOUTHBANK.NS,2023-09-30,2023-10-17,0.0,100.0
SOUTHBANK.NS,2023-12-31,2024-01-17,0.0,100.0
SOUTHBANK.NS,2024-03-27,2024-04-06,0.0,100.0
SOUTHBANK.NS,2024-03-31,2024-04-20,0.0,100.0
SOUTHBANK.NS,2024-06-30,2024-07-15,0.0,100.0
SOUTHBANK.NS,2024-09-30,2024-10-19,0.0,100.0
SOUTHBANK.NS,2024-12-31,2025-01-14,0.0,100.0
SOUTHBANK.NS,2025-03-31,2025-04-17,0.0,100.0
SOUTHBANK.NS,2025-06-30,2025-07-19,0.0,100.0
SOUTHBANK.NS,2025-09-30,2025-10-18,0.0,100.0
SOUTHBANK.NS,2025-12-31,2026-01-19,0.0,100.0
SOUTHBANK.NS,2026-03-31,2026-04-20,0.0,100.0
SOUTHBANK.NS,2026-06-30,2026-07-15,0.0,100.0
SPANDANA.NS,2021-09-30,2021-10-12,62.29,37.71
SPANDANA.NS,2021-12-31,2022-01-13,62.29,37.71
SPANDANA.NS,2022-03-17,2022-03-17,62.62,37.38
SPANDANA.NS,2022-03-31,2022-04-18,62.62,37.38
SPANDANA.NS,2022-05-21,2022-05-31,63.59,36.41
SPANDANA.NS,2022-06-30,2022-07-17,63.59,36.41
SPANDANA.NS,2022-09-30,2022-10-20,63.03,36.97
SPANDANA.NS,2022-12-31,2023-01-16,63.01,36.99
SPANDANA.NS,2023-03-31,2023-04-17,63.0,37.0
SPANDANA.NS,2023-06-30,2023-07-13,62.41,37.59
SPANDANA.NS,2023-09-30,2023-10-14,60.41,39.59
SPANDANA.NS,2023-12-31,2024-01-12,59.89,40.11
SPANDANA.NS,2024-03-31,2024-04-20,59.75,40.25
SPANDANA.NS,2024-06-30,2024-07-13,56.85,43.15
SPANDANA.NS,2024-09-30,2024-10-18,55.83,44.17
SPANDANA.NS,2024-12-31,2025-01-15,48.13,51.87
SPANDANA.NS,2025-03-31,2025-04-18,48.13,51.87
SPANDANA.NS,2025-06-30,2025-07-18,48.13,51.87
SPANDANA.NS,2025-08-12,2025-08-20,48.16,51.84
SPANDANA.NS,2025-09-30,2025-10-19,48.16,51.84
SPANDANA.NS,2025-12-31,2026-01-20,48.16,51.84
SPANDANA.NS,2026-03-31,2026-04-17,48.16,51.84
SPANDANA.NS,2026-06-30,2026-07-21,48.16,51.84
SPARC.NS,2021-09-30,2021-10-19,68.1,31.9
SPARC.NS,2021-12-31,2022-01-17,68.1,31.9
SPARC.NS,2022-03-21,2022-03-30,69.09,30.91
SPARC.NS,2022-03-31,2022-04-20,69.09,30.91
SPARC.NS,2022-06-30,2022-07-19,69.09,30.91
SPARC.NS,2022-09-30,2022-10-21,69.09,30.91
SPARC.NS,2022-12-31,2023-01-17,68.22,31.78
SPARC.NS,2023-01-06,2023-01-16,65.67,34.33
SPARC.NS,2023-03-31,2023-04-21,65.67,34.33
SPARC.NS,2023-06-30,2023-07-20,65.67,34.33
SPARC.NS,2023-09-30,2023-10-12,65.67,34.33
SPARC.NS,2023-12-31,2024-01-11,65.67,34.33
SPARC.NS,2024-03-31,2024-04-11,65.67,34.33
SPARC.NS,2024-06-30,2024-07-19,65.67,34.33
SPARC.NS,2024-09-30,2024-10-15,65.67,34.33
SPARC.NS,2024-12-31,2025-01-21,65.67,34.33
SPARC.NS,2025-03-31,2025-04-18,65.67,34.33
SPARC.NS,2025-06-30,2025-07-21,65.67,34.33
SPARC.NS,2025-09-30,2025-10-17,65.67,34.33
SPARC.NS,2025-12-31,2026-01-19,65.67,34.33
SPARC.NS,2026-03-31,2026-04-16,65.67,34.33
SPARC.NS,2026-05-19,2026-05-28,65.67,34.33
SPARC.NS,2026-06-30,2026-07-20,65.67,34.33
SPLPETRO.NS,2022-05-06,2022-06-22,64.06,35.94
SPLPETRO.NS,2022-06-30,2022-07-20,64.14,35.86
SPLPETRO.NS,2022-09-30,2022-10-20,64.14,35.86
SPLPETRO.NS,2022-12-31,2023-01-19,64.24,35.76
SPLPETRO.NS,2023-01-07,2023-01-20,64.24,35.76
SPLPETRO.NS,2023-03-31,2023-04-19,64.24,35.76
SPLPETRO.NS,2023-06-30,2023-07-18,64.24,35.76
SPLPETRO.NS,2023-09-30,2023-10-19,64.24,35.76
SPLPETRO.NS,2023-12-31,2024-01-17,64.24,35.76
SPLPETRO.NS,2024-03-31,2024-04-18,64.24,35.76
SPLPETRO.NS,2024-06-30,2024-07-19,64.24,35.76
SPLPETRO.NS,2024-09-30,2024-10-19,64.24,35.76
SPLPETRO.NS,2024-12-31,2025-01-21,64.24,35.76
SPLPETRO.NS,2025-03-31,2025-04-21,64.24,35.76
SPLPETRO.NS,2025-06-30,2025-07-18,64.24,35.76
SPLPETRO.NS,2025-09-30,2025-10-16,64.24,35.76
SPLPETRO.NS,2025-12-31,2026-01-21,64.24,35.76
SPLPETRO.NS,2026-03-31,2026-04-21,64.24,35.76
SPLPETRO.NS,2026-06-30,2026-07-20,64.24,35.76
SRF.NS,2021-09-30,2021-10-13,50.77,49.23
SRF.NS,2021-10-15,2021-10-18,50.77,49.23
SRF.NS,2021-12-31,2022-01-12,50.73,49.27
SRF.NS,2022-03-31,2022-04-14,50.73,49.27
SRF.NS,2022-06-30,2022-07-12,50.73,49.27
SRF.NS,2022-09-30,2022-10-20,50.53,49.47
SRF.NS,2022-12-31,2023-01-19,50.53,49.47
SRF.NS,2023-03-31,2023-04-18,50.53,49.47
SRF.NS,2023-06-30,2023-07-18,50.53,49.47
SRF.NS,2023-09-30,2023-10-17,50.53,49.47
SRF.NS,2023-12-31,2024-01-12,50.53,49.47
SRF.NS,2024-03-31,2024-04-19,50.3,49.7
SRF.NS,2024-06-30,2024-07-18,50.26,49.74
SRF.NS,2024-09-30,2024-10-17,50.26,49.74
SRF.NS,2024-12-31,2025-01-21,50.26,49.74
SRF.NS,2025-03-31,2025-04-21,50.26,49.74
SRF.NS,2025-06-30,2025-07-18,50.26,49.74
SRF.NS,2025-09-30,2025-10-09,50.26,49.74
SRF.NS,2025-12-31,2026-01-20,50.26,49.74
SRF.NS,2026-03-31,2026-04-16,50.26,49.73
SRF.NS,2026-06-30,2026-07-14,50.26,49.73
STAR.NS,2021-09-30,2021-10-19,29.6,70.4
STAR.NS,2021-12-31,2022-01-20,29.6,70.4
STAR.NS,2022-03-31,2022-04-20,30.6,69.4
STAR.NS,2022-06-30,2022-07-20,30.37,69.63
STAR.NS,2022-09-30,2022-10-20,31.07,68.93
STAR.NS,2022-12-31,2023-01-18,30.89,69.11
STAR.NS,2023-03-31,2023-04-17,28.27,71.73
STAR.NS,2023-06-30,2023-07-20,28.07,71.93
STAR.NS,2023-09-30,2023-10-18,27.78,72.22
STAR.NS,2023-12-31,2024-01-19,27.39,72.61
STAR.NS,2024-03-31,2024-04-19,25.88,74.12
STAR.NS,2024-06-30,2024-07-18,25.86,74.14
STAR.NS,2024-09-30,2024-10-17,25.84,74.16
STAR.NS,2024-12-31,2025-01-17,26.82,73.18
STAR.NS,2025-03-31,2025-04-18,28.3,71.7
STAR.NS,2025-06-30,2025-07-21,28.3,71.7
STAR.NS,2025-09-30,2025-10-16,27.86,72.14
STAR.NS,2025-12-31,2026-01-19,27.86,72.14
STAR.NS,2026-03-31,2026-04-20,27.91,72.09
STAR.NS,2026-06-30,2026-07-20,27.91,72.09
STARCEMENT.NS,2021-09-30,2021-10-19,66.89,33.11
STARCEMENT.NS,2021-12-31,2022-01-10,67.06,32.94
STARCEMENT.NS,2022-03-31,2022-04-13,67.33,32.67
STARCEMENT.NS,2022-06-30,2022-07-19,67.37,32.63
STARCEMENT.NS,2022-09-30,2022-10-21,67.43,32.57
STARCEMENT.NS,2022-12-31,2023-01-18,67.03,32.97
STARCEMENT.NS,2023-03-31,2023-04-18,67.12,32.88
STARCEMENT.NS,2023-06-30,2023-07-20,66.76,33.24
STARCEMENT.NS,2023-09-30,2023-10-18,66.55,33.45
STARCEMENT.NS,2023-12-31,2024-01-12,66.48,33.52
STARCEMENT.NS,2024-03-31,2024-04-19,66.59,33.41
STARCEMENT.NS,2024-06-30,2024-07-19,66.49,33.51
STARCEMENT.NS,2024-09-30,2024-10-09,66.47,33.53
STARCEMENT.NS,2024-12-31,2025-01-14,57.69,42.31
STARCEMENT.NS,2025-03-31,2025-04-16,57.66,42.34
STARCEMENT.NS,2025-06-30,2025-07-21,57.66,42.34
STARCEMENT.NS,2025-09-30,2025-10-18,57.59,42.41
STARCEMENT.NS,2025-12-31,2026-01-15,57.62,42.38
STARCEMENT.NS,2026-03-31,2026-04-18,58.12,41.88
STARCEMENT.NS,2026-06-30,2026-07-20,58.1,41.9
STARHEALTH.NS,2021-12-10,2021-12-19,58.9,41.11
STARHEALTH.NS,2021-12-31,2022-01-13,58.9,41.1
STARHEALTH.NS,2022-03-31,2022-04-21,58.9,41.1
STARHEALTH.NS,2022-06-30,2022-07-14,58.84,41.16
STARHEALTH.NS,2022-09-30,2022-10-20,58.63,41.37
STARHEALTH.NS,2022-12-31,2023-01-18,58.28,41.72
STARHEALTH.NS,2023-03-31,2023-04-15,58.28,41.72
STARHEALTH.NS,2023-06-30,2023-07-18,58.25,41.75
STARHEALTH.NS,2023-09-30,2023-10-18,58.02,41.98
STARHEALTH.NS,2023-12-31,2024-01-20,57.94,42.06
STARHEALTH.NS,2024-03-31,2024-04-16,57.92,42.08
STARHEALTH.NS,2024-06-30,2024-07-17,57.9,42.1
STARHEALTH.NS,2024-09-30,2024-10-14,57.69,42.31
STARHEALTH.NS,2024-12-31,2025-01-08,57.68,42.32
STARHEALTH.NS,2025-03-31,2025-04-18,57.67,42.33
STARHEALTH.NS,2025-06-30,2025-07-18,58.04,41.96
STARHEALTH.NS,2025-09-30,2025-10-17,58.02,41.98
STARHEALTH.NS,2025-12-31,2026-01-13,57.98,42.02
STARHEALTH.NS,2026-03-31,2026-04-17,57.98,42.02
STARHEALTH.NS,2026-06-30,2026-07-21,58.01,41.99
STLTECH.NS,2021-09-30,2021-10-13,54.24,45.76
STLTECH.NS,2021-12-31,2022-01-12,54.2,45.8
STLTECH.NS,2022-03-31,2022-04-19,54.16,45.84
STLTECH.NS,2022-06-30,2022-07-14,54.15,45.85
STLTECH.NS,2022-09-30,2022-10-17,54.11,45.89
STLTECH.NS,2022-12-31,2023-01-18,54.09,45.91
STLTECH.NS,2023-03-31,2023-04-18,54.05,45.95
STLTECH.NS,2023-06-30,2023-07-14,54.05,45.95
STLTECH.NS,2023-09-30,2023-10-13,54.0,46.0
STLTECH.NS,2023-12-31,2024-01-12,53.99,46.01
STLTECH.NS,2024-03-31,2024-04-16,53.98,46.02
STLTECH.NS,2024-04-12,2024-04-19,44.19,55.81
STLTECH.NS,2024-06-30,2024-07-10,44.18,55.82
STLTECH.NS,2024-09-30,2024-10-17,44.17,55.83
STLTECH.NS,2024-12-31,2025-01-09,44.17,55.83
STLTECH.NS,2025-03-31,2025-04-21,44.16,55.84
STLTECH.NS,2025-06-30,2025-07-21,44.4,55.6
STLTECH.NS,2025-09-30,2025-10-18,44.45,55.55
STLTECH.NS,2025-12-31,2026-01-09,44.44,55.56
STLTECH.NS,2026-03-31,2026-04-16,44.44,55.56
STLTECH.NS,2026-06-30,2026-07-15,44.51,55.49
STLTECH.NS,2026-07-01,2026-07-10,42.29,57.71
SUDARSCHEM.NS,2021-09-30,2021-10-19,35.73,64.27
SUDARSCHEM.NS,2021-12-31,2022-01-18,35.73,64.27
SUDARSCHEM.NS,2022-03-31,2022-04-19,35.82,64.18
SUDARSCHEM.NS,2022-06-30,2022-07-20,35.82,64.18
SUDARSCHEM.NS,2022-09-30,2022-10-20,35.82,64.18
SUDARSCHEM.NS,2022-12-31,2023-01-20,35.82,64.18
SUDARSCHEM.NS,2023-03-31,2023-04-20,35.82,64.18
SUDARSCHEM.NS,2023-06-30,2023-07-21,35.82,64.18
SUDARSCHEM.NS,2023-09-30,2023-10-19,35.82,64.18
SUDARSCHEM.NS,2023-12-31,2024-01-18,35.82,64.18
SUDARSCHEM.NS,2024-03-31,2024-04-19,33.22,66.78
SUDARSCHEM.NS,2024-06-30,2024-07-17,30.55,69.45
SUDARSCHEM.NS,2024-09-30,2024-10-18,30.55,69.45
SUDARSCHEM.NS,2024-12-31,2025-01-17,27.55,72.45
SUDARSCHEM.NS,2025-01-13,2025-01-14,26.83,73.17
SUDARSCHEM.NS,2025-01-29,2025-01-30,24.28,75.72
SUDARSCHEM.NS,2025-03-31,2025-04-18,23.89,76.11
SUDARSCHEM.NS,2025-06-30,2025-07-19,16.4,83.6
SUDARSCHEM.NS,2025-09-30,2025-10-16,8.19,91.81
SUDARSCHEM.NS,2025-12-31,2026-01-21,8.19,91.81
SUDARSCHEM.NS,2026-03-31,2026-04-17,8.19,91.81
SUDARSCHEM.NS,2026-06-30,2026-07-20,8.19,91.81
SUMICHEM.NS,2021-09-30,2021-10-08,75.0,25.0
SUMICHEM.NS,2021-12-31,2022-01-12,75.0,25.0
SUMICHEM.NS,2022-03-31,2022-04-12,75.0,25.0
SUMICHEM.NS,2022-06-30,2022-07-05,75.0,25.0
SUMICHEM.NS,2022-09-30,2022-10-17,75.0,25.0
SUMICHEM.NS,2022-12-31,2023-01-12,75.0,25.0
SUMICHEM.NS,2023-03-31,2023-04-10,75.0,25.0
SUMICHEM.NS,2023-06-30,2023-07-05,75.0,25.0
SUMICHEM.NS,2023-09-30,2023-10-12,75.0,25.0
SUMICHEM.NS,2023-12-31,2024-01-10,75.0,25.0
SUMICHEM.NS,2024-03-31,2024-04-08,75.0,25.0
SUMICHEM.NS,2024-06-30,2024-07-09,75.0,25.0
SUMICHEM.NS,2024-09-30,2024-10-15,75.0,25.0
SUMICHEM.NS,2024-12-31,2025-01-14,75.0,25.0
SUMICHEM.NS,2025-03-31,2025-04-09,75.0,25.0
SUMICHEM.NS,2025-06-30,2025-07-14,75.0,25.0
SUMICHEM.NS,2025-09-30,2025-10-10,75.0,25.0
SUMICHEM.NS,2025-12-31,2026-01-09,75.0,25.0
SUMICHEM.NS,2026-03-31,2026-04-14,75.0,25.0
SUMICHEM.NS,2026-06-30,2026-07-10,75.0,25.0
SUNDARMFIN.NS,2021-09-30,2021-10-15,35.89,63.28
SUNDARMFIN.NS,2021-12-31,2022-01-12,35.89,63.29
SUNDARMFIN.NS,2022-03-31,2022-04-15,38.49,60.68
SUNDARMFIN.NS,2022-06-30,2022-07-20,38.49,60.7
SUNDARMFIN.NS,2022-09-30,2022-10-17,38.49,60.69
SUNDARMFIN.NS,2022-12-31,2023-01-11,38.49,60.69
SUNDARMFIN.NS,2023-03-31,2023-04-12,38.49,60.69
SUNDARMFIN.NS,2023-06-30,2023-07-14,38.49,60.7
SUNDARMFIN.NS,2023-09-30,2023-10-12,38.49,60.71
SUNDARMFIN.NS,2023-12-31,2024-01-10,37.88,61.32
SUNDARMFIN.NS,2024-03-31,2024-04-12,37.87,61.32
SUNDARMFIN.NS,2024-06-30,2024-07-16,37.86,61.34
SUNDARMFIN.NS,2024-09-30,2024-10-15,37.23,61.96
SUNDARMFIN.NS,2024-12-31,2025-01-13,37.22,61.97
SUNDARMFIN.NS,2025-03-31,2025-04-17,37.22,61.98
SUNDARMFIN.NS,2025-06-30,2025-07-16,37.22,61.98
SUNDARMFIN.NS,2025-09-30,2025-10-15,37.22,61.98
SUNDARMFIN.NS,2025-12-31,2026-01-19,37.21,61.99
SUNDARMFIN.NS,2026-03-31,2026-04-16,37.21,62.0
SUNDARMFIN.NS,2026-06-30,2026-07-17,37.21,62.01
SUNDRMFAST.NS,2021-09-30,2021-10-20,49.53,50.47
SUNDRMFAST.NS,2021-12-31,2022-01-13,49.53,50.47
SUNDRMFAST.NS,2022-03-31,2022-04-20,49.69,50.31
SUNDRMFAST.NS,2022-06-30,2022-07-19,49.69,50.31
SUNDRMFAST.NS,2022-09-30,2022-10-28,48.51,51.49
SUNDRMFAST.NS,2022-12-31,2023-01-20,48.51,51.49
SUNDRMFAST.NS,2023-03-31,2023-04-17,48.51,51.49
SUNDRMFAST.NS,2023-06-30,2023-07-18,48.51,51.49
SUNDRMFAST.NS,2023-09-30,2023-10-17,48.51,51.49
SUNDRMFAST.NS,2023-12-31,2024-01-16,48.51,51.49
SUNDRMFAST.NS,2024-03-31,2024-04-15,48.51,51.49
SUNDRMFAST.NS,2024-06-30,2024-07-16,48.51,51.49
SUNDRMFAST.NS,2024-09-30,2024-10-15,46.95,53.05
SUNDRMFAST.NS,2024-12-31,2025-01-18,46.95,53.05
SUNDRMFAST.NS,2025-03-31,2025-04-16,46.95,53.05
SUNDRMFAST.NS,2025-06-30,2025-07-16,46.95,53.05
SUNDRMFAST.NS,2025-09-30,2025-10-14,46.95,53.05
SUNDRMFAST.NS,2025-12-31,2026-01-17,46.95,53.05
SUNDRMFAST.NS,2026-03-31,2026-04-13,46.95,53.05
SUNDRMFAST.NS,2026-06-30,2026-07-15,46.95,53.05
SUNPHARMA.NS,2021-09-30,2021-10-18,54.48,45.52
SUNPHARMA.NS,2021-12-31,2022-01-20,54.48,45.52
SUNPHARMA.NS,2022-03-31,2022-04-19,54.48,45.52
SUNPHARMA.NS,2022-06-30,2022-07-20,54.48,45.52
SUNPHARMA.NS,2022-09-30,2022-10-18,54.48,45.52
SUNPHARMA.NS,2022-12-31,2023-01-19,54.48,45.52
SUNPHARMA.NS,2023-03-31,2023-04-21,54.48,45.52
SUNPHARMA.NS,2023-06-30,2023-07-20,54.48,45.52
SUNPHARMA.NS,2023-09-30,2023-10-20,54.48,45.52
SUNPHARMA.NS,2023-12-31,2024-01-16,54.48,45.52
SUNPHARMA.NS,2024-03-31,2024-04-18,54.48,45.52
SUNPHARMA.NS,2024-06-30,2024-07-19,54.48,45.52
SUNPHARMA.NS,2024-09-30,2024-10-16,54.48,45.52
SUNPHARMA.NS,2024-12-31,2025-01-20,54.48,45.52
SUNPHARMA.NS,2025-03-31,2025-04-17,54.48,45.52
SUNPHARMA.NS,2025-06-30,2025-07-21,54.48,45.52
SUNPHARMA.NS,2025-09-30,2025-10-16,54.48,45.52
SUNPHARMA.NS,2025-12-31,2026-01-15,54.48,45.52
SUNPHARMA.NS,2026-03-31,2026-04-17,54.48,45.52
SUNPHARMA.NS,2026-06-30,2026-07-17,54.48,45.52
SUNTECK.NS,2021-09-30,2021-10-19,67.15,32.85
SUNTECK.NS,2021-12-31,2022-01-10,67.13,32.87
SUNTECK.NS,2022-03-31,2022-04-19,67.13,32.87
SUNTECK.NS,2022-06-30,2022-07-21,67.13,32.87
SUNTECK.NS,2022-09-30,2022-10-19,67.13,32.87
SUNTECK.NS,2022-12-31,2023-01-16,67.12,32.88
SUNTECK.NS,2023-03-31,2023-04-20,67.22,32.78
SUNTECK.NS,2023-06-30,2023-07-20,67.22,32.78
SUNTECK.NS,2023-09-30,2023-10-13,67.22,32.78
SUNTECK.NS,2023-12-31,2024-01-12,63.25,36.75
SUNTECK.NS,2024-03-31,2024-04-08,63.24,36.76
SUNTECK.NS,2024-06-30,2024-07-18,63.24,36.76
SUNTECK.NS,2024-09-30,2024-10-19,63.24,36.76
SUNTECK.NS,2024-12-31,2025-01-14,63.24,36.76
SUNTECK.NS,2025-03-31,2025-04-21,63.28,36.72
SUNTECK.NS,2025-06-30,2025-07-18,63.3,36.7
SUNTECK.NS,2025-09-30,2025-10-17,63.3,36.7
SUNTECK.NS,2025-12-31,2026-01-21,63.3,36.7
SUNTECK.NS,2026-03-31,2026-04-21,63.15,36.85
SUNTECK.NS,2026-06-30,2026-07-10,63.15,36.85
SUNTV.NS,2021-09-30,2021-10-11,75.0,25.0
SUNTV.NS,2021-12-31,2022-01-07,75.0,25.0
SUNTV.NS,2022-03-31,2022-04-08,75.0,25.0
SUNTV.NS,2022-06-30,2022-07-19,75.0,25.0
SUNTV.NS,2022-09-30,2022-10-19,75.0,25.0
SUNTV.NS,2022-12-31,2023-01-13,75.0,25.0
SUNTV.NS,2023-03-31,2023-04-13,75.0,25.0
SUNTV.NS,2023-06-30,2023-07-17,75.0,25.0
SUNTV.NS,2023-09-30,2023-10-16,75.0,25.0
SUNTV.NS,2023-12-31,2024-01-11,75.0,25.0
SUNTV.NS,2024-03-31,2024-04-10,75.0,25.0
SUNTV.NS,2024-06-30,2024-07-16,75.0,25.0
SUNTV.NS,2024-09-30,2024-10-15,75.0,25.0
SUNTV.NS,2024-12-31,2025-01-20,75.0,25.0
SUNTV.NS,2025-03-31,2025-04-10,75.0,25.0
SUNTV.NS,2025-06-30,2025-07-15,75.0,25.0
SUNTV.NS,2025-09-30,2025-10-15,75.0,25.0
SUNTV.NS,2025-12-31,2026-01-13,75.0,25.0
SUNTV.NS,2026-03-31,2026-04-10,75.0,25.0
SUNTV.NS,2026-06-30,2026-07-16,75.0,25.0
SUPRAJIT.NS,2021-12-31,2022-01-17,44.61,55.39
SUPRAJIT.NS,2022-03-31,2022-04-20,44.64,55.36
SUPRAJIT.NS,2022-06-30,2022-07-19,44.64,55.36
SUPRAJIT.NS,2022-09-30,2022-10-20,44.64,55.36
SUPRAJIT.NS,2022-12-31,2023-01-17,44.64,55.36
SUPRAJIT.NS,2023-03-31,2023-04-20,44.64,55.36
SUPRAJIT.NS,2023-06-30,2023-07-20,44.64,55.36
SUPRAJIT.NS,2023-09-30,2023-10-20,44.62,55.38
SUPRAJIT.NS,2023-12-31,2024-01-19,44.62,55.38
SUPRAJIT.NS,2024-03-31,2024-04-19,44.61,55.39
SUPRAJIT.NS,2024-06-30,2024-07-13,44.61,55.39
SUPRAJIT.NS,2024-09-30,2024-10-15,44.64,55.36
SUPRAJIT.NS,2024-12-31,2025-01-20,44.64,55.36
SUPRAJIT.NS,2025-03-31,2025-04-17,44.61,55.39
SUPRAJIT.NS,2025-06-30,2025-07-18,45.09,54.91
SUPRAJIT.NS,2025-09-30,2025-10-16,45.13,54.87
SUPRAJIT.NS,2025-12-31,2026-01-16,45.14,54.86
SUPRAJIT.NS,2026-03-31,2026-04-16,45.27,54.73
SUPRAJIT.NS,2026-06-30,2026-07-15,45.27,54.73
SUPREMEIND.NS,2021-12-31,2022-01-18,48.85,51.15
SUPREMEIND.NS,2022-03-31,2022-04-15,48.85,51.15
SUPREMEIND.NS,2022-06-30,2022-07-19,48.85,51.15
SUPREMEIND.NS,2022-09-30,2022-10-20,48.85,51.15
SUPREMEIND.NS,2022-12-31,2023-01-16,48.85,51.15
SUPREMEIND.NS,2023-03-31,2023-04-18,48.85,51.15
SUPREMEIND.NS,2023-06-30,2023-07-17,48.85,51.15
SUPREMEIND.NS,2023-09-30,2023-10-16,48.85,51.15
SUPREMEIND.NS,2023-12-31,2024-01-11,48.85,51.15
SUPREMEIND.NS,2024-03-31,2024-04-09,48.85,51.15
SUPREMEIND.NS,2024-06-30,2024-07-10,48.85,51.15
SUPREMEIND.NS,2024-09-30,2024-10-16,48.85,51.15
SUPREMEIND.NS,2024-12-31,2025-01-13,48.85,51.15
SUPREMEIND.NS,2025-03-31,2025-04-09,48.85,51.15
SUPREMEIND.NS,2025-06-30,2025-07-14,48.9,51.1
SUPREMEIND.NS,2025-09-30,2025-10-18,48.9,51.1
SUPREMEIND.NS,2025-12-31,2026-01-13,48.96,51.04
SUPREMEIND.NS,2026-03-31,2026-04-13,48.96,51.04
SUPREMEIND.NS,2026-06-30,2026-07-17,48.96,51.04
SUZLON.NS,2021-09-30,2021-10-14,16.41,83.59
SUZLON.NS,2021-12-26,2022-01-04,16.04,83.96
SUZLON.NS,2021-12-31,2022-01-17,16.04,83.96
SUZLON.NS,2022-03-31,2022-04-19,15.85,84.15
SUZLON.NS,2022-05-24,2022-05-24,14.92,85.08
SUZLON.NS,2022-06-30,2022-07-16,14.92,85.08
SUZLON.NS,2022-09-23,2022-09-24,14.5,85.5
SUZLON.NS,2022-09-30,2022-10-21,14.5,85.5
SUZLON.NS,2022-10-31,2022-11-09,14.5,85.5
SUZLON.NS,2022-12-31,2023-01-20,14.5,85.5
SUZLON.NS,2023-03-31,2023-04-20,14.5,85.5
SUZLON.NS,2023-06-30,2023-07-21,14.5,85.5
SUZLON.NS,2023-08-14,2023-08-15,13.29,86.71
SUZLON.NS,2023-09-30,2023-10-19,13.29,86.71
SUZLON.NS,2023-12-31,2024-01-18,13.29,86.71
SUZLON.NS,2024-03-31,2024-04-17,13.29,86.71
SUZLON.NS,2024-06-30,2024-07-19,13.27,86.73
SUZLON.NS,2024-09-30,2024-10-18,13.25,86.75
SUZLON.NS,2024-12-31,2025-01-16,13.25,86.75
SUZLON.NS,2025-03-31,2025-04-09,13.25,86.75
SUZLON.NS,2025-06-30,2025-07-18,11.74,88.26
SUZLON.NS,2025-09-30,2025-10-14,11.73,88.27
SUZLON.NS,2025-12-31,2026-01-09,11.73,88.27
SUZLON.NS,2026-03-31,2026-04-10,11.73,88.27
SUZLON.NS,2026-06-30,2026-07-14,11.71,88.29
SWANCORP.NS,2021-12-31,2022-01-11,64.89,35.11
SWANCORP.NS,2022-03-31,2022-04-20,64.09,35.91
SWANCORP.NS,2022-03-31,2022-04-04,64.09,35.91
SWANCORP.NS,2022-06-30,2022-07-21,64.09,35.91
SWANCORP.NS,2022-09-30,2022-10-19,64.09,35.91
SWANCORP.NS,2022-12-31,2023-01-19,64.09,35.91
SWANCORP.NS,2023-03-31,2023-04-18,64.09,35.91
SWANCORP.NS,2023-06-30,2023-07-11,64.09,35.91
SWANCORP.NS,2023-09-30,2023-10-16,64.09,35.91
SWANCORP.NS,2023-12-31,2024-01-16,64.09,35.91
SWANCORP.NS,2024-02-29,2024-03-08,53.96,46.04
SWANCORP.NS,2024-03-31,2024-04-16,53.96,46.04
SWANCORP.NS,2024-06-30,2024-07-19,53.96,46.04
SWANCORP.NS,2024-09-30,2024-10-18,53.96,46.04
SWANCORP.NS,2024-12-31,2025-01-20,53.96,46.04
SWANCORP.NS,2025-03-31,2025-04-14,53.96,46.04
SWANCORP.NS,2025-06-30,2025-07-17,53.96,46.04
SWANCORP.NS,2025-09-30,2025-10-17,53.96,46.04
SWANCORP.NS,2025-12-31,2026-01-16,53.96,46.04
SWANCORP.NS,2026-03-31,2026-04-08,53.96,46.04
SWANCORP.NS,2026-06-30,2026-07-15,53.96,46.04
SWIGGY.NS,2024-11-12,2024-11-13,0.0,100.0
SWIGGY.NS,2024-12-31,2025-01-20,0.0,100.0
SWIGGY.NS,2025-03-31,2025-04-21,0.0,100.0
SWIGGY.NS,2025-05-02,2025-05-26,0.0,91.84
SWIGGY.NS,2025-06-30,2025-07-18,0.0,92.28
SWIGGY.NS,2025-09-30,2025-10-16,0.0,93.12
SWIGGY.NS,2025-12-13,2025-12-15,0.0,93.97
SWIGGY.NS,2025-12-31,2026-01-09,0.0,94.06
SWIGGY.NS,2026-03-31,2026-04-20,0.0,94.41
SWIGGY.NS,2026-06-30,2026-07-18,0.0,94.92
SWSOLAR.NS,2021-09-30,2021-10-20,69.36,30.64
SWSOLAR.NS,2021-12-30,2022-01-04,74.1,25.9
SWSOLAR.NS,2021-12-31,2022-01-19,74.1,25.9
SWSOLAR.NS,2022-03-31,2022-04-21,78.56,21.44
SWSOLAR.NS,2022-06-30,2022-07-19,78.56,21.44
SWSOLAR.NS,2022-09-30,2022-10-21,76.69,23.31
SWSOLAR.NS,2022-12-31,2023-01-20,72.73,27.27
SWSOLAR.NS,2023-03-31,2023-04-21,72.73,27.27
SWSOLAR.NS,2023-06-30,2023-07-20,69.04,30.96
SWSOLAR.NS,2023-09-30,2023-10-21,67.56,32.44
SWSOLAR.NS,2023-12-14,2023-12-22,54.79,45.21
SWSOLAR.NS,2023-12-31,2024-01-21,52.98,47.02
SWSOLAR.NS,2024-03-31,2024-04-21,52.94,47.06
SWSOLAR.NS,2024-06-30,2024-07-21,52.91,47.09
SWSOLAR.NS,2024-09-30,2024-10-21,45.75,54.25
SWSOLAR.NS,2024-12-31,2025-01-20,45.73,54.27
SWSOLAR.NS,2025-03-31,2025-04-21,45.73,54.27
SWSOLAR.NS,2025-06-30,2025-07-21,45.73,54.27
SWSOLAR.NS,2025-09-30,2025-10-21,45.72,54.28
SWSOLAR.NS,2025-12-31,2026-01-21,45.72,54.28
SWSOLAR.NS,2026-03-31,2026-04-21,45.72,54.28
SWSOLAR.NS,2026-06-30,2026-07-21,45.72,54.28
SYMPHONY.NS,2021-09-30,2021-10-08,73.25,26.75
SYMPHONY.NS,2021-12-31,2022-01-06,73.25,26.75
SYMPHONY.NS,2022-03-31,2022-04-07,73.25,26.75
SYMPHONY.NS,2022-06-30,2022-07-12,73.25,26.75
SYMPHONY.NS,2022-09-30,2022-10-19,73.25,26.75
SYMPHONY.NS,2022-12-31,2023-01-09,73.25,26.75
SYMPHONY.NS,2023-03-31,2023-04-05,73.25,26.75
SYMPHONY.NS,2023-06-30,2023-07-11,73.39,26.61
SYMPHONY.NS,2023-09-30,2023-10-10,73.39,26.61
SYMPHONY.NS,2023-12-31,2024-01-09,73.39,26.61
SYMPHONY.NS,2024-03-31,2024-04-06,73.39,26.61
SYMPHONY.NS,2024-06-30,2024-07-07,73.39,26.61
SYMPHONY.NS,2024-09-30,2024-10-11,73.43,26.57
SYMPHONY.NS,2024-12-31,2025-01-17,73.43,26.57
SYMPHONY.NS,2025-03-31,2025-04-04,73.43,26.57
SYMPHONY.NS,2025-06-30,2025-07-12,73.43,26.57
SYMPHONY.NS,2025-09-30,2025-10-08,73.43,26.57
SYMPHONY.NS,2025-12-31,2026-01-19,73.43,26.57
SYMPHONY.NS,2026-03-31,2026-04-08,73.43,26.57
SYMPHONY.NS,2026-06-30,2026-07-07,73.43,26.57
SYNGENE.NS,2021-09-30,2021-10-12,70.42,28.72
SYNGENE.NS,2021-12-31,2022-01-12,70.41,28.87
SYNGENE.NS,2022-03-31,2022-04-20,70.41,28.91
SYNGENE.NS,2022-06-30,2022-07-15,70.29,28.89
SYNGENE.NS,2022-09-30,2022-10-16,64.86,34.65
SYNGENE.NS,2022-12-31,2023-01-12,64.86,34.67
SYNGENE.NS,2023-03-31,2023-04-18,54.88,44.66
SYNGENE.NS,2023-06-30,2023-07-20,54.8,44.6
SYNGENE.NS,2023-09-30,2023-10-13,54.79,44.72
SYNGENE.NS,2023-12-31,2024-01-17,54.79,44.89
SYNGENE.NS,2024-03-31,2024-04-19,54.79,44.9
SYNGENE.NS,2024-06-30,2024-07-19,54.72,44.85
SYNGENE.NS,2024-09-30,2024-10-17,54.72,44.94
SYNGENE.NS,2024-12-31,2025-01-18,52.74,46.97
SYNGENE.NS,2025-03-31,2025-04-19,52.74,46.97
SYNGENE.NS,2025-06-30,2025-07-21,52.68,47.0
SYNGENE.NS,2025-09-30,2025-10-21,52.68,47.01
SYNGENE.NS,2025-12-31,2026-01-18,52.68,47.02
SYNGENE.NS,2026-03-31,2026-04-17,52.68,47.03
SYNGENE.NS,2026-06-30,2026-07-17,52.59,46.98
SYRMA.NS,2022-08-24,2022-09-05,47.42,52.58
SYRMA.NS,2022-09-30,2022-10-20,47.42,52.58
SYRMA.NS,2022-12-31,2023-01-19,47.27,52.73
SYRMA.NS,2023-03-31,2023-04-19,47.27,52.73
SYRMA.NS,2023-06-30,2023-07-20,47.27,52.73
SYRMA.NS,2023-09-30,2023-10-19,47.21,52.79
SYRMA.NS,2023-12-31,2024-01-18,46.89,53.11
SYRMA.NS,2024-03-31,2024-04-17,46.89,53.11
SYRMA.NS,2024-06-30,2024-07-18,46.89,53.11
SYRMA.NS,2024-09-30,2024-10-21,46.89,53.11
SYRMA.NS,2024-12-31,2025-01-16,46.58,53.33
SYRMA.NS,2025-03-31,2025-04-17,46.52,53.42
SYRMA.NS,2025-06-30,2025-07-21,46.42,53.51
SYRMA.NS,2025-08-12,2025-08-22,42.97,56.97
SYRMA.NS,2025-09-30,2025-10-16,42.97,56.95
SYRMA.NS,2025-12-31,2026-01-19,42.72,57.15
SYRMA.NS,2026-03-31,2026-04-17,42.28,57.61
SYRMA.NS,2026-06-30,2026-07-16,42.28,57.6
TAKE.NS,2021-09-30,2021-10-20,53.41,46.59
TAKE.NS,2021-12-31,2022-01-19,53.41,46.59
TAKE.NS,2022-03-31,2022-04-19,53.41,46.59
TAKE.NS,2022-06-30,2022-07-20,53.41,46.59
TAKE.NS,2022-09-30,2022-10-20,53.41,46.59
TAKE.NS,2022-12-31,2023-01-18,53.41,46.59
TAKE.NS,2023-03-31,2023-04-17,53.41,46.59
TAKE.NS,2023-06-30,2023-07-20,53.41,46.59
TAKE.NS,2023-09-30,2023-10-17,53.41,46.59
TAKE.NS,2023-12-31,2024-01-19,53.41,46.59
TAKE.NS,2024-03-31,2024-04-17,53.41,46.59
TAKE.NS,2024-06-30,2024-07-19,53.41,46.59
TAKE.NS,2024-09-30,2024-10-18,53.41,46.59
TAKE.NS,2024-12-31,2025-01-20,53.41,46.59
TAKE.NS,2025-03-31,2025-04-21,53.41,46.59
TAKE.NS,2025-06-30,2025-07-21,53.34,46.66
TAKE.NS,2025-09-30,2025-10-20,5.19,94.81
TAKE.NS,2025-12-31,2026-01-21,0.0,100.0
TAKE.NS,2026-03-31,2026-04-21,0.0,100.0
TAKE.NS,2026-06-30,2026-07-20,0.0,100.0
TANLA.NS,2021-09-30,2021-10-13,42.51,57.49
TANLA.NS,2021-12-31,2022-01-10,43.74,56.26
TANLA.NS,2022-03-31,2022-04-07,43.74,56.26
TANLA.NS,2022-06-30,2022-07-11,43.74,56.26
TANLA.NS,2022-09-30,2022-10-19,43.74,56.26
TANLA.NS,2022-12-31,2023-01-17,43.73,56.27
TANLA.NS,2023-03-31,2023-04-13,44.17,55.83
TANLA.NS,2023-06-30,2023-07-05,44.17,55.83
TANLA.NS,2023-09-30,2023-10-11,44.16,55.84
TANLA.NS,2023-12-31,2024-01-10,44.15,55.85
TANLA.NS,2024-03-31,2024-04-04,44.15,55.85
TANLA.NS,2024-06-30,2024-07-13,44.15,55.85
TANLA.NS,2024-09-30,2024-10-14,44.12,55.88
TANLA.NS,2024-12-31,2025-01-13,44.1,55.9
TANLA.NS,2025-03-31,2025-04-14,44.1,55.66
TANLA.NS,2025-06-30,2025-07-18,45.49,54.28
TANLA.NS,2025-09-30,2025-10-14,46.17,53.36
TANLA.NS,2025-12-31,2026-01-17,46.17,53.36
TANLA.NS,2026-03-31,2026-04-13,46.17,53.36
TANLA.NS,2026-06-30,2026-07-10,46.17,53.36
TARIL.NS,2021-09-30,2021-10-18,74.91,25.09
TARIL.NS,2021-12-31,2022-01-12,74.91,25.09
TARIL.NS,2022-03-31,2022-04-12,74.91,25.09
TARIL.NS,2022-06-30,2022-07-19,74.91,25.09
TARIL.NS,2022-09-30,2022-10-19,74.91,25.09
TARIL.NS,2022-12-31,2023-01-13,74.91,25.09
TARIL.NS,2023-03-31,2023-04-17,74.91,25.09
TARIL.NS,2023-06-30,2023-07-18,74.91,25.09
TARIL.NS,2023-09-30,2023-10-19,74.91,25.09
TARIL.NS,2023-10-13,2023-10-28,69.65,30.35
TARIL.NS,2023-12-31,2024-01-17,69.65,30.35
TARIL.NS,2024-03-31,2024-04-05,69.65,30.35
TARIL.NS,2024-06-14,2024-06-22,66.16,33.84
TARIL.NS,2024-06-30,2024-07-08,66.16,33.84
TARIL.NS,2024-09-30,2024-10-04,66.16,33.84
TARIL.NS,2024-12-31,2025-01-16,64.36,35.64
TARIL.NS,2025-02-17,2025-02-19,64.36,35.64
TARIL.NS,2025-03-31,2025-04-04,64.36,35.64
TARIL.NS,2025-06-30,2025-07-14,64.36,35.64
TARIL.NS,2025-09-30,2025-10-15,64.36,35.64
TARIL.NS,2025-12-31,2026-01-20,64.36,35.64
TARIL.NS,2026-03-31,2026-04-08,64.36,35.64
TARIL.NS,2026-06-30,2026-07-15,64.36,35.64
TASTYBITE.NS,2021-09-30,2021-10-20,74.23,25.77
TASTYBITE.NS,2021-12-31,2022-01-14,74.23,25.77
TASTYBITE.NS,2022-03-31,2022-04-19,74.23,25.77
TASTYBITE.NS,2022-06-30,2022-07-20,74.23,25.77
TASTYBITE.NS,2022-09-30,2022-10-20,74.23,25.77
TASTYBITE.NS,2022-12-31,2023-01-10,74.23,25.77
TASTYBITE.NS,2023-03-31,2023-04-13,74.23,25.77
TASTYBITE.NS,2023-06-30,2023-07-17,74.23,25.77
TASTYBITE.NS,2023-09-30,2023-10-20,74.23,25.77
TASTYBITE.NS,2023-12-31,2024-01-20,74.23,25.77
TASTYBITE.NS,2024-03-31,2024-04-16,74.23,25.77
TASTYBITE.NS,2024-06-30,2024-07-20,74.23,25.77
TASTYBITE.NS,2024-09-30,2024-10-21,74.23,25.77
TASTYBITE.NS,2024-12-31,2025-01-21,74.23,25.77
TASTYBITE.NS,2025-03-31,2025-04-21,74.23,25.77
TASTYBITE.NS,2025-06-30,2025-07-21,74.23,25.77
TASTYBITE.NS,2025-09-30,2025-10-14,74.23,25.77
TASTYBITE.NS,2025-12-31,2026-01-19,74.23,25.77
TASTYBITE.NS,2026-03-31,2026-04-20,74.23,25.77
TASTYBITE.NS,2026-06-30,2026-07-21,74.23,25.77
TATACHEM.NS,2021-09-30,2021-10-21,37.98,62.02
TATACHEM.NS,2021-12-31,2022-01-19,37.98,62.02
TATACHEM.NS,2022-03-31,2022-04-19,37.98,62.02
TATACHEM.NS,2022-06-30,2022-07-19,37.98,62.02
TATACHEM.NS,2022-09-30,2022-10-21,37.98,62.02
TATACHEM.NS,2022-12-31,2023-01-20,37.98,62.02
TATACHEM.NS,2023-03-31,2023-04-21,37.98,62.02
TATACHEM.NS,2023-06-30,2023-07-19,37.98,62.02
TATACHEM.NS,2023-09-30,2023-10-19,37.98,62.02
TATACHEM.NS,2023-12-31,2024-01-19,37.98,62.02
TATACHEM.NS,2024-03-31,2024-04-19,37.98,62.02
TATACHEM.NS,2024-06-30,2024-07-19,37.98,62.02
TATACHEM.NS,2024-09-30,2024-10-15,37.98,62.02
TATACHEM.NS,2024-12-31,2025-01-21,37.98,62.02
TATACHEM.NS,2025-03-31,2025-04-21,37.98,62.02
TATACHEM.NS,2025-06-30,2025-07-21,37.98,62.02
TATACHEM.NS,2025-09-30,2025-10-20,37.98,62.02
TATACHEM.NS,2025-12-31,2026-01-21,37.98,62.02
TATACHEM.NS,2026-03-31,2026-04-21,37.98,62.02
TATACHEM.NS,2026-06-30,2026-07-20,37.98,62.02
TATACOMM.NS,2021-09-30,2021-10-14,58.86,41.14
TATACOMM.NS,2021-12-31,2022-01-20,58.86,41.14
TATACOMM.NS,2022-03-31,2022-04-14,58.86,41.14
TATACOMM.NS,2022-06-30,2022-07-18,58.86,41.14
TATACOMM.NS,2022-09-30,2022-10-14,58.86,41.14
TATACOMM.NS,2022-12-31,2023-01-11,58.86,41.14
TATACOMM.NS,2023-03-31,2023-04-18,58.86,41.14
TATACOMM.NS,2023-06-30,2023-07-06,58.86,41.14
TATACOMM.NS,2023-09-30,2023-10-11,58.86,41.14
TATACOMM.NS,2023-12-31,2024-01-10,58.86,41.14
TATACOMM.NS,2024-03-31,2024-04-15,58.86,41.14
TATACOMM.NS,2024-06-30,2024-07-16,58.86,41.14
TATACOMM.NS,2024-09-30,2024-10-11,58.86,41.14
TATACOMM.NS,2024-12-31,2025-01-09,58.86,41.14
TATACOMM.NS,2025-03-31,2025-04-17,58.86,41.14
TATACOMM.NS,2025-06-30,2025-07-21,58.86,41.14
TATACOMM.NS,2025-09-30,2025-10-21,58.86,41.14
TATACOMM.NS,2025-12-31,2026-01-21,58.86,41.14
TATACOMM.NS,2026-03-31,2026-04-21,58.86,41.14
TATACOMM.NS,2026-06-30,2026-07-21,58.86,41.14
TATACONSUM.NS,2021-09-30,2021-10-14,34.71,65.29
TATACONSUM.NS,2021-12-31,2022-01-19,34.72,65.28
TATACONSUM.NS,2022-03-31,2022-04-20,34.72,65.28
TATACONSUM.NS,2022-06-30,2022-07-14,34.72,65.28
TATACONSUM.NS,2022-09-30,2022-10-21,34.72,65.28
TATACONSUM.NS,2022-12-31,2023-01-20,34.45,65.55
TATACONSUM.NS,2023-03-31,2023-04-20,34.44,65.56
TATACONSUM.NS,2023-06-30,2023-07-12,34.45,65.55
TATACONSUM.NS,2023-09-30,2023-10-13,34.42,65.58
TATACONSUM.NS,2023-12-31,2024-01-19,34.42,65.58
TATACONSUM.NS,2024-01-19,2024-01-23,33.56,66.44
TATACONSUM.NS,2024-03-31,2024-04-11,33.55,66.45
TATACONSUM.NS,2024-06-30,2024-07-19,33.55,66.45
TATACONSUM.NS,2024-08-23,2024-08-31,33.84,66.16
TATACONSUM.NS,2024-09-30,2024-10-11,33.84,66.16
TATACONSUM.NS,2024-12-31,2025-01-20,33.84,66.16
TATACONSUM.NS,2025-03-31,2025-04-16,33.84,66.16
TATACONSUM.NS,2025-06-30,2025-07-21,33.84,66.16
TATACONSUM.NS,2025-09-30,2025-10-20,33.84,66.16
TATACONSUM.NS,2025-12-31,2026-01-21,33.84,66.16
TATACONSUM.NS,2026-03-31,2026-04-20,33.83,66.17
TATACONSUM.NS,2026-06-30,2026-07-17,33.83,66.17
TATAELXSI.NS,2021-09-30,2021-10-19,44.53,55.47
TATAELXSI.NS,2021-12-31,2022-01-12,44.32,55.68
TATAELXSI.NS,2022-03-31,2022-04-16,44.08,55.92
TATAELXSI.NS,2022-06-30,2022-07-13,43.92,56.08
TATAELXSI.NS,2022-09-30,2022-10-19,43.92,56.08
TATAELXSI.NS,2022-12-31,2023-01-17,43.92,56.08
TATAELXSI.NS,2023-03-31,2023-04-17,43.92,56.08
TATAELXSI.NS,2023-06-30,2023-07-18,43.92,56.08
TATAELXSI.NS,2023-09-30,2023-10-18,43.92,56.08
TATAELXSI.NS,2023-12-31,2024-01-09,43.92,56.08
TATAELXSI.NS,2024-03-31,2024-04-12,43.92,56.08
TATAELXSI.NS,2024-06-30,2024-07-15,43.92,56.08
TATAELXSI.NS,2024-09-30,2024-10-15,43.91,56.09
TATAELXSI.NS,2024-12-31,2025-01-09,43.91,56.09
TATAELXSI.NS,2025-03-31,2025-04-18,43.91,56.09
TATAELXSI.NS,2025-06-30,2025-07-21,43.91,56.09
TATAELXSI.NS,2025-09-30,2025-10-21,43.9,56.1
TATAELXSI.NS,2025-12-31,2026-01-21,43.9,56.1
TATAELXSI.NS,2026-03-31,2026-04-16,43.9,56.1
TATAELXSI.NS,2026-06-30,2026-07-20,43.9,56.1
TATAINVEST.NS,2021-09-30,2021-10-15,73.38,26.62
TATAINVEST.NS,2021-12-31,2022-01-17,73.38,26.62
TATAINVEST.NS,2022-03-31,2022-04-19,73.38,26.62
TATAINVEST.NS,2022-06-30,2022-07-18,73.38,26.62
TATAINVEST.NS,2022-09-30,2022-10-18,73.38,26.62
TATAINVEST.NS,2022-12-31,2023-01-16,73.38,26.62
TATAINVEST.NS,2023-03-31,2023-04-11,73.38,26.62
TATAINVEST.NS,2023-06-30,2023-07-17,73.38,26.62
TATAINVEST.NS,2023-09-30,2023-10-16,73.38,26.62
TATAINVEST.NS,2023-12-31,2024-01-17,73.38,26.62
TATAINVEST.NS,2024-03-31,2024-04-10,73.38,26.62
TATAINVEST.NS,2024-06-30,2024-07-18,73.38,26.62
TATAINVEST.NS,2024-09-30,2024-10-09,73.38,26.62
TATAINVEST.NS,2024-12-31,2025-01-17,73.38,26.62
TATAINVEST.NS,2025-03-31,2025-04-16,73.38,26.62
TATAINVEST.NS,2025-06-30,2025-07-21,73.38,26.62
TATAINVEST.NS,2025-09-30,2025-10-20,73.38,26.62
TATAINVEST.NS,2025-12-31,2026-01-21,73.38,26.62
TATAINVEST.NS,2026-03-31,2026-04-17,73.38,26.62
TATAINVEST.NS,2026-06-30,2026-07-21,73.38,26.62
TATAPOWER.NS,2021-09-30,2021-10-20,46.86,53.14
TATAPOWER.NS,2021-12-31,2022-01-13,46.86,53.14
TATAPOWER.NS,2022-03-31,2022-04-19,46.86,53.14
TATAPOWER.NS,2022-06-30,2022-07-20,46.86,53.14
TATAPOWER.NS,2022-09-30,2022-10-19,46.86,53.14
TATAPOWER.NS,2022-12-31,2023-01-19,46.86,53.14
TATAPOWER.NS,2023-03-31,2023-04-19,46.86,53.14
TATAPOWER.NS,2023-06-30,2023-07-10,46.86,53.14
TATAPOWER.NS,2023-09-30,2023-10-18,46.86,53.14
TATAPOWER.NS,2023-12-31,2024-01-19,46.86,53.14
TATAPOWER.NS,2024-03-31,2024-04-18,46.86,53.14
TATAPOWER.NS,2024-06-30,2024-07-19,46.86,53.14
TATAPOWER.NS,2024-09-30,2024-10-18,46.86,53.14
TATAPOWER.NS,2024-12-31,2025-01-20,46.86,53.14
TATAPOWER.NS,2025-03-31,2025-04-21,46.86,53.14
TATAPOWER.NS,2025-06-30,2025-07-21,46.86,53.14
TATAPOWER.NS,2025-09-30,2025-10-21,46.86,53.14
TATAPOWER.NS,2025-12-31,2026-01-21,46.86,53.14
TATAPOWER.NS,2026-03-31,2026-04-21,46.86,53.14
TATAPOWER.NS,2026-06-30,2026-07-21,46.86,53.14
TATASTEEL.NS,2021-09-30,2021-10-12,34.41,65.59
TATASTEEL.NS,2021-10-30,2021-11-09,34.41,65.59
TATASTEEL.NS,2021-12-27,2022-01-04,33.92,66.08
TATASTEEL.NS,2021-12-31,2022-01-12,33.92,66.08
TATASTEEL.NS,2022-03-14,2022-03-23,33.92,66.08
TATASTEEL.NS,2022-03-31,2022-04-20,33.92,66.08
TATASTEEL.NS,2022-06-30,2022-07-14,33.92,66.08
TATASTEEL.NS,2022-08-01,2022-08-10,33.92,66.08
TATASTEEL.NS,2022-09-30,2022-10-21,33.92,66.08
TATASTEEL.NS,2022-12-31,2023-01-18,33.9,66.1
TATASTEEL.NS,2023-03-18,2023-03-28,33.9,66.1
TATASTEEL.NS,2023-03-31,2023-04-20,33.9,66.1
TATASTEEL.NS,2023-06-30,2023-07-13,33.9,66.1
TATASTEEL.NS,2023-09-30,2023-10-18,33.9,66.1
TATASTEEL.NS,2023-11-22,2023-12-01,33.7,66.3
TATASTEEL.NS,2023-12-31,2024-01-19,33.7,66.3
TATASTEEL.NS,2024-01-21,2024-01-31,33.46,66.54
TATASTEEL.NS,2024-02-08,2024-02-16,33.19,66.81
TATASTEEL.NS,2024-03-31,2024-04-17,33.19,66.81
TATASTEEL.NS,2024-06-30,2024-07-18,33.19,66.81
TATASTEEL.NS,2024-09-30,2024-10-17,33.19,66.81
TATASTEEL.NS,2024-12-31,2025-01-20,33.19,66.81
TATASTEEL.NS,2025-03-31,2025-04-18,33.19,66.81
TATASTEEL.NS,2025-06-30,2025-07-21,33.19,66.81
TATASTEEL.NS,2025-09-30,2025-10-17,33.19,66.81
TATASTEEL.NS,2025-12-31,2026-01-20,33.19,66.81
TATASTEEL.NS,2026-03-31,2026-04-20,33.19,66.81
TATASTEEL.NS,2026-06-30,2026-07-20,32.94,67.06
TATATECH.NS,2023-11-29,2024-01-17,55.39,44.61
TATATECH.NS,2023-12-31,2024-01-17,55.39,44.61
TATATECH.NS,2024-03-31,2024-04-18,55.39,44.61
TATATECH.NS,2024-06-30,2024-07-12,55.39,44.61
TATATECH.NS,2024-09-30,2024-10-16,55.22,44.78
TATATECH.NS,2024-12-31,2025-01-15,55.22,44.78
TATATECH.NS,2025-03-31,2025-04-21,55.22,44.78
TATATECH.NS,2025-06-30,2025-07-21,55.22,44.78
TATATECH.NS,2025-09-30,2025-10-18,55.22,44.78
TATATECH.NS,2025-12-31,2026-01-21,55.21,44.79
TATATECH.NS,2026-03-31,2026-04-21,55.18,44.82
TATATECH.NS,2026-06-30,2026-07-15,55.17,44.83
TBOTEK.NS,2024-05-15,2024-05-16,44.41,53.37
TBOTEK.NS,2024-06-30,2024-07-19,44.41,53.37
TBOTEK.NS,2024-09-30,2024-10-17,44.41,53.38
TBOTEK.NS,2024-12-31,2025-01-13,44.41,53.42
TBOTEK.NS,2025-03-31,2025-04-17,44.41,53.49
TBOTEK.NS,2025-06-30,2025-07-21,44.41,53.57
TBOTEK.NS,2025-09-30,2025-10-17,44.41,53.6
TBOTEK.NS,2025-12-31,2026-01-21,44.41,53.7
TBOTEK.NS,2026-03-31,2026-04-20,44.41,53.93
TBOTEK.NS,2026-06-30,2026-07-21,44.41,54.06
TCI.NS,2021-09-30,2021-10-13,66.54,33.46
TCI.NS,2021-12-31,2022-01-04,66.54,33.46
TCI.NS,2022-03-31,2022-04-20,66.57,33.43
TCI.NS,2022-06-30,2022-07-16,66.57,33.43
TCI.NS,2022-09-30,2022-10-14,69.03,30.97
TCI.NS,2022-12-31,2023-01-16,69.03,30.97
TCI.NS,2023-03-31,2023-04-11,68.99,31.01
TCI.NS,2023-06-30,2023-07-14,68.94,31.06
TCI.NS,2023-09-30,2023-10-11,68.94,31.06
TCI.NS,2023-12-31,2024-01-05,68.92,31.08
TCI.NS,2024-03-31,2024-04-17,68.92,31.08
TCI.NS,2024-06-30,2024-07-19,68.94,31.06
TCI.NS,2024-09-27,2024-10-04,68.78,31.22
TCI.NS,2024-09-30,2024-10-14,68.78,31.22
TCI.NS,2024-12-31,2025-01-13,68.74,31.26
TCI.NS,2025-03-31,2025-04-18,68.81,31.19
TCI.NS,2025-06-30,2025-07-09,68.73,31.27
TCI.NS,2025-09-30,2025-10-14,68.73,31.27
TCI.NS,2025-12-31,2026-01-17,68.73,31.27
TCI.NS,2026-03-31,2026-04-15,68.73,31.27
TCI.NS,2026-06-30,2026-07-20,68.66,31.34
TCIEXP.NS,2021-09-30,2021-10-08,66.7,33.3
TCIEXP.NS,2021-12-31,2022-01-05,66.7,33.3
TCIEXP.NS,2022-03-31,2022-04-07,66.69,33.31
TCIEXP.NS,2022-06-30,2022-07-16,66.69,33.31
TCIEXP.NS,2022-09-30,2022-10-18,66.66,33.34
TCIEXP.NS,2022-12-31,2023-01-10,66.87,33.13
TCIEXP.NS,2023-03-31,2023-04-12,69.66,30.34
TCIEXP.NS,2023-06-30,2023-07-19,69.66,30.34
TCIEXP.NS,2023-09-30,2023-10-06,69.62,30.38
TCIEXP.NS,2023-12-31,2024-01-08,69.62,30.38
TCIEXP.NS,2024-03-31,2024-04-05,69.6,30.4
TCIEXP.NS,2024-06-30,2024-07-09,69.6,30.4
TCIEXP.NS,2024-09-30,2024-10-07,69.54,30.46
TCIEXP.NS,2024-12-31,2025-01-09,69.54,30.46
TCIEXP.NS,2025-03-31,2025-04-08,69.54,30.46
TCIEXP.NS,2025-06-30,2025-07-11,69.54,30.46
TCIEXP.NS,2025-09-30,2025-10-16,69.46,30.54
TCIEXP.NS,2025-12-31,2026-01-19,69.46,30.54
TCIEXP.NS,2026-03-31,2026-04-16,69.46,30.54
TCIEXP.NS,2026-06-30,2026-07-20,69.46,30.54
TCS.NS,2021-09-30,2021-10-08,72.19,27.81
TCS.NS,2021-12-31,2022-01-12,72.19,27.81
TCS.NS,2022-03-31,2022-04-12,72.3,27.7
TCS.NS,2022-06-30,2022-07-08,72.3,27.7
TCS.NS,2022-09-30,2022-10-21,72.3,27.7
TCS.NS,2022-12-31,2023-01-20,72.3,27.7
TCS.NS,2023-03-31,2023-04-21,72.3,27.7
TCS.NS,2023-06-30,2023-07-19,72.3,27.7
TCS.NS,2023-09-30,2023-10-12,72.3,27.7
TCS.NS,2023-12-31,2024-01-19,72.41,27.59
TCS.NS,2024-03-31,2024-04-18,71.77,28.23
TCS.NS,2024-06-30,2024-07-20,71.77,28.23
TCS.NS,2024-09-30,2024-10-14,71.77,28.23
TCS.NS,2024-12-31,2025-01-17,71.77,28.23
TCS.NS,2025-03-31,2025-04-18,71.77,28.23
TCS.NS,2025-06-30,2025-07-21,71.77,28.23
TCS.NS,2025-09-30,2025-10-20,71.77,28.23
TCS.NS,2025-12-31,2026-01-21,71.77,28.23
TCS.NS,2026-03-31,2026-04-21,71.77,28.23
TCS.NS,2026-06-30,2026-07-21,71.77,28.23
TEAMLEASE.NS,2021-09-30,2021-10-13,32.51,67.42
TEAMLEASE.NS,2021-12-31,2022-01-10,32.51,67.42
TEAMLEASE.NS,2022-03-31,2022-04-14,31.51,68.42
TEAMLEASE.NS,2022-06-30,2022-07-11,31.51,68.42
TEAMLEASE.NS,2022-09-30,2022-10-14,31.51,68.42
TEAMLEASE.NS,2022-12-31,2023-01-13,31.51,68.44
TEAMLEASE.NS,2023-03-31,2023-04-17,31.51,68.44
TEAMLEASE.NS,2023-06-30,2023-07-14,31.61,68.34
TEAMLEASE.NS,2023-09-30,2023-10-16,31.61,68.35
TEAMLEASE.NS,2023-12-31,2024-01-11,31.61,68.35
TEAMLEASE.NS,2024-03-31,2024-04-08,31.61,68.35
TEAMLEASE.NS,2024-06-30,2024-07-10,31.61,68.35
TEAMLEASE.NS,2024-09-30,2024-10-08,31.61,68.35
TEAMLEASE.NS,2024-12-31,2025-01-17,31.61,68.35
TEAMLEASE.NS,2025-03-31,2025-04-21,31.61,68.35
TEAMLEASE.NS,2025-06-30,2025-07-16,31.61,68.35
TEAMLEASE.NS,2025-09-30,2025-10-16,31.11,68.86
TEAMLEASE.NS,2025-12-31,2026-01-21,31.11,68.86
TEAMLEASE.NS,2026-03-31,2026-04-20,31.11,68.86
TEAMLEASE.NS,2026-06-30,2026-07-15,31.11,68.86
TECHM.NS,2021-09-30,2021-10-19,35.7,64.29
TECHM.NS,2021-12-31,2022-01-13,35.67,64.32
TECHM.NS,2022-03-31,2022-04-19,35.26,64.74
TECHM.NS,2022-06-30,2022-07-19,35.24,64.76
TECHM.NS,2022-09-30,2022-10-20,35.22,64.78
TECHM.NS,2022-12-31,2023-01-17,35.19,64.81
TECHM.NS,2023-03-31,2023-04-14,35.18,64.82
TECHM.NS,2023-06-30,2023-07-19,35.16,64.84
TECHM.NS,2023-09-30,2023-10-13,35.13,64.87
TECHM.NS,2023-12-31,2024-01-15,35.11,64.89
TECHM.NS,2024-03-31,2024-04-16,35.09,64.91
TECHM.NS,2024-06-30,2024-07-19,35.05,64.95
TECHM.NS,2024-09-30,2024-10-16,35.03,64.97
TECHM.NS,2024-12-31,2025-01-20,35.01,64.99
TECHM.NS,2025-03-31,2025-04-21,35.01,64.99
TECHM.NS,2025-06-30,2025-07-21,35.0,65.0
TECHM.NS,2025-09-30,2025-10-21,34.98,65.02
TECHM.NS,2025-12-31,2026-01-21,34.98,65.02
TECHM.NS,2026-03-31,2026-04-21,34.97,65.03
TECHM.NS,2026-06-30,2026-07-21,34.97,65.03
TECHNOE.NS,2021-09-30,2021-10-11,60.18,39.82
TECHNOE.NS,2021-12-31,2022-01-14,60.18,39.82
TECHNOE.NS,2022-03-31,2022-04-19,60.19,39.82
TECHNOE.NS,2022-06-30,2022-07-18,60.18,39.82
TECHNOE.NS,2022-09-30,2022-10-17,60.2,39.8
TECHNOE.NS,2022-12-31,2023-01-04,61.16,38.84
TECHNOE.NS,2023-03-31,2023-04-20,61.51,38.49
TECHNOE.NS,2023-06-30,2023-07-06,61.51,38.49
TECHNOE.NS,2023-09-30,2023-10-12,61.51,38.49
TECHNOE.NS,2023-12-31,2024-01-16,61.51,38.49
TECHNOE.NS,2024-03-31,2024-04-10,61.51,38.49
TECHNOE.NS,2024-06-30,2024-07-20,61.51,38.49
TECHNOE.NS,2024-07-19,2024-07-30,56.92,43.08
TECHNOE.NS,2024-09-30,2024-10-07,56.92,43.08
TECHNOE.NS,2024-12-31,2025-01-14,56.92,43.08
TECHNOE.NS,2025-03-31,2025-04-18,56.92,43.08
TECHNOE.NS,2025-06-30,2025-07-11,56.92,43.08
TECHNOE.NS,2025-09-30,2025-10-13,56.92,43.08
TECHNOE.NS,2025-12-31,2026-01-08,56.92,43.08
TECHNOE.NS,2026-03-31,2026-04-17,56.92,43.08
TECHNOE.NS,2026-06-30,2026-07-17,56.92,43.08
TEGA.NS,2021-12-08,2021-12-30,79.17,20.83
TEGA.NS,2021-12-31,2022-01-13,79.17,20.83
TEGA.NS,2022-03-31,2022-04-14,79.17,20.83
TEGA.NS,2022-06-30,2022-07-20,79.17,20.83
TEGA.NS,2022-09-30,2022-10-19,79.17,20.83
TEGA.NS,2022-12-31,2023-01-17,79.17,20.83
TEGA.NS,2023-03-31,2023-04-11,79.1,20.9
TEGA.NS,2023-06-30,2023-07-17,74.99,25.01
TEGA.NS,2023-09-30,2023-10-16,74.88,25.12
TEGA.NS,2023-12-31,2024-01-19,74.88,25.12
TEGA.NS,2024-03-31,2024-04-19,74.79,25.21
TEGA.NS,2024-06-30,2024-07-18,74.79,25.21
TEGA.NS,2024-09-30,2024-10-17,74.79,25.21
TEGA.NS,2024-12-31,2025-01-20,74.8,25.2
TEGA.NS,2025-03-31,2025-04-17,74.8,25.2
TEGA.NS,2025-06-30,2025-07-17,74.8,25.2
TEGA.NS,2025-09-30,2025-10-17,74.8,25.2
TEGA.NS,2025-11-28,2025-12-05,67.27,32.73
TEGA.NS,2025-12-31,2026-01-20,67.27,32.73
TEGA.NS,2026-03-31,2026-04-17,67.5,32.5
TEGA.NS,2026-06-30,2026-07-20,67.5,32.5
TEJASNET.NS,2021-09-30,2021-10-11,0.0,100.0
TEJASNET.NS,2021-10-29,2021-11-16,37.37,62.63
TEJASNET.NS,2021-12-31,2022-01-13,37.32,62.67
TEJASNET.NS,2022-03-31,2022-04-13,37.17,62.82
TEJASNET.NS,2022-04-08,2022-04-14,52.45,47.55
TEJASNET.NS,2022-06-30,2022-07-13,52.4,47.59
TEJASNET.NS,2022-09-30,2022-10-18,52.2,47.8
TEJASNET.NS,2022-12-31,2023-01-13,51.97,48.03
TEJASNET.NS,2023-02-06,2023-02-08,56.38,43.62
TEJASNET.NS,2023-03-31,2023-04-13,56.37,43.63
TEJASNET.NS,2023-06-30,2023-07-10,55.97,44.01
TEJASNET.NS,2023-09-30,2023-10-16,55.92,44.08
TEJASNET.NS,2023-12-31,2024-01-16,55.8,44.2
TEJASNET.NS,2024-03-31,2024-04-11,55.6,44.4
TEJASNET.NS,2024-06-30,2024-07-16,55.5,44.5
TEJASNET.NS,2024-09-30,2024-10-17,55.42,44.58
TEJASNET.NS,2024-12-31,2025-01-21,54.01,45.35
TEJASNET.NS,2025-03-31,2025-04-14,53.83,45.54
TEJASNET.NS,2025-06-30,2025-07-21,53.73,45.8
TEJASNET.NS,2025-09-30,2025-10-20,53.66,45.96
TEJASNET.NS,2025-12-31,2026-01-21,53.46,46.34
TEJASNET.NS,2026-03-31,2026-04-21,53.4,46.47
TEJASNET.NS,2026-06-30,2026-07-21,53.33,46.56
THELEELA.NS,2025-05-29,2025-06-02,75.91,24.09
THELEELA.NS,2025-06-30,2025-07-21,75.91,24.09
THELEELA.NS,2025-09-30,2025-10-21,75.91,24.09
THELEELA.NS,2025-12-31,2026-01-21,75.91,24.09
THELEELA.NS,2026-03-31,2026-04-21,75.91,24.09
THELEELA.NS,2026-06-30,2026-07-17,75.91,24.09
THERMAX.NS,2021-09-30,2021-10-13,61.98,32.53
THERMAX.NS,2021-12-31,2022-01-11,61.98,32.53
THERMAX.NS,2022-03-31,2022-04-18,61.98,32.53
THERMAX.NS,2022-06-30,2022-07-18,61.98,32.53
THERMAX.NS,2022-09-30,2022-10-19,61.98,32.53
THERMAX.NS,2022-12-31,2023-01-11,61.98,32.53
THERMAX.NS,2023-03-31,2023-04-17,61.98,32.53
THERMAX.NS,2023-06-30,2023-07-13,61.98,32.53
THERMAX.NS,2023-09-30,2023-10-09,61.98,32.53
THERMAX.NS,2023-12-31,2024-01-05,61.98,32.53
THERMAX.NS,2024-03-31,2024-04-09,61.98,32.53
THERMAX.NS,2024-06-30,2024-07-11,61.98,32.53
THERMAX.NS,2024-09-30,2024-10-07,61.98,32.54
THERMAX.NS,2024-12-31,2025-01-10,61.98,32.55
THERMAX.NS,2025-03-31,2025-04-09,61.98,32.55
THERMAX.NS,2025-06-30,2025-07-21,61.98,32.55
THERMAX.NS,2025-09-30,2025-10-13,61.98,32.56
THERMAX.NS,2025-12-31,2026-01-08,61.98,32.56
THERMAX.NS,2026-03-31,2026-04-13,61.98,32.56
THERMAX.NS,2026-06-30,2026-07-16,61.98,32.56
THYROCARE.NS,2021-09-30,2021-10-21,71.22,28.78
THYROCARE.NS,2021-12-31,2022-01-17,71.18,28.82
THYROCARE.NS,2022-03-31,2022-04-19,71.18,28.82
THYROCARE.NS,2022-06-30,2022-07-20,71.18,28.82
THYROCARE.NS,2022-09-30,2022-10-21,71.14,28.86
THYROCARE.NS,2022-12-31,2023-01-18,71.14,28.86
THYROCARE.NS,2023-03-31,2023-04-19,71.14,28.86
THYROCARE.NS,2023-06-30,2023-07-20,71.14,28.86
THYROCARE.NS,2023-09-30,2023-10-18,71.14,28.86
THYROCARE.NS,2023-12-31,2024-01-16,71.11,28.89
THYROCARE.NS,2024-03-31,2024-04-17,71.11,28.89
THYROCARE.NS,2024-06-30,2024-07-12,71.11,28.89
THYROCARE.NS,2024-09-30,2024-10-19,71.11,28.89
THYROCARE.NS,2024-12-31,2025-01-19,71.06,28.94
THYROCARE.NS,2025-03-31,2025-04-15,71.06,28.94
THYROCARE.NS,2025-06-30,2025-07-15,71.06,28.94
THYROCARE.NS,2025-09-30,2025-10-10,71.06,28.94
THYROCARE.NS,2025-12-01,2025-12-10,60.93,39.07
THYROCARE.NS,2025-12-31,2026-01-19,60.93,39.07
THYROCARE.NS,2026-03-31,2026-04-13,60.92,39.08
THYROCARE.NS,2026-06-30,2026-07-14,60.92,39.08
TIINDIA.NS,2021-06-30,2021-07-19,46.66,53.34
TIINDIA.NS,2021-09-30,2021-10-20,46.49,53.51
TIINDIA.NS,2021-12-31,2022-01-19,46.48,53.52
TIINDIA.NS,2022-03-31,2022-04-20,46.46,53.54
TIINDIA.NS,2022-06-30,2022-07-19,46.45,53.55
TIINDIA.NS,2022-09-30,2022-10-21,46.45,53.55
TIINDIA.NS,2022-12-31,2023-01-20,46.43,53.57
TIINDIA.NS,2023-03-31,2023-04-21,46.21,53.79
TIINDIA.NS,2023-06-30,2023-07-19,46.13,53.87
TIINDIA.NS,2023-09-30,2023-10-20,46.11,53.89
TIINDIA.NS,2023-12-31,2024-01-20,45.1,54.9
TIINDIA.NS,2024-03-31,2024-04-18,45.1,54.9
TIINDIA.NS,2024-06-30,2024-07-19,45.04,54.96
TIINDIA.NS,2024-09-30,2024-10-21,44.97,55.03
TIINDIA.NS,2024-12-31,2025-01-20,44.11,55.89
TIINDIA.NS,2025-03-31,2025-04-20,44.1,55.9
TIINDIA.NS,2025-06-30,2025-07-21,44.09,55.91
TIINDIA.NS,2025-09-30,2025-10-21,44.09,55.91
TIINDIA.NS,2025-12-31,2026-01-20,44.05,55.95
TIINDIA.NS,2026-03-31,2026-04-21,44.04,55.96
TIINDIA.NS,2026-06-30,2026-07-21,43.93,56.07
TIMETECHNO.NS,2021-09-30,2021-10-16,51.33,48.67
TIMETECHNO.NS,2021-12-31,2022-01-19,51.33,48.67
TIMETECHNO.NS,2022-03-31,2022-04-21,51.33,48.67
TIMETECHNO.NS,2022-06-30,2022-07-20,51.33,48.67
TIMETECHNO.NS,2022-09-30,2022-10-21,51.33,48.67
TIMETECHNO.NS,2022-12-31,2023-01-19,51.33,48.67
TIMETECHNO.NS,2023-03-31,2023-04-21,51.47,48.53
TIMETECHNO.NS,2023-06-30,2023-07-10,51.69,48.31
TIMETECHNO.NS,2023-09-30,2023-10-11,51.69,48.31
TIMETECHNO.NS,2023-12-31,2024-01-19,51.51,48.49
TIMETECHNO.NS,2024-03-31,2024-04-18,51.56,48.44
TIMETECHNO.NS,2024-06-30,2024-07-12,51.56,48.44
TIMETECHNO.NS,2024-09-30,2024-10-17,51.56,48.44
TIMETECHNO.NS,2024-12-31,2025-01-15,51.56,48.44
TIMETECHNO.NS,2025-03-31,2025-04-17,51.62,48.38
TIMETECHNO.NS,2025-06-30,2025-07-18,51.62,48.38
TIMETECHNO.NS,2025-09-24,2025-10-01,51.62,48.38
TIMETECHNO.NS,2025-09-30,2025-10-18,51.62,48.38
TIMETECHNO.NS,2025-11-11,2025-11-19,47.46,52.54
TIMETECHNO.NS,2025-12-31,2026-01-17,47.51,52.49
TIMETECHNO.NS,2026-03-31,2026-04-16,47.56,52.44
TIMETECHNO.NS,2026-06-30,2026-07-21,47.56,52.44
TIMKEN.NS,2021-09-30,2021-10-11,67.8,32.2
TIMKEN.NS,2021-12-31,2022-01-12,67.8,32.2
TIMKEN.NS,2022-03-31,2022-04-19,67.8,32.2
TIMKEN.NS,2022-06-30,2022-07-14,67.8,32.2
TIMKEN.NS,2022-09-30,2022-10-19,67.8,32.2
TIMKEN.NS,2022-12-31,2023-01-16,67.8,32.2
TIMKEN.NS,2023-03-31,2023-04-18,67.8,32.2
TIMKEN.NS,2023-06-30,2023-07-12,57.7,42.3
TIMKEN.NS,2023-09-30,2023-10-12,57.7,42.3
TIMKEN.NS,2023-12-31,2024-01-11,57.7,42.3
TIMKEN.NS,2024-03-31,2024-04-16,57.7,42.3
TIMKEN.NS,2024-06-30,2024-07-15,51.05,48.95
TIMKEN.NS,2024-09-30,2024-10-15,51.05,48.95
TIMKEN.NS,2024-12-31,2025-01-15,51.05,48.95
TIMKEN.NS,2025-03-31,2025-04-17,51.05,48.95
TIMKEN.NS,2025-06-30,2025-07-15,51.05,48.95
TIMKEN.NS,2025-09-30,2025-10-10,51.05,48.95
TIMKEN.NS,2025-12-31,2026-01-09,51.05,48.95
TIMKEN.NS,2026-03-31,2026-04-09,51.05,48.95
TIMKEN.NS,2026-06-30,2026-07-15,51.05,48.95
TITAGARH.NS,2021-09-30,2021-10-21,45.77,54.23
TITAGARH.NS,2021-12-31,2022-01-19,47.0,53.0
TITAGARH.NS,2022-03-31,2022-04-19,47.05,52.95
TITAGARH.NS,2022-06-30,2022-07-19,47.26,52.74
TITAGARH.NS,2022-09-30,2022-10-19,47.26,52.74
TITAGARH.NS,2022-12-31,2023-01-12,47.82,52.16
TITAGARH.NS,2023-03-31,2023-04-18,47.83,52.17
TITAGARH.NS,2023-06-30,2023-07-20,47.82,52.18
TITAGARH.NS,2023-07-07,2023-07-10,44.97,55.03
TITAGARH.NS,2023-09-30,2023-10-19,44.97,55.03
TITAGARH.NS,2023-12-13,2023-12-13,42.46,57.54
TITAGARH.NS,2023-12-31,2024-01-17,42.46,57.54
TITAGARH.NS,2024-03-31,2024-04-18,42.46,57.54
TITAGARH.NS,2024-06-30,2024-07-20,40.46,59.54
TITAGARH.NS,2024-09-30,2024-10-19,40.46,59.54
TITAGARH.NS,2024-12-31,2025-01-18,40.46,59.54
TITAGARH.NS,2025-03-31,2025-04-18,40.46,59.54
TITAGARH.NS,2025-06-30,2025-07-19,40.46,59.54
TITAGARH.NS,2025-09-30,2025-10-18,40.46,59.54
TITAGARH.NS,2025-12-31,2026-01-19,40.46,59.54
TITAGARH.NS,2026-03-31,2026-04-13,40.46,59.54
TITAGARH.NS,2026-06-30,2026-07-09,40.46,59.54
TITAN.NS,2021-09-30,2021-10-20,52.9,47.1
TITAN.NS,2021-12-31,2022-01-13,52.9,47.1
TITAN.NS,2022-03-31,2022-04-13,52.9,47.1
TITAN.NS,2022-06-30,2022-07-16,52.9,47.1
TITAN.NS,2022-09-30,2022-10-19,52.9,47.1
TITAN.NS,2022-12-31,2023-01-13,52.9,47.1
TITAN.NS,2023-03-31,2023-04-13,52.9,47.1
TITAN.NS,2023-06-30,2023-07-18,52.9,47.1
TITAN.NS,2023-09-30,2023-10-20,52.9,47.1
TITAN.NS,2023-12-31,2024-01-18,52.9,47.1
TITAN.NS,2024-03-31,2024-04-18,52.9,47.02
TITAN.NS,2024-06-30,2024-07-11,52.9,47.02
TITAN.NS,2024-09-30,2024-10-17,52.9,47.02
TITAN.NS,2024-12-31,2025-01-15,52.9,47.02
TITAN.NS,2025-03-31,2025-04-09,52.9,47.02
TITAN.NS,2025-06-30,2025-07-09,52.9,47.02
TITAN.NS,2025-09-30,2025-10-17,52.9,47.02
TITAN.NS,2025-12-31,2026-01-21,52.9,47.02
TITAN.NS,2026-03-31,2026-04-15,52.9,47.02
TITAN.NS,2026-06-30,2026-07-16,52.9,47.05
TMB.NS,2022-09-12,2022-09-21,0.0,100.0
TMB.NS,2022-09-30,2022-10-19,0.0,100.0
TMB.NS,2022-12-31,2023-01-19,0.0,100.0
TMB.NS,2023-03-31,2023-04-19,0.0,100.0
TMB.NS,2023-06-30,2023-07-12,0.0,100.0
TMB.NS,2023-09-30,2023-10-12,0.0,100.0
TMB.NS,2023-12-31,2024-01-12,0.0,100.0
TMB.NS,2024-03-31,2024-04-18,0.0,100.0
TMB.NS,2024-06-30,2024-07-15,0.0,100.0
TMB.NS,2024-09-30,2024-10-17,0.0,100.0
TMB.NS,2024-12-31,2025-01-10,0.0,100.0
TMB.NS,2025-03-31,2025-04-11,0.0,100.0
TMB.NS,2025-06-30,2025-07-10,0.0,100.0
TMB.NS,2025-09-30,2025-10-18,0.0,100.0
TMB.NS,2025-12-31,2026-01-14,0.0,100.0
TMB.NS,2026-03-31,2026-04-15,0.0,100.0
TMB.NS,2026-06-30,2026-07-16,0.0,100.0
TMPV.NS,2021-09-30,2021-10-21,46.41,53.59
TMPV.NS,2021-12-31,2022-01-18,46.4,53.6
TMPV.NS,2022-03-31,2022-04-19,46.4,53.6
TMPV.NS,2022-06-30,2022-07-18,46.4,53.6
TMPV.NS,2022-09-30,2022-10-22,46.4,53.6
TMPV.NS,2022-12-31,2023-01-20,46.39,53.61
TMPV.NS,2023-03-31,2023-04-20,46.39,53.61
TMPV.NS,2023-06-30,2023-07-19,46.39,53.61
TMPV.NS,2023-09-30,2023-10-21,46.38,53.62
TMPV.NS,2023-12-31,2024-01-20,46.37,53.63
TMPV.NS,2024-03-31,2024-04-17,46.36,53.64
TMPV.NS,2024-06-30,2024-07-19,46.36,53.64
TMPV.NS,2024-09-01,2024-09-10,41.86,58.14
TMPV.NS,2024-09-30,2024-10-16,42.58,57.42
TMPV.NS,2024-12-31,2025-01-17,42.58,57.42
TMPV.NS,2025-03-31,2025-04-16,42.58,57.42
TMPV.NS,2025-06-30,2025-07-21,42.57,57.43
TMPV.NS,2025-09-30,2025-10-21,42.57,57.43
TMPV.NS,2025-12-31,2026-01-21,42.56,57.44
TMPV.NS,2026-03-31,2026-04-20,42.56,57.44
TMPV.NS,2026-06-30,2026-07-21,42.51,57.49
TORNTPHARM.NS,2021-09-30,2021-10-13,71.25,28.75
TORNTPHARM.NS,2021-12-31,2022-01-13,71.25,28.75
TORNTPHARM.NS,2022-03-31,2022-04-13,71.25,28.75
TORNTPHARM.NS,2022-06-30,2022-07-13,71.25,28.75
TORNTPHARM.NS,2022-07-13,2022-07-13,71.25,28.75
TORNTPHARM.NS,2022-09-30,2022-10-13,71.25,28.75
TORNTPHARM.NS,2022-12-31,2023-01-13,71.25,28.75
TORNTPHARM.NS,2023-03-31,2023-04-17,71.25,28.75
TORNTPHARM.NS,2023-06-30,2023-07-18,71.25,28.75
TORNTPHARM.NS,2023-09-30,2023-10-09,71.25,28.75
TORNTPHARM.NS,2023-12-31,2024-01-12,71.25,28.75
TORNTPHARM.NS,2024-03-31,2024-04-19,71.25,28.75
TORNTPHARM.NS,2024-06-30,2024-07-12,71.25,28.75
TORNTPHARM.NS,2024-09-30,2024-10-11,71.25,28.75
TORNTPHARM.NS,2024-12-31,2025-01-16,68.31,31.69
TORNTPHARM.NS,2025-03-31,2025-04-18,68.31,31.69
TORNTPHARM.NS,2025-06-30,2025-07-19,68.31,31.69
TORNTPHARM.NS,2025-09-30,2025-10-13,68.31,31.69
TORNTPHARM.NS,2025-12-31,2026-01-03,68.31,31.69
TORNTPHARM.NS,2026-03-31,2026-04-17,68.31,31.69
TORNTPHARM.NS,2026-06-30,2026-07-20,68.31,31.69
TORNTPHARM.NS,2026-07-20,2026-07-20,60.78,39.22
TORNTPOWER.NS,2021-09-30,2021-10-07,53.57,46.43
TORNTPOWER.NS,2021-12-31,2022-01-11,53.57,46.43
TORNTPOWER.NS,2022-03-31,2022-04-13,53.57,46.43
TORNTPOWER.NS,2022-06-30,2022-07-12,53.57,46.43
TORNTPOWER.NS,2022-09-30,2022-10-20,53.57,46.43
TORNTPOWER.NS,2022-12-31,2023-01-12,53.57,46.43
TORNTPOWER.NS,2023-03-31,2023-04-15,53.57,46.43
TORNTPOWER.NS,2023-06-30,2023-07-15,53.57,46.43
TORNTPOWER.NS,2023-09-30,2023-10-04,53.57,46.43
TORNTPOWER.NS,2023-12-31,2024-01-12,53.57,46.43
TORNTPOWER.NS,2024-03-31,2024-04-20,53.57,46.43
TORNTPOWER.NS,2024-06-30,2024-07-18,53.57,46.43
TORNTPOWER.NS,2024-09-30,2024-10-10,53.57,46.43
TORNTPOWER.NS,2024-12-05,2024-12-06,51.09,48.91
TORNTPOWER.NS,2024-12-31,2025-01-13,51.09,48.91
TORNTPOWER.NS,2025-03-31,2025-04-16,51.09,48.91
TORNTPOWER.NS,2025-06-30,2025-07-18,51.09,48.91
TORNTPOWER.NS,2025-09-30,2025-10-14,51.09,48.91
TORNTPOWER.NS,2025-12-31,2026-01-08,51.09,48.91
TORNTPOWER.NS,2026-03-31,2026-04-20,51.09,48.91
TORNTPOWER.NS,2026-06-30,2026-07-21,51.09,48.91
TRENT.NS,2021-09-30,2021-10-18,37.01,62.99
TRENT.NS,2022-03-31,2022-04-12,37.01,62.99
TRENT.NS,2022-06-30,2022-07-19,37.01,62.99
TRENT.NS,2022-09-30,2022-10-21,37.01,62.99
TRENT.NS,2022-12-31,2023-01-12,37.01,62.99
TRENT.NS,2023-03-31,2023-04-20,37.01,62.99
TRENT.NS,2023-06-30,2023-07-17,37.01,62.99
TRENT.NS,2023-09-30,2023-10-13,37.01,62.99
TRENT.NS,2023-12-31,2024-01-11,37.01,62.99
TRENT.NS,2024-03-31,2024-04-16,37.01,62.99
TRENT.NS,2024-06-30,2024-07-11,37.01,62.99
TRENT.NS,2024-09-30,2024-10-18,37.01,62.99
TRENT.NS,2024-12-31,2025-01-13,37.01,62.99
TRENT.NS,2025-03-31,2025-04-10,37.01,62.99
TRENT.NS,2025-06-30,2025-07-21,37.01,62.99
TRENT.NS,2025-09-30,2025-10-21,37.01,62.99
TRENT.NS,2025-12-31,2026-01-21,37.01,62.99
TRENT.NS,2026-03-31,2026-04-16,37.01,62.99
TRENT.NS,2026-06-30,2026-07-14,37.01,62.99
TRIDENT.NS,2021-09-30,2021-10-19,73.02,25.06
TRIDENT.NS,2021-12-31,2022-01-11,72.94,25.24
TRIDENT.NS,2022-03-31,2022-04-20,72.94,25.27
TRIDENT.NS,2022-06-30,2022-07-20,72.94,25.27
TRIDENT.NS,2022-09-30,2022-10-21,72.94,25.3
TRIDENT.NS,2022-12-31,2023-01-20,72.94,25.3
TRIDENT.NS,2023-03-31,2023-04-21,73.19,25.56
TRIDENT.NS,2023-06-30,2023-07-20,73.19,25.56
TRIDENT.NS,2023-09-30,2023-10-19,73.19,25.56
TRIDENT.NS,2023-12-31,2024-01-17,73.19,25.56
TRIDENT.NS,2024-03-31,2024-04-12,73.19,25.56
TRIDENT.NS,2024-06-30,2024-07-16,73.19,25.56
TRIDENT.NS,2024-09-30,2024-10-18,73.19,25.56
TRIDENT.NS,2024-12-31,2025-01-17,73.19,25.75
TRIDENT.NS,2025-03-31,2025-04-18,73.68,26.02
TRIDENT.NS,2025-06-30,2025-07-16,73.68,26.31
TRIDENT.NS,2025-09-30,2025-10-16,73.68,26.31
TRIDENT.NS,2025-12-31,2026-01-19,73.68,26.32
TRIDENT.NS,2026-03-31,2026-04-17,73.68,26.32
TRIDENT.NS,2026-06-30,2026-07-17,73.68,26.32
TRITURBINE.NS,2021-12-31,2022-01-13,67.78,32.22
TRITURBINE.NS,2022-03-31,2022-04-18,67.78,32.22
TRITURBINE.NS,2022-06-30,2022-07-18,67.78,32.22
TRITURBINE.NS,2022-09-30,2022-10-20,55.94,44.06
TRITURBINE.NS,2022-12-31,2023-01-17,55.94,44.06
TRITURBINE.NS,2023-03-31,2023-04-18,55.84,44.16
TRITURBINE.NS,2023-06-30,2023-07-12,55.84,44.16
TRITURBINE.NS,2023-09-30,2023-10-17,55.84,44.16
TRITURBINE.NS,2023-12-31,2024-01-10,55.84,44.16
TRITURBINE.NS,2024-03-31,2024-04-10,55.84,44.16
TRITURBINE.NS,2024-06-30,2024-07-10,55.84,44.16
TRITURBINE.NS,2024-09-30,2024-10-16,55.84,44.16
TRITURBINE.NS,2024-12-31,2025-01-14,55.84,44.16
TRITURBINE.NS,2025-03-31,2025-04-17,55.84,44.16
TRITURBINE.NS,2025-06-30,2025-07-17,55.84,44.16
TRITURBINE.NS,2025-09-30,2025-10-16,55.84,44.16
TRITURBINE.NS,2025-12-31,2026-01-20,55.84,44.16
TRITURBINE.NS,2026-03-31,2026-04-17,55.84,44.16
TRITURBINE.NS,2026-06-30,2026-07-16,55.84,44.16
TRIVENI.NS,2021-09-30,2021-10-19,68.43,31.57
TRIVENI.NS,2021-12-31,2022-01-14,68.43,31.57
TRIVENI.NS,2022-03-31,2022-04-19,68.43,31.57
TRIVENI.NS,2022-06-30,2022-07-18,68.43,31.57
TRIVENI.NS,2022-09-30,2022-10-18,68.26,31.74
TRIVENI.NS,2022-12-31,2023-01-17,61.23,38.77
TRIVENI.NS,2023-03-08,2023-03-17,60.98,39.02
TRIVENI.NS,2023-03-31,2023-04-18,60.98,39.02
TRIVENI.NS,2023-06-30,2023-07-12,60.98,39.02
TRIVENI.NS,2023-09-30,2023-10-17,60.98,39.02
TRIVENI.NS,2023-12-31,2024-01-10,60.98,39.02
TRIVENI.NS,2024-03-31,2024-04-10,60.98,39.02
TRIVENI.NS,2024-06-30,2024-07-10,60.98,39.02
TRIVENI.NS,2024-09-30,2024-10-16,60.98,39.02
TRIVENI.NS,2024-12-31,2025-01-10,60.98,39.02
TRIVENI.NS,2025-03-31,2025-04-10,60.98,39.02
TRIVENI.NS,2025-06-30,2025-07-14,60.98,39.02
TRIVENI.NS,2025-09-30,2025-10-15,60.98,39.02
TRIVENI.NS,2025-12-31,2026-01-12,60.98,39.02
TRIVENI.NS,2026-03-31,2026-04-20,60.98,39.02
TRIVENI.NS,2026-06-30,2026-07-21,60.58,39.42
TTKPRESTIG.NS,2021-09-30,2021-10-11,70.41,29.59
TTKPRESTIG.NS,2021-12-15,2021-12-27,70.41,29.59
TTKPRESTIG.NS,2021-12-31,2022-01-18,70.41,29.58
TTKPRESTIG.NS,2022-03-31,2022-04-11,70.41,29.59
TTKPRESTIG.NS,2022-06-30,2022-07-12,70.41,29.59
TTKPRESTIG.NS,2022-09-30,2022-10-18,70.41,29.59
TTKPRESTIG.NS,2022-12-31,2023-01-11,70.41,29.59
TTKPRESTIG.NS,2023-03-31,2023-04-07,70.41,29.59
TTKPRESTIG.NS,2023-06-30,2023-07-14,70.41,29.59
TTKPRESTIG.NS,2023-09-30,2023-10-19,70.41,29.59
TTKPRESTIG.NS,2023-12-31,2024-01-09,70.41,29.59
TTKPRESTIG.NS,2024-03-31,2024-04-17,70.41,29.59
TTKPRESTIG.NS,2024-06-30,2024-07-18,70.41,29.59
TTKPRESTIG.NS,2024-09-30,2024-10-18,70.52,29.48
TTKPRESTIG.NS,2024-12-31,2025-01-20,70.52,29.48
TTKPRESTIG.NS,2025-03-31,2025-04-07,70.52,29.48
TTKPRESTIG.NS,2025-06-30,2025-07-21,70.52,29.48
TTKPRESTIG.NS,2025-09-30,2025-10-17,70.52,29.48
TTKPRESTIG.NS,2025-12-31,2026-01-14,70.52,29.48
TTKPRESTIG.NS,2026-03-31,2026-04-17,70.52,29.48
TTKPRESTIG.NS,2026-06-30,2026-07-13,70.52,29.48
TTML.NS,2021-09-30,2021-10-20,74.36,25.64
TTML.NS,2021-12-31,2022-01-12,74.36,25.64
TTML.NS,2022-03-31,2022-04-11,74.36,25.64
TTML.NS,2022-06-30,2022-07-12,74.36,25.64
TTML.NS,2022-09-30,2022-10-14,74.36,25.64
TTML.NS,2022-12-31,2023-01-06,74.36,25.64
TTML.NS,2023-03-31,2023-04-07,74.36,25.64
TTML.NS,2023-06-30,2023-07-07,74.36,25.64
TTML.NS,2023-09-30,2023-10-10,74.36,25.64
TTML.NS,2023-12-31,2024-01-04,74.36,25.64
TTML.NS,2024-03-31,2024-04-06,74.36,25.64
TTML.NS,2024-06-30,2024-07-17,74.36,25.64
TTML.NS,2024-09-30,2024-10-11,74.36,25.64
TTML.NS,2024-12-31,2025-01-13,74.36,25.64
TTML.NS,2025-03-31,2025-04-13,74.36,25.64
TTML.NS,2025-06-30,2025-07-21,74.36,25.64
TTML.NS,2025-09-30,2025-10-21,74.36,25.64
TTML.NS,2025-12-31,2026-01-21,74.36,25.64
TTML.NS,2026-03-31,2026-04-16,74.36,25.64
TTML.NS,2026-06-30,2026-07-21,74.36,25.64
TVSMOTOR.NS,2021-09-30,2021-10-07,52.26,47.74
TVSMOTOR.NS,2021-12-31,2022-01-13,52.26,47.74
TVSMOTOR.NS,2022-03-31,2022-04-21,50.81,49.19
TVSMOTOR.NS,2022-06-30,2022-07-14,50.81,49.19
TVSMOTOR.NS,2022-09-30,2022-10-20,50.81,49.19
TVSMOTOR.NS,2022-12-31,2023-01-17,50.27,49.73
TVSMOTOR.NS,2023-03-31,2023-04-19,50.27,49.73
TVSMOTOR.NS,2023-06-30,2023-07-19,50.27,49.73
TVSMOTOR.NS,2023-09-30,2023-10-20,50.27,49.73
TVSMOTOR.NS,2023-12-31,2024-01-18,50.27,49.73
TVSMOTOR.NS,2024-03-31,2024-04-20,50.27,49.73
TVSMOTOR.NS,2024-06-30,2024-07-19,50.27,49.73
TVSMOTOR.NS,2024-09-30,2024-10-18,50.27,49.66
TVSMOTOR.NS,2024-12-31,2025-01-21,50.27,49.66
TVSMOTOR.NS,2025-03-31,2025-04-21,50.27,49.66
TVSMOTOR.NS,2025-06-30,2025-07-21,50.27,49.63
TVSMOTOR.NS,2025-09-30,2025-10-21,50.27,49.7
TVSMOTOR.NS,2025-12-31,2026-01-21,50.27,49.71
TVSMOTOR.NS,2026-03-31,2026-04-21,50.27,49.71
TVSMOTOR.NS,2026-06-30,2026-07-20,50.27,49.71
TVTODAY.NS,2021-09-30,2021-10-12,58.45,41.55
TVTODAY.NS,2021-12-31,2022-01-10,58.45,41.55
TVTODAY.NS,2022-03-31,2022-04-11,58.45,41.55
TVTODAY.NS,2022-06-30,2022-07-12,58.45,41.55
TVTODAY.NS,2022-09-30,2022-10-14,58.45,41.55
TVTODAY.NS,2022-12-31,2023-01-09,58.45,41.55
TVTODAY.NS,2023-03-31,2023-04-14,58.45,41.55
TVTODAY.NS,2023-06-30,2023-07-14,58.45,41.55
TVTODAY.NS,2023-09-30,2023-10-12,58.45,41.55
TVTODAY.NS,2023-12-31,2024-01-15,58.45,41.55
TVTODAY.NS,2024-03-31,2024-04-12,58.45,41.55
TVTODAY.NS,2024-06-30,2024-07-08,58.45,41.55
TVTODAY.NS,2024-09-30,2024-10-08,58.45,41.55
TVTODAY.NS,2024-12-31,2025-01-09,58.45,41.55
TVTODAY.NS,2025-03-31,2025-04-09,58.45,41.55
TVTODAY.NS,2025-06-30,2025-07-18,58.45,41.55
TVTODAY.NS,2025-09-30,2025-10-17,58.45,41.55
TVTODAY.NS,2025-12-31,2026-01-07,63.21,36.79
TVTODAY.NS,2026-03-31,2026-04-13,63.21,36.79
TVTODAY.NS,2026-06-30,2026-07-09,63.21,36.79
UBL.NS,2021-09-30,2021-10-13,72.71,27.29
UBL.NS,2021-12-31,2022-01-20,72.71,27.29
UBL.NS,2022-03-31,2022-04-20,72.71,27.29
UBL.NS,2022-06-30,2022-07-20,72.71,27.29
UBL.NS,2022-09-30,2022-10-17,72.71,27.29
UBL.NS,2022-12-31,2023-01-07,72.71,27.29
UBL.NS,2023-03-31,2023-04-06,72.71,27.29
UBL.NS,2023-06-30,2023-07-06,72.71,27.29
UBL.NS,2023-09-30,2023-10-06,70.99,29.01
UBL.NS,2023-12-31,2024-01-05,70.83,29.17
UBL.NS,2024-03-31,2024-04-08,70.83,29.17
UBL.NS,2024-06-30,2024-07-16,70.83,29.17
UBL.NS,2024-09-30,2024-10-16,70.83,29.17
UBL.NS,2024-12-31,2025-01-16,70.83,29.17
UBL.NS,2025-03-31,2025-04-16,70.83,29.17
UBL.NS,2025-06-30,2025-07-21,70.83,29.17
UBL.NS,2025-09-30,2025-10-15,70.83,29.17
UBL.NS,2025-12-31,2026-01-16,70.83,29.17
UBL.NS,2026-03-31,2026-04-16,70.83,29.17
UBL.NS,2026-06-30,2026-07-17,70.83,29.17
UCOBANK.NS,2021-09-30,2021-10-04,95.39,4.61
UCOBANK.NS,2021-12-31,2022-01-04,95.39,4.61
UCOBANK.NS,2022-03-31,2022-04-06,95.39,4.61
UCOBANK.NS,2022-06-30,2022-07-06,95.39,4.61
UCOBANK.NS,2022-09-30,2022-10-10,95.39,4.61
UCOBANK.NS,2022-12-31,2023-01-09,95.39,4.61
UCOBANK.NS,2023-03-31,2023-04-04,95.39,4.61
UCOBANK.NS,2023-06-30,2023-07-07,95.39,4.61
UCOBANK.NS,2023-09-30,2023-10-09,95.39,4.61
UCOBANK.NS,2023-12-31,2024-01-06,95.39,4.61
UCOBANK.NS,2024-03-31,2024-04-06,95.39,4.61
UCOBANK.NS,2024-06-30,2024-07-05,95.39,4.61
UCOBANK.NS,2024-09-30,2024-10-05,95.39,4.61
UCOBANK.NS,2024-12-31,2025-01-10,95.39,4.61
UCOBANK.NS,2025-03-28,2025-04-04,90.95,9.05
UCOBANK.NS,2025-03-31,2025-04-04,90.95,9.05
UCOBANK.NS,2025-06-30,2025-07-08,90.95,9.05
UCOBANK.NS,2025-09-30,2025-10-04,90.95,9.05
UCOBANK.NS,2025-12-31,2026-01-07,90.95,9.05
UCOBANK.NS,2026-03-31,2026-04-16,90.95,9.05
UCOBANK.NS,2026-06-30,2026-07-08,90.95,9.05
UFLEX.NS,2021-09-30,2021-10-13,44.02,55.98
UFLEX.NS,2021-12-31,2022-01-11,44.02,55.98
UFLEX.NS,2022-03-31,2022-04-18,44.02,55.98
UFLEX.NS,2022-06-30,2022-07-14,44.58,55.42
UFLEX.NS,2022-09-30,2022-10-20,44.58,55.42
UFLEX.NS,2022-12-31,2023-01-17,44.58,55.42
UFLEX.NS,2023-03-31,2023-04-18,44.58,55.42
UFLEX.NS,2023-06-30,2023-07-18,44.58,55.42
UFLEX.NS,2023-09-30,2023-10-16,44.58,55.42
UFLEX.NS,2023-12-31,2024-01-15,44.58,55.42
UFLEX.NS,2024-03-31,2024-04-17,44.58,55.42
UFLEX.NS,2024-06-30,2024-07-18,44.58,55.42
UFLEX.NS,2024-09-30,2024-10-11,44.58,55.42
UFLEX.NS,2024-12-31,2025-01-14,44.58,55.42
UFLEX.NS,2025-03-31,2025-04-15,44.58,55.42
UFLEX.NS,2025-06-30,2025-07-16,44.58,55.42
UFLEX.NS,2025-09-30,2025-10-17,44.58,55.42
UFLEX.NS,2025-12-31,2026-01-20,44.58,55.42
UFLEX.NS,2026-03-31,2026-04-16,44.58,55.42
UFLEX.NS,2026-06-30,2026-07-17,44.58,55.42
UJJIVANSFB.NS,2021-09-30,2021-10-08,83.32,16.68
UJJIVANSFB.NS,2021-12-31,2022-01-10,83.32,16.68
UJJIVANSFB.NS,2022-03-31,2022-04-12,83.32,16.68
UJJIVANSFB.NS,2022-06-30,2022-07-08,83.32,16.68
UJJIVANSFB.NS,2022-09-15,2022-09-19,73.68,26.32
UJJIVANSFB.NS,2022-09-30,2022-10-12,73.68,26.32
UJJIVANSFB.NS,2022-12-31,2023-01-06,73.68,26.32
UJJIVANSFB.NS,2023-03-31,2023-04-11,73.67,26.33
UJJIVANSFB.NS,2023-06-30,2023-07-07,73.67,26.33
UJJIVANSFB.NS,2023-09-30,2023-10-11,73.66,26.34
UJJIVANSFB.NS,2023-12-31,2024-01-11,73.6,26.4
UJJIVANSFB.NS,2024-03-31,2024-04-12,73.52,26.48
UJJIVANSFB.NS,2024-05-06,2024-05-07,0.0,100.0
UJJIVANSFB.NS,2024-06-30,2024-07-15,0.0,100.0
UJJIVANSFB.NS,2024-09-30,2024-10-09,0.0,100.0
UJJIVANSFB.NS,2024-12-31,2025-01-07,0.0,100.0
UJJIVANSFB.NS,2025-03-31,2025-04-16,0.0,100.0
UJJIVANSFB.NS,2025-06-30,2025-07-18,0.0,100.0
UJJIVANSFB.NS,2025-09-30,2025-10-13,0.0,100.0
UJJIVANSFB.NS,2025-12-31,2026-01-17,0.0,100.0
UJJIVANSFB.NS,2026-03-31,2026-04-16,0.0,100.0
UJJIVANSFB.NS,2026-06-30,2026-07-09,0.0,100.0
ULTRACEMCO.NS,2021-09-30,2021-10-08,59.96,39.95
ULTRACEMCO.NS,2021-12-31,2022-01-10,59.96,39.94
ULTRACEMCO.NS,2022-03-31,2022-04-19,59.96,39.95
ULTRACEMCO.NS,2022-06-30,2022-07-15,59.96,39.95
ULTRACEMCO.NS,2022-09-30,2022-10-20,59.96,39.91
ULTRACEMCO.NS,2022-12-31,2023-01-13,59.96,39.91
ULTRACEMCO.NS,2023-03-31,2023-04-20,59.96,39.9
ULTRACEMCO.NS,2023-06-30,2023-07-18,59.96,39.9
ULTRACEMCO.NS,2023-09-30,2023-10-18,59.96,39.86
ULTRACEMCO.NS,2023-12-31,2024-01-12,59.96,39.87
ULTRACEMCO.NS,2024-03-31,2024-04-19,59.95,39.87
ULTRACEMCO.NS,2024-06-30,2024-07-10,59.99,39.84
ULTRACEMCO.NS,2024-09-30,2024-10-18,59.99,39.84
ULTRACEMCO.NS,2024-12-31,2025-01-20,60.0,39.81
ULTRACEMCO.NS,2025-03-31,2025-04-18,59.23,40.59
ULTRACEMCO.NS,2025-06-30,2025-07-21,59.23,40.59
ULTRACEMCO.NS,2025-09-30,2025-10-16,59.23,40.57
ULTRACEMCO.NS,2025-12-31,2026-01-20,59.29,40.53
ULTRACEMCO.NS,2026-03-31,2026-04-17,59.33,40.5
ULTRACEMCO.NS,2026-06-30,2026-07-15,59.33,40.5
UNIONBANK.NS,2021-05-21,2021-05-21,83.49,16.51
UNIONBANK.NS,2021-09-30,2021-10-07,83.49,16.51
UNIONBANK.NS,2021-12-31,2022-01-06,83.49,16.51
UNIONBANK.NS,2022-03-31,2022-04-19,83.49,16.51
UNIONBANK.NS,2022-06-30,2022-07-12,83.49,16.51
UNIONBANK.NS,2022-09-30,2022-10-17,83.49,16.51
UNIONBANK.NS,2022-12-31,2023-01-10,83.49,16.51
UNIONBANK.NS,2023-03-31,2023-04-15,83.49,16.51
UNIONBANK.NS,2023-06-30,2023-07-20,83.49,16.5
UNIONBANK.NS,2023-08-25,2023-09-04,76.99,23.01
UNIONBANK.NS,2023-09-30,2023-10-18,76.99,23.01
UNIONBANK.NS,2023-12-31,2024-01-18,76.99,23.01
UNIONBANK.NS,2024-02-26,2024-02-28,74.76,25.24
UNIONBANK.NS,2024-03-31,2024-04-18,74.76,25.24
UNIONBANK.NS,2024-06-30,2024-07-18,74.76,25.24
UNIONBANK.NS,2024-09-30,2024-10-10,74.76,25.24
UNIONBANK.NS,2024-12-31,2025-01-16,74.76,25.24
UNIONBANK.NS,2025-03-31,2025-04-21,74.76,25.24
UNIONBANK.NS,2025-06-30,2025-07-19,74.76,25.24
UNIONBANK.NS,2025-09-30,2025-10-16,74.76,25.24
UNIONBANK.NS,2025-12-31,2026-01-19,74.76,25.24
UNIONBANK.NS,2026-03-31,2026-04-17,74.76,25.24
UNIONBANK.NS,2026-06-30,2026-07-20,74.76,25.24
UNITDSPR.NS,2021-09-30,2021-10-20,56.73,43.27
UNITDSPR.NS,2021-12-31,2022-01-20,56.73,43.27
UNITDSPR.NS,2022-03-31,2022-04-19,56.73,43.27
UNITDSPR.NS,2022-06-30,2022-07-07,56.73,43.27
UNITDSPR.NS,2022-09-30,2022-10-21,56.73,43.27
UNITDSPR.NS,2022-12-31,2023-01-19,56.73,43.27
UNITDSPR.NS,2023-03-31,2023-04-18,56.68,43.32
UNITDSPR.NS,2023-06-30,2023-07-18,56.68,43.32
UNITDSPR.NS,2023-09-30,2023-10-19,56.67,43.33
UNITDSPR.NS,2023-12-31,2024-01-18,56.67,43.33
UNITDSPR.NS,2024-03-31,2024-04-17,56.67,43.33
UNITDSPR.NS,2024-06-30,2024-07-20,56.67,43.33
UNITDSPR.NS,2024-09-30,2024-10-18,56.67,43.33
UNITDSPR.NS,2024-12-31,2025-01-21,56.67,43.33
UNITDSPR.NS,2025-03-31,2025-04-21,56.67,43.33
UNITDSPR.NS,2025-06-30,2025-07-21,56.67,43.33
UNITDSPR.NS,2025-09-30,2025-10-21,56.67,43.33
UNITDSPR.NS,2025-12-31,2026-01-19,56.67,43.33
UNITDSPR.NS,2026-03-31,2026-04-21,56.67,43.33
UNITDSPR.NS,2026-06-30,2026-07-17,56.67,43.33
UNOMINDA.NS,2021-09-30,2021-10-12,67.46,32.54
UNOMINDA.NS,2021-12-31,2022-01-15,67.46,32.53
UNOMINDA.NS,2022-03-31,2022-04-16,67.46,32.53
UNOMINDA.NS,2022-06-08,2022-06-13,67.45,32.55
UNOMINDA.NS,2022-06-19,2022-06-22,67.43,32.57
UNOMINDA.NS,2022-06-28,2022-06-30,67.41,32.59
UNOMINDA.NS,2022-06-30,2022-07-09,67.41,32.59
UNOMINDA.NS,2022-07-11,2022-07-12,67.41,32.59
UNOMINDA.NS,2022-08-08,2022-08-13,67.36,32.64
UNOMINDA.NS,2022-09-03,2022-09-08,67.34,32.66
UNOMINDA.NS,2022-09-30,2022-10-14,70.11,29.89
UNOMINDA.NS,2022-10-24,2022-11-02,70.1,29.9
UNOMINDA.NS,2022-12-31,2023-01-12,70.07,29.93
UNOMINDA.NS,2023-03-31,2023-04-14,70.06,29.94
UNOMINDA.NS,2023-06-30,2023-07-14,70.05,29.95
UNOMINDA.NS,2023-09-30,2023-10-13,68.73,31.27
UNOMINDA.NS,2023-12-31,2024-01-13,68.73,31.27
UNOMINDA.NS,2024-03-31,2024-04-16,68.76,31.24
UNOMINDA.NS,2024-06-30,2024-07-18,68.75,31.25
UNOMINDA.NS,2024-09-30,2024-10-17,68.75,31.25
UNOMINDA.NS,2024-12-31,2025-01-15,68.75,31.25
UNOMINDA.NS,2025-03-31,2025-04-17,68.75,31.25
UNOMINDA.NS,2025-06-30,2025-07-19,68.71,31.29
UNOMINDA.NS,2025-09-30,2025-10-17,68.45,31.55
UNOMINDA.NS,2025-12-31,2026-01-17,68.41,31.59
UNOMINDA.NS,2026-03-31,2026-04-18,68.37,31.63
UNOMINDA.NS,2026-06-30,2026-07-18,68.36,31.64
UPL.NS,2017-06-30,2017-07-20,27.86,72.14
UPL.NS,2017-09-30,2017-10-11,27.86,72.14
UPL.NS,2017-12-31,2018-01-19,27.84,72.16
UPL.NS,2018-03-31,2018-04-17,27.72,72.28
UPL.NS,2018-06-30,2018-07-16,27.75,72.25
UPL.NS,2018-09-30,2018-10-15,27.91,72.09
UPL.NS,2018-12-31,2019-01-17,27.92,72.08
UPL.NS,2019-03-31,2019-04-13,27.89,72.11
UPL.NS,2019-06-30,2019-07-19,27.89,72.11
UPL.NS,2019-07-04,2019-07-08,27.89,72.11
UPL.NS,2019-09-30,2019-10-16,27.89,72.11
UPL.NS,2019-12-31,2020-01-21,27.89,72.11
UPL.NS,2020-03-31,2020-04-28,27.89,72.11
UPL.NS,2020-06-30,2020-07-20,27.88,72.12
UPL.NS,2020-09-30,2020-10-20,27.88,72.12
UPL.NS,2020-12-31,2021-01-20,28.02,71.98
UPL.NS,2021-03-31,2021-04-20,28.12,71.88
UPL.NS,2021-06-30,2021-07-20,28.12,71.88
UPL.NS,2021-09-30,2021-10-21,28.12,71.88
UPL.NS,2021-12-31,2022-01-19,28.41,71.59
UPL.NS,2022-03-31,2022-04-19,28.62,71.38
UPL.NS,2022-06-30,2022-07-20,29.13,70.87
UPL.NS,2022-09-30,2022-10-20,29.13,70.87
UPL.NS,2022-12-31,2023-01-20,30.91,69.09
UPL.NS,2023-03-31,2023-04-20,32.52,67.48
UPL.NS,2023-06-30,2023-07-18,32.52,67.48
UPL.NS,2023-09-30,2023-10-19,32.52,67.48
UPL.NS,2023-12-31,2024-01-16,32.52,67.48
UPL.NS,2024-03-31,2024-04-19,32.52,67.48
UPL.NS,2024-06-30,2024-07-18,32.52,67.48
UPL.NS,2024-09-30,2024-10-18,32.52,67.48
UPL.NS,2024-12-20,2024-12-27,33.51,66.49
UPL.NS,2024-12-31,2025-01-15,33.51,66.49
UPL.NS,2025-01-17,2025-01-29,33.5,66.5
UPL.NS,2025-03-31,2025-04-16,33.5,66.5
UPL.NS,2025-06-30,2025-07-19,33.5,66.5
UPL.NS,2025-09-30,2025-10-14,33.5,66.5
UPL.NS,2025-12-31,2026-01-09,33.5,66.5
UPL.NS,2026-02-05,2026-02-12,33.51,66.49
UPL.NS,2026-03-31,2026-04-17,33.51,66.49
UPL.NS,2026-06-30,2026-07-20,33.51,66.49
USHAMART.NS,2021-09-30,2021-10-08,50.13,49.87
USHAMART.NS,2021-12-31,2022-01-10,49.79,50.21
USHAMART.NS,2022-03-31,2022-04-06,49.26,50.74
USHAMART.NS,2022-06-30,2022-07-16,49.04,50.96
USHAMART.NS,2022-09-30,2022-10-17,48.7,51.3
USHAMART.NS,2022-12-31,2023-01-06,48.3,51.7
USHAMART.NS,2023-03-31,2023-04-07,48.26,51.74
USHAMART.NS,2023-06-30,2023-07-13,47.88,52.12
USHAMART.NS,2023-09-30,2023-10-11,47.51,52.49
USHAMART.NS,2023-12-31,2024-01-18,47.41,52.59
USHAMART.NS,2024-03-31,2024-04-08,46.05,53.95
USHAMART.NS,2024-06-30,2024-07-20,45.11,54.89
USHAMART.NS,2024-09-30,2024-10-19,43.54,56.46
USHAMART.NS,2024-12-31,2025-01-21,43.48,56.52
USHAMART.NS,2025-03-31,2025-04-18,43.89,56.04
USHAMART.NS,2025-06-30,2025-07-21,42.45,57.49
USHAMART.NS,2025-09-30,2025-10-21,41.76,58.18
USHAMART.NS,2025-12-31,2026-01-20,40.52,59.37
USHAMART.NS,2026-03-31,2026-04-20,40.52,59.37
USHAMART.NS,2026-06-30,2026-07-20,40.28,59.6
UTIAMC.NS,2021-09-30,2021-10-21,0.0,100.0
UTIAMC.NS,2021-12-31,2022-01-11,0.0,100.0
UTIAMC.NS,2022-03-31,2022-04-12,0.0,100.0
UTIAMC.NS,2022-06-30,2022-07-20,0.0,100.0
UTIAMC.NS,2022-09-30,2022-10-21,0.0,100.0
UTIAMC.NS,2022-12-31,2023-01-10,0.0,100.0
UTIAMC.NS,2023-03-31,2023-04-08,0.0,100.0
UTIAMC.NS,2023-06-30,2023-07-18,0.0,100.0
UTIAMC.NS,2023-09-30,2023-10-20,0.0,100.0
UTIAMC.NS,2023-12-31,2024-01-11,0.0,100.0
UTIAMC.NS,2024-03-31,2024-04-16,0.0,100.0
UTIAMC.NS,2024-06-30,2024-07-15,0.0,100.0
UTIAMC.NS,2024-09-30,2024-10-10,0.0,100.0
UTIAMC.NS,2024-12-31,2025-01-07,0.0,100.0
UTIAMC.NS,2025-03-31,2025-04-08,0.0,100.0
UTIAMC.NS,2025-06-30,2025-07-21,0.0,100.0
UTIAMC.NS,2025-09-30,2025-10-16,0.0,100.0
UTIAMC.NS,2025-12-31,2026-01-20,0.0,100.0
UTIAMC.NS,2026-03-31,2026-04-20,0.0,100.0
UTIAMC.NS,2026-06-30,2026-07-17,0.0,100.0
VAIBHAVGBL.NS,2021-09-30,2021-10-05,58.1,41.73
VAIBHAVGBL.NS,2021-12-31,2022-01-13,58.08,41.83
VAIBHAVGBL.NS,2022-03-31,2022-04-18,58.08,41.8
VAIBHAVGBL.NS,2022-06-30,2022-07-14,57.96,41.86
VAIBHAVGBL.NS,2022-09-30,2022-10-19,57.89,41.96
VAIBHAVGBL.NS,2022-12-31,2023-01-12,57.91,41.94
VAIBHAVGBL.NS,2023-03-31,2023-04-15,57.26,42.64
VAIBHAVGBL.NS,2023-06-30,2023-07-15,57.21,42.73
VAIBHAVGBL.NS,2023-09-30,2023-10-09,57.13,42.82
VAIBHAVGBL.NS,2023-12-31,2024-01-09,57.24,42.71
VAIBHAVGBL.NS,2024-03-31,2024-04-06,57.22,42.71
VAIBHAVGBL.NS,2024-06-30,2024-07-11,57.18,42.69
VAIBHAVGBL.NS,2024-09-30,2024-10-09,57.3,42.56
VAIBHAVGBL.NS,2024-12-31,2025-01-15,57.3,42.57
VAIBHAVGBL.NS,2025-03-31,2025-04-15,57.3,42.58
VAIBHAVGBL.NS,2025-06-30,2025-07-21,57.19,42.7
VAIBHAVGBL.NS,2025-09-30,2025-10-19,57.18,42.78
VAIBHAVGBL.NS,2025-12-31,2026-01-16,57.11,42.85
VAIBHAVGBL.NS,2026-03-31,2026-04-21,57.43,42.54
VAIBHAVGBL.NS,2026-06-30,2026-07-20,57.33,42.64
VAKRANGEE.NS,2021-09-30,2021-10-21,42.6,57.4
VAKRANGEE.NS,2021-12-31,2022-01-21,42.6,57.4
VAKRANGEE.NS,2022-03-31,2022-04-13,42.6,57.4
VAKRANGEE.NS,2022-06-30,2022-07-16,42.6,57.4
VAKRANGEE.NS,2022-09-30,2022-10-19,42.6,57.4
VAKRANGEE.NS,2022-12-31,2023-01-13,42.6,57.4
VAKRANGEE.NS,2023-03-31,2023-04-07,42.6,57.4
VAKRANGEE.NS,2023-06-30,2023-07-18,42.6,57.4
VAKRANGEE.NS,2023-09-30,2023-10-17,42.6,57.4
VAKRANGEE.NS,2023-12-31,2024-01-10,42.6,57.4
VAKRANGEE.NS,2024-03-31,2024-04-06,42.6,57.4
VAKRANGEE.NS,2024-06-30,2024-07-19,41.92,58.08
VAKRANGEE.NS,2024-09-30,2024-10-18,41.67,58.33
VAKRANGEE.NS,2024-12-31,2025-01-16,41.67,58.33
VAKRANGEE.NS,2025-03-31,2025-04-17,40.05,59.95
VAKRANGEE.NS,2025-06-30,2025-07-19,40.05,59.95
VAKRANGEE.NS,2025-09-30,2025-10-18,40.05,59.95
VAKRANGEE.NS,2025-12-31,2026-01-20,40.05,59.95
VAKRANGEE.NS,2026-03-31,2026-04-16,40.05,59.95
VAKRANGEE.NS,2026-06-30,2026-07-15,40.05,59.95
VARROC.NS,2021-09-30,2021-10-20,75.0,25.0
VARROC.NS,2021-12-31,2022-01-07,75.0,25.0
VARROC.NS,2022-03-31,2022-04-07,75.0,25.0
VARROC.NS,2022-06-30,2022-07-07,75.0,25.0
VARROC.NS,2022-09-30,2022-10-13,75.0,25.0
VARROC.NS,2022-12-31,2023-01-06,75.0,25.0
VARROC.NS,2023-03-31,2023-04-07,75.0,25.0
VARROC.NS,2023-06-30,2023-07-07,75.0,25.0
VARROC.NS,2023-09-30,2023-10-09,75.0,25.0
VARROC.NS,2023-12-31,2024-01-05,75.0,25.0
VARROC.NS,2024-03-31,2024-04-10,75.0,25.0
VARROC.NS,2024-06-30,2024-07-08,75.0,25.0
VARROC.NS,2024-09-30,2024-10-07,75.0,25.0
VARROC.NS,2024-12-31,2025-01-07,75.0,25.0
VARROC.NS,2025-03-31,2025-04-08,75.0,25.0
VARROC.NS,2025-06-30,2025-07-07,75.0,25.0
VARROC.NS,2025-09-30,2025-10-09,75.0,25.0
VARROC.NS,2025-12-31,2026-01-09,75.0,25.0
VARROC.NS,2026-03-31,2026-04-13,75.0,25.0
VARROC.NS,2026-06-30,2026-07-08,75.0,25.0
VBL.NS,2020-09-30,2020-10-13,66.4,33.6
VBL.NS,2020-12-31,2021-01-06,66.4,33.6
VBL.NS,2021-03-31,2021-04-14,66.4,33.6
VBL.NS,2021-06-14,2021-06-15,65.82,34.18
VBL.NS,2021-06-30,2021-07-08,65.82,34.18
VBL.NS,2021-09-30,2021-10-13,64.89,35.11
VBL.NS,2021-12-31,2022-01-12,64.89,35.11
VBL.NS,2022-03-31,2022-04-15,64.89,35.11
VBL.NS,2022-06-09,2022-06-10,63.9,36.1
VBL.NS,2022-06-30,2022-07-08,63.9,36.1
VBL.NS,2022-09-30,2022-10-11,63.9,36.1
VBL.NS,2022-12-31,2023-01-11,63.9,36.1
VBL.NS,2023-03-31,2023-04-12,63.9,36.1
VBL.NS,2023-06-30,2023-07-11,63.62,36.38
VBL.NS,2023-09-30,2023-10-09,63.1,36.9
VBL.NS,2023-12-31,2024-01-12,63.09,36.91
VBL.NS,2024-03-31,2024-04-12,62.91,37.09
VBL.NS,2024-06-30,2024-07-10,62.66,37.34
VBL.NS,2024-09-30,2024-10-11,62.66,37.34
VBL.NS,2024-11-19,2024-11-28,60.2,39.8
VBL.NS,2024-12-31,2025-01-09,60.2,39.8
VBL.NS,2025-03-31,2025-04-14,60.23,39.77
VBL.NS,2025-06-30,2025-07-11,59.82,40.18
VBL.NS,2025-09-30,2025-10-14,59.44,40.56
VBL.NS,2025-12-31,2026-01-12,59.44,40.56
VBL.NS,2026-03-31,2026-04-10,59.44,40.56
VBL.NS,2026-06-30,2026-07-13,59.43,40.57
VEDL.NS,2021-09-30,2021-10-14,65.18,34.5
VEDL.NS,2021-12-31,2022-01-15,69.69,30.06
VEDL.NS,2022-03-31,2022-04-19,69.69,30.08
VEDL.NS,2022-06-30,2022-07-20,69.69,30.09
VEDL.NS,2022-09-30,2022-10-21,69.69,30.09
VEDL.NS,2022-12-31,2023-01-19,69.69,30.09
VEDL.NS,2023-03-31,2023-04-21,68.11,31.78
VEDL.NS,2023-06-30,2023-07-17,68.11,31.81
VEDL.NS,2023-09-30,2023-10-16,63.71,36.21
VEDL.NS,2023-12-31,2024-01-17,63.71,36.22
VEDL.NS,2024-03-31,2024-04-18,61.95,37.87
VEDL.NS,2024-06-30,2024-07-10,59.32,40.51
VEDL.NS,2024-07-20,2024-07-24,56.38,43.45
VEDL.NS,2024-09-30,2024-10-19,56.38,43.45
VEDL.NS,2024-12-31,2025-01-15,56.38,43.5
VEDL.NS,2025-03-31,2025-04-19,56.38,43.49
VEDL.NS,2025-06-30,2025-07-19,56.38,43.49
VEDL.NS,2025-09-30,2025-10-21,56.38,43.49
VEDL.NS,2025-12-31,2026-01-21,56.38,43.56
VEDL.NS,2026-03-31,2026-04-17,56.38,43.47
VEDL.NS,2026-06-30,2026-07-20,54.72,45.12
VENKEYS.NS,2021-09-30,2021-10-16,56.11,43.89
VENKEYS.NS,2021-12-31,2022-01-18,56.11,43.89
VENKEYS.NS,2022-03-31,2022-04-21,56.11,43.89
VENKEYS.NS,2022-06-30,2022-07-20,56.11,43.89
VENKEYS.NS,2022-09-30,2022-10-20,56.11,43.89
VENKEYS.NS,2022-12-31,2023-01-20,56.11,43.89
VENKEYS.NS,2023-03-31,2023-04-11,56.11,43.89
VENKEYS.NS,2023-06-30,2023-07-17,56.11,43.89
VENKEYS.NS,2023-09-30,2023-10-16,56.11,43.89
VENKEYS.NS,2023-12-31,2024-01-11,56.11,43.89
VENKEYS.NS,2024-03-31,2024-04-19,56.11,43.89
VENKEYS.NS,2024-06-30,2024-07-17,56.11,43.89
VENKEYS.NS,2024-09-30,2024-10-19,56.11,43.89
VENKEYS.NS,2024-12-31,2025-01-21,56.11,43.89
VENKEYS.NS,2025-03-31,2025-04-19,56.11,43.89
VENKEYS.NS,2025-06-30,2025-07-19,56.11,43.89
VENKEYS.NS,2025-09-30,2025-10-18,56.11,43.89
VENKEYS.NS,2025-12-31,2026-01-21,56.11,43.89
VENKEYS.NS,2026-03-31,2026-04-20,56.11,43.89
VENKEYS.NS,2026-06-30,2026-07-20,0.0,0.0
VENTIVE.NS,2024-12-26,2024-12-30,88.98,11.02
VENTIVE.NS,2024-12-31,2025-01-19,88.98,11.02
VENTIVE.NS,2025-03-31,2025-04-21,88.98,11.02
VENTIVE.NS,2025-06-30,2025-07-19,88.98,11.02
VENTIVE.NS,2025-09-30,2025-10-18,88.98,11.02
VENTIVE.NS,2025-12-31,2026-01-21,88.98,11.02
VENTIVE.NS,2026-03-31,2026-04-21,88.98,11.02
VENTIVE.NS,2026-06-30,2026-07-21,88.98,11.02
VESUVIUS.NS,2021-09-30,2021-10-14,55.57,44.43
VESUVIUS.NS,2021-12-31,2022-01-14,55.57,44.43
VESUVIUS.NS,2022-03-31,2022-04-14,55.57,44.43
VESUVIUS.NS,2022-06-30,2022-07-15,55.57,44.43
VESUVIUS.NS,2022-09-30,2022-10-17,55.57,44.43
VESUVIUS.NS,2022-12-31,2023-01-18,55.57,44.43
VESUVIUS.NS,2023-03-31,2023-04-14,55.57,44.43
VESUVIUS.NS,2023-06-30,2023-07-17,55.57,44.43
VESUVIUS.NS,2023-09-30,2023-10-12,55.57,44.43
VESUVIUS.NS,2023-12-31,2024-01-13,55.57,44.43
VESUVIUS.NS,2024-03-31,2024-04-16,55.57,44.43
VESUVIUS.NS,2024-06-30,2024-07-21,55.57,44.43
VESUVIUS.NS,2024-09-30,2024-10-21,55.57,44.43
VESUVIUS.NS,2024-12-31,2025-01-20,55.57,44.43
VESUVIUS.NS,2025-03-31,2025-04-17,55.57,44.43
VESUVIUS.NS,2025-06-30,2025-07-17,55.57,44.43
VESUVIUS.NS,2025-09-30,2025-10-17,55.57,44.43
VESUVIUS.NS,2025-12-31,2026-01-14,55.57,44.43
VESUVIUS.NS,2026-03-31,2026-04-20,55.57,44.43
VESUVIUS.NS,2026-06-30,2026-07-20,55.57,44.43
VGUARD.NS,2021-09-30,2021-10-14,56.05,43.95
VGUARD.NS,2021-12-31,2022-01-11,55.96,44.04
VGUARD.NS,2022-03-31,2022-04-18,55.88,44.12
VGUARD.NS,2022-06-30,2022-07-19,55.88,44.12
VGUARD.NS,2022-09-30,2022-10-17,55.86,44.14
VGUARD.NS,2022-12-31,2023-01-17,55.85,44.15
VGUARD.NS,2023-03-31,2023-04-19,55.8,44.2
VGUARD.NS,2023-06-30,2023-07-14,55.62,44.38
VGUARD.NS,2023-09-30,2023-10-13,55.62,44.38
VGUARD.NS,2023-12-31,2024-01-10,54.57,45.43
VGUARD.NS,2024-03-31,2024-04-12,54.48,45.52
VGUARD.NS,2024-06-30,2024-07-10,54.42,45.58
VGUARD.NS,2024-09-30,2024-10-10,54.39,45.61
VGUARD.NS,2024-12-31,2025-01-10,54.35,45.65
VGUARD.NS,2025-03-31,2025-04-15,54.3,45.7
VGUARD.NS,2025-06-30,2025-07-17,54.28,45.72
VGUARD.NS,2025-09-30,2025-10-17,53.32,46.68
VGUARD.NS,2025-12-31,2026-01-13,53.28,46.72
VGUARD.NS,2026-03-31,2026-04-18,53.23,46.77
VGUARD.NS,2026-06-30,2026-07-16,53.22,46.78
VIJAYA.NS,2021-09-30,2021-10-12,54.78,45.22
VIJAYA.NS,2021-12-31,2022-01-17,54.78,45.22
VIJAYA.NS,2022-03-31,2022-04-13,54.78,45.22
VIJAYA.NS,2022-06-30,2022-07-08,55.04,44.96
VIJAYA.NS,2022-09-30,2022-10-19,55.01,44.99
VIJAYA.NS,2022-12-31,2023-01-12,55.01,44.99
VIJAYA.NS,2023-03-31,2023-04-14,55.01,44.99
VIJAYA.NS,2023-06-30,2023-07-17,54.98,45.02
VIJAYA.NS,2023-09-30,2023-10-13,54.9,45.1
VIJAYA.NS,2023-12-31,2024-01-12,54.87,45.13
VIJAYA.NS,2024-03-31,2024-04-10,54.06,45.94
VIJAYA.NS,2024-06-30,2024-07-12,53.93,46.07
VIJAYA.NS,2024-09-30,2024-10-14,53.91,46.09
VIJAYA.NS,2024-12-31,2025-01-13,53.91,46.09
VIJAYA.NS,2025-03-31,2025-04-12,53.05,46.95
VIJAYA.NS,2025-06-30,2025-07-10,52.63,47.37
VIJAYA.NS,2025-09-30,2025-10-09,52.6,47.4
VIJAYA.NS,2025-12-31,2026-01-08,52.6,47.4
VIJAYA.NS,2026-03-31,2026-04-07,52.51,47.49
VIJAYA.NS,2026-06-30,2026-07-17,52.47,47.53
VINATIORGA.NS,2021-09-30,2021-10-11,74.06,25.93
VINATIORGA.NS,2021-12-31,2022-01-10,74.06,25.93
VINATIORGA.NS,2022-03-31,2022-04-12,74.06,25.94
VINATIORGA.NS,2022-06-30,2022-07-11,74.06,25.95
VINATIORGA.NS,2022-09-30,2022-10-19,74.06,25.94
VINATIORGA.NS,2022-12-31,2023-01-12,74.06,25.94
VINATIORGA.NS,2023-03-31,2023-04-11,74.06,25.94
VINATIORGA.NS,2023-06-30,2023-07-05,74.06,25.94
VINATIORGA.NS,2023-09-30,2023-10-12,74.06,25.94
VINATIORGA.NS,2023-12-31,2024-01-09,74.06,25.94
VINATIORGA.NS,2024-03-31,2024-04-18,74.28,25.72
VINATIORGA.NS,2024-06-30,2024-07-10,74.28,25.72
VINATIORGA.NS,2024-09-30,2024-10-10,74.28,25.72
VINATIORGA.NS,2024-12-31,2025-01-09,74.28,25.72
VINATIORGA.NS,2025-03-31,2025-04-09,74.28,25.72
VINATIORGA.NS,2025-06-30,2025-07-10,74.28,25.72
VINATIORGA.NS,2025-09-30,2025-10-13,74.28,25.72
VINATIORGA.NS,2025-12-31,2026-01-12,74.28,25.72
VINATIORGA.NS,2026-03-31,2026-04-13,74.28,25.72
VINATIORGA.NS,2026-06-30,2026-07-15,74.28,25.72
VIPIND.NS,2021-09-30,2021-10-20,50.28,49.72
VIPIND.NS,2021-12-31,2022-01-21,50.27,49.73
VIPIND.NS,2022-03-31,2022-04-20,50.39,49.61
VIPIND.NS,2022-06-30,2022-07-14,50.79,49.21
VIPIND.NS,2022-09-30,2022-10-18,51.33,48.67
VIPIND.NS,2022-12-31,2023-01-11,51.32,48.68
VIPIND.NS,2023-03-31,2023-04-18,51.3,48.7
VIPIND.NS,2023-06-30,2023-07-18,51.29,48.71
VIPIND.NS,2023-09-30,2023-10-13,51.22,48.78
VIPIND.NS,2023-12-31,2024-01-17,51.76,48.24
VIPIND.NS,2024-03-31,2024-04-10,51.76,48.24
VIPIND.NS,2024-06-30,2024-07-10,51.75,48.25
VIPIND.NS,2024-09-30,2024-10-10,51.74,48.26
VIPIND.NS,2024-12-31,2025-01-11,51.73,48.27
VIPIND.NS,2025-03-31,2025-04-16,51.73,48.27
VIPIND.NS,2025-06-30,2025-07-18,51.73,48.27
VIPIND.NS,2025-09-30,2025-10-15,49.73,50.27
VIPIND.NS,2025-12-31,2026-01-14,42.35,57.65
VIPIND.NS,2026-03-31,2026-04-15,42.35,57.65
VIPIND.NS,2026-06-30,2026-07-18,42.35,57.65
VIYASH.NS,2021-09-30,2021-10-08,53.52,45.88
VIYASH.NS,2021-12-31,2022-01-13,53.02,46.44
VIYASH.NS,2022-03-31,2022-04-14,53.02,46.47
VIYASH.NS,2022-06-30,2022-07-12,52.79,46.82
VIYASH.NS,2022-09-30,2022-10-14,52.79,46.82
VIYASH.NS,2022-12-31,2023-01-12,52.79,46.82
VIYASH.NS,2023-03-31,2023-04-07,52.79,46.82
VIYASH.NS,2023-06-30,2023-07-18,52.79,46.82
VIYASH.NS,2023-09-30,2023-10-18,52.79,46.82
VIYASH.NS,2023-12-31,2024-01-18,52.79,47.04
VIYASH.NS,2024-03-31,2024-04-18,52.79,47.04
VIYASH.NS,2024-06-30,2024-07-17,52.78,47.05
VIYASH.NS,2024-09-30,2024-10-21,52.76,47.07
VIYASH.NS,2024-12-31,2025-01-21,52.61,47.23
VIYASH.NS,2025-03-31,2025-04-14,52.61,47.23
VIYASH.NS,2025-06-30,2025-07-21,52.61,47.23
VIYASH.NS,2025-09-30,2025-10-17,52.33,47.51
VIYASH.NS,2025-12-16,2025-12-23,61.43,38.48
VIYASH.NS,2025-12-31,2026-01-21,61.41,38.49
VIYASH.NS,2026-03-31,2026-04-21,61.31,38.59
VIYASH.NS,2026-06-30,2026-07-20,61.31,38.6
VMART.NS,2021-09-30,2021-10-12,46.44,53.56
VMART.NS,2021-12-31,2022-01-13,46.4,53.6
VMART.NS,2022-03-31,2022-04-13,46.2,53.8
VMART.NS,2022-06-30,2022-07-18,46.14,53.86
VMART.NS,2022-09-30,2022-10-19,46.1,53.9
VMART.NS,2022-12-31,2023-01-16,45.79,54.21
VMART.NS,2023-03-31,2023-04-17,44.34,55.66
VMART.NS,2023-06-30,2023-07-17,44.34,55.66
VMART.NS,2023-09-30,2023-10-16,44.33,55.67
VMART.NS,2023-12-31,2024-01-16,44.33,55.67
VMART.NS,2024-03-31,2024-04-16,44.33,55.67
VMART.NS,2024-06-30,2024-07-11,44.33,55.67
VMART.NS,2024-09-30,2024-10-16,44.31,55.69
VMART.NS,2024-12-31,2025-01-08,44.29,55.71
VMART.NS,2025-03-31,2025-04-15,44.28,55.72
VMART.NS,2025-06-30,2025-07-21,44.19,55.81
VMART.NS,2025-09-30,2025-10-15,44.18,55.82
VMART.NS,2025-12-31,2026-01-15,44.15,55.85
VMART.NS,2026-03-31,2026-04-16,44.2,55.8
VMART.NS,2026-06-30,2026-07-20,44.15,55.85
VMM.NS,2024-12-16,2024-12-18,76.02,23.98
VMM.NS,2024-12-31,2025-01-08,76.02,23.98
VMM.NS,2025-03-31,2025-04-16,74.55,25.45
VMM.NS,2025-06-30,2025-07-04,54.22,45.78
VMM.NS,2025-09-30,2025-10-10,54.11,45.89
VMM.NS,2025-12-31,2026-01-14,54.09,45.91
VMM.NS,2026-03-31,2026-04-10,40.12,59.88
VMM.NS,2026-06-30,2026-07-09,40.09,59.91
VOLTAS.NS,2021-09-30,2021-10-12,30.3,69.7
VOLTAS.NS,2021-12-31,2022-01-19,30.3,69.7
VOLTAS.NS,2022-03-31,2022-04-20,30.3,69.7
VOLTAS.NS,2022-06-30,2022-07-20,30.3,69.7
VOLTAS.NS,2022-09-30,2022-10-21,30.3,69.7
VOLTAS.NS,2022-12-31,2023-01-18,30.3,69.7
VOLTAS.NS,2023-03-31,2023-04-18,30.3,69.7
VOLTAS.NS,2023-06-30,2023-07-14,30.3,69.7
VOLTAS.NS,2023-09-30,2023-10-09,30.3,69.7
VOLTAS.NS,2023-12-31,2024-01-12,30.3,69.7
VOLTAS.NS,2024-03-31,2024-04-17,30.3,69.7
VOLTAS.NS,2024-06-30,2024-07-19,30.3,69.7
VOLTAS.NS,2024-09-30,2024-10-18,30.3,69.7
VOLTAS.NS,2024-12-31,2025-01-17,30.3,69.7
VOLTAS.NS,2025-03-31,2025-04-21,30.3,69.7
VOLTAS.NS,2025-06-30,2025-07-21,30.3,69.7
VOLTAS.NS,2025-09-30,2025-10-20,30.3,69.7
VOLTAS.NS,2025-12-31,2026-01-21,30.3,69.7
VOLTAS.NS,2026-03-31,2026-04-20,30.3,69.7
VOLTAS.NS,2026-06-30,2026-07-21,30.3,69.7
VRLLOG.NS,2021-09-30,2021-10-11,69.59,30.41
VRLLOG.NS,2022-03-31,2022-04-08,69.59,30.4
VRLLOG.NS,2022-06-30,2022-07-15,69.59,30.4
VRLLOG.NS,2022-09-30,2022-10-12,69.59,30.41
VRLLOG.NS,2022-12-31,2023-01-10,64.17,35.83
VRLLOG.NS,2023-03-31,2023-04-13,64.17,35.83
VRLLOG.NS,2023-06-30,2023-07-13,64.24,35.76
VRLLOG.NS,2023-09-30,2023-10-06,60.24,39.76
VRLLOG.NS,2023-12-31,2024-01-10,60.24,39.76
VRLLOG.NS,2024-03-31,2024-04-11,60.24,39.76
VRLLOG.NS,2024-06-30,2024-07-12,60.24,39.76
VRLLOG.NS,2024-09-30,2024-10-08,60.24,39.76
VRLLOG.NS,2024-12-31,2025-01-09,60.24,39.76
VRLLOG.NS,2025-03-31,2025-04-07,60.24,39.76
VRLLOG.NS,2025-06-30,2025-07-14,60.24,39.76
VRLLOG.NS,2025-08-18,2025-08-21,60.24,39.76
VRLLOG.NS,2025-09-30,2025-10-11,60.24,39.76
VRLLOG.NS,2025-12-31,2026-01-08,60.24,39.76
VRLLOG.NS,2026-03-31,2026-04-08,60.24,39.76
VRLLOG.NS,2026-06-30,2026-07-16,60.24,39.76
VSTIND.NS,2021-09-30,2021-10-11,32.16,67.64
VSTIND.NS,2021-12-31,2022-01-10,32.16,67.64
VSTIND.NS,2022-03-31,2022-04-07,32.16,67.64
VSTIND.NS,2022-06-30,2022-07-11,32.16,67.47
VSTIND.NS,2022-09-30,2022-10-21,32.16,67.47
VSTIND.NS,2022-12-31,2023-01-12,32.16,67.47
VSTIND.NS,2023-03-31,2023-04-12,32.16,67.47
VSTIND.NS,2023-06-30,2023-07-05,32.16,67.47
VSTIND.NS,2023-09-30,2023-10-05,32.16,67.47
VSTIND.NS,2023-12-31,2024-01-05,32.16,67.47
VSTIND.NS,2024-03-31,2024-04-19,32.16,67.47
VSTIND.NS,2024-06-30,2024-07-04,32.16,67.47
VSTIND.NS,2024-09-11,2024-09-23,32.16,67.65
VSTIND.NS,2024-09-30,2024-10-04,32.16,67.65
VSTIND.NS,2024-12-31,2025-01-21,32.16,67.65
VSTIND.NS,2025-03-31,2025-04-11,32.16,67.65
VSTIND.NS,2025-06-30,2025-07-14,32.16,67.65
VSTIND.NS,2025-09-30,2025-10-10,32.16,67.65
VSTIND.NS,2025-12-31,2026-01-10,32.16,67.65
VSTIND.NS,2026-03-31,2026-04-08,32.16,67.65
VSTIND.NS,2026-06-30,2026-07-09,32.16,67.65
VTL.NS,2021-09-30,2021-10-18,63.17,36.83
VTL.NS,2021-12-31,2022-01-11,63.15,36.85
VTL.NS,2022-03-31,2022-04-16,62.93,37.07
VTL.NS,2022-06-30,2022-07-11,62.91,37.09
VTL.NS,2022-09-30,2022-10-21,63.75,36.25
VTL.NS,2022-12-31,2023-01-10,63.86,36.14
VTL.NS,2023-03-31,2023-04-17,63.85,36.15
VTL.NS,2023-06-30,2023-07-20,64.07,35.93
VTL.NS,2023-09-30,2023-10-16,64.11,35.89
VTL.NS,2023-12-31,2024-01-11,64.13,35.87
VTL.NS,2024-03-31,2024-04-19,64.13,35.87
VTL.NS,2024-06-30,2024-07-15,64.19,35.81
VTL.NS,2024-09-30,2024-10-10,64.19,35.81
VTL.NS,2024-12-31,2025-01-11,64.21,35.79
VTL.NS,2025-03-31,2025-04-14,64.22,35.78
VTL.NS,2025-06-30,2025-07-12,64.21,35.79
VTL.NS,2025-09-30,2025-10-16,64.21,35.79
VTL.NS,2025-12-31,2026-01-16,64.44,35.56
VTL.NS,2026-03-31,2026-04-10,65.09,34.91
VTL.NS,2026-06-30,2026-07-09,65.08,34.92
WAAREEENER.NS,2024-10-24,2024-10-28,64.3,35.7
WAAREEENER.NS,2024-12-31,2025-01-13,64.3,35.7
WAAREEENER.NS,2025-03-31,2025-04-09,64.3,35.7
WAAREEENER.NS,2025-06-30,2025-07-04,64.3,35.7
WAAREEENER.NS,2025-09-30,2025-10-09,64.22,35.78
WAAREEENER.NS,2025-12-31,2026-01-09,64.22,35.78
WAAREEENER.NS,2026-03-31,2026-04-13,64.19,35.81
WAAREEENER.NS,2026-06-30,2026-07-08,64.12,35.88
WELCORP.NS,2021-12-31,2022-01-13,50.01,49.99
WELCORP.NS,2022-03-31,2022-04-20,50.01,49.99
WELCORP.NS,2022-06-30,2022-07-19,50.01,49.99
WELCORP.NS,2022-09-30,2022-10-19,49.9,50.1
WELCORP.NS,2022-12-31,2023-01-17,49.9,50.1
WELCORP.NS,2023-03-31,2023-04-19,49.99,50.01
WELCORP.NS,2023-06-30,2023-07-20,49.99,50.01
WELCORP.NS,2023-09-30,2023-10-20,49.96,50.0
WELCORP.NS,2023-12-31,2024-01-21,49.96,50.0
WELCORP.NS,2024-03-31,2024-04-19,50.14,49.83
WELCORP.NS,2024-06-30,2024-07-19,50.03,49.94
WELCORP.NS,2024-09-30,2024-10-17,50.01,49.96
WELCORP.NS,2024-12-31,2025-01-17,50.01,49.96
WELCORP.NS,2025-03-31,2025-04-21,50.01,49.96
WELCORP.NS,2025-06-30,2025-07-18,49.84,50.13
WELCORP.NS,2025-09-30,2025-10-16,49.77,50.2
WELCORP.NS,2025-12-31,2026-01-20,49.73,50.24
WELCORP.NS,2026-03-31,2026-04-21,49.73,50.24
WELCORP.NS,2026-06-30,2026-07-20,49.73,50.24
WELSPUNLIV.NS,2021-09-30,2021-10-19,70.36,29.64
WELSPUNLIV.NS,2021-12-31,2022-01-21,70.36,29.64
WELSPUNLIV.NS,2022-03-31,2022-04-21,70.36,29.64
WELSPUNLIV.NS,2022-06-30,2022-07-21,70.36,29.64
WELSPUNLIV.NS,2022-09-30,2022-10-21,70.36,29.64
WELSPUNLIV.NS,2022-12-31,2023-01-21,70.36,29.64
WELSPUNLIV.NS,2023-03-31,2023-04-21,70.36,28.65
WELSPUNLIV.NS,2023-06-30,2023-07-21,70.5,28.49
WELSPUNLIV.NS,2023-09-30,2023-10-21,70.5,28.49
WELSPUNLIV.NS,2023-12-31,2024-01-19,70.5,28.49
WELSPUNLIV.NS,2024-03-31,2024-04-19,70.5,28.49
WELSPUNLIV.NS,2024-06-30,2024-07-19,70.5,28.49
WELSPUNLIV.NS,2024-09-30,2024-10-21,66.24,32.74
WELSPUNLIV.NS,2024-12-31,2025-01-20,66.24,32.74
WELSPUNLIV.NS,2025-03-31,2025-04-21,66.24,32.74
WELSPUNLIV.NS,2025-06-30,2025-07-21,66.24,33.39
WELSPUNLIV.NS,2025-09-30,2025-10-15,66.24,33.39
WELSPUNLIV.NS,2025-12-31,2026-01-20,66.24,33.4
WELSPUNLIV.NS,2026-03-31,2026-04-21,66.24,33.41
WELSPUNLIV.NS,2026-06-30,2026-07-21,66.36,33.29
WESTLIFE.NS,2023-06-04,2023-07-20,56.22,43.47
WESTLIFE.NS,2023-06-30,2023-07-20,56.22,43.47
WESTLIFE.NS,2023-09-30,2023-10-12,56.22,43.47
WESTLIFE.NS,2023-12-31,2024-01-10,56.23,43.45
WESTLIFE.NS,2024-03-31,2024-04-08,56.28,43.38
WESTLIFE.NS,2024-06-30,2024-07-11,56.25,43.41
WESTLIFE.NS,2024-09-30,2024-10-09,56.25,43.42
WESTLIFE.NS,2024-12-31,2025-01-07,56.25,43.42
WESTLIFE.NS,2025-03-31,2025-04-09,56.26,43.39
WESTLIFE.NS,2025-06-30,2025-07-18,56.25,43.4
WESTLIFE.NS,2025-09-30,2025-10-16,56.25,43.4
WESTLIFE.NS,2025-12-31,2026-01-13,56.26,43.28
WESTLIFE.NS,2026-03-31,2026-04-10,56.36,43.17
WESTLIFE.NS,2026-06-30,2026-07-20,56.4,43.08
WHIRLPOOL.NS,2021-09-30,2021-10-20,75.0,25.0
WHIRLPOOL.NS,2021-12-31,2022-01-14,75.0,25.0
WHIRLPOOL.NS,2022-03-31,2022-04-19,75.0,25.0
WHIRLPOOL.NS,2022-06-30,2022-07-21,75.0,25.0
WHIRLPOOL.NS,2022-09-30,2022-10-21,75.0,25.0
WHIRLPOOL.NS,2022-12-31,2023-01-18,75.0,25.0
WHIRLPOOL.NS,2023-03-31,2023-04-20,75.0,25.0
WHIRLPOOL.NS,2023-06-30,2023-07-21,75.0,25.0
WHIRLPOOL.NS,2023-09-30,2023-10-19,75.0,25.0
WHIRLPOOL.NS,2023-12-31,2024-01-16,75.0,25.0
WHIRLPOOL.NS,2024-03-31,2024-04-18,51.0,49.0
WHIRLPOOL.NS,2024-06-30,2024-07-20,51.0,49.0
WHIRLPOOL.NS,2024-09-30,2024-10-11,51.0,49.0
WHIRLPOOL.NS,2024-12-31,2025-01-16,51.0,49.0
WHIRLPOOL.NS,2025-03-31,2025-04-14,51.0,49.0
WHIRLPOOL.NS,2025-06-30,2025-07-17,51.0,49.0
WHIRLPOOL.NS,2025-09-30,2025-10-14,51.0,49.0
WHIRLPOOL.NS,2025-12-31,2026-01-14,39.76,60.24
WHIRLPOOL.NS,2026-03-31,2026-04-20,39.76,60.24
WHIRLPOOL.NS,2026-06-30,2026-07-21,39.76,60.24
WIPRO.NS,2021-09-30,2021-10-18,73.02,26.66
WIPRO.NS,2021-12-31,2022-01-19,73.01,26.7
WIPRO.NS,2022-03-31,2022-04-13,73.0,26.73
WIPRO.NS,2022-06-30,2022-07-19,73.0,26.75
WIPRO.NS,2022-09-30,2022-10-20,72.95,26.83
WIPRO.NS,2022-12-31,2023-01-18,72.94,26.87
WIPRO.NS,2023-03-31,2023-04-11,72.92,26.9
WIPRO.NS,2023-06-30,2023-07-20,72.91,26.93
WIPRO.NS,2023-07-07,2023-07-17,72.97,26.87
WIPRO.NS,2023-09-30,2023-10-17,72.93,26.93
WIPRO.NS,2023-12-31,2024-01-18,72.9,26.97
WIPRO.NS,2024-01-20,2024-01-30,72.9,26.98
WIPRO.NS,2024-03-31,2024-04-19,72.89,27.0
WIPRO.NS,2024-06-30,2024-07-12,72.82,27.07
WIPRO.NS,2024-09-30,2024-10-10,72.8,27.09
WIPRO.NS,2024-11-08,2024-11-18,72.79,27.09
WIPRO.NS,2024-12-10,2024-12-14,72.79,27.1
WIPRO.NS,2024-12-31,2025-01-14,72.75,27.13
WIPRO.NS,2025-03-31,2025-04-08,72.73,27.15
WIPRO.NS,2025-06-13,2025-06-18,72.67,27.22
WIPRO.NS,2025-06-30,2025-07-12,72.66,27.22
WIPRO.NS,2025-09-30,2025-10-18,72.65,27.23
WIPRO.NS,2025-12-31,2026-01-10,72.63,27.25
WIPRO.NS,2026-03-31,2026-04-19,72.62,27.27
WIPRO.NS,2026-06-25,2026-07-04,72.59,27.29
WIPRO.NS,2026-06-30,2026-07-14,72.59,27.29
WOCKPHARMA.NS,2021-09-30,2021-10-12,68.04,31.96
WOCKPHARMA.NS,2021-12-31,2022-01-17,67.13,32.87
WOCKPHARMA.NS,2022-03-28,2022-04-05,67.13,32.87
WOCKPHARMA.NS,2022-03-31,2022-04-18,67.13,32.87
WOCKPHARMA.NS,2022-06-30,2022-07-19,65.75,34.25
WOCKPHARMA.NS,2022-09-30,2022-10-21,63.83,36.17
WOCKPHARMA.NS,2022-12-31,2023-01-18,60.36,39.64
WOCKPHARMA.NS,2023-03-31,2023-04-21,59.31,40.69
WOCKPHARMA.NS,2023-06-30,2023-07-20,58.4,41.6
WOCKPHARMA.NS,2023-09-30,2023-10-19,55.14,44.86
WOCKPHARMA.NS,2023-12-31,2024-01-17,54.93,45.07
WOCKPHARMA.NS,2024-03-26,2024-03-27,51.6,48.4
WOCKPHARMA.NS,2024-03-31,2024-04-19,51.6,48.4
WOCKPHARMA.NS,2024-06-30,2024-07-15,51.99,48.01
WOCKPHARMA.NS,2024-09-30,2024-10-18,51.99,48.01
WOCKPHARMA.NS,2024-11-11,2024-11-13,49.09,50.91
WOCKPHARMA.NS,2024-12-31,2025-01-17,49.09,50.91
WOCKPHARMA.NS,2025-03-31,2025-04-17,49.09,50.91
WOCKPHARMA.NS,2025-06-30,2025-07-18,49.09,50.91
WOCKPHARMA.NS,2025-09-30,2025-10-17,49.08,50.92
WOCKPHARMA.NS,2025-12-31,2026-01-19,49.08,50.92
WOCKPHARMA.NS,2026-03-31,2026-04-20,49.08,50.92
WOCKPHARMA.NS,2026-06-30,2026-07-21,49.08,50.92
YESBANK.NS,2021-09-30,2021-10-16,0.0,100.0
YESBANK.NS,2021-12-31,2022-01-13,0.0,100.0
YESBANK.NS,2022-03-31,2022-04-13,0.0,100.0
YESBANK.NS,2022-06-30,2022-07-19,0.0,100.0
YESBANK.NS,2022-09-30,2022-10-19,0.0,100.0
YESBANK.NS,2022-12-13,2022-12-14,0.0,100.0
YESBANK.NS,2022-12-31,2023-01-14,0.0,100.0
YESBANK.NS,2023-03-31,2023-04-12,0.0,100.0
YESBANK.NS,2023-06-30,2023-07-17,0.0,100.0
YESBANK.NS,2023-09-30,2023-10-17,0.0,100.0
YESBANK.NS,2023-12-31,2024-01-12,0.0,100.0
YESBANK.NS,2024-03-31,2024-04-17,0.0,100.0
YESBANK.NS,2024-04-21,2024-04-25,0.0,100.0
YESBANK.NS,2024-05-05,2024-05-15,0.0,100.0
YESBANK.NS,2024-06-30,2024-07-12,0.0,100.0
YESBANK.NS,2024-09-30,2024-10-11,0.0,100.0
YESBANK.NS,2024-12-31,2025-01-15,0.0,100.0
YESBANK.NS,2025-03-31,2025-04-16,0.0,100.0
YESBANK.NS,2025-06-30,2025-07-21,0.0,100.0
YESBANK.NS,2025-09-30,2025-10-18,0.0,100.0
YESBANK.NS,2025-12-31,2026-01-17,0.0,100.0
YESBANK.NS,2026-03-31,2026-04-18,0.0,100.0
YESBANK.NS,2026-06-30,2026-07-21,0.0,100.0
ZEEL.NS,2021-09-30,2021-10-11,3.99,96.01
ZEEL.NS,2021-12-31,2022-01-18,3.99,96.01
ZEEL.NS,2022-03-31,2022-04-18,3.99,96.01
ZEEL.NS,2022-06-30,2022-07-18,3.99,96.01
ZEEL.NS,2022-09-30,2022-10-20,3.99,96.01
ZEEL.NS,2022-12-31,2023-01-13,3.99,96.01
ZEEL.NS,2023-03-31,2023-04-17,3.99,96.01
ZEEL.NS,2023-06-30,2023-07-14,3.99,96.01
ZEEL.NS,2023-09-30,2023-10-19,3.99,96.01
ZEEL.NS,2023-12-31,2024-01-11,3.99,96.01
ZEEL.NS,2024-03-31,2024-04-19,3.99,96.01
ZEEL.NS,2024-06-30,2024-07-15,3.99,96.01
ZEEL.NS,2024-09-30,2024-10-21,3.99,96.01
ZEEL.NS,2024-12-31,2025-01-20,3.99,96.01
ZEEL.NS,2025-03-31,2025-04-16,3.99,96.01
ZEEL.NS,2025-06-30,2025-07-21,3.99,96.01
ZEEL.NS,2025-09-30,2025-10-17,3.99,96.01
ZEEL.NS,2025-12-31,2026-01-19,3.99,96.01
ZEEL.NS,2026-03-31,2026-04-20,3.99,96.01
ZEEL.NS,2026-06-30,2026-07-20,3.99,96.01
ZENSARTECH.NS,2021-09-30,2021-10-12,49.12,50.88
ZENSARTECH.NS,2021-12-31,2022-01-13,49.1,50.9
ZENSARTECH.NS,2022-03-31,2022-04-08,49.09,50.91
ZENSARTECH.NS,2022-06-30,2022-07-08,49.16,50.84
ZENSARTECH.NS,2022-09-30,2022-10-21,49.15,50.85
ZENSARTECH.NS,2022-12-31,2023-01-13,49.15,50.85
ZENSARTECH.NS,2023-03-31,2023-04-20,49.21,50.79
ZENSARTECH.NS,2023-06-30,2023-07-21,49.21,50.79
ZENSARTECH.NS,2023-09-30,2023-10-10,49.2,50.8
ZENSARTECH.NS,2023-12-31,2024-01-12,49.2,50.8
ZENSARTECH.NS,2024-03-31,2024-04-18,49.17,50.83
ZENSARTECH.NS,2024-06-30,2024-07-18,49.17,50.83
ZENSARTECH.NS,2024-09-30,2024-10-15,49.13,50.87
ZENSARTECH.NS,2024-12-31,2025-01-17,49.1,50.9
ZENSARTECH.NS,2025-03-31,2025-04-18,49.07,50.93
ZENSARTECH.NS,2025-06-30,2025-07-18,49.06,50.94
ZENSARTECH.NS,2025-09-30,2025-10-20,49.02,50.98
ZENSARTECH.NS,2025-12-31,2026-01-16,49.01,50.65
ZENSARTECH.NS,2026-03-31,2026-04-21,49.0,50.65
ZENSARTECH.NS,2026-06-30,2026-07-16,48.99,50.66
ZENTEC.NS,2021-09-30,2021-10-11,60.19,39.81
ZENTEC.NS,2021-12-31,2022-01-07,60.19,39.81
ZENTEC.NS,2022-03-31,2022-04-13,60.19,39.81
ZENTEC.NS,2022-06-30,2022-07-13,60.19,39.46
ZENTEC.NS,2022-09-30,2022-10-21,60.19,39.46
ZENTEC.NS,2022-12-31,2023-01-12,60.19,39.46
ZENTEC.NS,2023-03-31,2023-04-07,60.14,39.26
ZENTEC.NS,2023-05-24,2023-05-27,57.45,41.97
ZENTEC.NS,2023-06-30,2023-07-19,57.45,41.78
ZENTEC.NS,2023-09-30,2023-10-12,57.45,41.78
ZENTEC.NS,2023-12-31,2024-01-12,55.07,44.16
ZENTEC.NS,2024-03-31,2024-04-06,55.07,44.31
ZENTEC.NS,2024-06-30,2024-07-08,55.07,44.4
ZENTEC.NS,2024-08-23,2024-08-28,51.26,48.26
ZENTEC.NS,2024-09-30,2024-10-09,51.26,48.27
ZENTEC.NS,2024-12-31,2025-01-17,49.05,50.49
ZENTEC.NS,2025-03-31,2025-04-16,49.05,50.51
ZENTEC.NS,2025-06-30,2025-07-17,49.05,50.52
ZENTEC.NS,2025-09-30,2025-10-19,48.51,51.07
ZENTEC.NS,2025-12-31,2026-01-16,48.51,51.07
ZENTEC.NS,2026-03-31,2026-04-18,48.51,51.09
ZENTEC.NS,2026-06-30,2026-07-16,48.51,51.1
ZFCVINDIA.NS,2021-09-30,2021-10-18,75.0,25.0
ZFCVINDIA.NS,2021-12-31,2022-01-21,75.0,25.0
ZFCVINDIA.NS,2022-03-31,2022-04-19,75.0,25.0
ZFCVINDIA.NS,2022-06-30,2022-07-14,75.0,25.0
ZFCVINDIA.NS,2022-09-30,2022-10-21,75.0,25.0
ZFCVINDIA.NS,2022-12-31,2023-01-13,75.0,25.0
ZFCVINDIA.NS,2023-03-31,2023-04-11,75.0,25.0
ZFCVINDIA.NS,2023-06-30,2023-07-21,75.0,25.0
ZFCVINDIA.NS,2023-09-30,2023-10-17,75.0,25.0
ZFCVINDIA.NS,2023-12-31,2024-01-11,75.0,25.0
ZFCVINDIA.NS,2024-03-31,2024-04-12,75.0,25.0
ZFCVINDIA.NS,2024-06-30,2024-07-15,67.49,32.51
ZFCVINDIA.NS,2024-09-30,2024-10-15,67.49,32.51
ZFCVINDIA.NS,2024-12-31,2025-01-10,63.16,36.84
ZFCVINDIA.NS,2025-03-31,2025-04-17,63.16,36.84
ZFCVINDIA.NS,2025-06-30,2025-07-18,60.0,40.0
ZFCVINDIA.NS,2025-09-30,2025-10-17,60.0,40.0
ZFCVINDIA.NS,2025-12-31,2026-01-12,60.0,40.0
ZFCVINDIA.NS,2026-03-31,2026-04-15,60.0,40.0
ZFCVINDIA.NS,2026-06-25,2026-07-03,60.0,40.0
ZFCVINDIA.NS,2026-06-30,2026-07-20,60.0,40.0
ZYDUSLIFE.NS,2021-09-30,2021-10-06,74.88,25.12
ZYDUSLIFE.NS,2021-12-31,2022-01-06,74.88,25.12
ZYDUSLIFE.NS,2022-03-31,2022-04-07,74.88,25.12
ZYDUSLIFE.NS,2022-06-30,2022-07-07,74.88,25.12
ZYDUSLIFE.NS,2022-09-30,2022-10-06,74.98,25.02
ZYDUSLIFE.NS,2022-12-31,2023-01-09,74.98,25.02
ZYDUSLIFE.NS,2023-03-31,2023-04-08,74.98,25.02
ZYDUSLIFE.NS,2023-06-30,2023-07-11,74.98,25.02
ZYDUSLIFE.NS,2023-09-30,2023-10-10,74.98,25.02
ZYDUSLIFE.NS,2023-12-31,2024-01-08,74.98,25.02
ZYDUSLIFE.NS,2024-03-31,2024-04-09,74.98,25.02
ZYDUSLIFE.NS,2024-06-30,2024-07-11,74.98,25.02
ZYDUSLIFE.NS,2024-09-30,2024-10-09,74.98,25.02
ZYDUSLIFE.NS,2024-12-31,2025-01-20,74.98,25.02
ZYDUSLIFE.NS,2025-03-31,2025-04-12,74.99,25.01
ZYDUSLIFE.NS,2025-06-30,2025-07-18,74.99,25.01
ZYDUSLIFE.NS,2025-09-30,2025-10-14,74.99,25.01
ZYDUSLIFE.NS,2025-12-31,2026-01-07,75.0,25.0
ZYDUSLIFE.NS,2026-03-31,2026-04-09,75.0,25.0
ZYDUSLIFE.NS,2026-06-18,2026-06-24,75.01,24.99
ZYDUSLIFE.NS,2026-06-30,2026-07-11,75.01,24.99
ZYDUSWELL.NS,2021-06-30,2021-07-06,64.82,35.18
ZYDUSWELL.NS,2021-09-30,2021-10-07,64.82,35.18
ZYDUSWELL.NS,2021-12-31,2022-01-06,64.82,35.18
ZYDUSWELL.NS,2022-03-31,2022-04-06,64.82,35.18
ZYDUSWELL.NS,2022-06-30,2022-07-15,65.14,34.86
ZYDUSWELL.NS,2022-09-30,2022-10-10,65.35,34.65
ZYDUSWELL.NS,2022-12-31,2023-01-09,65.35,34.65
ZYDUSWELL.NS,2023-03-31,2023-04-07,66.45,33.55
ZYDUSWELL.NS,2023-06-30,2023-07-07,67.1,32.9
ZYDUSWELL.NS,2023-09-30,2023-10-09,68.54,31.46
ZYDUSWELL.NS,2023-12-31,2024-01-08,69.15,30.85
ZYDUSWELL.NS,2024-03-31,2024-04-08,69.62,30.38
ZYDUSWELL.NS,2024-06-30,2024-07-12,69.62,30.38
ZYDUSWELL.NS,2024-09-30,2024-10-11,69.62,30.38
ZYDUSWELL.NS,2024-12-31,2025-01-16,69.62,30.38
ZYDUSWELL.NS,2025-03-31,2025-04-12,69.63,30.37
ZYDUSWELL.NS,2025-06-30,2025-07-21,69.63,30.37
ZYDUSWELL.NS,2025-09-30,2025-10-13,69.63,30.37
ZYDUSWELL.NS,2025-12-31,2026-01-13,69.63,30.37
ZYDUSWELL.NS,2026-03-31,2026-04-15,69.63,30.37
ZYDUSWELL.NS,2026-06-30,2026-07-16,69.64,30.36
